customer_id,signup_date,region,acquisition_channel
C00001,2024-03-03,West,Marketplace
C00002,2025-06-25,East,Organic Search
C00003,2025-04-03,North,Paid Social
C00004,2024-11-03,East,Organic Search
C00005,2024-10-30,North,Organic Search
C00006,2025-08-24,East,Email
C00007,2024-03-01,East,Organic Search
C00008,2025-05-03,North,Paid Social
C00009,2024-05-21,North,Email
C00010,2024-03-06,East,Organic Search
C00011,2025-01-03,South,Paid Social
C00012,2025-11-13,West,Email
C00013,2025-05-30,East,Marketplace
C00014,2025-06-16,East,Organic Search
C00015,2025-05-17,North,Marketplace
C00016,2025-07-04,East,Marketplace
C00017,2024-12-25,West,Referral
C00018,2024-03-30,North,Paid Social
C00019,2025-08-10,South,Email
C00020,2024-11-11,North,Email
C00021,2024-12-16,South,Paid Social
C00022,2024-09-16,East,Marketplace
C00023,2024-05-07,South,Marketplace
C00024,2025-10-10,East,Paid Social
C00025,2025-07-01,South,Email
C00026,2025-03-26,North,Paid Social
C00027,2024-10-08,North,Email
C00028,2025-07-29,West,Marketplace
C00029,2025-01-16,East,Organic Search
C00030,2024-11-06,South,Organic Search
C00031,2024-11-11,East,Paid Social
C00032,2024-06-08,North,Marketplace
C00033,2024-03-05,North,Paid Social
C00034,2025-01-23,North,Marketplace
C00035,2025-09-13,West,Paid Social
C00036,2024-02-14,East,Organic Search
C00037,2025-08-23,East,Marketplace
C00038,2025-08-02,North,Referral
C00039,2024-07-12,North,Paid Social
C00040,2025-03-18,East,Organic Search
C00041,2024-04-25,South,Organic Search
C00042,2025-06-14,West,Organic Search
C00043,2025-05-05,East,Paid Social
C00044,2024-09-05,South,Referral
C00045,2024-02-17,East,Paid Social
C00046,2025-11-10,West,Organic Search
C00047,2024-11-07,South,Organic Search
C00048,2025-09-17,East,Paid Social
C00049,2025-04-19,West,Marketplace
C00050,2025-06-28,North,Paid Social
C00051,2025-06-15,West,Organic Search
C00052,2024-05-16,North,Referral
C00053,2024-09-11,East,Marketplace
C00054,2024-11-22,East,Email
C00055,2024-12-14,East,Marketplace
C00056,2024-01-31,South,Marketplace
C00057,2025-01-17,East,Referral
C00058,2024-04-18,North,Marketplace
C00059,2025-06-04,North,Organic Search
C00060,2025-04-23,North,Marketplace
C00061,2025-10-07,East,Marketplace
C00062,2025-06-05,South,Marketplace
C00063,2024-09-13,North,Paid Social
C00064,2025-11-08,West,Email
C00065,2024-10-14,South,Organic Search
C00066,2024-08-16,South,Referral
C00067,2025-09-25,South,Paid Social
C00068,2024-09-16,North,Referral
C00069,2024-02-23,East,Email
C00070,2024-11-24,South,Paid Social
C00071,2025-07-10,North,Organic Search
C00072,2024-05-12,West,Paid Social
C00073,2024-11-20,West,Referral
C00074,2024-03-31,East,Email
C00075,2025-04-25,West,Email
C00076,2024-11-28,West,Organic Search
C00077,2024-08-19,South,Email
C00078,2024-06-07,East,Email
C00079,2025-01-30,East,Organic Search
C00080,2025-04-13,North,Paid Social
C00081,2025-10-20,North,Paid Social
C00082,2024-11-02,North,Paid Social
C00083,2024-04-22,East,Organic Search
C00084,2025-08-05,East,Organic Search
C00085,2025-03-16,East,Organic Search
C00086,2025-05-05,South,Organic Search
C00087,2024-03-09,North,Organic Search
C00088,2024-08-06,South,Email
C00089,2025-06-21,East,Paid Social
C00090,2025-08-05,West,Paid Social
C00091,2024-10-31,West,Referral
C00092,2025-07-17,West,Paid Social
C00093,2025-08-12,West,Organic Search
C00094,2024-09-28,West,Organic Search
C00095,2025-09-20,South,Organic Search
C00096,2024-07-20,North,Referral
C00097,2024-06-16,North,Paid Social
C00098,2025-04-22,South,Paid Social
C00099,2025-03-21,North,Referral
C00100,2024-04-07,North,Marketplace
C00101,2025-08-05,West,Paid Social
C00102,2024-05-19,North,Paid Social
C00103,2025-07-17,West,Paid Social
C00104,2024-01-06,East,Email
C00105,2025-07-11,East,Email
C00106,2025-07-04,East,Email
C00107,2025-06-30,South,Organic Search
C00108,2025-04-10,East,Paid Social
C00109,2024-11-26,North,Email
C00110,2025-05-08,West,Paid Social
C00111,2024-07-12,South,Marketplace
C00112,2025-06-30,North,Paid Social
C00113,2025-01-23,East,Paid Social
C00114,2024-11-17,East,Paid Social
C00115,2024-12-19,South,Paid Social
C00116,2025-02-02,East,Marketplace
C00117,2024-01-27,North,Organic Search
C00118,2024-04-07,East,Referral
C00119,2024-06-20,North,Referral
C00120,2024-03-21,North,Marketplace
C00121,2024-11-03,North,Referral
C00122,2025-04-12,South,Marketplace
C00123,2025-04-03,South,Marketplace
C00124,2024-11-25,South,Paid Social
C00125,2025-08-21,North,Marketplace
C00126,2025-01-30,North,Marketplace
C00127,2024-02-25,East,Organic Search
C00128,2025-06-19,North,Referral
C00129,2025-02-06,East,Organic Search
C00130,2025-03-20,West,Referral
C00131,2025-01-30,South,Organic Search
C00132,2025-01-22,West,Email
C00133,2024-03-04,North,Paid Social
C00134,2025-01-26,North,Referral
C00135,2025-07-10,East,Organic Search
C00136,2024-07-31,East,Email
C00137,2025-02-25,West,Paid Social
C00138,2024-01-22,North,Referral
C00139,2024-08-31,East,Paid Social
C00140,2024-11-01,South,Organic Search
C00141,2025-11-18,South,Paid Social
C00142,2024-05-30,North,Marketplace
C00143,2024-07-12,West,Organic Search
C00144,2024-10-12,North,Email
C00145,2025-11-25,West,Organic Search
C00146,2025-08-20,East,Email
C00147,2024-01-25,East,Organic Search
C00148,2024-06-12,East,Paid Social
C00149,2025-07-29,West,Paid Social
C00150,2024-02-10,North,Organic Search
C00151,2025-08-21,North,Paid Social
C00152,2024-07-15,East,Paid Social
C00153,2025-10-04,South,Paid Social
C00154,2024-07-24,North,Marketplace
C00155,2024-10-31,North,Paid Social
C00156,2025-04-08,South,Marketplace
C00157,2024-03-29,North,Paid Social
C00158,2025-01-24,North,Organic Search
C00159,2024-12-19,West,Organic Search
C00160,2025-07-02,South,Paid Social
C00161,2025-11-28,West,Paid Social
C00162,2025-04-10,West,Marketplace
C00163,2024-10-13,North,Email
C00164,2024-10-11,East,Referral
C00165,2024-10-19,East,Paid Social
C00166,2025-07-23,East,Paid Social
C00167,2024-08-12,North,Referral
C00168,2024-04-26,North,Organic Search
C00169,2024-08-22,North,Organic Search
C00170,2024-01-16,East,Paid Social
C00171,2024-03-15,West,Organic Search
C00172,2024-03-04,East,Email
C00173,2025-06-24,East,Organic Search
C00174,2025-05-20,West,Organic Search
C00175,2025-05-02,East,Marketplace
C00176,2024-11-19,North,Marketplace
C00177,2025-05-16,West,Paid Social
C00178,2024-04-22,South,Paid Social
C00179,2025-09-22,North,Email
C00180,2024-12-16,East,Organic Search
C00181,2025-10-18,West,Paid Social
C00182,2024-04-16,North,Organic Search
C00183,2024-12-14,South,Paid Social
C00184,2025-05-02,North,Marketplace
C00185,2024-12-12,North,Email
C00186,2024-11-08,North,Marketplace
C00187,2024-04-26,East,Email
C00188,2024-09-23,West,Referral
C00189,2024-06-16,North,Email
C00190,2024-07-30,South,Referral
C00191,2025-04-23,North,Paid Social
C00192,2025-03-17,North,Organic Search
C00193,2025-03-01,East,Paid Social
C00194,2024-09-10,East,Organic Search
C00195,2025-11-02,East,Paid Social
C00196,2024-03-02,South,Organic Search
C00197,2024-08-27,East,Referral
C00198,2024-03-23,North,Organic Search
C00199,2024-08-25,North,Organic Search
C00200,2025-11-04,West,Paid Social
C00201,2024-09-13,East,Organic Search
C00202,2025-09-28,West,Marketplace
C00203,2024-12-12,West,Paid Social
C00204,2025-05-04,East,Paid Social
C00205,2024-11-16,West,Organic Search
C00206,2024-07-05,South,Marketplace
C00207,2025-06-18,North,Referral
C00208,2025-11-09,North,Paid Social
C00209,2024-07-03,North,Organic Search
C00210,2025-06-29,North,Email
C00211,2024-07-01,South,Marketplace
C00212,2025-05-16,East,Paid Social
C00213,2025-07-06,East,Organic Search
C00214,2024-11-10,East,Organic Search
C00215,2025-05-30,North,Organic Search
C00216,2024-07-09,East,Email
C00217,2024-02-25,South,Marketplace
C00218,2024-03-08,North,Marketplace
C00219,2024-11-08,South,Email
C00220,2025-09-23,South,Organic Search
C00221,2024-03-30,North,Marketplace
C00222,2024-11-15,West,Paid Social
C00223,2025-05-07,East,Paid Social
C00224,2024-05-21,East,Email
C00225,2025-05-20,North,Organic Search
C00226,2024-08-02,West,Marketplace
C00227,2025-07-20,East,Marketplace
C00228,2025-02-09,North,Email
C00229,2025-01-17,East,Email
C00230,2024-05-03,South,Paid Social
C00231,2024-11-20,South,Organic Search
C00232,2025-08-22,North,Email
C00233,2024-01-14,East,Referral
C00234,2025-06-14,North,Marketplace
C00235,2024-12-10,North,Organic Search
C00236,2025-05-18,North,Paid Social
C00237,2025-04-09,West,Paid Social
C00238,2024-10-29,South,Email
C00239,2024-08-04,South,Email
C00240,2025-03-15,South,Marketplace
C00241,2024-04-08,West,Organic Search
C00242,2025-02-12,East,Paid Social
C00243,2024-03-07,West,Organic Search
C00244,2025-03-30,South,Organic Search
C00245,2025-03-16,North,Paid Social
C00246,2024-02-29,East,Referral
C00247,2025-06-14,South,Paid Social
C00248,2024-10-18,West,Paid Social
C00249,2025-07-04,West,Referral
C00250,2024-01-30,South,Marketplace
C00251,2024-05-05,West,Organic Search
C00252,2024-12-11,East,Paid Social
C00253,2024-05-11,North,Email
C00254,2024-08-18,South,Email
C00255,2025-04-07,North,Marketplace
C00256,2024-04-11,West,Organic Search
C00257,2025-04-19,North,Paid Social
C00258,2024-03-13,South,Marketplace
C00259,2024-05-02,East,Paid Social
C00260,2025-02-15,North,Paid Social
C00261,2025-07-09,North,Marketplace
C00262,2024-04-29,East,Organic Search
C00263,2024-07-28,North,Email
C00264,2025-10-09,South,Marketplace
C00265,2025-11-23,South,Organic Search
C00266,2025-02-10,North,Email
C00267,2024-11-08,North,Paid Social
C00268,2024-08-30,East,Marketplace
C00269,2025-03-04,West,Marketplace
C00270,2025-02-17,North,Marketplace
C00271,2024-07-25,West,Organic Search
C00272,2024-01-16,East,Email
C00273,2024-04-16,East,Marketplace
C00274,2025-11-01,East,Referral
C00275,2024-10-19,East,Referral
C00276,2024-12-03,West,Organic Search
C00277,2024-11-22,South,Marketplace
C00278,2025-07-01,East,Organic Search
C00279,2024-02-15,South,Paid Social
C00280,2024-02-27,North,Marketplace
C00281,2024-07-12,East,Marketplace
C00282,2024-12-06,North,Marketplace
C00283,2025-04-14,North,Paid Social
C00284,2024-12-09,North,Organic Search
C00285,2024-11-04,North,Paid Social
C00286,2025-10-18,East,Organic Search
C00287,2024-04-22,East,Marketplace
C00288,2025-02-04,South,Referral
C00289,2025-01-14,North,Paid Social
C00290,2024-11-27,South,Organic Search
C00291,2025-07-19,South,Paid Social
C00292,2024-07-05,East,Marketplace
C00293,2025-10-29,East,Email
C00294,2024-08-20,South,Organic Search
C00295,2025-01-16,South,Organic Search
C00296,2024-12-30,West,Paid Social
C00297,2025-08-17,East,Organic Search
C00298,2024-11-03,South,Marketplace
C00299,2024-07-18,South,Referral
C00300,2024-01-16,North,Organic Search
C00301,2024-09-11,West,Email
C00302,2025-08-01,South,Paid Social
C00303,2024-01-07,North,Organic Search
C00304,2025-09-19,West,Referral
C00305,2025-01-14,East,Organic Search
C00306,2024-04-08,North,Paid Social
C00307,2024-07-30,North,Marketplace
C00308,2025-01-22,North,Marketplace
C00309,2024-08-08,East,Paid Social
C00310,2024-03-17,North,Referral
C00311,2025-04-11,West,Organic Search
C00312,2025-04-15,West,Referral
C00313,2024-03-24,East,Organic Search
C00314,2024-07-15,East,Referral
C00315,2024-06-19,South,Organic Search
C00316,2025-04-06,North,Marketplace
C00317,2025-05-26,East,Marketplace
C00318,2025-05-23,North,Paid Social
C00319,2025-10-19,North,Email
C00320,2025-06-22,South,Organic Search
C00321,2024-08-12,North,Email
C00322,2024-03-16,South,Organic Search
C00323,2025-03-06,East,Organic Search
C00324,2025-10-03,West,Email
C00325,2025-11-13,East,Paid Social
C00326,2024-06-10,West,Paid Social
C00327,2024-06-14,South,Paid Social
C00328,2024-01-27,West,Organic Search
C00329,2024-04-08,East,Organic Search
C00330,2025-01-23,North,Referral
C00331,2025-01-17,West,Referral
C00332,2024-09-16,North,Organic Search
C00333,2024-08-04,North,Paid Social
C00334,2025-08-03,North,Referral
C00335,2024-11-18,South,Referral
C00336,2025-07-19,South,Marketplace
C00337,2025-11-05,East,Paid Social
C00338,2024-08-09,West,Paid Social
C00339,2024-05-21,South,Referral
C00340,2025-10-29,East,Paid Social
C00341,2025-03-20,South,Organic Search
C00342,2024-07-22,West,Organic Search
C00343,2025-03-11,North,Marketplace
C00344,2024-12-26,North,Organic Search
C00345,2025-09-25,East,Referral
C00346,2024-06-28,East,Referral
C00347,2025-11-24,East,Paid Social
C00348,2025-10-17,East,Marketplace
C00349,2024-05-06,East,Email
C00350,2024-04-25,South,Organic Search
C00351,2025-01-08,North,Email
C00352,2024-02-01,North,Paid Social
C00353,2024-07-28,North,Paid Social
C00354,2024-10-31,South,Email
C00355,2025-11-09,South,Email
C00356,2025-11-25,South,Paid Social
C00357,2024-04-16,East,Marketplace
C00358,2025-09-16,South,Referral
C00359,2024-03-04,East,Referral
C00360,2025-06-08,East,Organic Search
C00361,2025-08-14,South,Organic Search
C00362,2025-09-15,South,Paid Social
C00363,2024-06-05,East,Referral
C00364,2025-09-17,East,Paid Social
C00365,2024-03-22,South,Email
C00366,2024-12-29,South,Organic Search
C00367,2024-11-24,East,Email
C00368,2024-08-09,East,Email
C00369,2024-01-16,North,Email
C00370,2025-06-24,South,Email
C00371,2024-08-22,West,Marketplace
C00372,2025-04-08,North,Organic Search
C00373,2024-10-14,West,Email
C00374,2024-09-18,North,Marketplace
C00375,2025-09-12,East,Referral
C00376,2024-03-07,South,Organic Search
C00377,2025-05-30,North,Marketplace
C00378,2025-06-06,West,Organic Search
C00379,2024-09-22,South,Paid Social
C00380,2024-07-02,West,Organic Search
C00381,2024-01-04,South,Paid Social
C00382,2025-10-17,West,Paid Social
C00383,2025-10-25,West,Paid Social
C00384,2024-06-17,East,Marketplace
C00385,2024-01-23,North,Paid Social
C00386,2024-03-26,East,Paid Social
C00387,2024-02-17,East,Marketplace
C00388,2025-08-04,West,Email
C00389,2025-09-16,South,Organic Search
C00390,2024-04-17,North,Organic Search
C00391,2025-06-06,North,Referral
C00392,2024-05-05,East,Marketplace
C00393,2024-09-14,West,Referral
C00394,2025-02-23,North,Organic Search
C00395,2025-05-18,East,Email
C00396,2025-09-04,West,Referral
C00397,2024-02-01,North,Referral
C00398,2024-05-17,North,Marketplace
C00399,2024-07-15,East,Email
C00400,2024-08-05,East,Referral
C00401,2025-11-29,North,Referral
C00402,2025-06-28,West,Referral
C00403,2024-08-12,East,Paid Social
C00404,2025-11-11,West,Paid Social
C00405,2024-12-15,West,Email
C00406,2024-12-16,West,Referral
C00407,2024-10-30,East,Paid Social
C00408,2024-04-10,North,Organic Search
C00409,2025-10-16,East,Email
C00410,2024-01-10,North,Referral
C00411,2024-05-01,East,Paid Social
C00412,2024-06-09,North,Paid Social
C00413,2024-07-14,East,Organic Search
C00414,2024-04-02,North,Marketplace
C00415,2024-01-13,South,Marketplace
C00416,2025-04-19,North,Referral
C00417,2025-11-09,East,Paid Social
C00418,2024-03-26,East,Email
C00419,2024-07-26,North,Paid Social
C00420,2024-12-20,West,Marketplace
C00421,2025-10-11,West,Organic Search
C00422,2025-04-30,South,Organic Search
C00423,2025-06-20,East,Referral
C00424,2025-02-10,South,Organic Search
C00425,2024-10-18,North,Referral
C00426,2024-05-19,East,Email
C00427,2025-08-28,North,Organic Search
C00428,2025-07-16,West,Paid Social
C00429,2024-01-18,West,Email
C00430,2025-05-15,West,Marketplace
C00431,2024-02-29,East,Paid Social
C00432,2025-06-01,East,Organic Search
C00433,2025-08-01,West,Referral
C00434,2024-04-01,North,Paid Social
C00435,2024-10-30,North,Email
C00436,2024-03-27,East,Referral
C00437,2025-02-01,South,Organic Search
C00438,2025-10-11,South,Email
C00439,2024-02-26,North,Paid Social
C00440,2024-10-05,East,Organic Search
C00441,2025-11-12,North,Referral
C00442,2024-07-29,North,Marketplace
C00443,2024-04-02,North,Email
C00444,2024-12-08,South,Organic Search
C00445,2024-12-21,West,Email
C00446,2025-04-09,South,Organic Search
C00447,2024-08-07,East,Paid Social
C00448,2025-10-30,East,Paid Social
C00449,2024-12-30,South,Organic Search
C00450,2024-07-19,West,Paid Social
C00451,2025-11-03,East,Marketplace
C00452,2025-10-09,East,Organic Search
C00453,2024-12-15,North,Email
C00454,2024-01-18,North,Referral
C00455,2025-02-21,West,Paid Social
C00456,2025-01-23,East,Organic Search
C00457,2024-04-13,West,Organic Search
C00458,2025-03-19,West,Organic Search
C00459,2025-08-11,North,Referral
C00460,2024-03-15,East,Marketplace
C00461,2025-05-21,South,Marketplace
C00462,2024-04-08,East,Organic Search
C00463,2025-06-08,North,Organic Search
C00464,2024-10-20,South,Organic Search
C00465,2024-01-05,East,Marketplace
C00466,2025-11-07,East,Organic Search
C00467,2024-04-26,East,Organic Search
C00468,2025-02-21,South,Referral
C00469,2024-05-07,South,Referral
C00470,2025-10-15,West,Organic Search
C00471,2025-05-31,South,Email
C00472,2025-07-17,South,Organic Search
C00473,2024-10-29,East,Organic Search
C00474,2024-11-23,South,Organic Search
C00475,2025-03-20,East,Paid Social
C00476,2025-07-03,South,Marketplace
C00477,2025-08-15,West,Paid Social
C00478,2024-01-13,West,Email
C00479,2025-04-09,West,Paid Social
C00480,2024-03-17,East,Email
C00481,2024-07-20,South,Marketplace
C00482,2025-08-03,East,Paid Social
C00483,2024-06-24,West,Marketplace
C00484,2025-07-11,East,Referral
C00485,2024-11-20,East,Email
C00486,2024-06-11,East,Organic Search
C00487,2024-08-21,East,Referral
C00488,2025-01-06,East,Paid Social
C00489,2025-06-19,North,Marketplace
C00490,2025-02-28,South,Marketplace
C00491,2025-10-15,East,Paid Social
C00492,2025-08-30,North,Marketplace
C00493,2025-06-11,West,Marketplace
C00494,2025-02-26,East,Referral
C00495,2024-07-21,North,Organic Search
C00496,2024-10-15,West,Organic Search
C00497,2024-03-24,East,Organic Search
C00498,2024-09-18,East,Organic Search
C00499,2025-10-10,South,Marketplace
C00500,2024-10-25,West,Organic Search
C00501,2024-03-20,South,Email
C00502,2025-04-01,East,Referral
C00503,2025-11-04,North,Referral
C00504,2025-08-30,East,Organic Search
C00505,2024-07-10,East,Referral
C00506,2024-11-13,East,Referral
C00507,2025-01-06,South,Referral
C00508,2024-06-22,West,Organic Search
C00509,2024-07-07,East,Email
C00510,2024-06-14,North,Organic Search
C00511,2025-11-27,West,Referral
C00512,2025-06-06,East,Paid Social
C00513,2025-08-11,West,Organic Search
C00514,2025-07-25,West,Email
C00515,2025-11-02,West,Organic Search
C00516,2024-03-14,East,Marketplace
C00517,2025-09-09,East,Marketplace
C00518,2024-02-16,North,Paid Social
C00519,2024-11-28,East,Paid Social
C00520,2025-02-20,East,Organic Search
C00521,2024-09-07,East,Marketplace
C00522,2024-04-12,West,Referral
C00523,2024-05-14,North,Organic Search
C00524,2025-07-31,South,Paid Social
C00525,2024-08-11,East,Organic Search
C00526,2024-08-05,South,Referral
C00527,2025-10-08,North,Paid Social
C00528,2024-04-10,North,Organic Search
C00529,2025-10-02,West,Email
C00530,2025-10-06,South,Organic Search
C00531,2025-02-22,North,Paid Social
C00532,2024-04-25,North,Referral
C00533,2024-04-19,South,Marketplace
C00534,2024-07-18,North,Paid Social
C00535,2025-02-08,East,Marketplace
C00536,2024-04-17,East,Paid Social
C00537,2024-11-14,North,Marketplace
C00538,2024-03-21,East,Organic Search
C00539,2025-01-13,North,Email
C00540,2024-01-15,South,Organic Search
C00541,2025-05-11,West,Marketplace
C00542,2024-02-08,East,Marketplace
C00543,2024-05-16,West,Paid Social
C00544,2024-05-02,North,Paid Social
C00545,2025-08-04,South,Referral
C00546,2024-02-07,South,Organic Search
C00547,2024-10-27,South,Email
C00548,2025-02-17,West,Email
C00549,2024-12-27,North,Paid Social
C00550,2025-04-21,West,Organic Search
C00551,2025-07-16,West,Marketplace
C00552,2024-10-02,East,Organic Search
C00553,2025-08-02,South,Referral
C00554,2024-08-10,East,Organic Search
C00555,2025-11-20,South,Organic Search
C00556,2024-12-19,East,Organic Search
C00557,2025-05-30,South,Paid Social
C00558,2025-09-04,West,Referral
C00559,2025-07-08,East,Paid Social
C00560,2025-08-18,East,Email
C00561,2025-01-10,East,Email
C00562,2024-01-31,East,Organic Search
C00563,2024-12-11,West,Organic Search
C00564,2024-05-07,North,Referral
C00565,2025-09-14,West,Referral
C00566,2024-06-14,West,Referral
C00567,2024-06-08,West,Organic Search
C00568,2024-06-23,South,Email
C00569,2025-03-25,West,Organic Search
C00570,2025-02-03,South,Referral
C00571,2025-10-26,East,Organic Search
C00572,2024-10-18,North,Referral
C00573,2024-07-16,South,Paid Social
C00574,2024-02-04,South,Email
C00575,2024-01-05,South,Organic Search
C00576,2024-09-18,South,Referral
C00577,2025-10-10,West,Organic Search
C00578,2025-01-01,North,Email
C00579,2025-09-17,East,Organic Search
C00580,2024-03-12,North,Organic Search
C00581,2024-03-06,East,Email
C00582,2025-08-06,East,Organic Search
C00583,2024-03-15,South,Organic Search
C00584,2024-02-06,East,Marketplace
C00585,2024-10-09,West,Email
C00586,2025-10-09,West,Marketplace
C00587,2025-04-27,South,Paid Social
C00588,2024-03-10,South,Paid Social
C00589,2025-08-08,East,Email
C00590,2025-08-13,South,Organic Search
C00591,2025-07-14,West,Email
C00592,2025-09-23,South,Organic Search
C00593,2024-06-16,West,Marketplace
C00594,2025-11-16,North,Referral
C00595,2024-08-12,North,Paid Social
C00596,2025-07-15,West,Paid Social
C00597,2025-02-09,West,Organic Search
C00598,2025-06-29,West,Paid Social
C00599,2025-03-15,West,Email
C00600,2025-03-25,South,Paid Social
C00601,2025-03-07,South,Paid Social
C00602,2025-06-29,North,Organic Search
C00603,2025-06-01,East,Email
C00604,2024-04-04,North,Paid Social
C00605,2025-08-01,West,Organic Search
C00606,2025-01-10,North,Marketplace
C00607,2024-08-14,North,Paid Social
C00608,2024-12-25,North,Paid Social
C00609,2025-11-07,North,Marketplace
C00610,2025-08-23,North,Paid Social
C00611,2025-08-06,East,Marketplace
C00612,2024-11-19,South,Email
C00613,2025-07-02,East,Referral
C00614,2024-09-26,West,Organic Search
C00615,2025-04-25,East,Organic Search
C00616,2025-03-23,East,Paid Social
C00617,2024-06-23,South,Organic Search
C00618,2024-07-05,North,Organic Search
C00619,2024-02-12,South,Referral
C00620,2024-04-07,West,Email
C00621,2024-10-30,East,Organic Search
C00622,2024-11-30,North,Email
C00623,2024-04-25,South,Marketplace
C00624,2024-10-18,West,Email
C00625,2025-02-26,East,Email
C00626,2024-06-11,East,Email
C00627,2024-08-24,West,Organic Search
C00628,2024-09-14,East,Paid Social
C00629,2024-12-19,East,Marketplace
C00630,2024-09-13,North,Referral
C00631,2025-05-30,North,Email
C00632,2024-08-17,West,Marketplace
C00633,2024-10-30,East,Organic Search
C00634,2024-09-22,South,Paid Social
C00635,2024-05-08,East,Referral
C00636,2025-04-25,North,Organic Search
C00637,2024-06-13,West,Referral
C00638,2024-07-26,North,Email
C00639,2025-07-08,West,Referral
C00640,2025-10-26,East,Organic Search
C00641,2025-04-14,North,Email
C00642,2025-10-03,North,Organic Search
C00643,2025-08-20,West,Marketplace
C00644,2024-12-02,North,Organic Search
C00645,2025-06-23,North,Marketplace
C00646,2024-08-17,East,Paid Social
C00647,2024-11-18,South,Paid Social
C00648,2025-01-09,South,Paid Social
C00649,2025-11-03,North,Organic Search
C00650,2025-08-16,West,Paid Social
C00651,2024-12-08,South,Marketplace
C00652,2025-04-01,North,Email
C00653,2024-05-21,South,Organic Search
C00654,2025-07-17,North,Email
C00655,2025-01-22,South,Marketplace
C00656,2025-01-07,North,Email
C00657,2025-06-20,North,Paid Social
C00658,2025-03-19,South,Organic Search
C00659,2024-02-20,West,Marketplace
C00660,2024-07-20,North,Paid Social
C00661,2024-05-03,North,Paid Social
C00662,2025-05-29,West,Email
C00663,2024-01-25,West,Organic Search
C00664,2024-05-21,East,Marketplace
C00665,2025-02-22,North,Organic Search
C00666,2025-05-01,South,Email
C00667,2024-12-18,North,Marketplace
C00668,2025-08-25,North,Marketplace
C00669,2025-10-05,South,Marketplace
C00670,2024-04-02,East,Marketplace
C00671,2025-10-28,South,Organic Search
C00672,2025-03-06,East,Marketplace
C00673,2025-03-21,South,Marketplace
C00674,2024-03-07,South,Paid Social
C00675,2025-03-11,East,Paid Social
C00676,2025-05-23,West,Organic Search
C00677,2025-02-10,South,Referral
C00678,2024-02-29,East,Email
C00679,2025-01-01,North,Paid Social
C00680,2025-10-17,North,Paid Social
C00681,2025-05-21,East,Referral
C00682,2024-04-06,North,Organic Search
C00683,2025-11-02,South,Marketplace
C00684,2025-11-02,South,Organic Search
C00685,2024-04-28,North,Organic Search
C00686,2025-07-14,North,Organic Search
C00687,2024-10-11,South,Marketplace
C00688,2025-02-19,West,Marketplace
C00689,2024-11-07,East,Organic Search
C00690,2025-07-01,South,Organic Search
C00691,2025-11-28,North,Paid Social
C00692,2025-07-10,East,Organic Search
C00693,2025-10-13,North,Email
C00694,2025-10-24,East,Organic Search
C00695,2024-03-04,East,Paid Social
C00696,2024-06-26,South,Paid Social
C00697,2025-05-20,South,Paid Social
C00698,2025-02-17,North,Paid Social
C00699,2024-02-05,North,Organic Search
C00700,2024-03-07,South,Organic Search
C00701,2024-12-30,West,Organic Search
C00702,2025-03-07,North,Organic Search
C00703,2024-04-27,East,Marketplace
C00704,2024-04-29,East,Organic Search
C00705,2024-03-31,North,Paid Social
C00706,2025-01-30,North,Organic Search
C00707,2024-01-06,South,Email
C00708,2025-02-04,East,Marketplace
C00709,2024-11-29,South,Email
C00710,2024-11-22,East,Referral
C00711,2025-04-20,West,Email
C00712,2024-12-31,East,Paid Social
C00713,2025-05-24,West,Marketplace
C00714,2025-06-18,East,Email
C00715,2025-10-06,West,Organic Search
C00716,2025-07-13,West,Paid Social
C00717,2024-12-28,East,Organic Search
C00718,2024-12-10,West,Organic Search
C00719,2024-06-13,West,Marketplace
C00720,2025-02-23,South,Organic Search
C00721,2024-04-07,East,Email
C00722,2025-10-13,East,Marketplace
C00723,2025-08-14,West,Paid Social
C00724,2024-03-24,South,Paid Social
C00725,2025-07-04,West,Referral
C00726,2024-03-22,East,Email
C00727,2025-05-19,West,Organic Search
C00728,2024-03-02,North,Organic Search
C00729,2024-12-07,East,Referral
C00730,2025-04-05,East,Marketplace
C00731,2025-05-25,West,Organic Search
C00732,2024-10-20,West,Paid Social
C00733,2025-10-07,East,Marketplace
C00734,2025-06-26,East,Organic Search
C00735,2024-05-25,North,Organic Search
C00736,2025-04-14,West,Referral
C00737,2025-05-26,North,Organic Search
C00738,2024-08-21,East,Organic Search
C00739,2025-05-31,East,Referral
C00740,2025-09-20,South,Referral
C00741,2025-07-25,North,Paid Social
C00742,2025-06-17,North,Paid Social
C00743,2025-03-20,West,Referral
C00744,2024-07-08,East,Referral
C00745,2025-07-10,North,Email
C00746,2024-09-11,East,Email
C00747,2025-01-07,North,Referral
C00748,2024-08-08,West,Marketplace
C00749,2024-08-07,South,Marketplace
C00750,2024-04-20,North,Organic Search
C00751,2025-11-03,North,Marketplace
C00752,2024-04-13,East,Marketplace
C00753,2024-03-01,South,Paid Social
C00754,2025-10-17,East,Organic Search
C00755,2025-01-23,South,Referral
C00756,2024-11-02,South,Paid Social
C00757,2025-05-31,North,Email
C00758,2024-09-25,North,Paid Social
C00759,2024-03-30,West,Organic Search
C00760,2025-05-25,North,Organic Search
C00761,2024-05-03,West,Marketplace
C00762,2025-01-22,South,Organic Search
C00763,2025-10-26,North,Email
C00764,2025-10-17,North,Organic Search
C00765,2024-09-09,North,Paid Social
C00766,2025-06-30,East,Paid Social
C00767,2025-03-04,East,Organic Search
C00768,2024-12-01,South,Referral
C00769,2024-04-07,East,Email
C00770,2024-09-20,East,Organic Search
C00771,2025-04-01,West,Paid Social
C00772,2025-11-21,West,Email
C00773,2024-01-04,East,Email
C00774,2025-05-17,West,Paid Social
C00775,2025-08-15,East,Email
C00776,2025-10-27,South,Organic Search
C00777,2024-10-23,East,Organic Search
C00778,2024-03-23,North,Referral
C00779,2024-07-08,East,Email
C00780,2025-08-18,West,Email
C00781,2025-09-06,North,Organic Search
C00782,2025-03-21,West,Paid Social
C00783,2024-03-26,West,Referral
C00784,2024-03-26,North,Organic Search
C00785,2024-11-30,East,Paid Social
C00786,2025-02-15,West,Referral
C00787,2024-01-23,West,Organic Search
C00788,2025-04-25,North,Paid Social
C00789,2025-01-16,South,Organic Search
C00790,2024-01-09,East,Marketplace
C00791,2024-03-07,North,Organic Search
C00792,2024-11-14,South,Organic Search
C00793,2025-05-20,North,Organic Search
C00794,2025-07-31,North,Organic Search
C00795,2024-10-28,East,Organic Search
C00796,2024-07-25,East,Referral
C00797,2025-11-08,East,Organic Search
C00798,2024-11-16,East,Organic Search
C00799,2024-08-08,South,Organic Search
C00800,2024-11-05,North,Paid Social
C00801,2024-01-09,North,Organic Search
C00802,2024-07-30,North,Referral
C00803,2024-12-26,South,Email
C00804,2025-10-04,North,Email
C00805,2025-05-31,North,Organic Search
C00806,2025-06-30,North,Marketplace
C00807,2025-01-16,East,Email
C00808,2024-03-18,East,Organic Search
C00809,2024-09-30,West,Paid Social
C00810,2025-11-28,East,Email
C00811,2024-01-31,East,Paid Social
C00812,2025-09-07,North,Paid Social
C00813,2025-04-24,East,Referral
C00814,2024-07-17,North,Organic Search
C00815,2025-06-28,South,Marketplace
C00816,2025-08-08,South,Organic Search
C00817,2024-01-31,South,Organic Search
C00818,2024-03-15,North,Organic Search
C00819,2025-04-11,East,Paid Social
C00820,2025-11-30,West,Marketplace
C00821,2024-01-17,East,Email
C00822,2025-04-10,East,Marketplace
C00823,2024-04-05,East,Paid Social
C00824,2025-03-31,North,Paid Social
C00825,2025-03-12,East,Paid Social
C00826,2024-03-04,East,Organic Search
C00827,2025-04-21,North,Marketplace
C00828,2025-09-19,South,Paid Social
C00829,2025-08-27,West,Paid Social
C00830,2024-01-21,East,Paid Social
C00831,2024-06-21,South,Email
C00832,2024-06-17,East,Organic Search
C00833,2024-11-13,South,Email
C00834,2024-04-10,South,Email
C00835,2025-08-21,South,Marketplace
C00836,2025-06-27,South,Organic Search
C00837,2025-07-19,East,Organic Search
C00838,2024-05-18,North,Paid Social
C00839,2024-01-11,East,Marketplace
C00840,2025-09-29,South,Marketplace
C00841,2024-07-21,East,Referral
C00842,2025-04-04,East,Organic Search
C00843,2025-09-28,East,Organic Search
C00844,2024-01-26,East,Referral
C00845,2024-01-04,West,Organic Search
C00846,2024-01-04,East,Referral
C00847,2024-04-19,East,Marketplace
C00848,2024-02-06,East,Paid Social
C00849,2025-07-27,North,Paid Social
C00850,2025-02-28,South,Organic Search
C00851,2025-11-17,South,Organic Search
C00852,2025-07-15,North,Email
C00853,2025-11-05,South,Paid Social
C00854,2024-06-15,South,Organic Search
C00855,2024-07-20,East,Organic Search
C00856,2025-08-17,North,Organic Search
C00857,2024-06-20,West,Referral
C00858,2024-02-10,South,Referral
C00859,2025-04-13,East,Paid Social
C00860,2025-07-14,North,Paid Social
C00861,2025-11-08,South,Organic Search
C00862,2025-10-11,North,Paid Social
C00863,2024-03-25,East,Organic Search
C00864,2025-06-24,South,Marketplace
C00865,2025-08-15,West,Organic Search
C00866,2025-05-03,South,Paid Social
C00867,2025-07-27,East,Organic Search
C00868,2025-08-09,North,Email
C00869,2024-11-08,East,Organic Search
C00870,2024-01-29,South,Marketplace
C00871,2024-11-15,South,Organic Search
C00872,2024-05-21,North,Marketplace
C00873,2024-03-20,North,Referral
C00874,2024-03-28,North,Organic Search
C00875,2025-05-03,West,Organic Search
C00876,2024-12-19,South,Paid Social
C00877,2025-01-12,North,Marketplace
C00878,2025-06-05,West,Marketplace
C00879,2025-01-18,North,Organic Search
C00880,2025-03-17,South,Paid Social
C00881,2024-03-01,East,Organic Search
C00882,2025-08-18,West,Organic Search
C00883,2024-11-10,East,Referral
C00884,2024-04-18,South,Paid Social
C00885,2025-07-23,West,Organic Search
C00886,2025-05-29,North,Marketplace
C00887,2024-02-07,West,Email
C00888,2024-05-15,West,Email
C00889,2024-01-12,West,Organic Search
C00890,2024-07-08,North,Marketplace
C00891,2024-03-10,North,Referral
C00892,2025-05-11,East,Paid Social
C00893,2024-12-31,East,Organic Search
C00894,2025-11-17,East,Marketplace
C00895,2025-06-08,West,Paid Social
C00896,2025-03-04,East,Marketplace
C00897,2024-12-22,South,Referral
C00898,2024-02-08,South,Email
C00899,2024-02-19,North,Email
C00900,2025-03-07,North,Marketplace
C00901,2024-01-04,North,Organic Search
C00902,2024-01-30,West,Organic Search
C00903,2024-06-02,East,Email
C00904,2025-09-10,East,Paid Social
C00905,2024-11-17,South,Referral
C00906,2025-05-11,East,Email
C00907,2024-10-15,West,Paid Social
C00908,2024-05-01,West,Email
C00909,2024-09-16,East,Paid Social
C00910,2024-03-05,West,Marketplace
C00911,2025-06-23,East,Organic Search
C00912,2024-05-08,South,Referral
C00913,2024-09-20,West,Marketplace
C00914,2025-11-17,South,Organic Search
C00915,2025-02-18,South,Paid Social
C00916,2024-11-16,South,Paid Social
C00917,2025-01-15,East,Referral
C00918,2025-07-02,East,Paid Social
C00919,2024-06-27,East,Organic Search
C00920,2025-03-21,South,Marketplace
C00921,2025-09-02,North,Organic Search
C00922,2025-02-04,West,Paid Social
C00923,2024-11-08,South,Referral
C00924,2024-04-11,West,Organic Search
C00925,2024-06-22,North,Organic Search
C00926,2025-10-24,East,Marketplace
C00927,2025-01-13,East,Referral
C00928,2024-07-29,West,Organic Search
C00929,2024-10-19,North,Email
C00930,2025-02-08,West,Paid Social
C00931,2025-01-11,East,Organic Search
C00932,2025-05-04,East,Email
C00933,2024-06-29,East,Paid Social
C00934,2025-03-30,North,Organic Search
C00935,2024-11-05,South,Marketplace
C00936,2025-10-20,North,Organic Search
C00937,2024-04-20,South,Organic Search
C00938,2024-04-13,East,Organic Search
C00939,2024-11-19,South,Email
C00940,2024-12-21,North,Email
C00941,2025-04-28,North,Marketplace
C00942,2024-10-09,North,Organic Search
C00943,2025-10-01,North,Email
C00944,2024-11-27,East,Referral
C00945,2024-03-31,North,Paid Social
C00946,2024-03-24,West,Organic Search
C00947,2025-11-12,North,Email
C00948,2024-04-03,North,Organic Search
C00949,2025-10-25,West,Referral
C00950,2024-07-13,South,Paid Social
C00951,2024-03-06,South,Organic Search
C00952,2024-08-01,West,Marketplace
C00953,2025-03-06,West,Email
C00954,2024-10-26,East,Paid Social
C00955,2025-07-03,North,Email
C00956,2025-03-03,East,Paid Social
C00957,2024-10-07,West,Email
C00958,2025-03-20,West,Organic Search
C00959,2025-11-11,North,Paid Social
C00960,2024-10-15,South,Paid Social
C00961,2024-04-17,South,Paid Social
C00962,2024-10-13,North,Paid Social
C00963,2025-08-11,East,Organic Search
C00964,2024-06-01,North,Marketplace
C00965,2025-10-26,South,Organic Search
C00966,2025-02-15,North,Organic Search
C00967,2025-02-25,South,Paid Social
C00968,2024-08-09,North,Referral
C00969,2025-10-06,South,Organic Search
C00970,2024-01-26,North,Paid Social
C00971,2024-07-28,West,Email
C00972,2024-10-19,North,Organic Search
C00973,2024-11-30,East,Marketplace
C00974,2024-11-27,North,Paid Social
C00975,2024-04-13,North,Referral
C00976,2024-06-06,North,Organic Search
C00977,2024-03-07,North,Email
C00978,2025-02-04,North,Marketplace
C00979,2024-09-02,South,Organic Search
C00980,2025-01-31,East,Organic Search
C00981,2025-02-16,North,Organic Search
C00982,2025-05-06,South,Organic Search
C00983,2025-01-17,East,Marketplace
C00984,2025-03-29,North,Referral
C00985,2025-02-15,South,Referral
C00986,2025-04-01,North,Marketplace
C00987,2025-03-07,North,Marketplace
C00988,2024-08-09,South,Email
C00989,2024-06-21,West,Paid Social
C00990,2025-07-05,West,Paid Social
C00991,2024-08-27,West,Organic Search
C00992,2025-01-19,South,Paid Social
C00993,2024-05-17,North,Paid Social
C00994,2024-10-28,South,Organic Search
C00995,2025-01-05,North,Paid Social
C00996,2025-03-14,North,Paid Social
C00997,2025-01-03,North,Paid Social
C00998,2024-09-09,South,Organic Search
C00999,2025-11-04,South,Paid Social
C01000,2024-12-24,North,Paid Social
C01001,2025-07-19,East,Email
C01002,2025-05-30,South,Email
C01003,2025-01-25,West,Organic Search
C01004,2025-09-12,North,Organic Search
C01005,2024-03-30,East,Paid Social
C01006,2025-10-06,North,Organic Search
C01007,2025-08-18,South,Paid Social
C01008,2024-12-18,North,Marketplace
C01009,2025-05-28,North,Organic Search
C01010,2024-12-30,East,Paid Social
C01011,2024-07-07,North,Email
C01012,2025-07-13,North,Paid Social
C01013,2024-06-21,West,Organic Search
C01014,2024-08-08,North,Organic Search
C01015,2024-12-29,East,Marketplace
C01016,2025-08-09,East,Organic Search
C01017,2024-09-25,North,Referral
C01018,2024-12-11,South,Email
C01019,2024-01-30,North,Organic Search
C01020,2024-03-22,East,Email
C01021,2024-02-09,North,Organic Search
C01022,2024-02-20,North,Organic Search
C01023,2025-08-30,South,Paid Social
C01024,2025-08-12,West,Marketplace
C01025,2025-07-29,East,Organic Search
C01026,2024-02-08,West,Organic Search
C01027,2024-02-24,East,Marketplace
C01028,2024-07-15,East,Organic Search
C01029,2025-01-30,South,Marketplace
C01030,2024-08-21,West,Referral
C01031,2024-12-07,East,Referral
C01032,2024-05-01,South,Email
C01033,2025-05-26,East,Email
C01034,2024-08-07,East,Organic Search
C01035,2024-02-16,North,Marketplace
C01036,2025-06-03,South,Marketplace
C01037,2025-09-23,South,Marketplace
C01038,2024-01-11,West,Referral
C01039,2024-11-01,South,Paid Social
C01040,2025-08-02,West,Paid Social
C01041,2025-05-09,South,Organic Search
C01042,2025-08-22,East,Paid Social
C01043,2024-10-17,North,Referral
C01044,2024-09-17,West,Referral
C01045,2025-05-11,South,Paid Social
C01046,2024-04-17,North,Paid Social
C01047,2024-06-16,North,Referral
C01048,2025-02-24,North,Paid Social
C01049,2025-04-12,South,Marketplace
C01050,2024-03-24,East,Email
C01051,2024-12-21,West,Organic Search
C01052,2024-09-12,East,Organic Search
C01053,2024-12-17,East,Email
C01054,2025-11-01,South,Paid Social
C01055,2024-02-23,West,Marketplace
C01056,2025-11-27,West,Organic Search
C01057,2024-11-10,South,Organic Search
C01058,2025-06-24,West,Paid Social
C01059,2024-10-24,South,Email
C01060,2024-08-05,West,Marketplace
C01061,2025-06-23,West,Marketplace
C01062,2025-04-26,East,Paid Social
C01063,2024-04-10,North,Email
C01064,2025-05-08,East,Organic Search
C01065,2025-06-11,North,Referral
C01066,2024-09-28,East,Marketplace
C01067,2025-10-09,South,Paid Social
C01068,2025-03-24,East,Marketplace
C01069,2024-08-21,West,Organic Search
C01070,2024-01-08,North,Organic Search
C01071,2025-04-17,South,Paid Social
C01072,2024-05-26,East,Marketplace
C01073,2025-06-13,South,Paid Social
C01074,2025-01-02,North,Email
C01075,2024-11-22,North,Organic Search
C01076,2024-04-24,South,Email
C01077,2025-05-13,East,Referral
C01078,2024-04-26,East,Organic Search
C01079,2024-10-19,North,Email
C01080,2025-08-08,South,Email
C01081,2025-10-06,South,Paid Social
C01082,2025-11-23,North,Organic Search
C01083,2025-11-01,East,Organic Search
C01084,2025-01-24,South,Marketplace
C01085,2024-05-20,East,Referral
C01086,2025-08-10,West,Email
C01087,2025-07-15,East,Email
C01088,2025-11-24,East,Marketplace
C01089,2025-03-31,North,Organic Search
C01090,2024-04-09,North,Paid Social
C01091,2024-12-18,North,Referral
C01092,2024-11-09,East,Organic Search
C01093,2025-08-13,West,Organic Search
C01094,2024-10-01,North,Referral
C01095,2024-08-18,North,Marketplace
C01096,2024-02-26,South,Referral
C01097,2025-08-07,East,Organic Search
C01098,2025-06-12,East,Marketplace
C01099,2024-01-29,East,Organic Search
C01100,2024-10-30,West,Organic Search
C01101,2024-12-01,South,Marketplace
C01102,2024-11-24,East,Email
C01103,2025-10-05,East,Marketplace
C01104,2024-04-15,South,Email
C01105,2024-08-02,West,Referral
C01106,2024-05-06,North,Organic Search
C01107,2024-06-19,East,Paid Social
C01108,2025-09-26,East,Marketplace
C01109,2025-10-20,West,Marketplace
C01110,2024-02-01,East,Paid Social
C01111,2025-03-18,South,Paid Social
C01112,2024-06-11,West,Organic Search
C01113,2024-05-14,East,Paid Social
C01114,2024-07-23,East,Marketplace
C01115,2024-05-16,East,Organic Search
C01116,2024-12-09,North,Paid Social
C01117,2025-11-27,East,Marketplace
C01118,2025-02-14,West,Paid Social
C01119,2025-05-21,South,Paid Social
C01120,2024-12-11,South,Paid Social
C01121,2024-01-10,West,Organic Search
C01122,2024-02-28,East,Organic Search
C01123,2024-07-07,West,Organic Search
C01124,2024-06-19,South,Organic Search
C01125,2025-08-11,West,Organic Search
C01126,2025-08-13,North,Paid Social
C01127,2025-08-20,East,Organic Search
C01128,2025-03-22,South,Marketplace
C01129,2025-01-24,East,Organic Search
C01130,2025-03-30,West,Paid Social
C01131,2024-10-11,East,Marketplace
C01132,2025-04-14,East,Organic Search
C01133,2025-07-10,South,Paid Social
C01134,2025-06-18,East,Marketplace
C01135,2025-03-05,East,Referral
C01136,2024-02-10,North,Organic Search
C01137,2025-05-22,East,Email
C01138,2024-09-13,West,Email
C01139,2025-06-04,East,Paid Social
C01140,2025-01-12,East,Organic Search
C01141,2025-09-08,South,Organic Search
C01142,2024-08-24,East,Marketplace
C01143,2025-10-13,North,Paid Social
C01144,2025-08-14,South,Organic Search
C01145,2024-08-19,South,Paid Social
C01146,2024-12-03,North,Marketplace
C01147,2025-01-06,North,Organic Search
C01148,2025-06-22,East,Organic Search
C01149,2025-04-27,South,Paid Social
C01150,2025-08-19,South,Email
C01151,2024-09-15,North,Paid Social
C01152,2024-12-19,East,Marketplace
C01153,2024-10-28,South,Organic Search
C01154,2025-09-28,South,Paid Social
C01155,2024-08-01,East,Paid Social
C01156,2025-02-14,North,Paid Social
C01157,2024-03-25,West,Paid Social
C01158,2025-08-18,North,Email
C01159,2024-09-25,South,Paid Social
C01160,2024-08-26,North,Email
C01161,2025-02-12,East,Organic Search
C01162,2024-12-15,South,Referral
C01163,2025-08-16,West,Paid Social
C01164,2025-01-06,South,Paid Social
C01165,2024-12-27,East,Organic Search
C01166,2024-03-14,North,Marketplace
C01167,2024-01-16,North,Marketplace
C01168,2024-10-05,South,Marketplace
C01169,2025-11-29,East,Marketplace
C01170,2025-10-04,South,Organic Search
C01171,2025-03-16,West,Paid Social
C01172,2025-03-17,East,Paid Social
C01173,2024-10-01,West,Marketplace
C01174,2024-05-04,South,Organic Search
C01175,2024-01-06,East,Organic Search
C01176,2024-08-25,East,Email
C01177,2024-08-09,East,Organic Search
C01178,2024-05-14,West,Email
C01179,2024-06-30,East,Organic Search
C01180,2024-01-18,West,Referral
C01181,2025-03-01,East,Marketplace
C01182,2025-10-11,North,Referral
C01183,2025-04-28,East,Organic Search
C01184,2024-11-09,South,Organic Search
C01185,2024-10-21,West,Organic Search
C01186,2024-08-03,West,Organic Search
C01187,2024-04-09,North,Referral
C01188,2025-02-22,North,Paid Social
C01189,2025-01-31,North,Organic Search
C01190,2024-01-06,South,Organic Search
C01191,2024-10-17,North,Marketplace
C01192,2024-07-13,East,Organic Search
C01193,2024-04-29,East,Paid Social
C01194,2025-05-07,West,Paid Social
C01195,2025-01-03,North,Organic Search
C01196,2025-03-19,East,Marketplace
C01197,2025-05-14,North,Organic Search
C01198,2025-11-18,West,Email
C01199,2025-07-15,North,Referral
C01200,2025-03-10,North,Email
C01201,2025-09-07,North,Referral
C01202,2024-11-30,West,Email
C01203,2025-11-20,North,Paid Social
C01204,2025-06-17,East,Paid Social
C01205,2025-03-31,East,Email
C01206,2025-09-24,East,Referral
C01207,2024-12-26,North,Paid Social
C01208,2025-05-19,North,Organic Search
C01209,2024-07-18,South,Organic Search
C01210,2025-11-05,North,Paid Social
C01211,2025-03-12,East,Organic Search
C01212,2025-07-01,South,Paid Social
C01213,2024-11-18,South,Organic Search
C01214,2025-08-29,North,Referral
C01215,2024-02-21,East,Email
C01216,2024-03-20,North,Referral
C01217,2024-12-20,East,Email
C01218,2025-05-27,North,Organic Search
C01219,2025-07-20,West,Organic Search
C01220,2024-11-04,East,Email
C01221,2025-03-30,North,Email
C01222,2025-01-22,North,Email
C01223,2025-11-04,South,Referral
C01224,2025-04-02,North,Email
C01225,2024-10-18,North,Email
C01226,2025-11-09,West,Email
C01227,2024-03-16,East,Email
C01228,2025-11-20,North,Organic Search
C01229,2024-04-17,East,Organic Search
C01230,2024-07-20,North,Paid Social
C01231,2025-07-29,West,Paid Social
C01232,2025-05-28,North,Email
C01233,2025-11-10,East,Paid Social
C01234,2025-06-08,East,Organic Search
C01235,2025-03-21,North,Email
C01236,2024-08-30,North,Organic Search
C01237,2024-01-04,South,Marketplace
C01238,2024-03-27,West,Organic Search
C01239,2024-07-27,East,Paid Social
C01240,2024-01-29,East,Paid Social
C01241,2024-12-21,East,Organic Search
C01242,2025-06-28,West,Organic Search
C01243,2025-11-05,South,Organic Search
C01244,2024-12-08,East,Paid Social
C01245,2025-09-04,East,Paid Social
C01246,2025-11-20,North,Email
C01247,2025-08-24,West,Organic Search
C01248,2024-11-21,North,Paid Social
C01249,2024-08-15,North,Organic Search
C01250,2025-11-15,West,Marketplace
C01251,2024-06-18,South,Email
C01252,2024-10-15,North,Marketplace
C01253,2024-02-21,North,Marketplace
C01254,2025-07-09,East,Paid Social
C01255,2025-03-30,West,Email
C01256,2024-02-29,North,Paid Social
C01257,2024-06-04,North,Marketplace
C01258,2025-01-23,South,Paid Social
C01259,2025-01-13,West,Paid Social
C01260,2025-07-15,North,Marketplace
C01261,2024-07-05,West,Marketplace
C01262,2025-10-09,West,Marketplace
C01263,2024-11-07,South,Organic Search
C01264,2025-07-29,West,Organic Search
C01265,2024-06-15,East,Paid Social
C01266,2024-01-26,East,Paid Social
C01267,2024-02-08,South,Paid Social
C01268,2024-09-17,West,Organic Search
C01269,2025-10-29,East,Email
C01270,2024-02-04,East,Organic Search
C01271,2024-09-15,West,Email
C01272,2024-03-17,South,Marketplace
C01273,2025-10-14,West,Referral
C01274,2025-04-17,West,Paid Social
C01275,2025-06-17,North,Organic Search
C01276,2025-05-14,North,Organic Search
C01277,2025-04-04,South,Email
C01278,2025-06-25,West,Paid Social
C01279,2024-01-06,South,Organic Search
C01280,2025-08-28,East,Marketplace
C01281,2025-06-01,North,Email
C01282,2025-06-01,South,Marketplace
C01283,2024-10-02,East,Paid Social
C01284,2025-07-14,North,Marketplace
C01285,2024-09-24,West,Organic Search
C01286,2024-02-04,North,Organic Search
C01287,2025-09-27,West,Marketplace
C01288,2024-06-13,North,Marketplace
C01289,2024-03-12,West,Paid Social
C01290,2025-03-11,East,Organic Search
C01291,2024-06-12,North,Paid Social
C01292,2025-08-23,North,Email
C01293,2024-11-06,North,Marketplace
C01294,2024-01-04,East,Paid Social
C01295,2025-10-28,West,Organic Search
C01296,2024-12-26,South,Referral
C01297,2024-07-03,South,Email
C01298,2025-04-19,East,Paid Social
C01299,2025-01-06,East,Referral
C01300,2024-01-21,East,Marketplace
C01301,2025-06-15,South,Organic Search
C01302,2024-10-07,East,Referral
C01303,2025-05-04,West,Referral
C01304,2025-09-18,South,Paid Social
C01305,2025-03-03,North,Marketplace
C01306,2025-04-15,North,Referral
C01307,2024-06-27,East,Paid Social
C01308,2024-06-15,South,Organic Search
C01309,2024-10-17,West,Email
C01310,2025-08-19,East,Organic Search
C01311,2025-01-01,East,Organic Search
C01312,2024-08-31,East,Paid Social
C01313,2025-06-29,North,Referral
C01314,2025-08-20,West,Marketplace
C01315,2025-09-23,North,Email
C01316,2024-07-28,East,Marketplace
C01317,2025-05-11,West,Paid Social
C01318,2025-02-17,East,Paid Social
C01319,2024-11-10,West,Marketplace
C01320,2024-10-04,South,Paid Social
C01321,2024-03-21,West,Email
C01322,2024-07-11,East,Paid Social
C01323,2025-01-19,East,Organic Search
C01324,2025-09-12,North,Referral
C01325,2025-08-29,North,Organic Search
C01326,2024-05-11,East,Organic Search
C01327,2025-04-20,North,Organic Search
C01328,2024-02-29,East,Organic Search
C01329,2025-04-17,West,Paid Social
C01330,2024-08-27,West,Marketplace
C01331,2024-11-10,North,Paid Social
C01332,2025-05-17,West,Marketplace
C01333,2024-10-24,North,Referral
C01334,2025-07-19,South,Organic Search
C01335,2025-01-08,West,Organic Search
C01336,2025-11-30,North,Marketplace
C01337,2025-03-22,North,Referral
C01338,2024-07-26,North,Marketplace
C01339,2025-06-26,East,Paid Social
C01340,2024-10-12,West,Email
C01341,2025-01-08,North,Email
C01342,2024-04-05,North,Marketplace
C01343,2024-03-24,East,Organic Search
C01344,2025-02-06,North,Marketplace
C01345,2024-05-10,East,Paid Social
C01346,2025-11-29,West,Marketplace
C01347,2025-08-21,East,Paid Social
C01348,2025-05-05,West,Referral
C01349,2025-05-29,East,Paid Social
C01350,2025-02-20,West,Marketplace
C01351,2024-02-12,North,Organic Search
C01352,2024-10-01,North,Paid Social
C01353,2024-12-13,East,Referral
C01354,2025-10-02,North,Email
C01355,2024-06-02,West,Paid Social
C01356,2024-12-13,East,Email
C01357,2024-08-28,West,Paid Social
C01358,2024-04-04,South,Referral
C01359,2024-03-13,South,Email
C01360,2024-09-12,East,Email
C01361,2024-02-27,North,Marketplace
C01362,2024-02-17,East,Paid Social
C01363,2024-09-02,East,Organic Search
C01364,2024-05-21,West,Email
C01365,2025-01-23,East,Organic Search
C01366,2024-01-13,North,Organic Search
C01367,2024-07-30,South,Email
C01368,2024-11-13,East,Paid Social
C01369,2025-11-05,North,Paid Social
C01370,2025-03-20,South,Marketplace
C01371,2025-09-08,South,Organic Search
C01372,2024-08-28,North,Organic Search
C01373,2024-11-10,East,Organic Search
C01374,2024-10-21,North,Organic Search
C01375,2025-09-13,East,Email
C01376,2025-11-02,North,Email
C01377,2025-11-04,East,Referral
C01378,2025-06-10,North,Organic Search
C01379,2024-12-18,West,Paid Social
C01380,2025-01-13,North,Organic Search
C01381,2025-11-17,East,Email
C01382,2024-07-18,South,Referral
C01383,2024-08-30,North,Organic Search
C01384,2025-09-19,South,Email
C01385,2024-09-27,West,Email
C01386,2024-06-13,West,Paid Social
C01387,2025-01-27,South,Referral
C01388,2024-08-15,North,Referral
C01389,2025-09-15,East,Organic Search
C01390,2025-09-28,East,Organic Search
C01391,2024-08-02,North,Email
C01392,2025-01-05,East,Marketplace
C01393,2025-11-19,East,Referral
C01394,2025-06-03,East,Referral
C01395,2024-05-30,South,Referral
C01396,2025-02-17,South,Paid Social
C01397,2025-03-09,North,Organic Search
C01398,2025-04-02,East,Paid Social
C01399,2024-01-18,North,Marketplace
C01400,2024-07-28,East,Email
C01401,2025-08-21,East,Marketplace
C01402,2024-06-17,East,Organic Search
C01403,2024-07-28,North,Paid Social
C01404,2024-08-13,North,Referral
C01405,2024-05-04,South,Organic Search
C01406,2024-04-18,East,Organic Search
C01407,2024-08-30,West,Email
C01408,2025-09-04,South,Email
C01409,2024-01-02,West,Referral
C01410,2024-07-17,North,Organic Search
C01411,2024-02-12,South,Paid Social
C01412,2025-01-28,North,Organic Search
C01413,2024-06-24,East,Organic Search
C01414,2025-07-08,North,Paid Social
C01415,2025-02-13,North,Paid Social
C01416,2025-07-02,East,Marketplace
C01417,2025-03-20,East,Paid Social
C01418,2024-11-02,North,Organic Search
C01419,2025-08-25,North,Organic Search
C01420,2024-11-29,East,Email
C01421,2025-10-26,South,Organic Search
C01422,2025-11-27,North,Organic Search
C01423,2025-02-16,East,Paid Social
C01424,2025-04-17,North,Organic Search
C01425,2024-06-27,East,Referral
C01426,2025-07-24,South,Paid Social
C01427,2025-04-15,North,Organic Search
C01428,2025-09-23,North,Email
C01429,2024-07-05,North,Paid Social
C01430,2025-07-05,North,Referral
C01431,2024-11-25,South,Organic Search
C01432,2024-05-09,West,Referral
C01433,2024-04-29,West,Organic Search
C01434,2025-01-28,South,Paid Social
C01435,2024-08-11,East,Organic Search
C01436,2024-03-12,East,Marketplace
C01437,2024-10-26,West,Organic Search
C01438,2025-04-02,North,Marketplace
C01439,2024-08-11,South,Marketplace
C01440,2025-10-30,South,Paid Social
C01441,2025-06-29,North,Paid Social
C01442,2024-12-24,South,Paid Social
C01443,2025-10-16,West,Marketplace
C01444,2024-10-30,West,Referral
C01445,2024-04-07,North,Paid Social
C01446,2024-01-26,South,Organic Search
C01447,2025-10-18,South,Marketplace
C01448,2025-11-02,South,Organic Search
C01449,2025-06-01,East,Organic Search
C01450,2024-03-13,North,Organic Search
C01451,2024-07-24,West,Paid Social
C01452,2024-01-29,West,Marketplace
C01453,2024-02-05,East,Email
C01454,2024-06-21,East,Organic Search
C01455,2025-02-04,East,Paid Social
C01456,2024-02-15,South,Email
C01457,2025-11-20,North,Paid Social
C01458,2024-11-14,East,Organic Search
C01459,2024-07-03,North,Paid Social
C01460,2024-12-27,West,Referral
C01461,2025-07-07,South,Marketplace
C01462,2024-08-06,South,Referral
C01463,2024-02-03,South,Organic Search
C01464,2024-02-05,West,Email
C01465,2025-08-19,North,Organic Search
C01466,2024-03-19,North,Marketplace
C01467,2025-03-20,North,Paid Social
C01468,2024-09-26,East,Organic Search
C01469,2025-06-28,West,Paid Social
C01470,2024-02-12,North,Organic Search
C01471,2025-09-20,West,Organic Search
C01472,2025-05-03,North,Referral
C01473,2024-11-10,East,Email
C01474,2024-05-24,North,Marketplace
C01475,2025-11-14,South,Paid Social
C01476,2024-07-30,East,Organic Search
C01477,2024-12-09,East,Paid Social
C01478,2024-10-02,North,Paid Social
C01479,2024-06-10,West,Organic Search
C01480,2024-10-18,West,Marketplace
C01481,2024-04-16,South,Marketplace
C01482,2024-01-02,East,Organic Search
C01483,2024-07-21,East,Email
C01484,2024-03-19,North,Referral
C01485,2024-10-17,West,Organic Search
C01486,2025-08-26,South,Referral
C01487,2024-04-23,East,Organic Search
C01488,2024-01-01,North,Organic Search
C01489,2024-03-18,South,Marketplace
C01490,2024-12-21,East,Referral
C01491,2024-07-11,East,Organic Search
C01492,2024-12-08,West,Paid Social
C01493,2024-01-21,West,Marketplace
C01494,2024-08-21,North,Paid Social
C01495,2024-10-14,North,Marketplace
C01496,2024-10-28,South,Marketplace
C01497,2025-01-20,South,Paid Social
C01498,2025-06-30,South,Email
C01499,2024-11-23,West,Referral
C01500,2025-08-11,East,Email
C01501,2025-01-05,North,Paid Social
C01502,2024-07-01,South,Organic Search
C01503,2024-06-09,East,Organic Search
C01504,2024-08-13,South,Referral
C01505,2025-02-22,North,Email
C01506,2024-06-18,South,Email
C01507,2025-10-01,South,Referral
C01508,2024-12-01,North,Organic Search
C01509,2025-08-27,East,Organic Search
C01510,2025-04-23,South,Email
C01511,2024-08-21,East,Paid Social
C01512,2024-06-08,East,Email
C01513,2025-06-04,West,Organic Search
C01514,2024-08-19,North,Paid Social
C01515,2024-06-21,North,Marketplace
C01516,2025-10-13,South,Organic Search
C01517,2024-12-03,South,Organic Search
C01518,2024-02-03,South,Referral
C01519,2024-12-12,East,Referral
C01520,2024-11-18,North,Marketplace
C01521,2025-08-27,North,Marketplace
C01522,2025-05-13,South,Email
C01523,2024-05-13,East,Organic Search
C01524,2024-04-15,West,Paid Social
C01525,2025-02-26,East,Marketplace
C01526,2024-02-03,East,Paid Social
C01527,2024-08-11,East,Marketplace
C01528,2024-04-06,East,Referral
C01529,2024-01-15,North,Organic Search
C01530,2025-10-05,East,Paid Social
C01531,2024-03-03,East,Email
C01532,2024-01-07,South,Organic Search
C01533,2025-10-15,East,Paid Social
C01534,2024-05-11,South,Email
C01535,2025-07-25,East,Organic Search
C01536,2024-01-22,North,Paid Social
C01537,2024-04-17,East,Email
C01538,2024-03-18,West,Email
C01539,2025-05-09,North,Paid Social
C01540,2025-03-10,South,Marketplace
C01541,2024-11-28,North,Marketplace
C01542,2024-06-18,North,Paid Social
C01543,2024-03-03,West,Organic Search
C01544,2025-02-02,South,Email
C01545,2024-06-10,South,Organic Search
C01546,2025-02-17,North,Marketplace
C01547,2025-04-26,West,Referral
C01548,2025-08-17,North,Paid Social
C01549,2024-12-11,East,Referral
C01550,2024-01-04,South,Paid Social
C01551,2024-07-15,North,Marketplace
C01552,2025-08-20,East,Organic Search
C01553,2025-01-08,North,Marketplace
C01554,2025-03-09,East,Organic Search
C01555,2024-11-16,North,Email
C01556,2024-04-23,East,Marketplace
C01557,2025-09-19,East,Paid Social
C01558,2025-06-25,East,Organic Search
C01559,2025-11-27,North,Email
C01560,2025-08-21,East,Marketplace
C01561,2024-07-22,West,Paid Social
C01562,2024-06-26,North,Paid Social
C01563,2024-06-22,North,Email
C01564,2025-10-05,West,Organic Search
C01565,2025-01-24,North,Referral
C01566,2024-11-14,East,Paid Social
C01567,2025-11-08,East,Organic Search
C01568,2025-02-26,North,Marketplace
C01569,2025-09-28,East,Paid Social
C01570,2025-11-20,East,Marketplace
C01571,2024-02-25,South,Referral
C01572,2024-09-10,West,Paid Social
C01573,2025-05-28,North,Paid Social
C01574,2025-07-23,South,Paid Social
C01575,2024-04-13,West,Email
C01576,2024-08-10,North,Email
C01577,2025-01-18,West,Email
C01578,2025-07-13,North,Paid Social
C01579,2024-03-20,South,Organic Search
C01580,2025-02-24,North,Organic Search
C01581,2024-07-26,East,Email
C01582,2024-05-31,East,Paid Social
C01583,2024-12-26,West,Paid Social
C01584,2024-10-16,West,Paid Social
C01585,2025-03-20,East,Paid Social
C01586,2024-08-10,East,Email
C01587,2025-07-30,East,Referral
C01588,2024-02-24,West,Marketplace
C01589,2025-08-26,East,Organic Search
C01590,2024-01-21,West,Referral
C01591,2025-05-30,North,Organic Search
C01592,2024-08-30,South,Email
C01593,2024-09-25,East,Referral
C01594,2024-01-14,North,Paid Social
C01595,2025-05-06,North,Email
C01596,2024-04-25,West,Paid Social
C01597,2025-04-06,South,Organic Search
C01598,2025-05-22,North,Paid Social
C01599,2025-08-14,South,Organic Search
C01600,2025-05-10,South,Marketplace
C01601,2024-07-30,East,Email
C01602,2025-06-01,West,Email
C01603,2025-08-01,West,Marketplace
C01604,2024-08-10,East,Email
C01605,2024-03-27,East,Paid Social
C01606,2025-09-15,South,Organic Search
C01607,2024-04-13,West,Paid Social
C01608,2025-02-19,North,Marketplace
C01609,2024-06-14,North,Marketplace
C01610,2024-03-29,West,Email
C01611,2025-06-27,West,Organic Search
C01612,2024-04-10,South,Organic Search
C01613,2025-04-14,East,Marketplace
C01614,2025-04-30,South,Organic Search
C01615,2024-02-12,South,Referral
C01616,2024-05-01,South,Paid Social
C01617,2025-07-10,North,Paid Social
C01618,2024-12-21,East,Email
C01619,2024-03-25,South,Marketplace
C01620,2025-11-25,East,Email
C01621,2024-07-04,North,Paid Social
C01622,2024-01-03,West,Paid Social
C01623,2025-10-08,East,Marketplace
C01624,2024-01-12,West,Referral
C01625,2025-01-22,North,Paid Social
C01626,2025-11-26,East,Email
C01627,2025-02-08,West,Organic Search
C01628,2025-02-13,South,Organic Search
C01629,2024-09-28,North,Marketplace
C01630,2024-03-29,North,Referral
C01631,2025-02-04,North,Organic Search
C01632,2025-09-20,South,Organic Search
C01633,2024-03-04,South,Marketplace
C01634,2025-09-08,North,Referral
C01635,2024-10-17,East,Referral
C01636,2025-01-10,North,Organic Search
C01637,2024-04-25,South,Marketplace
C01638,2025-03-11,East,Marketplace
C01639,2024-05-07,North,Paid Social
C01640,2024-07-10,North,Paid Social
C01641,2025-05-20,North,Email
C01642,2024-02-05,North,Marketplace
C01643,2024-11-09,South,Email
C01644,2025-02-20,North,Marketplace
C01645,2024-04-02,North,Referral
C01646,2024-07-25,West,Paid Social
C01647,2024-08-28,West,Paid Social
C01648,2025-04-09,North,Email
C01649,2025-11-14,South,Organic Search
C01650,2025-08-08,South,Organic Search
C01651,2024-05-12,West,Email
C01652,2024-01-13,West,Paid Social
C01653,2024-02-06,North,Email
C01654,2025-02-20,North,Organic Search
C01655,2024-04-19,South,Paid Social
C01656,2024-06-10,West,Organic Search
C01657,2025-08-16,West,Email
C01658,2025-09-03,North,Email
C01659,2025-08-10,East,Paid Social
C01660,2024-06-26,North,Paid Social
C01661,2025-03-09,East,Organic Search
C01662,2025-03-03,West,Email
C01663,2024-05-09,South,Marketplace
C01664,2025-01-22,North,Email
C01665,2025-01-02,East,Organic Search
C01666,2024-10-04,South,Referral
C01667,2025-06-10,West,Organic Search
C01668,2025-04-19,South,Organic Search
C01669,2025-01-07,West,Organic Search
C01670,2025-05-23,North,Organic Search
C01671,2025-06-18,North,Organic Search
C01672,2025-01-31,South,Email
C01673,2024-07-06,North,Organic Search
C01674,2025-06-14,South,Email
C01675,2025-05-17,East,Marketplace
C01676,2025-11-19,North,Referral
C01677,2024-04-14,North,Paid Social
C01678,2024-10-20,North,Email
C01679,2025-10-08,North,Organic Search
C01680,2024-12-26,West,Paid Social
C01681,2025-10-21,West,Paid Social
C01682,2024-01-09,North,Marketplace
C01683,2024-01-25,East,Email
C01684,2025-07-11,East,Marketplace
C01685,2024-09-07,West,Email
C01686,2024-12-30,South,Paid Social
C01687,2024-10-26,South,Marketplace
C01688,2024-10-12,South,Marketplace
C01689,2025-10-19,West,Paid Social
C01690,2024-03-06,East,Marketplace
C01691,2025-06-24,South,Marketplace
C01692,2025-09-14,North,Paid Social
C01693,2025-04-05,East,Organic Search
C01694,2024-10-03,West,Organic Search
C01695,2024-04-22,South,Email
C01696,2025-04-22,East,Organic Search
C01697,2024-11-24,South,Paid Social
C01698,2024-04-14,South,Referral
C01699,2024-09-08,East,Marketplace
C01700,2025-11-04,East,Marketplace
C01701,2024-07-04,West,Email
C01702,2024-05-04,South,Paid Social
C01703,2025-04-22,South,Organic Search
C01704,2024-05-19,South,Referral
C01705,2025-10-05,North,Organic Search
C01706,2025-08-24,South,Referral
C01707,2025-11-19,North,Marketplace
C01708,2025-09-30,South,Referral
C01709,2024-06-19,North,Referral
C01710,2024-05-28,South,Email
C01711,2024-08-27,East,Marketplace
C01712,2024-11-24,North,Paid Social
C01713,2025-09-07,East,Paid Social
C01714,2025-05-28,West,Organic Search
C01715,2025-03-27,East,Referral
C01716,2025-09-06,North,Organic Search
C01717,2025-03-28,South,Paid Social
C01718,2024-09-22,East,Email
C01719,2024-10-16,East,Organic Search
C01720,2024-12-27,North,Referral
C01721,2024-03-03,South,Organic Search
C01722,2025-06-03,East,Organic Search
C01723,2025-04-01,North,Organic Search
C01724,2025-05-26,East,Organic Search
C01725,2025-01-08,North,Marketplace
C01726,2025-07-02,South,Marketplace
C01727,2025-10-26,West,Email
C01728,2025-02-02,North,Referral
C01729,2024-11-07,East,Email
C01730,2024-03-14,South,Marketplace
C01731,2025-06-29,South,Paid Social
C01732,2025-09-24,West,Organic Search
C01733,2025-05-04,South,Email
C01734,2025-08-28,North,Marketplace
C01735,2025-08-25,West,Organic Search
C01736,2025-07-12,East,Paid Social
C01737,2024-12-18,East,Paid Social
C01738,2024-03-10,North,Paid Social
C01739,2024-01-03,North,Email
C01740,2024-05-23,East,Paid Social
C01741,2024-10-28,North,Marketplace
C01742,2025-06-04,North,Email
C01743,2024-11-15,East,Organic Search
C01744,2024-01-17,South,Email
C01745,2024-05-27,North,Email
C01746,2025-11-16,North,Paid Social
C01747,2025-11-22,South,Paid Social
C01748,2024-09-21,East,Marketplace
C01749,2025-07-17,West,Paid Social
C01750,2025-05-18,North,Organic Search
C01751,2025-10-13,North,Paid Social
C01752,2025-09-13,East,Organic Search
C01753,2025-03-16,South,Email
C01754,2024-10-03,South,Organic Search
C01755,2025-03-14,West,Referral
C01756,2024-08-11,East,Paid Social
C01757,2024-08-31,South,Marketplace
C01758,2025-03-02,West,Paid Social
C01759,2025-02-03,North,Marketplace
C01760,2025-02-10,West,Marketplace
C01761,2024-09-26,East,Organic Search
C01762,2024-10-13,East,Email
C01763,2024-01-08,West,Organic Search
C01764,2025-02-25,East,Marketplace
C01765,2025-02-07,South,Referral
C01766,2025-10-16,North,Organic Search
C01767,2024-12-18,East,Organic Search
C01768,2024-11-23,East,Paid Social
C01769,2024-02-17,North,Email
C01770,2024-05-17,East,Email
C01771,2024-08-24,East,Organic Search
C01772,2024-09-21,South,Paid Social
C01773,2024-09-10,North,Paid Social
C01774,2024-10-02,South,Referral
C01775,2025-06-22,North,Organic Search
C01776,2024-04-01,North,Paid Social
C01777,2024-08-20,South,Marketplace
C01778,2024-04-24,North,Paid Social
C01779,2024-08-03,North,Email
C01780,2025-04-24,East,Paid Social
C01781,2024-02-02,South,Paid Social
C01782,2024-08-25,West,Referral
C01783,2024-01-17,West,Organic Search
C01784,2025-10-30,East,Organic Search
C01785,2025-05-24,West,Marketplace
C01786,2024-06-19,West,Marketplace
C01787,2024-05-18,South,Email
C01788,2024-03-10,East,Organic Search
C01789,2024-11-27,North,Organic Search
C01790,2025-06-11,East,Organic Search
C01791,2025-02-12,South,Marketplace
C01792,2025-09-08,North,Email
C01793,2024-08-28,North,Paid Social
C01794,2024-07-13,West,Marketplace
C01795,2024-11-30,South,Organic Search
C01796,2024-05-21,North,Referral
C01797,2025-11-13,North,Organic Search
C01798,2024-05-10,South,Paid Social
C01799,2024-12-01,West,Marketplace
C01800,2024-12-31,East,Marketplace
C01801,2024-02-09,South,Organic Search
C01802,2024-11-23,North,Organic Search
C01803,2024-11-14,North,Referral
C01804,2024-06-30,South,Organic Search
C01805,2024-03-30,West,Referral
C01806,2024-02-01,East,Referral
C01807,2024-01-07,South,Organic Search
C01808,2024-12-03,East,Organic Search
C01809,2024-03-03,South,Organic Search
C01810,2025-11-02,East,Marketplace
C01811,2024-06-20,East,Paid Social
C01812,2025-04-01,East,Referral
C01813,2025-04-16,East,Paid Social
C01814,2024-12-12,West,Email
C01815,2025-09-10,South,Organic Search
C01816,2024-03-18,North,Organic Search
C01817,2024-06-12,North,Email
C01818,2024-06-25,East,Email
C01819,2024-04-04,East,Organic Search
C01820,2024-07-25,East,Paid Social
C01821,2024-08-06,East,Marketplace
C01822,2025-06-19,North,Organic Search
C01823,2024-07-30,East,Organic Search
C01824,2025-09-05,East,Paid Social
C01825,2025-06-24,South,Organic Search
C01826,2025-09-23,South,Referral
C01827,2024-03-14,North,Email
C01828,2025-11-20,South,Paid Social
C01829,2025-03-05,East,Referral
C01830,2025-11-18,West,Paid Social
C01831,2024-09-05,East,Email
C01832,2025-10-29,South,Organic Search
C01833,2025-02-16,East,Paid Social
C01834,2024-02-20,East,Email
C01835,2024-10-14,South,Paid Social
C01836,2024-04-06,West,Organic Search
C01837,2025-10-20,North,Paid Social
C01838,2024-08-01,North,Email
C01839,2024-06-04,North,Organic Search
C01840,2025-01-22,North,Email
C01841,2024-10-24,West,Email
C01842,2024-03-08,South,Referral
C01843,2025-07-25,North,Organic Search
C01844,2025-08-15,South,Email
C01845,2025-06-04,South,Organic Search
C01846,2025-03-07,South,Marketplace
C01847,2024-10-08,North,Email
C01848,2025-01-14,East,Organic Search
C01849,2024-12-30,North,Email
C01850,2024-04-25,East,Paid Social
C01851,2024-02-27,North,Paid Social
C01852,2024-06-26,East,Paid Social
C01853,2024-11-14,West,Referral
C01854,2024-04-22,North,Email
C01855,2024-03-15,North,Marketplace
C01856,2025-08-19,West,Organic Search
C01857,2024-09-19,South,Referral
C01858,2025-02-12,East,Email
C01859,2025-01-01,North,Email
C01860,2025-05-29,North,Paid Social
C01861,2025-06-01,East,Paid Social
C01862,2024-07-26,West,Email
C01863,2025-08-16,North,Paid Social
C01864,2024-09-16,East,Organic Search
C01865,2025-08-07,East,Paid Social
C01866,2024-10-10,North,Organic Search
C01867,2024-03-18,South,Organic Search
C01868,2025-06-16,North,Organic Search
C01869,2024-01-22,South,Email
C01870,2025-06-24,East,Marketplace
C01871,2024-01-31,South,Paid Social
C01872,2024-05-24,North,Organic Search
C01873,2025-02-26,East,Email
C01874,2025-10-21,East,Organic Search
C01875,2024-10-12,East,Marketplace
C01876,2024-03-25,East,Referral
C01877,2024-06-12,North,Organic Search
C01878,2025-09-19,East,Paid Social
C01879,2025-05-23,South,Paid Social
C01880,2024-03-11,South,Email
C01881,2024-09-26,North,Organic Search
C01882,2024-07-04,East,Marketplace
C01883,2024-05-04,East,Email
C01884,2025-08-15,South,Marketplace
C01885,2025-03-08,West,Marketplace
C01886,2024-05-05,West,Organic Search
C01887,2025-03-31,North,Paid Social
C01888,2024-10-16,East,Marketplace
C01889,2024-02-13,South,Paid Social
C01890,2024-11-10,West,Organic Search
C01891,2024-05-09,North,Organic Search
C01892,2024-06-20,South,Organic Search
C01893,2025-09-07,South,Marketplace
C01894,2025-05-12,North,Paid Social
C01895,2024-04-03,East,Email
C01896,2025-08-18,South,Marketplace
C01897,2025-02-06,North,Organic Search
C01898,2025-09-04,East,Email
C01899,2025-06-06,West,Organic Search
C01900,2024-08-25,East,Organic Search
C01901,2025-01-09,South,Organic Search
C01902,2025-01-06,South,Paid Social
C01903,2025-05-18,North,Paid Social
C01904,2024-06-22,West,Paid Social
C01905,2024-08-21,East,Organic Search
C01906,2024-06-20,East,Organic Search
C01907,2024-07-26,West,Email
C01908,2024-04-22,North,Organic Search
C01909,2024-01-26,East,Email
C01910,2025-10-20,North,Marketplace
C01911,2024-02-22,North,Email
C01912,2025-09-13,South,Referral
C01913,2024-01-03,South,Referral
C01914,2025-06-28,West,Referral
C01915,2024-08-17,South,Marketplace
C01916,2024-12-28,West,Marketplace
C01917,2024-07-16,East,Paid Social
C01918,2024-12-09,East,Referral
C01919,2024-11-12,West,Email
C01920,2025-01-05,South,Organic Search
C01921,2024-10-02,South,Paid Social
C01922,2025-01-10,North,Referral
C01923,2025-07-31,North,Email
C01924,2024-10-31,West,Paid Social
C01925,2024-09-09,South,Organic Search
C01926,2024-04-02,South,Organic Search
C01927,2024-09-08,North,Referral
C01928,2024-03-28,South,Marketplace
C01929,2024-05-07,East,Marketplace
C01930,2025-10-28,South,Paid Social
C01931,2024-03-03,East,Organic Search
C01932,2024-12-03,East,Email
C01933,2025-08-07,East,Email
C01934,2025-10-29,North,Paid Social
C01935,2024-04-12,East,Paid Social
C01936,2024-04-24,North,Organic Search
C01937,2024-09-17,South,Email
C01938,2025-01-23,East,Referral
C01939,2025-11-02,East,Paid Social
C01940,2024-05-25,North,Marketplace
C01941,2024-04-25,West,Referral
C01942,2024-06-26,North,Marketplace
C01943,2025-09-04,East,Paid Social
C01944,2024-01-22,West,Paid Social
C01945,2024-09-23,East,Marketplace
C01946,2024-03-24,West,Marketplace
C01947,2024-04-19,East,Marketplace
C01948,2025-10-03,East,Email
C01949,2024-01-02,East,Paid Social
C01950,2024-08-13,East,Organic Search
C01951,2025-10-02,North,Paid Social
C01952,2025-03-01,East,Marketplace
C01953,2024-02-20,North,Paid Social
C01954,2024-11-21,West,Email
C01955,2025-11-10,North,Marketplace
C01956,2024-10-07,North,Marketplace
C01957,2025-01-05,West,Marketplace
C01958,2025-01-07,North,Referral
C01959,2025-04-07,South,Paid Social
C01960,2024-05-11,East,Marketplace
C01961,2025-08-10,North,Organic Search
C01962,2025-11-23,North,Organic Search
C01963,2024-04-09,South,Marketplace
C01964,2025-07-26,North,Email
C01965,2025-07-25,North,Paid Social
C01966,2025-06-03,North,Organic Search
C01967,2024-09-16,South,Paid Social
C01968,2024-11-24,South,Marketplace
C01969,2025-08-10,North,Referral
C01970,2024-04-17,East,Paid Social
C01971,2025-08-03,East,Referral
C01972,2025-10-06,North,Marketplace
C01973,2025-04-22,South,Marketplace
C01974,2024-08-26,West,Paid Social
C01975,2025-01-26,East,Referral
C01976,2024-02-05,South,Organic Search
C01977,2025-10-14,South,Paid Social
C01978,2024-08-27,North,Organic Search
C01979,2024-02-09,West,Paid Social
C01980,2025-07-10,West,Referral
C01981,2025-04-05,West,Paid Social
C01982,2025-03-11,North,Organic Search
C01983,2024-02-07,South,Organic Search
C01984,2025-06-09,North,Organic Search
C01985,2025-03-22,South,Email
C01986,2025-07-09,South,Organic Search
C01987,2025-08-02,East,Organic Search
C01988,2024-05-28,North,Marketplace
C01989,2024-05-27,West,Organic Search
C01990,2025-10-08,North,Marketplace
C01991,2025-01-06,North,Referral
C01992,2024-11-02,West,Email
C01993,2024-07-20,East,Referral
C01994,2025-03-23,South,Organic Search
C01995,2025-06-11,East,Marketplace
C01996,2024-01-02,North,Marketplace
C01997,2025-01-21,North,Paid Social
C01998,2025-11-26,South,Email
C01999,2024-07-15,South,Paid Social
C02000,2024-07-15,East,Marketplace
C02001,2025-09-06,North,Email
C02002,2024-02-13,East,Organic Search
C02003,2024-10-05,East,Marketplace
C02004,2024-11-16,North,Marketplace
C02005,2025-07-12,North,Email
C02006,2024-03-31,South,Organic Search
C02007,2024-10-30,East,Email
C02008,2024-04-16,East,Referral
C02009,2025-07-05,East,Paid Social
C02010,2025-03-18,South,Marketplace
C02011,2024-12-13,North,Referral
C02012,2024-10-02,East,Marketplace
C02013,2024-04-17,North,Email
C02014,2025-10-07,East,Organic Search
C02015,2025-03-29,North,Marketplace
C02016,2024-08-11,South,Referral
C02017,2024-10-16,East,Paid Social
C02018,2025-05-23,South,Paid Social
C02019,2025-05-18,East,Organic Search
C02020,2024-11-18,South,Email
C02021,2024-07-31,West,Paid Social
C02022,2025-04-06,West,Marketplace
C02023,2025-04-05,West,Marketplace
C02024,2025-02-23,East,Email
C02025,2024-02-20,East,Organic Search
C02026,2024-11-26,East,Email
C02027,2025-03-05,South,Organic Search
C02028,2025-10-27,South,Marketplace
C02029,2025-01-02,East,Paid Social
C02030,2024-08-27,North,Marketplace
C02031,2025-01-24,North,Paid Social
C02032,2024-05-04,West,Organic Search
C02033,2024-03-04,North,Marketplace
C02034,2025-04-19,East,Paid Social
C02035,2025-11-21,East,Marketplace
C02036,2025-08-15,North,Marketplace
C02037,2025-02-12,West,Paid Social
C02038,2024-01-29,North,Paid Social
C02039,2025-11-22,West,Referral
C02040,2024-11-10,East,Marketplace
C02041,2024-07-21,North,Marketplace
C02042,2025-09-16,North,Paid Social
C02043,2025-06-06,South,Email
C02044,2025-06-08,South,Organic Search
C02045,2024-07-13,North,Referral
C02046,2025-11-25,West,Email
C02047,2024-11-13,North,Marketplace
C02048,2025-01-06,West,Paid Social
C02049,2025-06-09,North,Paid Social
C02050,2025-04-06,West,Organic Search
C02051,2024-04-30,North,Organic Search
C02052,2024-07-30,South,Paid Social
C02053,2024-09-09,East,Marketplace
C02054,2025-10-25,North,Paid Social
C02055,2025-05-15,West,Paid Social
C02056,2024-09-13,North,Email
C02057,2025-05-29,East,Organic Search
C02058,2025-05-31,East,Organic Search
C02059,2024-10-02,East,Marketplace
C02060,2024-10-09,North,Organic Search
C02061,2025-09-18,North,Paid Social
C02062,2025-01-28,North,Referral
C02063,2024-04-14,South,Organic Search
C02064,2025-05-18,North,Organic Search
C02065,2025-02-16,West,Organic Search
C02066,2024-12-22,East,Paid Social
C02067,2025-05-22,East,Marketplace
C02068,2025-09-26,South,Paid Social
C02069,2024-08-19,North,Paid Social
C02070,2024-10-20,East,Paid Social
C02071,2024-05-12,South,Marketplace
C02072,2025-03-28,South,Organic Search
C02073,2024-10-08,South,Marketplace
C02074,2024-08-27,East,Paid Social
C02075,2025-05-02,West,Marketplace
C02076,2024-10-12,North,Paid Social
C02077,2024-11-21,South,Organic Search
C02078,2024-11-04,North,Paid Social
C02079,2024-06-29,South,Organic Search
C02080,2024-03-29,East,Email
C02081,2025-08-02,North,Referral
C02082,2024-03-05,East,Email
C02083,2024-08-15,South,Organic Search
C02084,2025-04-12,North,Email
C02085,2024-04-01,West,Paid Social
C02086,2025-04-03,South,Marketplace
C02087,2025-05-28,East,Email
C02088,2025-04-09,South,Referral
C02089,2024-08-01,West,Marketplace
C02090,2024-01-14,South,Referral
C02091,2025-09-13,South,Referral
C02092,2024-08-16,East,Organic Search
C02093,2025-07-17,South,Email
C02094,2024-05-18,South,Paid Social
C02095,2024-04-23,West,Organic Search
C02096,2025-06-28,East,Email
C02097,2025-10-19,East,Organic Search
C02098,2025-08-25,East,Email
C02099,2025-06-09,West,Organic Search
C02100,2024-06-21,West,Paid Social
C02101,2025-10-01,East,Marketplace
C02102,2025-04-12,South,Organic Search
C02103,2024-04-30,North,Referral
C02104,2024-03-31,East,Referral
C02105,2025-09-01,West,Marketplace
C02106,2024-07-11,South,Organic Search
C02107,2025-06-20,North,Email
C02108,2024-04-07,South,Paid Social
C02109,2024-07-15,East,Paid Social
C02110,2024-07-17,West,Paid Social
C02111,2024-07-15,North,Paid Social
C02112,2025-04-17,East,Paid Social
C02113,2025-10-02,East,Organic Search
C02114,2025-09-29,West,Paid Social
C02115,2025-06-03,North,Referral
C02116,2024-05-21,West,Paid Social
C02117,2025-11-03,East,Organic Search
C02118,2025-01-14,East,Paid Social
C02119,2025-01-17,North,Paid Social
C02120,2025-05-05,East,Referral
C02121,2025-06-22,East,Marketplace
C02122,2025-10-29,South,Referral
C02123,2025-02-11,South,Email
C02124,2025-03-03,East,Organic Search
C02125,2025-06-05,East,Marketplace
C02126,2024-06-27,North,Paid Social
C02127,2024-08-03,South,Paid Social
C02128,2025-03-13,North,Organic Search
C02129,2024-02-14,West,Organic Search
C02130,2024-08-12,West,Email
C02131,2025-05-17,South,Organic Search
C02132,2025-11-14,North,Organic Search
C02133,2024-12-29,North,Organic Search
C02134,2024-10-06,South,Marketplace
C02135,2024-11-04,West,Email
C02136,2025-04-24,East,Marketplace
C02137,2025-01-16,North,Marketplace
C02138,2024-01-17,North,Marketplace
C02139,2025-01-12,North,Paid Social
C02140,2024-10-07,West,Organic Search
C02141,2025-05-05,East,Paid Social
C02142,2025-09-04,East,Organic Search
C02143,2025-11-04,South,Email
C02144,2025-03-03,West,Organic Search
C02145,2024-09-10,South,Organic Search
C02146,2024-11-06,West,Email
C02147,2024-05-03,West,Organic Search
C02148,2025-10-17,South,Organic Search
C02149,2025-08-16,West,Organic Search
C02150,2025-08-20,North,Email
C02151,2024-08-17,East,Organic Search
C02152,2024-08-13,North,Organic Search
C02153,2025-08-22,South,Organic Search
C02154,2025-01-16,North,Email
C02155,2025-05-08,North,Organic Search
C02156,2024-12-08,North,Organic Search
C02157,2024-11-05,South,Marketplace
C02158,2025-03-18,East,Marketplace
C02159,2025-07-23,South,Organic Search
C02160,2024-08-21,South,Organic Search
C02161,2025-07-20,West,Organic Search
C02162,2024-06-19,West,Email
C02163,2024-10-08,North,Organic Search
C02164,2025-09-30,South,Marketplace
C02165,2025-10-30,East,Marketplace
C02166,2025-10-08,East,Referral
C02167,2024-08-09,South,Organic Search
C02168,2025-08-13,East,Marketplace
C02169,2025-10-17,North,Email
C02170,2025-11-15,South,Email
C02171,2024-01-15,East,Organic Search
C02172,2025-06-05,East,Email
C02173,2025-11-28,West,Email
C02174,2025-06-19,North,Marketplace
C02175,2024-06-12,North,Referral
C02176,2025-06-17,North,Paid Social
C02177,2024-03-14,North,Paid Social
C02178,2024-12-02,North,Email
C02179,2025-03-14,East,Marketplace
C02180,2024-11-15,East,Referral
C02181,2025-05-04,East,Organic Search
C02182,2024-06-17,South,Organic Search
C02183,2025-02-28,North,Referral
C02184,2025-03-27,East,Marketplace
C02185,2025-03-19,North,Organic Search
C02186,2024-07-21,West,Paid Social
C02187,2024-08-01,North,Marketplace
C02188,2024-06-29,East,Paid Social
C02189,2024-11-19,West,Organic Search
C02190,2025-02-14,East,Paid Social
C02191,2024-09-10,East,Paid Social
C02192,2024-10-13,East,Organic Search
C02193,2024-07-19,North,Referral
C02194,2024-06-02,East,Referral
C02195,2025-04-05,West,Referral
C02196,2025-07-25,West,Referral
C02197,2024-07-22,South,Organic Search
C02198,2025-08-25,South,Organic Search
C02199,2025-02-03,East,Organic Search
C02200,2024-04-27,East,Organic Search
C02201,2024-09-13,North,Email
C02202,2024-01-06,North,Organic Search
C02203,2024-01-28,North,Referral
C02204,2024-08-23,South,Organic Search
C02205,2024-11-14,North,Organic Search
C02206,2025-07-12,North,Organic Search
C02207,2024-04-04,North,Paid Social
C02208,2025-08-10,West,Referral
C02209,2024-06-13,North,Email
C02210,2024-04-06,North,Organic Search
C02211,2025-05-04,South,Referral
C02212,2025-06-26,North,Email
C02213,2025-02-27,West,Paid Social
C02214,2024-03-21,West,Organic Search
C02215,2024-03-21,South,Organic Search
C02216,2024-09-30,South,Organic Search
C02217,2024-11-11,South,Marketplace
C02218,2025-11-30,North,Paid Social
C02219,2024-07-19,South,Paid Social
C02220,2024-05-14,North,Email
C02221,2025-10-24,North,Paid Social
C02222,2024-04-17,East,Referral
C02223,2024-01-19,North,Organic Search
C02224,2024-10-22,North,Paid Social
C02225,2024-10-07,South,Organic Search
C02226,2025-03-09,South,Organic Search
C02227,2025-09-06,North,Organic Search
C02228,2025-10-15,North,Email
C02229,2024-07-21,North,Email
C02230,2025-11-17,North,Email
C02231,2025-03-18,West,Organic Search
C02232,2024-02-18,West,Marketplace
C02233,2025-10-18,South,Organic Search
C02234,2024-04-06,South,Marketplace
C02235,2025-02-16,East,Email
C02236,2025-07-07,East,Referral
C02237,2024-06-23,North,Paid Social
C02238,2024-07-08,North,Email
C02239,2024-11-29,South,Email
C02240,2025-09-11,East,Organic Search
C02241,2024-06-05,North,Email
C02242,2025-04-09,South,Organic Search
C02243,2024-11-12,South,Paid Social
C02244,2024-03-19,North,Referral
C02245,2025-05-12,South,Marketplace
C02246,2025-08-05,East,Paid Social
C02247,2025-02-06,East,Organic Search
C02248,2024-05-03,North,Paid Social
C02249,2024-04-19,North,Organic Search
C02250,2024-10-23,West,Paid Social
C02251,2024-12-20,South,Paid Social
C02252,2025-01-21,North,Email
C02253,2024-06-19,North,Organic Search
C02254,2024-12-16,West,Organic Search
C02255,2024-07-25,East,Paid Social
C02256,2025-04-25,West,Organic Search
C02257,2025-07-11,East,Organic Search
C02258,2025-04-01,South,Paid Social
C02259,2024-01-01,South,Paid Social
C02260,2025-11-25,North,Organic Search
C02261,2024-01-17,East,Referral
C02262,2025-11-30,East,Marketplace
C02263,2024-01-23,North,Paid Social
C02264,2024-12-27,West,Organic Search
C02265,2024-03-15,South,Organic Search
C02266,2024-03-07,North,Organic Search
C02267,2025-04-23,South,Referral
C02268,2025-05-24,West,Email
C02269,2024-03-23,West,Organic Search
C02270,2025-11-14,South,Organic Search
C02271,2024-08-12,West,Paid Social
C02272,2024-08-10,West,Paid Social
C02273,2024-07-26,West,Marketplace
C02274,2024-11-18,West,Organic Search
C02275,2024-05-04,South,Organic Search
C02276,2024-10-24,East,Paid Social
C02277,2024-05-26,East,Organic Search
C02278,2024-02-05,East,Organic Search
C02279,2024-09-15,North,Paid Social
C02280,2025-04-15,East,Paid Social
C02281,2025-06-18,West,Organic Search
C02282,2024-09-04,South,Referral
C02283,2024-08-14,West,Paid Social
C02284,2025-07-05,South,Organic Search
C02285,2025-04-21,North,Marketplace
C02286,2025-08-05,North,Organic Search
C02287,2025-09-26,East,Marketplace
C02288,2025-07-28,East,Marketplace
C02289,2025-10-17,South,Paid Social
C02290,2024-10-18,East,Organic Search
C02291,2024-10-03,South,Marketplace
C02292,2024-08-13,South,Paid Social
C02293,2024-06-13,West,Organic Search
C02294,2025-06-08,East,Referral
C02295,2025-05-15,East,Paid Social
C02296,2025-07-14,East,Marketplace
C02297,2024-04-27,West,Email
C02298,2024-12-09,North,Marketplace
C02299,2024-06-04,North,Email
C02300,2025-09-17,North,Referral
C02301,2024-07-06,East,Paid Social
C02302,2024-04-10,East,Marketplace
C02303,2025-02-02,East,Marketplace
C02304,2025-09-07,South,Marketplace
C02305,2025-10-03,North,Email
C02306,2024-03-08,East,Referral
C02307,2024-08-16,West,Organic Search
C02308,2024-04-17,South,Marketplace
C02309,2024-08-03,North,Organic Search
C02310,2025-01-08,South,Organic Search
C02311,2024-07-15,South,Paid Social
C02312,2024-02-17,North,Referral
C02313,2024-12-23,South,Referral
C02314,2024-02-06,East,Organic Search
C02315,2024-06-07,South,Organic Search
C02316,2024-01-01,South,Organic Search
C02317,2024-03-01,North,Paid Social
C02318,2024-11-01,West,Organic Search
C02319,2025-08-18,South,Email
C02320,2025-06-26,South,Organic Search
C02321,2024-03-10,North,Paid Social
C02322,2024-01-25,East,Paid Social
C02323,2024-08-24,West,Paid Social
C02324,2025-04-01,North,Marketplace
C02325,2025-06-06,North,Organic Search
C02326,2025-07-30,North,Paid Social
C02327,2024-08-27,East,Email
C02328,2024-04-27,West,Organic Search
C02329,2024-01-19,South,Marketplace
C02330,2024-04-12,South,Marketplace
C02331,2024-02-15,East,Referral
C02332,2025-08-25,East,Marketplace
C02333,2024-07-06,North,Paid Social
C02334,2025-07-30,North,Paid Social
C02335,2025-01-22,South,Organic Search
C02336,2025-01-12,East,Organic Search
C02337,2024-11-14,East,Organic Search
C02338,2025-07-27,East,Paid Social
C02339,2024-01-31,West,Paid Social
C02340,2024-03-05,North,Organic Search
C02341,2024-10-23,South,Referral
C02342,2024-10-03,North,Organic Search
C02343,2025-01-16,West,Paid Social
C02344,2025-05-31,East,Organic Search
C02345,2025-02-15,South,Email
C02346,2024-06-29,North,Paid Social
C02347,2024-08-17,East,Email
C02348,2025-06-10,East,Organic Search
C02349,2024-05-21,East,Paid Social
C02350,2024-12-18,North,Marketplace
C02351,2025-01-12,West,Organic Search
C02352,2025-06-09,East,Paid Social
C02353,2025-05-15,East,Organic Search
C02354,2024-11-21,East,Organic Search
C02355,2024-08-04,West,Paid Social
C02356,2024-09-14,West,Organic Search
C02357,2024-10-15,East,Paid Social
C02358,2024-06-02,South,Marketplace
C02359,2025-03-13,South,Organic Search
C02360,2024-05-25,West,Organic Search
C02361,2025-03-30,East,Marketplace
C02362,2025-06-10,North,Paid Social
C02363,2025-11-04,North,Marketplace
C02364,2024-03-24,West,Paid Social
C02365,2025-06-15,West,Referral
C02366,2024-03-01,West,Marketplace
C02367,2024-08-24,South,Organic Search
C02368,2024-05-03,East,Email
C02369,2024-04-23,West,Referral
C02370,2024-05-02,South,Email
C02371,2024-01-31,North,Organic Search
C02372,2025-07-30,West,Paid Social
C02373,2024-02-12,North,Organic Search
C02374,2024-10-05,East,Marketplace
C02375,2025-05-04,East,Organic Search
C02376,2025-11-24,East,Organic Search
C02377,2025-08-20,North,Marketplace
C02378,2024-04-06,East,Paid Social
C02379,2025-11-22,North,Referral
C02380,2025-04-02,West,Organic Search
C02381,2024-05-05,North,Referral
C02382,2024-11-10,East,Organic Search
C02383,2025-10-04,East,Paid Social
C02384,2024-10-02,North,Paid Social
C02385,2024-05-08,North,Paid Social
C02386,2025-09-04,East,Organic Search
C02387,2025-10-29,North,Organic Search
C02388,2025-11-13,North,Email
C02389,2025-10-30,South,Organic Search
C02390,2025-09-03,West,Organic Search
C02391,2024-11-14,East,Paid Social
C02392,2024-05-14,South,Paid Social
C02393,2025-03-08,West,Email
C02394,2024-06-03,South,Paid Social
C02395,2024-11-27,South,Marketplace
C02396,2025-04-04,South,Email
C02397,2025-10-24,South,Marketplace
C02398,2024-07-21,South,Email
C02399,2024-06-25,East,Organic Search
C02400,2025-05-29,North,Marketplace
C02401,2024-01-05,East,Email
C02402,2025-01-31,North,Referral
C02403,2025-06-06,South,Organic Search
C02404,2025-01-20,North,Organic Search
C02405,2024-09-25,East,Referral
C02406,2025-08-02,East,Paid Social
C02407,2024-09-16,South,Email
C02408,2025-05-12,North,Paid Social
C02409,2024-11-20,North,Paid Social
C02410,2024-01-19,West,Organic Search
C02411,2025-01-06,North,Organic Search
C02412,2024-02-04,East,Organic Search
C02413,2025-10-13,South,Email
C02414,2025-02-25,North,Referral
C02415,2024-09-17,East,Marketplace
C02416,2024-12-06,South,Email
C02417,2025-03-09,North,Email
C02418,2024-07-01,West,Paid Social
C02419,2024-07-20,North,Email
C02420,2024-10-20,South,Marketplace
C02421,2024-06-30,South,Email
C02422,2025-06-14,South,Organic Search
C02423,2024-03-13,East,Referral
C02424,2025-08-01,North,Organic Search
C02425,2024-08-31,West,Organic Search
C02426,2025-01-27,East,Email
C02427,2024-04-20,West,Marketplace
C02428,2024-09-26,West,Organic Search
C02429,2025-06-12,West,Organic Search
C02430,2024-07-08,East,Marketplace
C02431,2024-04-02,South,Organic Search
C02432,2024-12-31,South,Organic Search
C02433,2024-04-23,East,Email
C02434,2024-08-08,South,Marketplace
C02435,2024-11-11,East,Paid Social
C02436,2025-01-29,North,Paid Social
C02437,2025-03-23,West,Paid Social
C02438,2025-04-18,North,Organic Search
C02439,2025-08-14,West,Email
C02440,2024-02-16,North,Marketplace
C02441,2024-09-10,North,Paid Social
C02442,2024-01-01,West,Organic Search
C02443,2024-01-07,West,Organic Search
C02444,2024-05-28,East,Organic Search
C02445,2025-02-22,West,Organic Search
C02446,2025-09-18,North,Organic Search
C02447,2025-06-25,West,Email
C02448,2025-03-28,South,Organic Search
C02449,2025-06-28,East,Email
C02450,2024-04-30,South,Paid Social
C02451,2025-08-10,North,Marketplace
C02452,2025-09-15,East,Marketplace
C02453,2024-03-07,East,Paid Social
C02454,2024-11-24,North,Organic Search
C02455,2025-08-04,West,Email
C02456,2024-11-29,East,Organic Search
C02457,2025-08-11,North,Organic Search
C02458,2025-10-16,East,Organic Search
C02459,2024-11-28,North,Marketplace
C02460,2024-02-11,North,Organic Search
C02461,2024-08-26,East,Paid Social
C02462,2024-05-30,North,Paid Social
C02463,2024-11-27,North,Referral
C02464,2025-02-14,East,Organic Search
C02465,2024-11-20,North,Marketplace
C02466,2024-05-16,West,Email
C02467,2024-07-29,East,Paid Social
C02468,2025-04-20,North,Paid Social
C02469,2024-01-19,East,Email
C02470,2024-05-29,North,Email
C02471,2025-09-16,East,Paid Social
C02472,2024-03-10,North,Paid Social
C02473,2024-10-17,West,Organic Search
C02474,2024-05-24,North,Organic Search
C02475,2024-03-14,East,Organic Search
C02476,2024-10-22,North,Organic Search
C02477,2024-12-31,North,Organic Search
C02478,2024-05-03,South,Marketplace
C02479,2024-02-24,East,Email
C02480,2024-04-04,West,Marketplace
C02481,2025-04-01,North,Referral
C02482,2025-08-25,North,Referral
C02483,2024-05-06,South,Organic Search
C02484,2024-08-12,South,Email
C02485,2024-08-28,West,Organic Search
C02486,2024-09-09,West,Paid Social
C02487,2024-06-20,West,Marketplace
C02488,2024-02-08,North,Marketplace
C02489,2025-01-02,South,Organic Search
C02490,2024-09-07,East,Email
C02491,2024-08-27,South,Organic Search
C02492,2024-07-04,East,Organic Search
C02493,2025-10-12,North,Organic Search
C02494,2025-03-03,South,Organic Search
C02495,2024-10-20,West,Email
C02496,2024-05-23,North,Paid Social
C02497,2025-07-14,West,Organic Search
C02498,2025-09-13,South,Marketplace
C02499,2024-01-23,North,Paid Social
C02500,2025-10-12,North,Paid Social
C02501,2025-05-04,North,Paid Social
C02502,2024-03-10,East,Paid Social
C02503,2025-06-11,North,Paid Social
C02504,2024-03-16,East,Referral
C02505,2024-02-05,West,Marketplace
C02506,2024-03-21,South,Paid Social
C02507,2024-11-17,North,Paid Social
C02508,2025-03-09,South,Organic Search
C02509,2024-10-12,East,Marketplace
C02510,2024-03-26,East,Paid Social
C02511,2024-05-19,North,Organic Search
C02512,2025-08-19,East,Marketplace
C02513,2025-11-04,South,Referral
C02514,2025-06-11,South,Organic Search
C02515,2024-03-13,North,Organic Search
C02516,2025-07-27,West,Paid Social
C02517,2025-04-29,North,Marketplace
C02518,2025-01-03,North,Paid Social
C02519,2024-04-10,North,Organic Search
C02520,2025-11-28,East,Referral
C02521,2024-11-05,South,Paid Social
C02522,2024-01-31,North,Organic Search
C02523,2024-05-26,South,Marketplace
C02524,2024-10-07,East,Organic Search
C02525,2024-02-13,South,Marketplace
C02526,2024-08-14,West,Email
C02527,2024-11-23,South,Organic Search
C02528,2025-10-26,North,Email
C02529,2024-03-01,West,Email
C02530,2025-02-07,West,Referral
C02531,2025-10-03,South,Referral
C02532,2025-07-18,West,Organic Search
C02533,2025-10-09,East,Organic Search
C02534,2024-04-29,South,Email
C02535,2025-07-14,West,Organic Search
C02536,2025-11-16,East,Organic Search
C02537,2024-08-16,South,Paid Social
C02538,2024-12-15,East,Organic Search
C02539,2025-01-06,South,Email
C02540,2024-12-11,North,Email
C02541,2024-07-21,West,Marketplace
C02542,2025-11-10,East,Organic Search
C02543,2025-10-31,East,Paid Social
C02544,2024-09-23,East,Marketplace
C02545,2025-07-17,East,Paid Social
C02546,2024-10-05,South,Email
C02547,2025-07-10,West,Referral
C02548,2025-02-13,East,Paid Social
C02549,2024-11-25,East,Organic Search
C02550,2024-03-30,South,Referral
C02551,2025-04-03,South,Organic Search
C02552,2024-08-12,North,Marketplace
C02553,2024-05-31,South,Referral
C02554,2024-05-15,North,Organic Search
C02555,2025-11-18,East,Email
C02556,2024-03-13,West,Paid Social
C02557,2025-07-12,South,Organic Search
C02558,2025-08-29,South,Marketplace
C02559,2024-01-22,East,Email
C02560,2025-02-16,North,Referral
C02561,2025-02-08,West,Marketplace
C02562,2024-09-08,South,Paid Social
C02563,2025-04-11,North,Paid Social
C02564,2024-10-13,North,Organic Search
C02565,2024-11-03,West,Organic Search
C02566,2024-10-29,North,Paid Social
C02567,2025-07-14,East,Paid Social
C02568,2025-03-19,North,Email
C02569,2024-09-22,North,Paid Social
C02570,2025-10-10,West,Referral
C02571,2025-07-15,North,Marketplace
C02572,2025-10-14,North,Marketplace
C02573,2025-05-26,East,Paid Social
C02574,2024-10-01,West,Marketplace
C02575,2025-06-25,South,Email
C02576,2024-08-18,North,Organic Search
C02577,2024-07-08,West,Paid Social
C02578,2024-11-11,East,Organic Search
C02579,2025-11-09,West,Referral
C02580,2025-02-01,East,Referral
C02581,2024-09-25,East,Paid Social
C02582,2024-11-19,South,Email
C02583,2024-07-22,South,Paid Social
C02584,2025-04-06,East,Paid Social
C02585,2024-09-02,East,Marketplace
C02586,2025-01-23,West,Marketplace
C02587,2024-09-15,East,Email
C02588,2024-08-12,South,Organic Search
C02589,2025-11-10,South,Organic Search
C02590,2024-08-30,East,Organic Search
C02591,2024-02-19,South,Paid Social
C02592,2024-09-22,East,Organic Search
C02593,2025-01-07,East,Marketplace
C02594,2024-03-07,North,Email
C02595,2024-08-01,East,Paid Social
C02596,2024-04-26,East,Organic Search
C02597,2024-12-16,West,Paid Social
C02598,2025-05-21,South,Paid Social
C02599,2025-11-08,East,Email
C02600,2024-09-29,South,Organic Search
C02601,2025-08-27,East,Marketplace
C02602,2024-05-30,North,Organic Search
C02603,2025-06-30,West,Organic Search
C02604,2025-01-28,West,Marketplace
C02605,2025-06-14,East,Organic Search
C02606,2025-06-12,East,Organic Search
C02607,2025-01-07,North,Referral
C02608,2024-06-29,East,Paid Social
C02609,2025-01-03,South,Organic Search
C02610,2025-08-01,East,Organic Search
C02611,2025-11-10,North,Organic Search
C02612,2025-10-11,East,Paid Social
C02613,2024-05-07,South,Organic Search
C02614,2025-02-22,East,Email
C02615,2024-03-14,East,Marketplace
C02616,2025-04-13,North,Organic Search
C02617,2025-11-25,South,Paid Social
C02618,2024-02-06,West,Organic Search
C02619,2025-04-04,East,Organic Search
C02620,2025-10-23,North,Organic Search
C02621,2025-08-16,South,Email
C02622,2024-10-01,South,Paid Social
C02623,2024-03-13,East,Paid Social
C02624,2025-10-08,East,Email
C02625,2025-10-06,North,Marketplace
C02626,2025-02-09,East,Paid Social
C02627,2025-11-16,East,Organic Search
C02628,2024-01-04,East,Marketplace
C02629,2025-03-07,North,Paid Social
C02630,2024-01-27,South,Email
C02631,2025-10-16,South,Email
C02632,2025-04-21,North,Paid Social
C02633,2025-10-01,South,Organic Search
C02634,2025-01-28,North,Organic Search
C02635,2024-02-28,North,Paid Social
C02636,2024-01-19,East,Paid Social
C02637,2024-08-22,North,Email
C02638,2025-06-04,East,Email
C02639,2024-04-15,North,Marketplace
C02640,2025-08-19,East,Marketplace
C02641,2024-06-16,South,Email
C02642,2024-12-13,East,Organic Search
C02643,2024-05-22,East,Paid Social
C02644,2024-11-22,South,Referral
C02645,2024-11-12,East,Referral
C02646,2024-01-04,North,Organic Search
C02647,2025-02-01,East,Referral
C02648,2025-07-04,North,Paid Social
C02649,2025-10-17,South,Paid Social
C02650,2024-08-19,North,Marketplace
C02651,2025-09-08,West,Paid Social
C02652,2025-09-07,South,Paid Social
C02653,2025-11-22,East,Referral
C02654,2024-09-18,South,Referral
C02655,2025-08-18,South,Organic Search
C02656,2025-01-30,North,Referral
C02657,2024-02-10,West,Paid Social
C02658,2024-07-08,East,Referral
C02659,2025-04-15,North,Organic Search
C02660,2024-04-22,East,Marketplace
C02661,2024-10-31,South,Email
C02662,2025-06-26,North,Paid Social
C02663,2024-04-14,East,Paid Social
C02664,2024-12-13,North,Paid Social
C02665,2024-05-30,North,Email
C02666,2025-01-10,East,Referral
C02667,2024-06-17,North,Email
C02668,2025-11-06,West,Marketplace
C02669,2024-02-23,East,Paid Social
C02670,2025-11-05,West,Referral
C02671,2025-07-08,East,Paid Social
C02672,2025-08-21,West,Referral
C02673,2025-08-19,South,Paid Social
C02674,2024-05-11,East,Email
C02675,2025-10-13,East,Organic Search
C02676,2025-02-19,West,Organic Search
C02677,2025-11-04,North,Organic Search
C02678,2025-09-06,East,Marketplace
C02679,2025-02-09,East,Paid Social
C02680,2024-09-19,South,Paid Social
C02681,2024-03-23,West,Paid Social
C02682,2024-03-11,South,Paid Social
C02683,2024-09-29,North,Marketplace
C02684,2025-07-21,East,Marketplace
C02685,2024-12-19,South,Marketplace
C02686,2024-12-03,North,Marketplace
C02687,2024-06-20,North,Organic Search
C02688,2025-01-30,North,Organic Search
C02689,2025-03-22,East,Referral
C02690,2025-11-18,West,Referral
C02691,2025-05-25,East,Organic Search
C02692,2025-03-01,North,Email
C02693,2025-09-29,East,Organic Search
C02694,2024-10-24,West,Organic Search
C02695,2025-10-16,East,Paid Social
C02696,2024-09-15,South,Marketplace
C02697,2024-03-30,North,Email
C02698,2024-10-19,West,Paid Social
C02699,2024-03-31,West,Email
C02700,2024-03-23,North,Email
C02701,2025-09-08,West,Paid Social
C02702,2025-07-10,North,Email
C02703,2024-06-03,North,Organic Search
C02704,2025-08-09,East,Paid Social
C02705,2024-02-18,East,Organic Search
C02706,2024-07-18,South,Paid Social
C02707,2025-05-09,West,Paid Social
C02708,2024-07-31,West,Organic Search
C02709,2025-05-26,North,Paid Social
C02710,2025-09-04,East,Referral
C02711,2024-02-16,East,Referral
C02712,2024-01-17,East,Organic Search
C02713,2025-10-20,West,Organic Search
C02714,2024-12-30,East,Paid Social
C02715,2024-12-20,North,Marketplace
C02716,2024-11-20,North,Marketplace
C02717,2024-10-30,West,Paid Social
C02718,2025-04-28,West,Email
C02719,2025-02-09,North,Referral
C02720,2024-04-24,North,Marketplace
C02721,2025-03-14,East,Organic Search
C02722,2025-04-12,North,Paid Social
C02723,2024-03-20,North,Referral
C02724,2024-09-20,West,Paid Social
C02725,2025-07-07,West,Organic Search
C02726,2025-03-09,West,Organic Search
C02727,2024-04-05,East,Paid Social
C02728,2024-01-29,South,Email
C02729,2025-02-10,West,Email
C02730,2024-11-19,South,Organic Search
C02731,2025-11-03,North,Marketplace
C02732,2024-12-31,West,Paid Social
C02733,2025-10-14,East,Marketplace
C02734,2024-05-30,West,Organic Search
C02735,2024-11-09,North,Marketplace
C02736,2024-04-07,West,Marketplace
C02737,2025-02-05,East,Marketplace
C02738,2024-05-11,East,Email
C02739,2024-12-10,West,Paid Social
C02740,2024-08-28,South,Email
C02741,2024-05-10,East,Referral
C02742,2024-03-08,East,Paid Social
C02743,2024-12-24,East,Marketplace
C02744,2025-10-25,West,Organic Search
C02745,2024-05-19,East,Paid Social
C02746,2024-10-10,North,Marketplace
C02747,2024-06-06,North,Organic Search
C02748,2025-07-20,West,Organic Search
C02749,2024-10-17,West,Paid Social
C02750,2025-11-13,West,Email
C02751,2024-06-20,North,Marketplace
C02752,2024-02-26,South,Organic Search
C02753,2025-02-11,East,Referral
C02754,2025-04-01,East,Referral
C02755,2025-11-24,North,Referral
C02756,2025-09-01,East,Email
C02757,2025-09-10,North,Marketplace
C02758,2025-03-19,South,Paid Social
C02759,2024-09-08,North,Organic Search
C02760,2024-10-27,North,Referral
C02761,2024-04-03,North,Paid Social
C02762,2024-10-28,West,Paid Social
C02763,2024-09-12,East,Organic Search
C02764,2024-01-26,West,Organic Search
C02765,2024-05-23,South,Marketplace
C02766,2025-01-09,South,Organic Search
C02767,2024-09-15,South,Referral
C02768,2025-11-26,East,Email
C02769,2024-11-30,South,Organic Search
C02770,2025-11-02,East,Organic Search
C02771,2025-04-07,West,Paid Social
C02772,2024-01-29,West,Paid Social
C02773,2024-05-22,North,Paid Social
C02774,2025-05-09,East,Referral
C02775,2025-01-16,North,Organic Search
C02776,2024-07-30,North,Organic Search
C02777,2024-12-31,East,Organic Search
C02778,2025-09-24,East,Paid Social
C02779,2024-09-29,East,Paid Social
C02780,2024-02-01,North,Marketplace
C02781,2024-08-05,West,Organic Search
C02782,2025-10-17,West,Paid Social
C02783,2025-06-17,South,Referral
C02784,2025-08-09,West,Email
C02785,2025-09-30,North,Referral
C02786,2024-03-23,East,Organic Search
C02787,2024-07-16,West,Referral
C02788,2024-02-11,West,Paid Social
C02789,2024-01-04,West,Email
C02790,2025-08-07,South,Organic Search
C02791,2025-10-17,West,Email
C02792,2024-04-19,East,Referral
C02793,2025-05-20,North,Referral
C02794,2025-01-09,North,Organic Search
C02795,2024-02-18,East,Referral
C02796,2025-10-03,East,Email
C02797,2025-09-01,East,Paid Social
C02798,2025-02-01,West,Paid Social
C02799,2025-05-10,East,Organic Search
C02800,2024-10-05,South,Organic Search
C02801,2025-07-08,South,Email
C02802,2024-11-07,East,Paid Social
C02803,2025-11-23,East,Email
C02804,2024-02-14,East,Email
C02805,2024-04-30,East,Email
C02806,2025-11-09,East,Email
C02807,2024-07-21,East,Referral
C02808,2024-08-05,West,Paid Social
C02809,2025-07-07,North,Organic Search
C02810,2024-05-12,East,Marketplace
C02811,2024-12-25,East,Marketplace
C02812,2024-07-19,North,Paid Social
C02813,2024-05-18,East,Marketplace
C02814,2025-11-06,East,Marketplace
C02815,2024-05-19,East,Paid Social
C02816,2024-03-07,East,Email
C02817,2025-04-16,South,Referral
C02818,2025-08-30,North,Organic Search
C02819,2024-03-30,South,Organic Search
C02820,2025-05-10,South,Paid Social
C02821,2025-01-13,East,Email
C02822,2025-08-04,West,Paid Social
C02823,2024-03-29,East,Email
C02824,2025-11-14,North,Referral
C02825,2025-03-09,South,Email
C02826,2025-08-12,North,Organic Search
C02827,2024-09-10,East,Paid Social
C02828,2025-10-22,North,Organic Search
C02829,2025-03-14,East,Organic Search
C02830,2024-03-29,East,Organic Search
C02831,2025-10-08,East,Organic Search
C02832,2025-07-11,South,Organic Search
C02833,2024-07-29,South,Referral
C02834,2025-01-16,East,Paid Social
C02835,2024-09-28,East,Organic Search
C02836,2025-01-15,North,Marketplace
C02837,2025-11-06,West,Paid Social
C02838,2025-09-21,East,Marketplace
C02839,2024-05-30,South,Referral
C02840,2025-11-11,North,Organic Search
C02841,2024-11-02,South,Marketplace
C02842,2025-05-08,South,Marketplace
C02843,2025-06-18,North,Referral
C02844,2024-12-04,East,Paid Social
C02845,2024-11-15,South,Paid Social
C02846,2024-11-15,West,Paid Social
C02847,2025-08-26,West,Email
C02848,2024-09-27,North,Paid Social
C02849,2024-07-14,North,Organic Search
C02850,2024-09-10,East,Organic Search
C02851,2024-05-16,West,Organic Search
C02852,2024-10-01,West,Organic Search
C02853,2024-03-20,North,Paid Social
C02854,2024-03-03,North,Marketplace
C02855,2025-05-21,North,Organic Search
C02856,2024-02-24,West,Paid Social
C02857,2025-02-01,East,Organic Search
C02858,2025-06-29,East,Paid Social
C02859,2025-05-22,East,Referral
C02860,2024-11-08,North,Paid Social
C02861,2024-05-15,East,Marketplace
C02862,2025-10-13,North,Marketplace
C02863,2025-08-07,East,Marketplace
C02864,2025-03-04,East,Email
C02865,2024-03-01,East,Paid Social
C02866,2024-01-25,South,Referral
C02867,2024-08-08,West,Paid Social
C02868,2024-04-20,East,Email
C02869,2025-08-25,North,Organic Search
C02870,2024-05-24,North,Organic Search
C02871,2024-07-16,East,Organic Search
C02872,2025-11-14,South,Referral
C02873,2025-07-26,North,Email
C02874,2024-06-02,North,Organic Search
C02875,2024-09-25,North,Paid Social
C02876,2024-12-27,South,Paid Social
C02877,2025-04-09,East,Email
C02878,2025-10-17,North,Organic Search
C02879,2025-09-01,East,Organic Search
C02880,2025-11-15,South,Referral
C02881,2024-01-29,South,Referral
C02882,2024-06-14,North,Marketplace
C02883,2025-01-29,East,Referral
C02884,2024-02-04,West,Marketplace
C02885,2024-09-05,South,Paid Social
C02886,2024-04-17,North,Paid Social
C02887,2025-10-15,North,Marketplace
C02888,2024-02-14,North,Organic Search
C02889,2024-04-13,West,Email
C02890,2024-05-16,North,Organic Search
C02891,2024-04-14,West,Paid Social
C02892,2025-02-01,East,Organic Search
C02893,2024-09-12,East,Referral
C02894,2025-09-30,West,Email
C02895,2024-07-01,North,Organic Search
C02896,2025-01-11,East,Organic Search
C02897,2025-04-07,North,Paid Social
C02898,2025-03-14,West,Organic Search
C02899,2025-07-11,East,Paid Social
C02900,2024-05-21,North,Marketplace
C02901,2024-12-21,West,Organic Search
C02902,2025-07-14,North,Paid Social
C02903,2025-08-27,North,Paid Social
C02904,2025-03-08,East,Organic Search
C02905,2025-04-01,South,Organic Search
C02906,2025-08-27,West,Email
C02907,2025-03-13,East,Referral
C02908,2025-10-26,East,Email
C02909,2024-03-30,South,Paid Social
C02910,2024-08-31,North,Referral
C02911,2024-03-19,West,Marketplace
C02912,2024-03-04,North,Marketplace
C02913,2024-11-26,East,Marketplace
C02914,2024-06-07,North,Organic Search
C02915,2024-10-12,North,Marketplace
C02916,2024-11-02,East,Email
C02917,2025-03-10,East,Email
C02918,2025-10-23,East,Referral
C02919,2025-08-17,West,Marketplace
C02920,2024-09-21,South,Paid Social
C02921,2024-08-15,South,Email
C02922,2025-06-23,North,Email
C02923,2024-03-27,East,Email
C02924,2025-01-13,South,Email
C02925,2024-10-23,East,Organic Search
C02926,2024-05-07,North,Paid Social
C02927,2025-03-07,West,Paid Social
C02928,2024-08-12,West,Email
C02929,2024-05-09,West,Email
C02930,2025-04-02,North,Marketplace
C02931,2024-05-01,West,Email
C02932,2025-04-15,North,Referral
C02933,2024-04-23,South,Organic Search
C02934,2024-10-31,North,Referral
C02935,2025-07-19,North,Marketplace
C02936,2024-06-09,East,Referral
C02937,2025-06-21,North,Marketplace
C02938,2025-05-20,South,Marketplace
C02939,2025-09-23,East,Paid Social
C02940,2024-04-28,West,Email
C02941,2025-05-15,East,Paid Social
C02942,2025-10-17,East,Paid Social
C02943,2025-06-18,North,Organic Search
C02944,2024-05-11,West,Organic Search
C02945,2025-07-29,North,Organic Search
C02946,2024-03-16,North,Referral
C02947,2025-02-16,North,Organic Search
C02948,2024-12-14,East,Paid Social
C02949,2025-01-06,South,Paid Social
C02950,2024-12-29,East,Paid Social
C02951,2024-01-23,South,Marketplace
C02952,2024-12-21,South,Paid Social
C02953,2025-10-17,South,Organic Search
C02954,2024-11-01,North,Marketplace
C02955,2024-07-12,South,Marketplace
C02956,2025-11-27,East,Referral
C02957,2024-03-10,East,Email
C02958,2024-12-06,North,Organic Search
C02959,2024-12-24,East,Email
C02960,2024-11-30,South,Organic Search
C02961,2025-10-07,North,Paid Social
C02962,2024-10-22,North,Organic Search
C02963,2025-11-12,South,Email
C02964,2024-02-16,South,Organic Search
C02965,2025-05-28,East,Organic Search
C02966,2025-02-19,North,Organic Search
C02967,2024-06-17,East,Email
C02968,2024-06-08,South,Organic Search
C02969,2025-05-18,East,Paid Social
C02970,2025-03-22,East,Paid Social
C02971,2025-03-03,South,Email
C02972,2024-02-05,North,Organic Search
C02973,2025-02-22,East,Marketplace
C02974,2025-11-17,West,Paid Social
C02975,2024-01-13,West,Organic Search
C02976,2024-11-24,North,Organic Search
C02977,2024-12-12,East,Organic Search
C02978,2025-09-19,South,Paid Social
C02979,2024-07-16,North,Organic Search
C02980,2024-11-28,East,Marketplace
C02981,2025-05-17,East,Paid Social
C02982,2024-02-12,East,Organic Search
C02983,2025-07-14,West,Paid Social
C02984,2025-07-29,South,Organic Search
C02985,2025-05-18,East,Organic Search
C02986,2025-03-29,South,Paid Social
C02987,2025-06-07,North,Organic Search
C02988,2025-07-01,South,Organic Search
C02989,2025-09-24,West,Marketplace
C02990,2024-10-26,South,Referral
C02991,2024-11-15,North,Marketplace
C02992,2025-03-22,East,Organic Search
C02993,2024-05-15,West,Marketplace
C02994,2025-08-22,West,Paid Social
C02995,2025-06-23,East,Organic Search
C02996,2025-03-17,South,Email
C02997,2024-07-30,East,Organic Search
C02998,2024-08-31,West,Paid Social
C02999,2024-10-31,West,Email
C03000,2025-04-08,West,Referral
C03001,2025-06-28,South,Paid Social
C03002,2025-04-15,North,Paid Social
C03003,2025-10-12,East,Organic Search
C03004,2025-11-03,North,Marketplace
C03005,2025-05-08,North,Organic Search
C03006,2024-09-16,South,Organic Search
C03007,2025-02-23,East,Organic Search
C03008,2024-10-24,West,Marketplace
C03009,2025-03-16,East,Email
C03010,2025-07-22,West,Paid Social
C03011,2024-09-15,East,Marketplace
C03012,2024-12-20,East,Organic Search
C03013,2024-02-01,North,Marketplace
C03014,2025-05-30,East,Organic Search
C03015,2024-12-08,North,Paid Social
C03016,2024-11-17,North,Organic Search
C03017,2025-01-07,North,Marketplace
C03018,2024-05-30,West,Marketplace
C03019,2025-02-22,East,Referral
C03020,2025-06-05,West,Organic Search
C03021,2024-09-01,West,Organic Search
C03022,2024-04-01,West,Paid Social
C03023,2024-09-27,North,Paid Social
C03024,2024-05-19,West,Organic Search
C03025,2024-09-18,West,Referral
C03026,2025-03-14,West,Referral
C03027,2024-03-20,North,Marketplace
C03028,2025-06-07,North,Paid Social
C03029,2024-06-06,West,Paid Social
C03030,2025-09-18,North,Paid Social
C03031,2025-05-27,South,Organic Search
C03032,2024-07-09,South,Referral
C03033,2025-01-29,North,Email
C03034,2024-03-18,North,Organic Search
C03035,2024-03-10,West,Paid Social
C03036,2025-10-31,West,Marketplace
C03037,2025-07-15,West,Paid Social
C03038,2024-04-18,South,Paid Social
C03039,2024-07-16,North,Email
C03040,2024-05-18,South,Referral
C03041,2024-10-03,South,Organic Search
C03042,2024-07-22,North,Email
C03043,2024-08-17,East,Marketplace
C03044,2025-01-05,West,Organic Search
C03045,2024-05-12,East,Organic Search
C03046,2025-09-09,South,Email
C03047,2025-05-24,South,Referral
C03048,2025-06-16,North,Paid Social
C03049,2024-04-28,North,Paid Social
C03050,2025-05-10,East,Email
C03051,2025-08-08,South,Paid Social
C03052,2024-05-02,East,Organic Search
C03053,2025-06-09,West,Organic Search
C03054,2024-09-07,North,Paid Social
C03055,2025-07-05,North,Marketplace
C03056,2024-11-30,North,Referral
C03057,2025-07-15,North,Paid Social
C03058,2024-04-13,East,Marketplace
C03059,2024-09-29,West,Paid Social
C03060,2024-07-10,West,Paid Social
C03061,2024-06-22,East,Organic Search
C03062,2024-08-03,South,Email
C03063,2024-09-24,North,Email
C03064,2024-03-30,South,Email
C03065,2025-05-09,South,Paid Social
C03066,2025-01-20,West,Paid Social
C03067,2025-08-03,South,Organic Search
C03068,2025-05-08,North,Marketplace
C03069,2024-04-14,South,Organic Search
C03070,2024-02-18,North,Referral
C03071,2024-10-22,West,Email
C03072,2024-12-02,North,Organic Search
C03073,2024-06-17,North,Paid Social
C03074,2025-07-01,North,Organic Search
C03075,2025-02-11,West,Referral
C03076,2025-06-07,East,Marketplace
C03077,2024-03-17,East,Paid Social
C03078,2025-07-24,South,Marketplace
C03079,2024-05-24,North,Organic Search
C03080,2024-11-09,West,Paid Social
C03081,2024-11-03,North,Marketplace
C03082,2025-07-28,North,Marketplace
C03083,2024-07-12,East,Paid Social
C03084,2024-06-17,North,Email
C03085,2024-08-25,North,Marketplace
C03086,2024-09-09,West,Email
C03087,2024-05-07,South,Referral
C03088,2024-05-03,North,Organic Search
C03089,2024-06-10,South,Organic Search
C03090,2024-11-23,East,Referral
C03091,2024-08-28,North,Paid Social
C03092,2024-10-01,North,Organic Search
C03093,2025-05-18,East,Organic Search
C03094,2024-06-17,East,Paid Social
C03095,2025-09-28,West,Paid Social
C03096,2025-06-10,South,Paid Social
C03097,2024-05-02,North,Paid Social
C03098,2024-08-07,East,Organic Search
C03099,2024-05-08,East,Marketplace
C03100,2024-07-09,North,Referral
C03101,2024-09-12,East,Organic Search
C03102,2024-04-01,North,Paid Social
C03103,2024-01-11,West,Paid Social
C03104,2024-11-03,West,Referral
C03105,2025-05-05,South,Referral
C03106,2024-07-31,West,Referral
C03107,2025-08-25,West,Email
C03108,2024-09-15,North,Organic Search
C03109,2025-09-22,South,Paid Social
C03110,2024-06-14,East,Organic Search
C03111,2025-01-12,North,Paid Social
C03112,2025-06-18,South,Paid Social
C03113,2024-02-11,North,Email
C03114,2025-10-13,West,Organic Search
C03115,2024-09-12,South,Referral
C03116,2024-12-14,East,Paid Social
C03117,2025-03-15,South,Paid Social
C03118,2025-03-26,North,Email
C03119,2024-01-17,West,Organic Search
C03120,2025-08-30,North,Paid Social
C03121,2025-03-12,North,Paid Social
C03122,2025-11-30,South,Email
C03123,2024-11-26,East,Organic Search
C03124,2025-03-05,South,Marketplace
C03125,2024-11-04,North,Marketplace
C03126,2025-09-14,South,Email
C03127,2025-08-05,North,Organic Search
C03128,2025-09-28,North,Referral
C03129,2024-12-18,East,Organic Search
C03130,2025-07-08,North,Marketplace
C03131,2024-09-08,South,Paid Social
C03132,2024-11-18,East,Organic Search
C03133,2025-06-16,East,Paid Social
C03134,2024-02-26,North,Email
C03135,2025-05-12,South,Marketplace
C03136,2024-01-12,North,Paid Social
C03137,2025-02-10,West,Paid Social
C03138,2024-11-30,North,Email
C03139,2024-11-24,North,Marketplace
C03140,2024-12-12,South,Email
C03141,2024-12-10,North,Paid Social
C03142,2024-10-12,North,Referral
C03143,2024-11-11,North,Marketplace
C03144,2025-02-01,East,Organic Search
C03145,2025-06-18,East,Paid Social
C03146,2025-01-21,East,Organic Search
C03147,2025-03-25,East,Paid Social
C03148,2025-08-08,South,Email
C03149,2025-11-23,West,Organic Search
C03150,2024-03-17,East,Paid Social
C03151,2025-05-14,West,Organic Search
C03152,2024-06-06,East,Marketplace
C03153,2024-05-17,South,Marketplace
C03154,2025-07-09,South,Paid Social
C03155,2024-02-18,South,Email
C03156,2025-08-16,North,Organic Search
C03157,2025-06-23,South,Marketplace
C03158,2025-11-27,North,Email
C03159,2025-04-12,North,Organic Search
C03160,2025-09-03,West,Marketplace
C03161,2024-03-23,East,Organic Search
C03162,2025-09-14,East,Referral
C03163,2024-04-22,South,Organic Search
C03164,2024-08-08,East,Email
C03165,2024-03-30,West,Organic Search
C03166,2024-10-08,East,Organic Search
C03167,2025-06-08,East,Paid Social
C03168,2024-07-06,South,Marketplace
C03169,2025-07-29,South,Organic Search
C03170,2025-02-28,East,Referral
C03171,2025-03-16,West,Paid Social
C03172,2025-10-19,South,Marketplace
C03173,2024-10-29,South,Organic Search
C03174,2024-08-29,South,Referral
C03175,2025-11-27,South,Marketplace
C03176,2025-01-24,West,Paid Social
C03177,2025-03-06,East,Paid Social
C03178,2024-07-26,South,Marketplace
C03179,2024-05-30,South,Paid Social
C03180,2024-04-28,South,Paid Social
C03181,2024-06-05,North,Paid Social
C03182,2024-05-16,East,Email
C03183,2025-06-06,West,Marketplace
C03184,2024-02-10,East,Referral
C03185,2025-03-16,North,Referral
C03186,2025-10-26,East,Paid Social
C03187,2025-06-19,East,Organic Search
C03188,2024-10-09,North,Organic Search
C03189,2024-02-11,East,Organic Search
C03190,2025-08-06,East,Organic Search
C03191,2024-01-03,West,Referral
C03192,2025-04-21,North,Organic Search
C03193,2025-04-14,North,Organic Search
C03194,2024-05-14,South,Paid Social
C03195,2025-06-01,North,Organic Search
C03196,2024-05-02,South,Organic Search
C03197,2024-06-06,East,Organic Search
C03198,2025-07-22,North,Organic Search
C03199,2025-11-16,South,Paid Social
C03200,2024-07-04,West,Email
C03201,2025-10-06,East,Marketplace
C03202,2025-10-01,South,Email
C03203,2025-06-22,East,Referral
C03204,2024-04-08,North,Marketplace
C03205,2024-07-28,North,Paid Social
C03206,2025-04-19,East,Referral
C03207,2025-11-30,South,Paid Social
C03208,2025-07-24,South,Paid Social
C03209,2024-10-21,North,Paid Social
C03210,2024-06-13,West,Organic Search
C03211,2025-11-03,North,Email
C03212,2024-07-12,East,Organic Search
C03213,2024-08-27,South,Email
C03214,2025-11-06,East,Marketplace
C03215,2025-01-28,North,Paid Social
C03216,2024-07-04,North,Organic Search
C03217,2024-01-04,East,Paid Social
C03218,2024-10-27,East,Paid Social
C03219,2025-11-21,North,Marketplace
C03220,2024-10-29,South,Email
C03221,2025-05-04,South,Email
C03222,2024-06-26,North,Paid Social
C03223,2025-06-26,East,Email
C03224,2025-06-27,North,Email
C03225,2025-03-01,East,Organic Search
C03226,2025-06-24,North,Organic Search
C03227,2025-02-09,South,Organic Search
C03228,2024-09-21,South,Paid Social
C03229,2025-05-31,South,Marketplace
C03230,2025-08-07,South,Referral
C03231,2025-08-11,West,Paid Social
C03232,2024-05-29,South,Marketplace
C03233,2025-04-18,West,Organic Search
C03234,2024-01-04,North,Organic Search
C03235,2025-02-04,South,Marketplace
C03236,2025-02-03,North,Marketplace
C03237,2024-09-11,South,Email
C03238,2025-11-26,East,Organic Search
C03239,2025-09-10,West,Marketplace
C03240,2024-01-28,East,Email
C03241,2024-05-26,East,Email
C03242,2024-05-25,North,Organic Search
C03243,2025-09-20,North,Paid Social
C03244,2024-12-29,East,Marketplace
C03245,2025-05-25,North,Marketplace
C03246,2025-07-20,North,Referral
C03247,2025-06-21,West,Paid Social
C03248,2024-03-03,West,Email
C03249,2024-04-08,East,Paid Social
C03250,2024-10-03,South,Paid Social
C03251,2024-08-24,West,Organic Search
C03252,2025-06-06,North,Organic Search
C03253,2024-04-19,South,Email
C03254,2024-09-17,South,Organic Search
C03255,2024-06-14,West,Organic Search
C03256,2024-05-12,West,Marketplace
C03257,2024-04-30,East,Email
C03258,2024-05-16,North,Organic Search
C03259,2025-01-30,South,Paid Social
C03260,2024-10-14,North,Email
C03261,2024-10-31,West,Paid Social
C03262,2024-12-01,North,Paid Social
C03263,2025-06-02,North,Paid Social
C03264,2025-08-26,East,Organic Search
C03265,2025-01-03,South,Email
C03266,2025-03-25,West,Organic Search
C03267,2025-05-31,North,Paid Social
C03268,2025-04-28,West,Organic Search
C03269,2024-04-03,North,Organic Search
C03270,2025-11-19,North,Organic Search
C03271,2024-04-25,South,Marketplace
C03272,2024-10-15,North,Organic Search
C03273,2025-04-01,East,Organic Search
C03274,2024-10-09,North,Organic Search
C03275,2024-06-19,North,Email
C03276,2025-10-08,East,Paid Social
C03277,2024-02-20,North,Marketplace
C03278,2024-06-21,East,Referral
C03279,2025-11-26,East,Paid Social
C03280,2025-05-25,North,Referral
C03281,2024-03-01,East,Organic Search
C03282,2025-06-12,North,Marketplace
C03283,2025-11-09,South,Marketplace
C03284,2024-03-09,North,Organic Search
C03285,2024-10-16,West,Referral
C03286,2024-11-23,East,Organic Search
C03287,2024-04-01,East,Paid Social
C03288,2024-05-20,West,Email
C03289,2024-05-01,South,Marketplace
C03290,2024-05-09,West,Paid Social
C03291,2024-10-09,East,Email
C03292,2024-11-20,West,Email
C03293,2024-06-15,West,Organic Search
C03294,2024-07-21,West,Referral
C03295,2024-05-14,North,Referral
C03296,2025-07-11,East,Email
C03297,2024-05-28,West,Marketplace
C03298,2025-09-27,East,Organic Search
C03299,2025-01-12,North,Organic Search
C03300,2025-07-15,West,Organic Search
C03301,2025-03-21,North,Organic Search
C03302,2024-07-05,South,Paid Social
C03303,2025-02-24,East,Marketplace
C03304,2024-07-10,North,Paid Social
C03305,2024-03-23,East,Referral
C03306,2024-06-27,North,Paid Social
C03307,2024-07-11,East,Paid Social
C03308,2024-04-04,West,Marketplace
C03309,2024-01-17,South,Referral
C03310,2025-10-22,East,Paid Social
C03311,2024-12-25,North,Marketplace
C03312,2024-10-08,West,Paid Social
C03313,2025-10-12,West,Organic Search
C03314,2024-06-06,North,Paid Social
C03315,2024-10-09,East,Email
C03316,2025-08-15,East,Paid Social
C03317,2025-03-18,East,Marketplace
C03318,2024-10-06,East,Paid Social
C03319,2024-06-28,South,Paid Social
C03320,2024-01-25,East,Marketplace
C03321,2024-02-29,North,Paid Social
C03322,2024-04-23,South,Paid Social
C03323,2025-07-04,West,Organic Search
C03324,2025-03-23,North,Paid Social
C03325,2024-10-30,East,Paid Social
C03326,2025-07-02,North,Organic Search
C03327,2024-04-22,West,Referral
C03328,2024-05-27,East,Organic Search
C03329,2024-10-01,South,Organic Search
C03330,2025-10-04,North,Referral
C03331,2025-03-05,South,Organic Search
C03332,2025-08-18,West,Referral
C03333,2024-06-22,East,Email
C03334,2025-08-16,South,Paid Social
C03335,2024-02-20,East,Organic Search
C03336,2024-06-08,South,Paid Social
C03337,2025-01-01,South,Organic Search
C03338,2024-02-05,South,Paid Social
C03339,2025-08-23,North,Email
C03340,2025-08-30,East,Referral
C03341,2025-01-14,West,Paid Social
C03342,2024-08-02,West,Marketplace
C03343,2024-03-10,West,Organic Search
C03344,2025-03-09,South,Marketplace
C03345,2025-01-11,South,Email
C03346,2025-06-15,East,Paid Social
C03347,2025-02-25,West,Organic Search
C03348,2024-03-30,East,Organic Search
C03349,2024-03-26,South,Marketplace
C03350,2025-06-30,East,Organic Search
C03351,2024-04-21,East,Marketplace
C03352,2025-10-18,West,Paid Social
C03353,2024-03-15,East,Paid Social
C03354,2025-05-24,South,Referral
C03355,2025-11-13,North,Organic Search
C03356,2024-11-04,South,Paid Social
C03357,2024-02-09,South,Marketplace
C03358,2025-09-05,West,Organic Search
C03359,2024-05-11,East,Marketplace
C03360,2025-01-04,South,Marketplace
C03361,2025-11-20,South,Organic Search
C03362,2025-06-05,East,Paid Social
C03363,2024-02-02,East,Organic Search
C03364,2025-07-28,North,Referral
C03365,2024-04-22,West,Marketplace
C03366,2025-06-08,South,Marketplace
C03367,2025-03-10,South,Marketplace
C03368,2024-07-20,North,Organic Search
C03369,2024-10-23,East,Paid Social
C03370,2024-03-23,East,Organic Search
C03371,2025-11-21,West,Marketplace
C03372,2024-06-15,North,Organic Search
C03373,2024-08-04,West,Organic Search
C03374,2024-12-18,East,Organic Search
C03375,2025-04-15,South,Organic Search
C03376,2024-12-19,North,Organic Search
C03377,2024-12-19,South,Organic Search
C03378,2025-02-11,West,Marketplace
C03379,2025-08-23,South,Email
C03380,2024-10-03,South,Organic Search
C03381,2025-08-05,East,Email
C03382,2025-07-04,West,Paid Social
C03383,2025-11-03,East,Email
C03384,2025-10-01,East,Paid Social
C03385,2025-07-12,North,Referral
C03386,2024-06-21,West,Paid Social
C03387,2025-06-26,North,Organic Search
C03388,2025-05-30,North,Referral
C03389,2024-07-21,West,Email
C03390,2025-04-19,North,Email
C03391,2024-06-26,North,Paid Social
C03392,2025-01-01,East,Paid Social
C03393,2025-07-11,South,Email
C03394,2024-05-11,North,Organic Search
C03395,2024-08-23,East,Organic Search
C03396,2025-07-10,East,Paid Social
C03397,2024-11-13,East,Organic Search
C03398,2025-11-03,North,Paid Social
C03399,2024-01-06,East,Organic Search
C03400,2025-05-20,West,Referral
C03401,2025-07-23,North,Email
C03402,2025-10-04,North,Email
C03403,2024-04-19,North,Referral
C03404,2025-11-19,East,Paid Social
C03405,2024-10-01,North,Marketplace
C03406,2024-09-03,East,Email
C03407,2024-09-05,West,Paid Social
C03408,2025-03-22,North,Organic Search
C03409,2025-04-06,East,Referral
C03410,2024-11-27,North,Referral
C03411,2024-02-19,North,Email
C03412,2025-11-21,East,Email
C03413,2024-06-04,South,Marketplace
C03414,2024-03-06,West,Marketplace
C03415,2025-02-22,East,Referral
C03416,2024-10-15,North,Marketplace
C03417,2025-03-06,South,Marketplace
C03418,2025-09-04,North,Organic Search
C03419,2024-03-09,West,Referral
C03420,2024-07-17,East,Organic Search
C03421,2024-12-27,South,Organic Search
C03422,2025-07-05,East,Organic Search
C03423,2025-02-24,East,Paid Social
C03424,2024-09-24,East,Organic Search
C03425,2025-03-03,North,Organic Search
C03426,2025-11-16,North,Organic Search
C03427,2024-12-02,North,Referral
C03428,2025-09-10,South,Marketplace
C03429,2025-06-29,South,Marketplace
C03430,2024-07-29,North,Paid Social
C03431,2024-06-23,South,Organic Search
C03432,2025-06-23,South,Marketplace
C03433,2024-05-25,North,Organic Search
C03434,2024-08-23,West,Marketplace
C03435,2024-06-13,East,Email
C03436,2025-02-28,South,Paid Social
C03437,2024-07-24,East,Organic Search
C03438,2025-04-05,South,Organic Search
C03439,2025-10-16,West,Paid Social
C03440,2025-08-03,East,Paid Social
C03441,2025-10-25,South,Marketplace
C03442,2024-01-18,West,Referral
C03443,2024-11-14,West,Paid Social
C03444,2024-06-03,West,Organic Search
C03445,2025-10-04,North,Paid Social
C03446,2025-05-13,North,Organic Search
C03447,2024-08-12,East,Referral
C03448,2025-01-29,South,Referral
C03449,2025-02-27,East,Email
C03450,2024-12-12,East,Paid Social
C03451,2024-11-28,South,Organic Search
C03452,2024-02-08,South,Marketplace
C03453,2024-11-12,South,Email
C03454,2024-08-31,North,Email
C03455,2025-07-26,East,Paid Social
C03456,2025-08-28,East,Marketplace
C03457,2025-06-09,South,Organic Search
C03458,2024-01-22,East,Paid Social
C03459,2025-08-11,East,Email
C03460,2024-10-04,East,Organic Search
C03461,2024-10-18,North,Email
C03462,2025-10-23,East,Paid Social
C03463,2025-08-30,East,Organic Search
C03464,2024-02-05,North,Organic Search
C03465,2024-09-08,East,Marketplace
C03466,2025-06-08,West,Email
C03467,2025-01-12,North,Organic Search
C03468,2024-06-29,East,Organic Search
C03469,2025-01-02,West,Organic Search
C03470,2025-08-29,West,Organic Search
C03471,2024-06-05,South,Email
C03472,2025-06-06,East,Organic Search
C03473,2025-05-29,West,Organic Search
C03474,2025-09-11,East,Organic Search
C03475,2024-07-27,North,Referral
C03476,2024-05-31,North,Email
C03477,2025-01-18,East,Referral
C03478,2025-01-06,South,Referral
C03479,2024-10-13,North,Marketplace
C03480,2025-06-29,South,Paid Social
C03481,2025-07-13,East,Marketplace
C03482,2024-06-20,South,Referral
C03483,2025-07-10,West,Organic Search
C03484,2024-06-10,East,Email
C03485,2024-10-12,West,Referral
C03486,2024-01-20,West,Referral
C03487,2024-08-26,North,Organic Search
C03488,2025-11-01,East,Paid Social
C03489,2024-11-05,North,Marketplace
C03490,2025-05-12,West,Organic Search
C03491,2024-03-16,North,Organic Search
C03492,2025-03-20,East,Organic Search
C03493,2024-09-17,West,Paid Social
C03494,2025-06-04,North,Marketplace
C03495,2025-10-11,West,Referral
C03496,2025-01-07,North,Marketplace
C03497,2024-03-12,South,Paid Social
C03498,2024-11-29,South,Paid Social
C03499,2024-03-27,South,Organic Search
C03500,2024-11-10,East,Organic Search
C03501,2024-02-12,West,Email
C03502,2025-03-24,South,Organic Search
C03503,2024-08-05,East,Organic Search
C03504,2024-05-21,West,Marketplace
C03505,2024-01-13,East,Referral
C03506,2025-09-13,North,Organic Search
C03507,2025-08-09,West,Email
C03508,2025-07-22,North,Paid Social
C03509,2024-02-10,East,Marketplace
C03510,2024-09-01,East,Email
C03511,2025-11-10,East,Organic Search
C03512,2025-02-09,North,Organic Search
C03513,2024-03-30,North,Organic Search
C03514,2024-04-08,East,Email
C03515,2024-07-03,North,Paid Social
C03516,2025-11-11,South,Email
C03517,2024-04-28,East,Paid Social
C03518,2025-09-24,East,Paid Social
C03519,2025-04-19,North,Organic Search
C03520,2025-10-07,South,Organic Search
C03521,2025-08-01,West,Paid Social
C03522,2024-08-20,South,Referral
C03523,2025-08-02,North,Marketplace
C03524,2024-04-28,North,Organic Search
C03525,2024-07-22,South,Referral
C03526,2024-05-28,West,Organic Search
C03527,2024-04-03,South,Email
C03528,2024-03-04,North,Organic Search
C03529,2024-05-11,East,Referral
C03530,2024-03-25,North,Organic Search
C03531,2024-09-23,North,Organic Search
C03532,2024-02-19,West,Referral
C03533,2024-02-12,East,Paid Social
C03534,2025-11-23,North,Paid Social
C03535,2024-03-02,South,Paid Social
C03536,2024-02-21,North,Marketplace
C03537,2024-01-22,North,Organic Search
C03538,2024-04-02,East,Paid Social
C03539,2025-01-04,East,Marketplace
C03540,2025-08-02,East,Referral
C03541,2025-05-29,West,Paid Social
C03542,2025-02-10,North,Referral
C03543,2024-02-29,West,Organic Search
C03544,2025-06-26,East,Paid Social
C03545,2024-01-27,North,Paid Social
C03546,2025-03-17,West,Email
C03547,2024-10-13,North,Marketplace
C03548,2025-09-09,East,Organic Search
C03549,2024-08-03,East,Organic Search
C03550,2025-03-22,North,Paid Social
C03551,2024-11-03,West,Paid Social
C03552,2024-12-31,North,Paid Social
C03553,2025-10-19,West,Referral
C03554,2025-05-13,North,Paid Social
C03555,2024-10-17,North,Marketplace
C03556,2024-11-09,South,Paid Social
C03557,2025-05-08,West,Organic Search
C03558,2024-08-30,North,Paid Social
C03559,2024-04-27,West,Referral
C03560,2024-11-23,North,Organic Search
C03561,2024-02-17,South,Organic Search
C03562,2024-04-28,South,Paid Social
C03563,2024-10-21,North,Email
C03564,2025-07-11,West,Marketplace
C03565,2025-06-30,South,Paid Social
C03566,2024-07-01,East,Organic Search
C03567,2024-10-22,East,Paid Social
C03568,2024-04-17,East,Paid Social
C03569,2025-06-12,East,Marketplace
C03570,2024-06-21,West,Paid Social
C03571,2025-07-13,East,Email
C03572,2025-08-12,East,Marketplace
C03573,2025-04-27,East,Referral
C03574,2024-08-19,East,Organic Search
C03575,2025-10-29,South,Referral
C03576,2025-04-25,East,Paid Social
C03577,2025-03-28,South,Paid Social
C03578,2025-08-22,East,Marketplace
C03579,2025-09-09,West,Organic Search
C03580,2024-02-24,West,Paid Social
C03581,2025-09-09,West,Organic Search
C03582,2025-06-19,East,Organic Search
C03583,2024-05-24,East,Referral
C03584,2024-08-03,North,Email
C03585,2025-06-10,South,Referral
C03586,2024-05-31,North,Paid Social
C03587,2024-11-12,North,Organic Search
C03588,2025-04-27,West,Paid Social
C03589,2025-03-31,West,Paid Social
C03590,2025-09-28,East,Email
C03591,2024-03-19,North,Referral
C03592,2024-07-25,East,Marketplace
C03593,2025-11-20,South,Email
C03594,2025-02-02,West,Paid Social
C03595,2024-06-23,West,Referral
C03596,2024-07-21,South,Email
C03597,2024-08-25,North,Marketplace
C03598,2025-01-22,North,Paid Social
C03599,2024-07-18,North,Referral
C03600,2025-03-11,South,Paid Social
C03601,2024-11-07,North,Email
C03602,2025-03-03,North,Marketplace
C03603,2024-04-18,North,Marketplace
C03604,2025-03-12,North,Organic Search
C03605,2025-10-09,East,Organic Search
C03606,2024-04-04,North,Email
C03607,2024-08-17,West,Referral
C03608,2025-04-30,North,Marketplace
C03609,2025-03-08,North,Paid Social
C03610,2025-04-17,North,Marketplace
C03611,2025-01-26,East,Email
C03612,2025-04-22,North,Organic Search
C03613,2025-03-02,East,Organic Search
C03614,2024-02-21,North,Email
C03615,2025-06-09,West,Organic Search
C03616,2024-11-08,North,Email
C03617,2024-02-06,South,Referral
C03618,2024-10-13,West,Paid Social
C03619,2024-10-31,North,Organic Search
C03620,2024-03-01,North,Marketplace
C03621,2025-11-28,West,Email
C03622,2024-06-04,North,Email
C03623,2024-08-19,North,Email
C03624,2024-11-04,South,Referral
C03625,2025-08-05,North,Marketplace
C03626,2025-06-04,West,Referral
C03627,2025-06-23,East,Paid Social
C03628,2024-06-14,East,Organic Search
C03629,2025-08-14,North,Organic Search
C03630,2025-08-03,East,Email
C03631,2024-11-20,East,Paid Social
C03632,2025-01-17,North,Email
C03633,2024-01-26,West,Marketplace
C03634,2025-06-16,East,Paid Social
C03635,2025-11-03,East,Organic Search
C03636,2024-11-26,North,Referral
C03637,2025-01-13,North,Organic Search
C03638,2024-12-15,East,Email
C03639,2024-02-27,East,Paid Social
C03640,2025-03-09,South,Paid Social
C03641,2025-05-20,North,Referral
C03642,2025-10-11,West,Paid Social
C03643,2025-10-12,North,Paid Social
C03644,2024-12-10,South,Organic Search
C03645,2025-11-02,East,Paid Social
C03646,2025-01-05,North,Marketplace
C03647,2025-03-25,North,Organic Search
C03648,2025-02-25,North,Paid Social
C03649,2025-11-30,West,Organic Search
C03650,2025-05-31,South,Paid Social
C03651,2024-03-25,East,Organic Search
C03652,2024-02-20,West,Email
C03653,2024-10-13,East,Organic Search
C03654,2024-12-26,East,Referral
C03655,2025-04-13,East,Organic Search
C03656,2024-12-03,South,Paid Social
C03657,2024-12-26,East,Organic Search
C03658,2025-10-07,West,Email
C03659,2024-08-22,East,Marketplace
C03660,2024-12-11,South,Organic Search
C03661,2025-01-25,South,Marketplace
C03662,2024-11-23,West,Paid Social
C03663,2025-11-08,North,Referral
C03664,2025-11-04,West,Email
C03665,2024-12-25,North,Organic Search
C03666,2024-11-11,East,Paid Social
C03667,2025-02-16,West,Organic Search
C03668,2024-05-06,South,Email
C03669,2024-10-25,North,Paid Social
C03670,2024-05-31,West,Marketplace
C03671,2024-04-10,South,Organic Search
C03672,2024-03-07,South,Marketplace
C03673,2025-02-14,East,Organic Search
C03674,2024-01-01,South,Referral
C03675,2025-03-28,East,Paid Social
C03676,2024-10-29,North,Organic Search
C03677,2024-09-13,South,Organic Search
C03678,2025-06-22,West,Referral
C03679,2025-01-12,North,Organic Search
C03680,2025-05-28,South,Referral
C03681,2025-05-11,East,Marketplace
C03682,2024-01-23,West,Paid Social
C03683,2024-05-30,East,Organic Search
C03684,2025-02-02,West,Organic Search
C03685,2025-11-13,North,Organic Search
C03686,2024-04-17,South,Paid Social
C03687,2024-03-14,West,Email
C03688,2025-10-20,West,Organic Search
C03689,2025-11-07,East,Organic Search
C03690,2024-04-27,South,Referral
C03691,2024-10-08,South,Paid Social
C03692,2025-03-14,North,Referral
C03693,2024-05-16,West,Marketplace
C03694,2024-08-16,West,Organic Search
C03695,2024-10-03,South,Paid Social
C03696,2025-03-25,North,Email
C03697,2024-08-03,South,Email
C03698,2024-10-15,North,Email
C03699,2024-07-21,East,Email
C03700,2025-06-15,East,Paid Social
C03701,2024-04-17,North,Paid Social
C03702,2024-06-10,East,Email
C03703,2024-06-23,West,Email
C03704,2025-09-26,North,Email
C03705,2025-10-23,South,Paid Social
C03706,2024-12-16,South,Marketplace
C03707,2024-04-19,North,Organic Search
C03708,2025-06-13,East,Organic Search
C03709,2024-12-10,East,Paid Social
C03710,2025-08-17,North,Organic Search
C03711,2024-09-08,North,Referral
C03712,2025-11-30,West,Organic Search
C03713,2025-07-18,South,Referral
C03714,2024-06-05,East,Paid Social
C03715,2025-05-22,East,Organic Search
C03716,2024-07-19,West,Organic Search
C03717,2024-09-01,East,Paid Social
C03718,2024-06-24,West,Email
C03719,2025-04-22,East,Paid Social
C03720,2024-07-03,South,Organic Search
C03721,2025-03-23,South,Organic Search
C03722,2025-02-11,South,Organic Search
C03723,2025-06-09,South,Organic Search
C03724,2025-11-26,North,Marketplace
C03725,2024-01-07,South,Organic Search
C03726,2025-11-24,South,Organic Search
C03727,2024-03-17,North,Marketplace
C03728,2025-01-03,North,Referral
C03729,2024-08-26,East,Paid Social
C03730,2025-03-23,East,Referral
C03731,2025-05-20,West,Marketplace
C03732,2025-08-24,East,Organic Search
C03733,2024-10-08,West,Organic Search
C03734,2025-10-15,East,Marketplace
C03735,2024-08-13,North,Email
C03736,2024-05-22,West,Marketplace
C03737,2024-09-22,North,Paid Social
C03738,2025-01-04,East,Marketplace
C03739,2025-04-12,East,Paid Social
C03740,2025-08-05,South,Email
C03741,2024-06-06,East,Marketplace
C03742,2024-07-31,South,Organic Search
C03743,2025-10-19,North,Organic Search
C03744,2024-11-03,North,Referral
C03745,2024-06-18,North,Marketplace
C03746,2025-11-20,North,Organic Search
C03747,2024-11-10,East,Marketplace
C03748,2025-11-20,East,Paid Social
C03749,2025-10-05,South,Paid Social
C03750,2025-09-26,East,Paid Social
C03751,2025-02-11,North,Marketplace
C03752,2025-07-12,North,Organic Search
C03753,2025-11-03,East,Referral
C03754,2024-07-07,West,Organic Search
C03755,2024-01-27,South,Marketplace
C03756,2024-08-12,North,Email
C03757,2025-03-21,East,Organic Search
C03758,2025-01-18,West,Organic Search
C03759,2024-02-26,South,Paid Social
C03760,2025-01-27,North,Paid Social
C03761,2024-05-02,North,Email
C03762,2024-12-19,East,Referral
C03763,2025-02-06,West,Paid Social
C03764,2025-03-21,East,Email
C03765,2024-10-15,South,Paid Social
C03766,2024-10-12,East,Organic Search
C03767,2025-04-20,West,Organic Search
C03768,2025-06-08,South,Paid Social
C03769,2025-07-19,West,Referral
C03770,2024-08-21,South,Organic Search
C03771,2024-10-23,South,Referral
C03772,2024-08-19,East,Organic Search
C03773,2025-01-04,South,Email
C03774,2024-03-30,West,Organic Search
C03775,2024-10-28,East,Paid Social
C03776,2024-05-12,South,Organic Search
C03777,2025-01-07,South,Paid Social
C03778,2025-08-18,East,Organic Search
C03779,2025-11-20,South,Paid Social
C03780,2024-11-08,East,Email
C03781,2024-02-09,South,Organic Search
C03782,2024-06-08,South,Email
C03783,2024-03-14,East,Referral
C03784,2025-06-15,North,Paid Social
C03785,2025-11-20,East,Referral
C03786,2025-01-22,East,Paid Social
C03787,2024-05-03,South,Email
C03788,2024-01-15,East,Email
C03789,2025-11-14,East,Email
C03790,2024-08-09,West,Organic Search
C03791,2024-03-19,South,Referral
C03792,2024-05-03,South,Organic Search
C03793,2024-06-27,East,Paid Social
C03794,2025-04-04,East,Organic Search
C03795,2025-09-16,East,Organic Search
C03796,2024-07-11,East,Referral
C03797,2025-04-26,East,Marketplace
C03798,2024-02-15,North,Organic Search
C03799,2024-01-08,East,Referral
C03800,2024-02-08,North,Referral
C03801,2025-10-08,South,Marketplace
C03802,2025-02-11,East,Referral
C03803,2025-07-17,South,Organic Search
C03804,2024-01-16,South,Organic Search
C03805,2024-01-16,West,Referral
C03806,2025-08-17,East,Organic Search
C03807,2024-03-12,East,Marketplace
C03808,2024-04-18,West,Marketplace
C03809,2024-12-29,South,Marketplace
C03810,2025-02-28,East,Organic Search
C03811,2024-06-09,North,Email
C03812,2024-11-07,South,Referral
C03813,2025-04-17,South,Organic Search
C03814,2024-11-05,North,Organic Search
C03815,2024-09-24,East,Organic Search
C03816,2024-02-20,North,Paid Social
C03817,2024-11-12,East,Marketplace
C03818,2025-07-15,North,Marketplace
C03819,2025-03-14,North,Organic Search
C03820,2025-09-17,West,Paid Social
C03821,2024-03-29,East,Organic Search
C03822,2024-01-08,West,Organic Search
C03823,2025-01-18,South,Organic Search
C03824,2024-05-05,North,Referral
C03825,2025-02-19,East,Referral
C03826,2025-09-24,East,Marketplace
C03827,2024-08-23,North,Marketplace
C03828,2025-01-19,West,Organic Search
C03829,2025-04-22,East,Email
C03830,2024-04-15,East,Organic Search
C03831,2025-09-20,South,Paid Social
C03832,2024-05-21,East,Paid Social
C03833,2025-07-19,North,Organic Search
C03834,2025-04-06,West,Organic Search
C03835,2024-04-08,South,Organic Search
C03836,2025-05-22,North,Organic Search
C03837,2024-05-17,North,Marketplace
C03838,2025-02-23,East,Organic Search
C03839,2025-11-02,West,Paid Social
C03840,2025-10-29,West,Marketplace
C03841,2025-09-01,East,Referral
C03842,2024-12-11,West,Paid Social
C03843,2025-01-26,East,Marketplace
C03844,2024-07-29,South,Organic Search
C03845,2025-10-06,East,Organic Search
C03846,2024-11-30,North,Paid Social
C03847,2025-06-24,North,Paid Social
C03848,2024-09-08,South,Email
C03849,2025-06-02,North,Organic Search
C03850,2024-06-06,West,Referral
C03851,2025-05-28,West,Email
C03852,2024-02-02,South,Marketplace
C03853,2024-03-14,East,Organic Search
C03854,2024-09-03,South,Organic Search
C03855,2024-12-03,North,Marketplace
C03856,2025-05-12,South,Referral
C03857,2024-09-08,North,Organic Search
C03858,2024-01-13,South,Organic Search
C03859,2024-08-15,North,Email
C03860,2024-11-03,North,Referral
C03861,2025-01-15,North,Referral
C03862,2025-03-26,West,Marketplace
C03863,2024-06-22,North,Organic Search
C03864,2025-03-03,South,Organic Search
C03865,2025-03-18,East,Referral
C03866,2025-06-27,South,Marketplace
C03867,2024-12-31,East,Organic Search
C03868,2025-07-21,North,Email
C03869,2024-06-04,East,Organic Search
C03870,2025-05-13,East,Organic Search
C03871,2024-02-02,East,Marketplace
C03872,2024-03-12,East,Organic Search
C03873,2025-08-28,South,Organic Search
C03874,2024-11-28,South,Email
C03875,2025-03-10,North,Paid Social
C03876,2025-02-26,East,Paid Social
C03877,2025-05-01,North,Email
C03878,2024-06-20,South,Organic Search
C03879,2024-05-04,East,Referral
C03880,2024-01-30,North,Paid Social
C03881,2025-08-28,North,Organic Search
C03882,2024-06-05,East,Email
C03883,2025-02-06,South,Paid Social
C03884,2024-11-14,West,Marketplace
C03885,2024-04-23,West,Marketplace
C03886,2024-10-16,West,Marketplace
C03887,2024-02-28,South,Paid Social
C03888,2024-05-03,North,Organic Search
C03889,2024-04-07,East,Marketplace
C03890,2025-07-31,East,Paid Social
C03891,2025-02-01,East,Email
C03892,2025-10-09,South,Marketplace
C03893,2024-11-01,North,Organic Search
C03894,2024-05-20,North,Organic Search
C03895,2025-03-02,North,Referral
C03896,2025-10-12,North,Referral
C03897,2025-01-07,West,Organic Search
C03898,2024-01-13,North,Referral
C03899,2024-07-31,East,Email
C03900,2025-10-09,West,Paid Social
C03901,2024-12-28,South,Organic Search
C03902,2025-10-28,East,Email
C03903,2024-12-22,East,Email
C03904,2024-01-09,South,Marketplace
C03905,2025-09-03,South,Organic Search
C03906,2025-06-18,West,Marketplace
C03907,2025-05-15,East,Email
C03908,2025-11-10,West,Email
C03909,2024-05-17,West,Paid Social
C03910,2025-09-26,South,Organic Search
C03911,2024-06-11,East,Paid Social
C03912,2025-11-10,East,Organic Search
C03913,2024-05-14,East,Organic Search
C03914,2025-01-20,East,Marketplace
C03915,2025-07-06,East,Organic Search
C03916,2024-02-24,West,Marketplace
C03917,2024-02-16,South,Paid Social
C03918,2025-08-17,East,Marketplace
C03919,2024-02-12,South,Organic Search
C03920,2025-03-05,East,Referral
C03921,2025-10-18,East,Referral
C03922,2025-03-06,East,Marketplace
C03923,2024-12-02,South,Organic Search
C03924,2024-10-19,East,Organic Search
C03925,2025-03-22,South,Marketplace
C03926,2025-02-04,North,Organic Search
C03927,2024-12-17,North,Referral
C03928,2024-04-17,West,Organic Search
C03929,2025-04-08,South,Organic Search
C03930,2025-06-01,West,Referral
C03931,2025-05-11,North,Referral
C03932,2024-02-22,East,Referral
C03933,2025-05-07,East,Paid Social
C03934,2025-05-25,East,Email
C03935,2024-05-08,East,Marketplace
C03936,2025-08-17,East,Organic Search
C03937,2025-01-01,West,Paid Social
C03938,2024-11-26,East,Paid Social
C03939,2025-05-20,North,Email
C03940,2024-12-22,North,Paid Social
C03941,2025-01-16,East,Email
C03942,2024-08-06,South,Paid Social
C03943,2025-10-11,East,Referral
C03944,2025-11-09,East,Marketplace
C03945,2024-04-01,South,Paid Social
C03946,2025-05-28,East,Paid Social
C03947,2024-01-17,East,Organic Search
C03948,2024-09-15,East,Paid Social
C03949,2025-11-09,East,Organic Search
C03950,2024-05-02,West,Marketplace
C03951,2024-09-20,East,Paid Social
C03952,2024-06-02,West,Organic Search
C03953,2025-05-24,North,Organic Search
C03954,2024-11-20,East,Paid Social
C03955,2025-02-19,East,Marketplace
C03956,2025-10-21,South,Paid Social
C03957,2024-12-30,South,Organic Search
C03958,2025-05-28,East,Paid Social
C03959,2024-03-09,South,Marketplace
C03960,2024-05-30,West,Marketplace
C03961,2025-10-24,South,Organic Search
C03962,2025-08-24,North,Referral
C03963,2025-04-04,East,Email
C03964,2024-09-21,South,Email
C03965,2024-05-19,North,Paid Social
C03966,2025-08-19,East,Email
C03967,2025-07-03,East,Referral
C03968,2024-06-18,North,Organic Search
C03969,2025-02-16,East,Organic Search
C03970,2025-03-09,East,Paid Social
C03971,2024-11-30,East,Organic Search
C03972,2025-10-10,South,Paid Social
C03973,2024-03-27,North,Marketplace
C03974,2024-06-29,West,Marketplace
C03975,2024-03-07,East,Organic Search
C03976,2025-04-30,North,Organic Search
C03977,2025-03-26,West,Referral
C03978,2025-11-22,North,Paid Social
C03979,2025-01-14,East,Organic Search
C03980,2024-04-15,East,Email
C03981,2024-11-11,West,Organic Search
C03982,2024-03-02,West,Organic Search
C03983,2025-04-14,North,Email
C03984,2025-04-16,East,Referral
C03985,2025-08-23,South,Paid Social
C03986,2024-08-25,East,Email
C03987,2024-08-05,East,Marketplace
C03988,2024-02-19,North,Organic Search
C03989,2024-10-17,North,Referral
C03990,2024-11-28,North,Organic Search
C03991,2025-06-12,North,Paid Social
C03992,2025-06-11,North,Paid Social
C03993,2024-04-08,West,Paid Social
C03994,2024-07-18,East,Organic Search
C03995,2024-12-24,East,Email
C03996,2024-08-22,West,Paid Social
C03997,2024-01-18,East,Marketplace
C03998,2025-08-14,South,Paid Social
C03999,2025-05-26,West,Marketplace
C04000,2024-12-30,East,Paid Social
C04001,2024-08-10,East,Paid Social
C04002,2025-08-12,West,Email
C04003,2024-01-25,East,Email
C04004,2024-11-08,East,Paid Social
C04005,2025-07-14,West,Paid Social
C04006,2025-10-29,South,Referral
C04007,2024-06-24,West,Referral
C04008,2025-03-31,North,Paid Social
C04009,2024-05-12,North,Email
C04010,2024-03-22,East,Paid Social
C04011,2024-09-04,North,Paid Social
C04012,2025-09-11,West,Referral
C04013,2025-04-27,North,Marketplace
C04014,2024-12-08,East,Organic Search
C04015,2024-07-16,North,Organic Search
C04016,2024-04-09,West,Organic Search
C04017,2024-07-08,South,Email
C04018,2024-04-16,North,Paid Social
C04019,2024-05-10,North,Paid Social
C04020,2025-04-26,East,Organic Search
C04021,2024-04-02,West,Marketplace
C04022,2024-02-03,West,Paid Social
C04023,2025-01-14,South,Referral
C04024,2024-07-19,South,Organic Search
C04025,2024-11-14,North,Organic Search
C04026,2024-04-07,East,Organic Search
C04027,2024-05-26,East,Paid Social
C04028,2024-11-04,North,Paid Social
C04029,2025-04-28,East,Organic Search
C04030,2024-10-17,West,Paid Social
C04031,2025-01-14,North,Organic Search
C04032,2024-12-31,North,Paid Social
C04033,2024-07-07,North,Organic Search
C04034,2024-07-14,North,Organic Search
C04035,2024-10-25,North,Organic Search
C04036,2024-01-23,East,Email
C04037,2025-04-24,North,Marketplace
C04038,2025-03-06,East,Referral
C04039,2024-08-02,West,Organic Search
C04040,2024-09-18,West,Marketplace
C04041,2024-08-18,East,Marketplace
C04042,2025-03-31,North,Paid Social
C04043,2025-06-15,North,Organic Search
C04044,2024-03-17,North,Email
C04045,2024-10-16,West,Marketplace
C04046,2024-01-10,West,Email
C04047,2024-11-12,South,Referral
C04048,2024-06-22,South,Referral
C04049,2024-08-23,East,Marketplace
C04050,2024-11-15,South,Organic Search
C04051,2024-08-14,West,Organic Search
C04052,2024-10-02,North,Marketplace
C04053,2025-06-19,South,Organic Search
C04054,2025-07-21,South,Paid Social
C04055,2024-01-05,North,Organic Search
C04056,2024-09-21,South,Organic Search
C04057,2025-08-15,West,Organic Search
C04058,2025-01-06,North,Referral
C04059,2024-05-23,East,Paid Social
C04060,2025-02-19,South,Referral
C04061,2024-04-11,North,Paid Social
C04062,2024-01-16,North,Marketplace
C04063,2025-03-18,North,Referral
C04064,2024-12-26,North,Marketplace
C04065,2025-06-13,South,Paid Social
C04066,2024-08-29,West,Organic Search
C04067,2025-08-20,East,Email
C04068,2024-10-21,West,Marketplace
C04069,2025-05-31,South,Organic Search
C04070,2024-03-11,East,Referral
C04071,2024-03-09,East,Referral
C04072,2025-07-01,North,Organic Search
C04073,2025-08-06,South,Referral
C04074,2025-10-21,East,Organic Search
C04075,2024-08-15,East,Organic Search
C04076,2024-01-16,South,Marketplace
C04077,2025-11-16,North,Paid Social
C04078,2025-02-24,West,Email
C04079,2024-06-21,North,Email
C04080,2025-06-18,West,Marketplace
C04081,2025-09-24,West,Paid Social
C04082,2024-07-18,West,Paid Social
C04083,2025-06-22,East,Organic Search
C04084,2025-07-05,North,Referral
C04085,2024-12-17,East,Paid Social
C04086,2025-03-18,East,Email
C04087,2024-07-07,East,Paid Social
C04088,2025-10-12,North,Organic Search
C04089,2025-11-19,North,Marketplace
C04090,2025-11-17,South,Marketplace
C04091,2025-05-30,South,Paid Social
C04092,2024-01-30,East,Email
C04093,2024-09-13,West,Paid Social
C04094,2024-11-07,East,Email
C04095,2025-11-02,East,Paid Social
C04096,2025-01-17,North,Paid Social
C04097,2025-01-10,South,Organic Search
C04098,2024-04-12,South,Organic Search
C04099,2025-07-09,North,Email
C04100,2024-08-23,North,Paid Social
C04101,2024-03-05,South,Organic Search
C04102,2025-11-22,North,Organic Search
C04103,2024-05-13,East,Paid Social
C04104,2024-01-12,North,Email
C04105,2024-02-24,North,Paid Social
C04106,2024-11-12,North,Email
C04107,2024-03-13,East,Marketplace
C04108,2025-08-12,East,Paid Social
C04109,2024-12-24,South,Email
C04110,2024-08-14,North,Organic Search
C04111,2024-01-03,West,Paid Social
C04112,2024-12-01,East,Organic Search
C04113,2024-04-15,East,Organic Search
C04114,2025-11-15,East,Organic Search
C04115,2024-07-22,West,Organic Search
C04116,2024-11-28,West,Marketplace
C04117,2024-01-14,South,Paid Social
C04118,2024-04-01,East,Marketplace
C04119,2024-05-25,North,Paid Social
C04120,2024-02-06,East,Referral
C04121,2025-05-23,South,Organic Search
C04122,2025-10-23,North,Paid Social
C04123,2025-11-20,West,Paid Social
C04124,2024-07-05,West,Marketplace
C04125,2025-07-06,South,Marketplace
C04126,2024-12-18,West,Organic Search
C04127,2024-02-02,South,Referral
C04128,2024-03-04,South,Referral
C04129,2025-01-18,West,Referral
C04130,2024-10-23,South,Organic Search
C04131,2024-01-06,South,Referral
C04132,2025-10-13,East,Email
C04133,2025-05-26,North,Paid Social
C04134,2024-12-17,South,Paid Social
C04135,2025-11-21,South,Organic Search
C04136,2025-11-10,East,Marketplace
C04137,2025-11-12,North,Organic Search
C04138,2024-06-30,North,Organic Search
C04139,2025-09-08,East,Organic Search
C04140,2024-12-19,North,Marketplace
C04141,2025-05-23,South,Email
C04142,2025-08-24,East,Organic Search
C04143,2024-04-24,East,Organic Search
C04144,2024-11-09,North,Email
C04145,2024-03-31,West,Paid Social
C04146,2024-07-14,East,Organic Search
C04147,2024-10-16,South,Marketplace
C04148,2025-08-21,East,Organic Search
C04149,2025-08-26,East,Paid Social
C04150,2024-09-29,East,Organic Search
C04151,2024-08-18,East,Email
C04152,2025-01-06,East,Email
C04153,2025-09-30,West,Paid Social
C04154,2025-11-14,East,Referral
C04155,2024-06-07,West,Marketplace
C04156,2024-05-10,East,Email
C04157,2025-05-09,West,Paid Social
C04158,2024-07-29,West,Paid Social
C04159,2024-05-19,North,Marketplace
C04160,2024-01-22,North,Organic Search
C04161,2024-10-09,East,Organic Search
C04162,2024-10-01,South,Organic Search
C04163,2025-01-29,East,Marketplace
C04164,2024-05-20,East,Organic Search
C04165,2025-05-15,West,Organic Search
C04166,2025-04-21,South,Referral
C04167,2024-11-19,East,Organic Search
C04168,2024-05-06,North,Paid Social
C04169,2024-12-20,East,Paid Social
C04170,2025-04-17,North,Organic Search
C04171,2024-09-17,East,Marketplace
C04172,2024-07-03,East,Organic Search
C04173,2024-12-20,East,Marketplace
C04174,2024-09-05,East,Paid Social
C04175,2024-10-07,South,Organic Search
C04176,2024-09-01,North,Organic Search
C04177,2024-07-31,North,Paid Social
C04178,2025-05-16,West,Paid Social
C04179,2024-11-18,West,Organic Search
C04180,2024-11-22,South,Marketplace
C04181,2025-04-02,North,Paid Social
C04182,2024-09-09,South,Marketplace
C04183,2024-03-11,East,Organic Search
C04184,2025-08-19,South,Organic Search
C04185,2024-02-08,North,Referral
C04186,2025-02-04,South,Organic Search
C04187,2024-07-05,North,Organic Search
C04188,2024-05-29,South,Organic Search
C04189,2024-01-30,North,Organic Search
C04190,2025-09-22,East,Email
C04191,2024-10-27,East,Organic Search
C04192,2024-08-27,North,Marketplace
C04193,2025-06-02,East,Organic Search
C04194,2024-01-28,South,Paid Social
C04195,2025-01-30,East,Paid Social
C04196,2024-12-12,West,Paid Social
C04197,2025-01-22,North,Marketplace
C04198,2024-03-27,West,Marketplace
C04199,2025-10-28,East,Organic Search
C04200,2024-06-15,East,Paid Social
C04201,2025-04-19,South,Marketplace
C04202,2025-06-06,South,Organic Search
C04203,2024-08-28,North,Paid Social
C04204,2024-04-01,West,Organic Search
C04205,2024-07-26,East,Paid Social
C04206,2025-07-18,South,Paid Social
C04207,2025-09-26,East,Paid Social
C04208,2025-10-17,North,Marketplace
C04209,2024-06-07,North,Paid Social
C04210,2025-02-28,East,Marketplace
C04211,2024-04-15,East,Email
C04212,2025-05-12,East,Paid Social
C04213,2024-10-18,East,Paid Social
C04214,2025-05-14,East,Paid Social
C04215,2025-04-24,West,Marketplace
C04216,2025-11-25,North,Organic Search
C04217,2024-12-08,East,Marketplace
C04218,2024-08-27,East,Referral
C04219,2025-01-03,North,Referral
C04220,2024-04-23,North,Paid Social
C04221,2024-03-19,North,Referral
C04222,2024-12-29,North,Referral
C04223,2025-07-31,East,Referral
C04224,2025-01-08,North,Organic Search
C04225,2025-07-01,East,Referral
C04226,2024-05-04,North,Paid Social
C04227,2024-11-10,North,Referral
C04228,2025-03-05,South,Paid Social
C04229,2024-08-31,North,Organic Search
C04230,2024-01-10,West,Email
C04231,2024-02-21,South,Paid Social
C04232,2025-10-11,North,Referral
C04233,2025-02-27,North,Email
C04234,2024-07-04,South,Referral
C04235,2024-06-30,East,Email
C04236,2024-01-28,East,Organic Search
C04237,2025-10-23,South,Organic Search
C04238,2024-03-16,East,Referral
C04239,2025-06-15,South,Organic Search
C04240,2024-06-17,West,Organic Search
C04241,2024-08-22,East,Organic Search
C04242,2024-07-10,South,Paid Social
C04243,2025-07-31,East,Marketplace
C04244,2024-01-23,West,Organic Search
C04245,2024-09-03,South,Organic Search
C04246,2024-07-14,West,Marketplace
C04247,2024-07-10,West,Marketplace
C04248,2024-05-15,North,Organic Search
C04249,2025-09-30,East,Marketplace
C04250,2024-09-22,East,Organic Search
C04251,2024-10-19,East,Email
C04252,2024-09-26,East,Organic Search
C04253,2025-11-17,West,Paid Social
C04254,2024-08-25,East,Organic Search
C04255,2024-08-27,East,Email
C04256,2024-08-17,North,Organic Search
C04257,2024-08-16,South,Paid Social
C04258,2024-03-03,West,Email
C04259,2025-02-26,East,Organic Search
C04260,2024-01-18,North,Marketplace
C04261,2024-06-07,West,Paid Social
C04262,2024-05-21,West,Organic Search
C04263,2024-07-23,East,Organic Search
C04264,2025-06-13,North,Paid Social
C04265,2025-02-23,East,Organic Search
C04266,2025-11-24,North,Paid Social
C04267,2024-09-02,South,Referral
C04268,2025-10-11,East,Paid Social
C04269,2024-02-01,West,Paid Social
C04270,2024-12-18,South,Email
C04271,2025-07-13,West,Paid Social
C04272,2025-01-07,West,Referral
C04273,2025-10-15,North,Marketplace
C04274,2024-08-08,North,Organic Search
C04275,2024-01-24,East,Referral
C04276,2025-06-25,East,Marketplace
C04277,2024-02-17,South,Paid Social
C04278,2025-06-19,East,Marketplace
C04279,2025-05-28,East,Paid Social
C04280,2025-08-13,East,Referral
C04281,2024-12-01,East,Paid Social
C04282,2025-09-18,North,Organic Search
C04283,2024-04-28,North,Marketplace
C04284,2024-10-31,North,Organic Search
C04285,2024-03-26,West,Marketplace
C04286,2025-06-20,West,Referral
C04287,2025-05-14,East,Marketplace
C04288,2025-07-18,North,Marketplace
C04289,2025-06-19,East,Referral
C04290,2024-08-03,North,Marketplace
C04291,2024-02-17,South,Email
C04292,2025-10-12,North,Paid Social
C04293,2024-12-10,West,Referral
C04294,2024-03-07,North,Organic Search
C04295,2025-10-10,East,Organic Search
C04296,2025-11-26,West,Organic Search
C04297,2024-11-07,East,Paid Social
C04298,2025-06-23,North,Organic Search
C04299,2024-01-26,West,Paid Social
C04300,2024-03-06,East,Referral
C04301,2024-07-12,South,Referral
C04302,2025-04-04,East,Marketplace
C04303,2024-04-03,West,Marketplace
C04304,2024-01-24,South,Marketplace
C04305,2025-04-13,East,Referral
C04306,2025-06-23,South,Organic Search
C04307,2025-06-01,North,Marketplace
C04308,2025-07-13,East,Organic Search
C04309,2025-07-15,North,Organic Search
C04310,2025-02-25,South,Paid Social
C04311,2024-12-29,South,Referral
C04312,2025-08-22,South,Email
C04313,2024-08-31,South,Organic Search
C04314,2024-03-09,East,Email
C04315,2025-06-10,South,Organic Search
C04316,2024-07-12,North,Organic Search
C04317,2025-11-16,West,Paid Social
C04318,2024-10-16,West,Paid Social
C04319,2025-08-19,South,Email
C04320,2024-01-30,South,Organic Search
C04321,2025-04-06,North,Organic Search
C04322,2024-11-09,North,Organic Search
C04323,2024-11-19,South,Email
C04324,2024-07-04,West,Marketplace
C04325,2025-11-10,East,Referral
C04326,2024-10-01,South,Referral
C04327,2025-08-18,West,Marketplace
C04328,2024-10-24,South,Organic Search
C04329,2024-02-03,North,Organic Search
C04330,2025-09-07,South,Paid Social
C04331,2024-05-09,North,Organic Search
C04332,2024-07-08,West,Paid Social
C04333,2025-08-25,South,Paid Social
C04334,2025-09-17,East,Paid Social
C04335,2025-10-03,South,Paid Social
C04336,2024-10-25,West,Paid Social
C04337,2025-06-13,East,Organic Search
C04338,2024-08-17,South,Marketplace
C04339,2025-06-02,North,Email
C04340,2024-12-17,West,Organic Search
C04341,2024-02-06,East,Organic Search
C04342,2024-10-19,South,Organic Search
C04343,2024-11-23,West,Organic Search
C04344,2024-06-29,North,Organic Search
C04345,2024-09-19,South,Organic Search
C04346,2024-12-17,East,Marketplace
C04347,2024-02-04,South,Marketplace
C04348,2024-04-16,South,Email
C04349,2025-06-20,North,Referral
C04350,2024-09-03,North,Email
C04351,2025-03-01,North,Email
C04352,2025-01-31,North,Marketplace
C04353,2025-01-20,West,Email
C04354,2024-10-16,East,Email
C04355,2024-12-04,South,Email
C04356,2025-07-30,South,Referral
C04357,2025-11-06,East,Organic Search
C04358,2024-06-28,North,Organic Search
C04359,2025-04-13,North,Paid Social
C04360,2025-11-09,East,Organic Search
C04361,2024-01-06,South,Organic Search
C04362,2025-07-03,East,Organic Search
C04363,2024-12-13,West,Paid Social
C04364,2025-11-08,West,Marketplace
C04365,2025-02-08,North,Paid Social
C04366,2025-08-09,North,Organic Search
C04367,2024-04-26,North,Paid Social
C04368,2024-04-09,East,Paid Social
C04369,2025-10-10,West,Email
C04370,2025-01-03,West,Referral
C04371,2025-01-25,South,Organic Search
C04372,2024-04-28,West,Paid Social
C04373,2024-06-07,East,Organic Search
C04374,2025-07-26,West,Email
C04375,2024-07-31,East,Marketplace
C04376,2025-02-12,North,Marketplace
C04377,2024-08-09,North,Organic Search
C04378,2024-07-03,West,Email
C04379,2024-04-26,South,Email
C04380,2025-10-12,South,Marketplace
C04381,2025-10-20,South,Organic Search
C04382,2024-03-21,South,Paid Social
C04383,2024-09-04,West,Organic Search
C04384,2025-01-29,North,Organic Search
C04385,2024-09-25,North,Referral
C04386,2025-05-19,East,Paid Social
C04387,2024-07-01,East,Organic Search
C04388,2024-02-11,North,Marketplace
C04389,2024-08-23,North,Paid Social
C04390,2025-02-22,North,Marketplace
C04391,2024-05-06,North,Email
C04392,2025-07-25,North,Marketplace
C04393,2024-01-09,North,Email
C04394,2024-02-17,East,Organic Search
C04395,2024-12-22,West,Organic Search
C04396,2024-12-24,West,Marketplace
C04397,2024-07-25,South,Organic Search
C04398,2024-06-29,South,Paid Social
C04399,2024-02-18,West,Referral
C04400,2025-04-09,East,Organic Search
C04401,2024-09-22,East,Organic Search
C04402,2024-03-24,North,Paid Social
C04403,2024-10-06,South,Paid Social
C04404,2025-10-17,East,Email
C04405,2024-07-01,East,Organic Search
C04406,2025-09-18,North,Paid Social
C04407,2024-06-30,West,Organic Search
C04408,2024-05-10,East,Referral
C04409,2024-07-01,East,Organic Search
C04410,2024-08-14,North,Organic Search
C04411,2024-03-25,East,Email
C04412,2025-02-15,East,Organic Search
C04413,2024-08-21,North,Email
C04414,2025-05-17,East,Organic Search
C04415,2024-12-09,East,Organic Search
C04416,2024-11-05,West,Organic Search
C04417,2024-11-25,North,Marketplace
C04418,2024-04-19,West,Paid Social
C04419,2025-05-14,South,Organic Search
C04420,2024-03-13,North,Paid Social
C04421,2025-05-20,North,Paid Social
C04422,2025-11-30,North,Email
C04423,2025-06-18,South,Marketplace
C04424,2024-11-14,South,Paid Social
C04425,2024-08-08,East,Paid Social
C04426,2025-09-02,North,Paid Social
C04427,2024-06-29,West,Marketplace
C04428,2024-12-03,North,Paid Social
C04429,2025-06-23,East,Organic Search
C04430,2025-10-07,West,Marketplace
C04431,2025-10-06,West,Marketplace
C04432,2024-03-02,East,Paid Social
C04433,2025-09-20,East,Paid Social
C04434,2024-03-20,North,Email
C04435,2025-02-13,North,Marketplace
C04436,2025-10-12,South,Paid Social
C04437,2025-04-03,North,Paid Social
C04438,2025-10-25,South,Paid Social
C04439,2024-08-29,North,Paid Social
C04440,2024-08-08,West,Organic Search
C04441,2024-08-16,West,Email
C04442,2024-09-05,West,Organic Search
C04443,2025-04-22,East,Paid Social
C04444,2024-11-12,North,Marketplace
C04445,2025-05-31,North,Paid Social
C04446,2024-10-18,East,Organic Search
C04447,2024-08-03,East,Marketplace
C04448,2024-05-13,South,Organic Search
C04449,2025-01-20,South,Marketplace
C04450,2025-09-20,South,Organic Search
C04451,2025-08-24,North,Paid Social
C04452,2024-06-26,South,Referral
C04453,2024-11-30,South,Paid Social
C04454,2025-05-08,East,Paid Social
C04455,2025-03-04,West,Organic Search
C04456,2024-02-17,East,Referral
C04457,2025-02-17,East,Organic Search
C04458,2024-01-28,West,Email
C04459,2024-03-22,North,Referral
C04460,2025-04-02,East,Paid Social
C04461,2024-03-12,South,Organic Search
C04462,2024-08-25,East,Paid Social
C04463,2025-02-15,North,Referral
C04464,2025-04-03,West,Organic Search
C04465,2024-11-08,West,Email
C04466,2024-03-06,North,Organic Search
C04467,2025-07-13,North,Organic Search
C04468,2025-10-26,North,Email
C04469,2025-09-14,East,Organic Search
C04470,2025-06-07,East,Organic Search
C04471,2024-10-08,North,Referral
C04472,2025-09-05,West,Email
C04473,2024-12-07,South,Organic Search
C04474,2024-04-05,South,Organic Search
C04475,2025-08-18,South,Paid Social
C04476,2024-08-12,East,Referral
C04477,2025-10-19,South,Paid Social
C04478,2024-09-14,North,Referral
C04479,2025-08-31,South,Email
C04480,2025-01-11,West,Marketplace
C04481,2024-11-23,East,Paid Social
C04482,2024-07-26,West,Organic Search
C04483,2025-08-07,East,Organic Search
C04484,2024-02-12,East,Organic Search
C04485,2024-11-24,South,Paid Social
C04486,2024-09-15,East,Marketplace
C04487,2025-01-15,North,Paid Social
C04488,2024-06-27,North,Organic Search
C04489,2025-04-10,North,Paid Social
C04490,2024-09-27,North,Marketplace
C04491,2024-05-11,West,Organic Search
C04492,2024-05-17,West,Email
C04493,2025-05-02,East,Marketplace
C04494,2024-07-02,North,Paid Social
C04495,2024-08-03,West,Referral
C04496,2025-03-14,East,Paid Social
C04497,2024-08-18,South,Organic Search
C04498,2024-09-28,East,Paid Social
C04499,2024-06-20,East,Organic Search
C04500,2024-08-29,North,Email
C04501,2025-04-29,East,Marketplace
C04502,2025-01-08,East,Paid Social
C04503,2025-11-29,North,Referral
C04504,2025-06-24,South,Organic Search
C04505,2024-01-12,East,Organic Search
C04506,2024-09-22,East,Referral
C04507,2024-07-21,West,Organic Search
C04508,2025-02-15,West,Email
C04509,2024-07-04,East,Organic Search
C04510,2025-11-07,East,Email
C04511,2024-07-28,East,Paid Social
C04512,2024-12-31,East,Paid Social
C04513,2024-03-27,North,Email
C04514,2025-09-28,East,Paid Social
C04515,2025-09-30,East,Organic Search
C04516,2025-07-09,East,Marketplace
C04517,2024-09-03,West,Paid Social
C04518,2024-02-11,East,Organic Search
C04519,2025-05-12,South,Paid Social
C04520,2024-10-27,North,Referral
C04521,2025-11-24,North,Referral
C04522,2025-05-03,South,Marketplace
C04523,2025-01-12,South,Paid Social
C04524,2025-11-21,North,Organic Search
C04525,2025-07-14,North,Organic Search
C04526,2024-11-16,North,Organic Search
C04527,2024-01-14,East,Email
C04528,2024-03-05,East,Organic Search
C04529,2024-11-06,South,Referral
C04530,2025-01-28,North,Referral
C04531,2024-01-22,North,Email
C04532,2024-03-29,North,Organic Search
C04533,2025-05-08,South,Organic Search
C04534,2025-06-10,North,Marketplace
C04535,2024-01-21,South,Referral
C04536,2024-12-21,West,Paid Social
C04537,2024-02-26,East,Email
C04538,2025-05-21,West,Marketplace
C04539,2025-08-06,North,Organic Search
C04540,2025-08-31,North,Marketplace
C04541,2025-02-22,West,Organic Search
C04542,2025-03-16,South,Marketplace
C04543,2025-10-10,East,Organic Search
C04544,2025-03-04,West,Organic Search
C04545,2024-11-08,East,Organic Search
C04546,2025-06-12,South,Email
C04547,2025-02-17,East,Marketplace
C04548,2025-08-12,North,Organic Search
C04549,2025-01-02,North,Paid Social
C04550,2025-08-31,North,Organic Search
C04551,2024-02-01,West,Organic Search
C04552,2024-01-26,East,Email
C04553,2024-03-10,South,Organic Search
C04554,2025-01-24,North,Marketplace
C04555,2025-05-11,East,Marketplace
C04556,2024-05-31,West,Organic Search
C04557,2024-04-19,South,Paid Social
C04558,2025-08-25,South,Marketplace
C04559,2025-06-09,West,Marketplace
C04560,2025-03-29,West,Email
C04561,2024-12-07,West,Organic Search
C04562,2024-10-21,South,Organic Search
C04563,2024-01-15,North,Email
C04564,2024-05-11,South,Paid Social
C04565,2025-09-19,South,Referral
C04566,2024-08-25,West,Email
C04567,2025-05-08,North,Paid Social
C04568,2025-05-07,East,Organic Search
C04569,2024-08-04,West,Paid Social
C04570,2024-05-23,West,Marketplace
C04571,2025-04-29,East,Paid Social
C04572,2024-03-06,West,Organic Search
C04573,2024-12-12,North,Marketplace
C04574,2025-09-13,South,Email
C04575,2025-05-12,North,Paid Social
C04576,2025-06-18,West,Marketplace
C04577,2024-02-28,West,Paid Social
C04578,2024-05-19,North,Marketplace
C04579,2024-07-11,North,Marketplace
C04580,2024-07-23,South,Organic Search
C04581,2024-05-15,North,Paid Social
C04582,2025-11-11,West,Organic Search
C04583,2024-04-25,North,Referral
C04584,2025-05-10,East,Referral
C04585,2025-02-14,East,Paid Social
C04586,2025-03-03,South,Marketplace
C04587,2024-05-30,North,Paid Social
C04588,2024-08-03,West,Email
C04589,2025-02-28,East,Referral
C04590,2024-07-28,South,Paid Social
C04591,2025-04-30,South,Organic Search
C04592,2024-01-28,West,Referral
C04593,2024-02-20,West,Referral
C04594,2025-05-24,West,Organic Search
C04595,2025-03-07,East,Email
C04596,2024-01-31,West,Paid Social
C04597,2025-09-21,South,Paid Social
C04598,2024-01-04,East,Marketplace
C04599,2025-10-30,South,Paid Social
C04600,2025-05-25,East,Referral
C04601,2025-11-22,West,Referral
C04602,2025-10-26,West,Organic Search
C04603,2024-08-07,East,Paid Social
C04604,2025-06-13,East,Organic Search
C04605,2024-05-27,West,Organic Search
C04606,2024-11-26,West,Referral
C04607,2024-06-17,East,Organic Search
C04608,2024-12-06,North,Marketplace
C04609,2025-09-02,South,Paid Social
C04610,2024-11-01,West,Organic Search
C04611,2024-03-05,East,Marketplace
C04612,2024-08-15,East,Paid Social
C04613,2025-07-04,East,Referral
C04614,2024-12-31,South,Email
C04615,2025-01-27,South,Marketplace
C04616,2024-10-28,West,Organic Search
C04617,2024-07-23,South,Organic Search
C04618,2025-02-22,East,Marketplace
C04619,2025-03-19,East,Organic Search
C04620,2025-09-20,West,Email
C04621,2025-03-08,South,Referral
C04622,2025-11-27,East,Referral
C04623,2025-08-01,North,Email
C04624,2024-02-25,North,Marketplace
C04625,2024-10-01,South,Organic Search
C04626,2024-09-26,North,Referral
C04627,2024-01-03,West,Email
C04628,2024-05-06,West,Paid Social
C04629,2025-06-17,North,Marketplace
C04630,2024-09-03,West,Paid Social
C04631,2024-04-13,East,Organic Search
C04632,2024-07-20,East,Marketplace
C04633,2024-07-11,West,Marketplace
C04634,2024-05-02,East,Organic Search
C04635,2024-03-11,North,Email
C04636,2025-06-18,North,Organic Search
C04637,2025-07-31,South,Organic Search
C04638,2024-12-13,West,Organic Search
C04639,2025-03-06,East,Marketplace
C04640,2025-10-05,South,Organic Search
C04641,2025-08-12,North,Organic Search
C04642,2024-01-23,West,Email
C04643,2025-10-29,South,Paid Social
C04644,2024-02-16,East,Organic Search
C04645,2024-01-19,East,Organic Search
C04646,2024-10-09,North,Email
C04647,2025-06-06,North,Referral
C04648,2024-02-26,South,Email
C04649,2024-07-24,South,Organic Search
C04650,2024-07-02,East,Paid Social
C04651,2024-10-05,West,Email
C04652,2025-11-21,North,Organic Search
C04653,2024-08-19,East,Organic Search
C04654,2024-05-26,North,Paid Social
C04655,2024-03-26,North,Paid Social
C04656,2024-05-18,East,Organic Search
C04657,2024-04-03,East,Marketplace
C04658,2025-02-05,East,Paid Social
C04659,2024-10-21,North,Referral
C04660,2024-12-14,East,Organic Search
C04661,2025-08-05,South,Referral
C04662,2025-02-10,West,Referral
C04663,2024-04-18,East,Marketplace
C04664,2024-09-20,West,Paid Social
C04665,2024-08-06,North,Email
C04666,2025-08-01,South,Paid Social
C04667,2024-08-02,East,Referral
C04668,2024-04-07,South,Marketplace
C04669,2025-05-30,East,Referral
C04670,2024-10-26,East,Email
C04671,2024-03-08,West,Marketplace
C04672,2025-04-27,North,Marketplace
C04673,2024-05-27,West,Organic Search
C04674,2025-08-30,South,Organic Search
C04675,2025-08-05,South,Referral
C04676,2024-09-15,East,Marketplace
C04677,2025-01-23,North,Paid Social
C04678,2025-02-01,West,Paid Social
C04679,2025-04-02,West,Paid Social
C04680,2024-02-18,West,Organic Search
C04681,2024-08-15,West,Organic Search
C04682,2024-04-29,East,Organic Search
C04683,2025-05-03,South,Organic Search
C04684,2024-02-18,West,Email
C04685,2024-12-27,North,Paid Social
C04686,2025-05-24,West,Organic Search
C04687,2025-10-25,South,Paid Social
C04688,2024-07-20,East,Paid Social
C04689,2024-01-06,South,Paid Social
C04690,2025-05-21,South,Paid Social
C04691,2024-01-02,North,Organic Search
C04692,2024-02-16,South,Email
C04693,2025-11-24,South,Organic Search
C04694,2025-08-26,North,Organic Search
C04695,2025-05-10,North,Organic Search
C04696,2025-08-07,East,Paid Social
C04697,2024-02-22,South,Organic Search
C04698,2024-03-03,West,Paid Social
C04699,2024-07-29,North,Organic Search
C04700,2024-01-17,East,Organic Search
C04701,2025-09-13,North,Marketplace
C04702,2024-02-09,East,Paid Social
C04703,2025-01-15,East,Organic Search
C04704,2025-08-20,East,Paid Social
C04705,2025-05-29,South,Organic Search
C04706,2024-06-13,East,Email
C04707,2024-11-25,North,Organic Search
C04708,2025-01-18,South,Paid Social
C04709,2025-06-21,South,Marketplace
C04710,2024-10-25,East,Organic Search
C04711,2024-07-18,South,Organic Search
C04712,2025-07-10,East,Referral
C04713,2025-09-12,South,Marketplace
C04714,2024-12-08,North,Paid Social
C04715,2024-01-20,North,Referral
C04716,2024-12-16,North,Organic Search
C04717,2025-09-14,East,Referral
C04718,2025-11-23,West,Organic Search
C04719,2024-10-07,East,Referral
C04720,2024-04-15,South,Organic Search
C04721,2025-02-04,North,Paid Social
C04722,2025-08-04,West,Organic Search
C04723,2025-10-23,North,Email
C04724,2024-02-06,South,Email
C04725,2024-07-22,West,Marketplace
C04726,2024-11-30,South,Marketplace
C04727,2024-03-09,North,Paid Social
C04728,2025-09-12,North,Email
C04729,2024-03-19,East,Organic Search
C04730,2025-04-10,North,Marketplace
C04731,2025-10-05,East,Referral
C04732,2025-04-24,South,Paid Social
C04733,2025-06-18,South,Paid Social
C04734,2024-07-03,North,Email
C04735,2025-08-02,West,Marketplace
C04736,2024-10-20,South,Email
C04737,2024-02-12,East,Paid Social
C04738,2024-09-13,South,Paid Social
C04739,2024-09-01,North,Marketplace
C04740,2024-12-31,South,Referral
C04741,2024-07-04,East,Paid Social
C04742,2024-11-19,South,Referral
C04743,2024-10-26,West,Referral
C04744,2024-08-16,West,Email
C04745,2025-05-02,East,Referral
C04746,2024-08-01,East,Marketplace
C04747,2025-06-20,East,Marketplace
C04748,2024-06-24,East,Paid Social
C04749,2025-08-28,South,Organic Search
C04750,2024-09-12,West,Referral
C04751,2024-01-29,West,Referral
C04752,2024-04-14,North,Paid Social
C04753,2025-07-18,West,Marketplace
C04754,2025-09-02,West,Organic Search
C04755,2024-05-28,South,Organic Search
C04756,2025-02-25,West,Marketplace
C04757,2025-02-06,North,Marketplace
C04758,2024-04-03,North,Paid Social
C04759,2024-11-12,South,Organic Search
C04760,2025-04-30,East,Paid Social
C04761,2025-11-07,South,Paid Social
C04762,2025-08-16,West,Paid Social
C04763,2024-03-09,North,Organic Search
C04764,2024-06-15,South,Paid Social
C04765,2024-11-01,East,Referral
C04766,2024-04-15,North,Referral
C04767,2025-02-03,East,Referral
C04768,2024-01-07,South,Paid Social
C04769,2024-03-20,West,Paid Social
C04770,2024-02-03,East,Paid Social
C04771,2024-07-25,North,Marketplace
C04772,2025-06-17,North,Paid Social
C04773,2024-05-04,North,Referral
C04774,2025-11-22,West,Paid Social
C04775,2024-07-07,East,Marketplace
C04776,2024-02-01,South,Paid Social
C04777,2024-08-22,North,Paid Social
C04778,2025-06-07,West,Marketplace
C04779,2024-03-15,North,Organic Search
C04780,2024-02-20,East,Referral
C04781,2025-08-17,East,Paid Social
C04782,2025-02-18,South,Marketplace
C04783,2024-08-28,East,Email
C04784,2025-06-13,North,Organic Search
C04785,2025-08-14,South,Marketplace
C04786,2024-09-08,West,Email
C04787,2025-01-27,East,Referral
C04788,2024-01-08,West,Organic Search
C04789,2024-08-02,East,Organic Search
C04790,2025-02-20,North,Referral
C04791,2024-05-17,East,Paid Social
C04792,2025-11-24,East,Marketplace
C04793,2025-11-10,North,Organic Search
C04794,2024-06-29,South,Referral
C04795,2024-10-04,East,Organic Search
C04796,2024-05-12,East,Referral
C04797,2024-12-18,North,Organic Search
C04798,2024-03-27,West,Paid Social
C04799,2024-09-30,South,Organic Search
C04800,2025-01-23,North,Referral
C04801,2025-03-04,North,Paid Social
C04802,2025-02-21,West,Email
C04803,2024-06-03,South,Organic Search
C04804,2025-07-08,South,Referral
C04805,2025-04-29,North,Referral
C04806,2025-06-11,East,Organic Search
C04807,2024-11-23,East,Organic Search
C04808,2025-09-16,South,Paid Social
C04809,2024-09-29,West,Referral
C04810,2025-07-18,North,Marketplace
C04811,2024-05-22,North,Organic Search
C04812,2024-06-22,East,Email
C04813,2025-01-03,East,Email
C04814,2025-01-24,North,Referral
C04815,2025-06-06,East,Paid Social
C04816,2024-07-27,South,Marketplace
C04817,2025-09-02,East,Paid Social
C04818,2024-08-18,East,Marketplace
C04819,2025-01-08,West,Organic Search
C04820,2025-10-14,South,Email
C04821,2025-01-12,East,Marketplace
C04822,2025-04-22,East,Marketplace
C04823,2025-09-28,South,Paid Social
C04824,2025-11-13,North,Marketplace
C04825,2024-12-15,West,Organic Search
C04826,2024-10-18,North,Email
C04827,2024-05-17,East,Paid Social
C04828,2025-01-11,North,Referral
C04829,2025-10-04,West,Paid Social
C04830,2024-12-06,North,Organic Search
C04831,2024-08-31,West,Organic Search
C04832,2024-03-16,East,Organic Search
C04833,2024-09-29,North,Paid Social
C04834,2024-06-14,East,Marketplace
C04835,2025-11-14,East,Email
C04836,2025-01-04,South,Email
C04837,2024-04-05,North,Email
C04838,2024-02-17,East,Paid Social
C04839,2025-08-18,East,Paid Social
C04840,2025-10-14,South,Paid Social
C04841,2025-06-18,West,Organic Search
C04842,2024-03-27,North,Referral
C04843,2024-03-09,North,Email
C04844,2024-05-18,East,Referral
C04845,2025-06-09,North,Email
C04846,2025-06-19,North,Organic Search
C04847,2025-08-09,East,Email
C04848,2024-03-08,South,Organic Search
C04849,2024-04-17,North,Marketplace
C04850,2025-09-22,East,Organic Search
C04851,2025-10-12,East,Paid Social
C04852,2025-05-22,West,Paid Social
C04853,2024-03-15,East,Organic Search
C04854,2024-02-18,South,Paid Social
C04855,2024-02-08,North,Organic Search
C04856,2025-04-29,East,Referral
C04857,2025-08-15,North,Marketplace
C04858,2025-03-18,North,Paid Social
C04859,2024-07-02,West,Paid Social
C04860,2025-06-14,East,Marketplace
C04861,2024-02-11,East,Paid Social
C04862,2025-08-02,North,Marketplace
C04863,2025-09-16,North,Paid Social
C04864,2025-05-17,South,Paid Social
C04865,2025-09-07,East,Organic Search
C04866,2025-02-14,South,Organic Search
C04867,2024-11-23,North,Referral
C04868,2024-08-13,North,Marketplace
C04869,2025-10-07,East,Organic Search
C04870,2025-05-03,East,Marketplace
C04871,2024-05-13,North,Paid Social
C04872,2025-10-31,North,Paid Social
C04873,2024-02-11,North,Marketplace
C04874,2025-02-15,North,Marketplace
C04875,2024-05-13,East,Paid Social
C04876,2025-04-10,North,Organic Search
C04877,2024-10-15,East,Organic Search
C04878,2024-11-01,East,Organic Search
C04879,2025-04-15,West,Email
C04880,2025-06-13,West,Paid Social
C04881,2024-09-23,North,Email
C04882,2025-11-29,North,Organic Search
C04883,2024-12-14,South,Paid Social
C04884,2024-04-22,East,Paid Social
C04885,2024-01-05,North,Paid Social
C04886,2024-05-21,South,Referral
C04887,2025-04-28,South,Marketplace
C04888,2025-01-12,North,Marketplace
C04889,2024-08-24,East,Email
C04890,2024-12-02,East,Organic Search
C04891,2025-08-09,East,Marketplace
C04892,2025-02-04,West,Marketplace
C04893,2024-02-10,North,Marketplace
C04894,2024-02-04,North,Paid Social
C04895,2024-12-03,South,Organic Search
C04896,2024-10-09,East,Email
C04897,2025-08-18,East,Paid Social
C04898,2025-02-12,North,Paid Social
C04899,2025-06-13,West,Paid Social
C04900,2025-02-13,South,Referral
C04901,2024-08-29,South,Paid Social
C04902,2025-04-05,East,Email
C04903,2025-03-11,West,Referral
C04904,2025-05-19,East,Paid Social
C04905,2024-05-12,West,Organic Search
C04906,2025-03-25,North,Marketplace
C04907,2024-07-18,East,Paid Social
C04908,2025-07-07,West,Paid Social
C04909,2025-07-12,East,Paid Social
C04910,2025-03-13,South,Paid Social
C04911,2025-10-24,West,Email
C04912,2025-01-11,North,Organic Search
C04913,2024-01-18,South,Marketplace
C04914,2025-02-28,West,Organic Search
C04915,2025-06-28,West,Marketplace
C04916,2024-03-11,West,Referral
C04917,2024-03-14,West,Organic Search
C04918,2024-07-10,North,Referral
C04919,2025-08-13,West,Paid Social
C04920,2025-01-04,South,Marketplace
C04921,2025-11-14,East,Email
C04922,2025-09-03,South,Paid Social
C04923,2025-01-23,West,Paid Social
C04924,2025-04-20,East,Marketplace
C04925,2024-08-19,West,Referral
C04926,2024-03-04,North,Paid Social
C04927,2024-10-06,North,Paid Social
C04928,2025-02-18,South,Paid Social
C04929,2024-05-07,North,Email
C04930,2024-06-04,East,Referral
C04931,2024-01-11,South,Marketplace
C04932,2025-05-28,East,Referral
C04933,2025-09-21,North,Referral
C04934,2025-08-02,North,Paid Social
C04935,2024-09-22,East,Email
C04936,2025-02-19,South,Paid Social
C04937,2025-11-03,North,Marketplace
C04938,2025-02-17,North,Paid Social
C04939,2024-07-26,North,Email
C04940,2024-08-25,East,Marketplace
C04941,2025-05-23,North,Email
C04942,2024-11-08,South,Paid Social
C04943,2025-08-09,East,Email
C04944,2025-08-27,East,Organic Search
C04945,2024-01-26,East,Organic Search
C04946,2025-05-21,North,Email
C04947,2024-09-15,West,Email
C04948,2024-12-29,South,Organic Search
C04949,2024-07-04,South,Marketplace
C04950,2024-09-14,West,Paid Social
C04951,2024-08-19,East,Marketplace
C04952,2024-02-05,East,Email
C04953,2025-07-01,West,Marketplace
C04954,2024-04-10,North,Marketplace
C04955,2024-09-20,West,Marketplace
C04956,2024-05-15,East,Referral
C04957,2024-04-22,South,Organic Search
C04958,2024-09-18,North,Paid Social
C04959,2025-10-05,North,Email
C04960,2025-10-22,West,Organic Search
C04961,2024-09-24,North,Marketplace
C04962,2024-12-19,North,Organic Search
C04963,2025-11-20,East,Marketplace
C04964,2024-06-13,East,Paid Social
C04965,2025-10-23,North,Marketplace
C04966,2024-03-15,West,Marketplace
C04967,2024-06-07,East,Paid Social
C04968,2024-08-24,West,Email
C04969,2024-01-26,North,Organic Search
C04970,2025-07-25,North,Email
C04971,2025-08-21,East,Email
C04972,2024-09-25,North,Organic Search
C04973,2025-08-08,East,Organic Search
C04974,2025-06-24,North,Paid Social
C04975,2025-07-14,East,Organic Search
C04976,2025-07-15,West,Email
C04977,2025-02-05,West,Organic Search
C04978,2024-03-18,West,Marketplace
C04979,2025-10-08,West,Marketplace
C04980,2025-03-02,South,Marketplace
C04981,2025-09-22,South,Referral
C04982,2025-11-02,West,Organic Search
C04983,2024-05-11,West,Email
C04984,2024-10-08,West,Email
C04985,2024-05-14,East,Marketplace
C04986,2024-02-05,North,Paid Social
C04987,2025-11-07,West,Organic Search
C04988,2025-10-08,West,Marketplace
C04989,2025-10-14,East,Marketplace
C04990,2025-09-10,West,Organic Search
C04991,2025-03-30,East,Email
C04992,2024-12-31,West,Organic Search
C04993,2025-11-25,North,Referral
C04994,2025-01-21,West,Paid Social
C04995,2025-03-25,North,Paid Social
C04996,2024-05-28,South,Organic Search
C04997,2025-06-06,North,Organic Search
C04998,2025-07-27,South,Paid Social
C04999,2025-04-19,North,Organic Search
C05000,2024-12-15,West,Paid Social
C05001,2024-05-18,East,Referral
C05002,2024-01-24,West,Email
C05003,2025-03-15,North,Email
C05004,2025-04-23,North,Organic Search
C05005,2025-06-24,East,Organic Search
C05006,2025-10-27,East,Marketplace
C05007,2024-12-14,East,Marketplace
C05008,2025-08-03,West,Marketplace
C05009,2025-05-16,West,Marketplace
C05010,2024-07-13,East,Referral
C05011,2025-08-14,West,Marketplace
C05012,2024-02-07,East,Paid Social
C05013,2025-02-23,East,Email
C05014,2025-10-20,South,Marketplace
C05015,2025-04-06,North,Email
C05016,2025-10-17,North,Paid Social
C05017,2024-02-09,East,Paid Social
C05018,2025-01-07,East,Organic Search
C05019,2025-06-30,South,Paid Social
C05020,2025-03-25,East,Marketplace
C05021,2025-09-08,North,Email
C05022,2024-11-19,North,Organic Search
C05023,2025-04-22,West,Email
C05024,2024-10-20,South,Paid Social
C05025,2025-09-02,North,Referral
C05026,2024-03-24,South,Paid Social
C05027,2024-06-26,South,Paid Social
C05028,2024-03-08,East,Email
C05029,2025-05-06,West,Email
C05030,2024-06-11,East,Email
C05031,2024-08-09,East,Paid Social
C05032,2025-08-08,South,Email
C05033,2024-09-09,East,Organic Search
C05034,2024-04-12,South,Paid Social
C05035,2024-01-15,North,Referral
C05036,2024-06-07,West,Email
C05037,2025-10-02,South,Marketplace
C05038,2025-01-19,South,Paid Social
C05039,2025-11-27,North,Marketplace
C05040,2024-05-30,West,Paid Social
C05041,2024-09-03,North,Referral
C05042,2024-04-24,South,Marketplace
C05043,2024-10-05,West,Email
C05044,2025-01-29,South,Marketplace
C05045,2025-07-19,West,Email
C05046,2024-09-14,North,Organic Search
C05047,2025-06-24,East,Marketplace
C05048,2025-03-14,West,Marketplace
C05049,2024-07-23,East,Paid Social
C05050,2025-09-30,East,Organic Search
C05051,2024-10-30,South,Paid Social
C05052,2024-04-15,East,Marketplace
C05053,2025-11-04,West,Marketplace
C05054,2025-10-01,East,Marketplace
C05055,2024-02-04,West,Paid Social
C05056,2025-09-23,East,Organic Search
C05057,2025-10-25,East,Paid Social
C05058,2025-08-03,South,Paid Social
C05059,2024-06-27,East,Organic Search
C05060,2025-03-17,West,Organic Search
C05061,2025-01-11,East,Organic Search
C05062,2025-03-10,North,Organic Search
C05063,2025-03-07,East,Email
C05064,2025-03-23,East,Paid Social
C05065,2024-12-25,West,Paid Social
C05066,2025-04-28,North,Referral
C05067,2025-01-03,North,Marketplace
C05068,2024-01-12,South,Email
C05069,2024-01-25,North,Referral
C05070,2025-11-01,West,Email
C05071,2025-09-28,South,Email
C05072,2025-02-13,East,Email
C05073,2024-05-02,North,Paid Social
C05074,2025-07-01,South,Referral
C05075,2024-04-10,West,Paid Social
C05076,2024-09-21,South,Paid Social
C05077,2024-08-18,North,Organic Search
C05078,2024-01-09,North,Paid Social
C05079,2025-07-18,West,Paid Social
C05080,2024-12-22,West,Referral
C05081,2024-08-09,North,Paid Social
C05082,2024-12-21,East,Organic Search
C05083,2024-01-01,North,Paid Social
C05084,2024-11-01,East,Paid Social
C05085,2024-12-29,North,Email
C05086,2024-08-25,West,Paid Social
C05087,2025-08-04,West,Organic Search
C05088,2024-06-23,North,Organic Search
C05089,2024-04-06,South,Paid Social
C05090,2025-01-04,North,Organic Search
C05091,2025-09-13,South,Paid Social
C05092,2024-09-19,North,Referral
C05093,2024-02-02,North,Marketplace
C05094,2025-11-09,West,Referral
C05095,2024-11-07,North,Organic Search
C05096,2024-05-01,West,Paid Social
C05097,2025-03-06,North,Email
C05098,2024-08-11,East,Organic Search
C05099,2025-10-18,South,Marketplace
C05100,2024-07-24,West,Paid Social
C05101,2025-01-20,North,Organic Search
C05102,2025-01-15,North,Organic Search
C05103,2024-06-18,East,Marketplace
C05104,2024-12-15,East,Marketplace
C05105,2024-03-17,East,Marketplace
C05106,2025-03-26,North,Paid Social
C05107,2025-06-14,North,Email
C05108,2025-10-27,West,Organic Search
C05109,2024-08-16,East,Paid Social
C05110,2024-07-18,East,Email
C05111,2025-01-19,South,Marketplace
C05112,2025-04-29,North,Paid Social
C05113,2025-11-25,West,Paid Social
C05114,2024-01-18,East,Organic Search
C05115,2024-06-15,North,Paid Social
C05116,2024-07-02,West,Organic Search
C05117,2024-06-27,East,Marketplace
C05118,2024-11-20,South,Organic Search
C05119,2025-09-03,South,Email
C05120,2024-01-22,East,Organic Search
C05121,2025-07-25,South,Paid Social
C05122,2025-03-08,East,Organic Search
C05123,2025-03-06,East,Paid Social
C05124,2025-04-19,North,Paid Social
C05125,2024-03-21,West,Referral
C05126,2025-06-06,South,Marketplace
C05127,2024-06-22,South,Paid Social
C05128,2024-12-27,East,Referral
C05129,2025-04-18,East,Marketplace
C05130,2025-02-26,South,Organic Search
C05131,2024-08-14,East,Marketplace
C05132,2024-10-04,West,Marketplace
C05133,2024-11-29,West,Marketplace
C05134,2024-01-29,West,Referral
C05135,2025-05-23,North,Email
C05136,2024-03-10,South,Paid Social
C05137,2024-11-17,East,Referral
C05138,2025-04-03,North,Marketplace
C05139,2024-02-26,East,Organic Search
C05140,2025-11-27,South,Email
C05141,2024-09-21,South,Paid Social
C05142,2024-01-12,North,Organic Search
C05143,2025-04-06,South,Referral
C05144,2025-01-25,South,Email
C05145,2025-03-24,East,Referral
C05146,2025-06-09,East,Marketplace
C05147,2024-11-28,North,Paid Social
C05148,2025-08-01,North,Marketplace
C05149,2024-09-16,West,Referral
C05150,2025-01-16,North,Email
C05151,2024-04-20,East,Organic Search
C05152,2025-03-09,East,Paid Social
C05153,2024-07-02,East,Marketplace
C05154,2025-05-02,West,Organic Search
C05155,2025-07-14,East,Paid Social
C05156,2025-08-24,West,Email
C05157,2025-10-12,West,Email
C05158,2024-03-26,North,Marketplace
C05159,2024-04-06,North,Email
C05160,2025-10-10,South,Marketplace
C05161,2024-09-23,South,Paid Social
C05162,2024-01-19,East,Referral
C05163,2024-07-19,North,Marketplace
C05164,2025-08-08,North,Email
C05165,2024-09-05,South,Organic Search
C05166,2024-02-23,East,Paid Social
C05167,2025-05-20,East,Referral
C05168,2024-05-16,West,Email
C05169,2024-09-03,North,Paid Social
C05170,2024-01-03,South,Email
C05171,2025-02-25,West,Marketplace
C05172,2024-11-07,East,Organic Search
C05173,2025-08-29,East,Referral
C05174,2024-08-22,East,Referral
C05175,2024-05-23,North,Organic Search
C05176,2024-04-26,West,Paid Social
C05177,2024-05-20,East,Paid Social
C05178,2024-11-11,East,Email
C05179,2024-03-02,East,Paid Social
C05180,2024-10-08,South,Organic Search
C05181,2025-08-21,North,Paid Social
C05182,2025-06-21,East,Marketplace
C05183,2025-03-22,East,Referral
C05184,2025-09-17,North,Paid Social
C05185,2025-06-30,South,Marketplace
C05186,2025-04-01,West,Organic Search
C05187,2025-08-27,South,Paid Social
C05188,2024-03-28,South,Paid Social
C05189,2025-07-26,East,Email
C05190,2024-07-25,West,Marketplace
C05191,2025-05-28,East,Organic Search
C05192,2025-10-01,West,Email
C05193,2024-12-13,North,Email
C05194,2024-03-03,West,Marketplace
C05195,2024-09-16,West,Marketplace
C05196,2024-10-11,East,Email
C05197,2025-10-17,East,Organic Search
C05198,2025-10-21,North,Paid Social
C05199,2025-02-01,South,Marketplace
C05200,2025-10-27,North,Referral
C05201,2024-11-01,North,Paid Social
C05202,2024-10-14,West,Marketplace
C05203,2025-08-08,North,Marketplace
C05204,2025-04-12,East,Email
C05205,2024-12-31,South,Marketplace
C05206,2024-11-15,South,Organic Search
C05207,2025-05-08,South,Email
C05208,2025-06-11,South,Marketplace
C05209,2024-12-09,East,Organic Search
C05210,2024-01-23,West,Organic Search
C05211,2024-03-12,South,Email
C05212,2024-04-10,West,Paid Social
C05213,2024-11-19,East,Organic Search
C05214,2025-03-05,East,Organic Search
C05215,2025-07-16,North,Paid Social
C05216,2024-06-11,North,Paid Social
C05217,2025-07-04,West,Marketplace
C05218,2025-04-11,East,Referral
C05219,2024-02-06,South,Email
C05220,2024-09-02,West,Organic Search
C05221,2024-07-30,South,Paid Social
C05222,2025-09-12,East,Paid Social
C05223,2025-10-06,South,Marketplace
C05224,2025-07-27,West,Marketplace
C05225,2025-01-04,North,Paid Social
C05226,2024-12-10,North,Marketplace
C05227,2024-08-06,East,Organic Search
C05228,2025-06-25,North,Paid Social
C05229,2024-03-01,West,Email
C05230,2024-07-08,East,Paid Social
C05231,2024-04-04,North,Marketplace
C05232,2024-12-11,North,Organic Search
C05233,2024-07-28,West,Email
C05234,2024-05-18,East,Organic Search
C05235,2024-09-20,West,Organic Search
C05236,2025-08-25,North,Paid Social
C05237,2025-01-25,West,Marketplace
C05238,2025-07-30,East,Referral
C05239,2025-10-01,East,Referral
C05240,2025-09-23,South,Organic Search
C05241,2024-09-02,North,Organic Search
C05242,2025-09-06,West,Organic Search
C05243,2025-09-28,West,Email
C05244,2025-11-02,South,Organic Search
C05245,2024-09-02,West,Paid Social
C05246,2024-06-08,North,Referral
C05247,2025-02-12,North,Referral
C05248,2025-10-14,North,Paid Social
C05249,2025-09-22,South,Organic Search
C05250,2025-02-03,North,Paid Social
C05251,2024-04-14,South,Email
C05252,2024-10-22,North,Organic Search
C05253,2025-05-14,East,Email
C05254,2025-01-27,West,Organic Search
C05255,2024-08-29,East,Marketplace
C05256,2024-08-27,North,Marketplace
C05257,2024-02-11,East,Organic Search
C05258,2024-07-20,North,Paid Social
C05259,2025-04-13,East,Paid Social
C05260,2024-06-17,East,Marketplace
C05261,2025-11-26,South,Paid Social
C05262,2024-02-27,North,Referral
C05263,2025-02-16,West,Organic Search
C05264,2024-12-13,West,Organic Search
C05265,2025-08-06,East,Email
C05266,2025-09-13,West,Referral
C05267,2025-01-15,West,Marketplace
C05268,2025-03-17,North,Marketplace
C05269,2025-05-04,East,Referral
C05270,2024-12-30,South,Paid Social
C05271,2024-05-09,South,Marketplace
C05272,2024-10-27,North,Email
C05273,2024-06-18,West,Marketplace
C05274,2024-11-21,East,Marketplace
C05275,2025-03-06,North,Paid Social
C05276,2024-05-26,South,Email
C05277,2024-06-23,South,Email
C05278,2025-07-30,East,Organic Search
C05279,2024-09-21,West,Referral
C05280,2024-05-18,South,Paid Social
C05281,2025-05-14,South,Paid Social
C05282,2025-05-16,East,Organic Search
C05283,2025-08-01,South,Email
C05284,2025-06-15,East,Email
C05285,2025-11-25,North,Paid Social
C05286,2025-02-06,North,Organic Search
C05287,2024-07-19,South,Referral
C05288,2025-08-27,West,Organic Search
C05289,2024-07-04,South,Paid Social
C05290,2024-07-22,North,Paid Social
C05291,2025-08-02,East,Marketplace
C05292,2025-09-09,West,Paid Social
C05293,2024-08-25,South,Referral
C05294,2025-05-25,North,Marketplace
C05295,2025-10-07,East,Paid Social
C05296,2025-07-13,South,Marketplace
C05297,2024-01-04,East,Organic Search
C05298,2025-04-10,North,Paid Social
C05299,2024-04-28,North,Organic Search
C05300,2025-08-15,South,Referral
C05301,2024-02-16,East,Marketplace
C05302,2025-11-26,South,Referral
C05303,2024-05-04,North,Referral
C05304,2024-10-21,South,Organic Search
C05305,2024-06-12,East,Marketplace
C05306,2025-07-23,North,Paid Social
C05307,2024-10-02,East,Organic Search
C05308,2025-06-05,East,Marketplace
C05309,2024-02-17,South,Paid Social
C05310,2024-11-13,West,Paid Social
C05311,2025-09-29,West,Organic Search
C05312,2025-10-10,South,Organic Search
C05313,2024-05-26,North,Email
C05314,2024-10-03,South,Paid Social
C05315,2024-10-13,North,Marketplace
C05316,2025-01-30,East,Organic Search
C05317,2025-01-11,West,Referral
C05318,2024-03-15,West,Email
C05319,2025-06-17,South,Referral
C05320,2024-06-07,South,Paid Social
C05321,2024-08-08,North,Referral
C05322,2025-08-11,East,Email
C05323,2025-04-27,North,Marketplace
C05324,2024-10-04,West,Paid Social
C05325,2025-09-30,West,Paid Social
C05326,2024-10-02,North,Referral
C05327,2025-01-30,East,Paid Social
C05328,2024-06-21,East,Organic Search
C05329,2024-05-08,West,Marketplace
C05330,2024-12-10,South,Organic Search
C05331,2025-01-29,North,Organic Search
C05332,2025-07-18,East,Referral
C05333,2024-09-30,North,Organic Search
C05334,2025-09-18,East,Organic Search
C05335,2025-03-01,North,Organic Search
C05336,2024-02-19,East,Organic Search
C05337,2025-06-01,West,Paid Social
C05338,2025-02-06,North,Marketplace
C05339,2024-09-29,South,Paid Social
C05340,2024-11-23,East,Paid Social
C05341,2024-07-30,North,Referral
C05342,2025-03-05,East,Paid Social
C05343,2025-01-31,East,Paid Social
C05344,2024-11-09,South,Paid Social
C05345,2024-07-18,West,Paid Social
C05346,2024-10-06,East,Paid Social
C05347,2024-12-14,East,Organic Search
C05348,2024-11-26,North,Marketplace
C05349,2024-08-04,North,Marketplace
C05350,2025-02-11,North,Marketplace
C05351,2024-06-07,West,Organic Search
C05352,2024-12-16,West,Email
C05353,2024-03-26,West,Referral
C05354,2024-11-26,North,Organic Search
C05355,2025-07-02,East,Marketplace
C05356,2025-07-26,East,Email
C05357,2025-05-01,East,Organic Search
C05358,2025-06-05,North,Marketplace
C05359,2024-02-16,West,Organic Search
C05360,2024-08-26,North,Paid Social
C05361,2025-04-02,North,Organic Search
C05362,2025-07-14,West,Organic Search
C05363,2025-02-11,South,Marketplace
C05364,2025-08-20,South,Referral
C05365,2024-07-10,East,Organic Search
C05366,2024-04-17,West,Email
C05367,2024-03-01,North,Marketplace
C05368,2025-02-11,East,Marketplace
C05369,2025-04-10,South,Marketplace
C05370,2024-07-18,North,Marketplace
C05371,2025-07-02,South,Referral
C05372,2025-06-01,East,Paid Social
C05373,2024-09-09,North,Marketplace
C05374,2024-06-16,South,Organic Search
C05375,2025-06-03,East,Organic Search
C05376,2025-04-14,East,Paid Social
C05377,2024-04-29,East,Organic Search
C05378,2024-06-27,West,Referral
C05379,2024-12-06,South,Marketplace
C05380,2024-12-23,South,Paid Social
C05381,2024-04-26,South,Referral
C05382,2025-10-26,East,Paid Social
C05383,2024-09-29,North,Email
C05384,2024-09-23,South,Organic Search
C05385,2024-02-12,North,Organic Search
C05386,2025-09-05,South,Referral
C05387,2024-06-13,West,Paid Social
C05388,2025-11-21,East,Paid Social
C05389,2024-12-13,South,Paid Social
C05390,2025-09-04,East,Organic Search
C05391,2024-05-05,East,Email
C05392,2024-04-26,South,Paid Social
C05393,2025-07-14,South,Paid Social
C05394,2025-07-27,East,Marketplace
C05395,2025-01-15,North,Email
C05396,2024-01-23,East,Organic Search
C05397,2025-10-22,East,Referral
C05398,2024-10-02,East,Organic Search
C05399,2025-10-17,West,Organic Search
C05400,2025-09-01,East,Email
C05401,2025-08-19,East,Organic Search
C05402,2025-04-27,North,Organic Search
C05403,2025-04-16,East,Marketplace
C05404,2025-01-07,West,Email
C05405,2024-01-18,West,Marketplace
C05406,2024-09-28,West,Marketplace
C05407,2025-05-26,North,Paid Social
C05408,2025-07-22,East,Referral
C05409,2025-01-26,West,Paid Social
C05410,2025-05-11,East,Email
C05411,2024-01-16,East,Paid Social
C05412,2024-11-23,East,Organic Search
C05413,2024-12-21,East,Organic Search
C05414,2025-09-16,South,Email
C05415,2024-08-05,North,Organic Search
C05416,2024-06-09,West,Referral
C05417,2024-09-03,West,Marketplace
C05418,2024-04-29,West,Email
C05419,2025-01-25,South,Paid Social
C05420,2025-03-25,North,Organic Search
C05421,2025-07-14,South,Marketplace
C05422,2025-11-11,West,Referral
C05423,2024-02-21,East,Paid Social
C05424,2024-06-22,West,Marketplace
C05425,2024-07-29,South,Organic Search
C05426,2024-06-23,East,Paid Social
C05427,2025-08-02,East,Organic Search
C05428,2024-04-07,North,Organic Search
C05429,2024-01-21,West,Paid Social
C05430,2025-08-25,East,Email
C05431,2025-11-04,North,Paid Social
C05432,2024-06-07,North,Email
C05433,2024-08-20,West,Email
C05434,2024-12-18,East,Marketplace
C05435,2025-01-03,East,Organic Search
C05436,2025-11-24,East,Email
C05437,2024-10-09,South,Organic Search
C05438,2024-01-09,East,Email
C05439,2024-10-22,West,Paid Social
C05440,2025-01-24,North,Email
C05441,2024-12-27,East,Organic Search
C05442,2024-12-24,South,Referral
C05443,2025-10-07,South,Organic Search
C05444,2025-07-19,South,Organic Search
C05445,2024-06-25,West,Referral
C05446,2024-09-05,North,Paid Social
C05447,2025-04-12,South,Email
C05448,2024-10-14,East,Email
C05449,2024-10-26,North,Referral
C05450,2024-04-27,East,Email
C05451,2024-06-27,West,Email
C05452,2025-06-02,North,Marketplace
C05453,2025-08-13,North,Organic Search
C05454,2025-07-03,West,Referral
C05455,2024-08-03,North,Email
C05456,2024-04-05,North,Organic Search
C05457,2024-04-21,West,Organic Search
C05458,2024-10-02,West,Organic Search
C05459,2024-12-28,East,Referral
C05460,2025-09-17,East,Paid Social
C05461,2025-09-21,West,Referral
C05462,2024-01-02,East,Referral
C05463,2025-05-10,East,Referral
C05464,2024-07-28,West,Organic Search
C05465,2024-05-18,East,Email
C05466,2025-01-23,East,Referral
C05467,2024-01-24,South,Organic Search
C05468,2024-08-21,East,Organic Search
C05469,2025-01-21,East,Paid Social
C05470,2024-07-09,South,Marketplace
C05471,2025-02-19,South,Paid Social
C05472,2024-11-18,West,Organic Search
C05473,2025-07-13,South,Organic Search
C05474,2024-05-07,North,Organic Search
C05475,2024-02-09,South,Paid Social
C05476,2025-01-05,North,Email
C05477,2024-06-28,East,Paid Social
C05478,2025-05-09,South,Marketplace
C05479,2024-03-06,South,Organic Search
C05480,2025-02-06,West,Paid Social
C05481,2025-11-23,North,Email
C05482,2024-03-06,North,Email
C05483,2024-07-30,West,Marketplace
C05484,2025-08-14,East,Organic Search
C05485,2025-01-08,East,Paid Social
C05486,2024-05-02,West,Email
C05487,2024-05-29,West,Organic Search
C05488,2025-06-19,North,Email
C05489,2025-08-25,East,Paid Social
C05490,2024-09-09,East,Organic Search
C05491,2024-11-27,North,Email
C05492,2025-07-01,West,Email
C05493,2024-05-03,South,Marketplace
C05494,2024-05-24,West,Marketplace
C05495,2025-06-26,East,Organic Search
C05496,2024-05-10,East,Referral
C05497,2025-06-23,North,Marketplace
C05498,2024-12-13,West,Organic Search
C05499,2025-11-24,East,Paid Social
C05500,2024-01-24,North,Marketplace
C05501,2025-10-24,North,Organic Search
C05502,2024-06-06,East,Marketplace
C05503,2024-01-25,North,Paid Social
C05504,2025-05-21,East,Marketplace
C05505,2025-01-07,East,Referral
C05506,2025-08-09,North,Email
C05507,2024-03-16,East,Email
C05508,2024-02-26,North,Organic Search
C05509,2025-02-01,West,Referral
C05510,2025-09-09,West,Marketplace
C05511,2024-10-11,South,Marketplace
C05512,2025-07-12,East,Marketplace
C05513,2025-09-26,East,Referral
C05514,2025-08-31,West,Referral
C05515,2024-12-22,South,Referral
C05516,2025-05-03,East,Referral
C05517,2025-01-02,West,Referral
C05518,2025-04-16,North,Organic Search
C05519,2025-01-31,East,Organic Search
C05520,2025-01-02,North,Referral
C05521,2024-11-01,East,Paid Social
C05522,2025-04-01,South,Paid Social
C05523,2025-06-09,West,Organic Search
C05524,2025-10-05,South,Email
C05525,2025-03-05,North,Marketplace
C05526,2024-03-11,West,Referral
C05527,2025-02-15,West,Marketplace
C05528,2024-08-09,East,Marketplace
C05529,2024-01-19,East,Organic Search
C05530,2024-02-20,North,Organic Search
C05531,2025-02-17,East,Organic Search
C05532,2025-10-23,North,Organic Search
C05533,2024-12-19,North,Referral
C05534,2024-11-07,West,Organic Search
C05535,2024-03-03,East,Marketplace
C05536,2025-04-17,North,Referral
C05537,2024-02-08,North,Paid Social
C05538,2025-08-11,West,Marketplace
C05539,2025-07-25,North,Marketplace
C05540,2025-11-24,North,Email
C05541,2024-07-17,North,Email
C05542,2024-04-23,North,Marketplace
C05543,2024-07-28,South,Referral
C05544,2025-07-13,West,Marketplace
C05545,2024-06-02,South,Organic Search
C05546,2025-09-13,East,Referral
C05547,2024-04-17,East,Paid Social
C05548,2024-02-04,East,Organic Search
C05549,2024-06-02,East,Organic Search
C05550,2025-06-11,East,Organic Search
C05551,2025-02-25,East,Organic Search
C05552,2024-09-05,East,Organic Search
C05553,2025-04-04,East,Paid Social
C05554,2025-03-30,East,Email
C05555,2025-01-23,East,Referral
C05556,2024-12-25,North,Email
C05557,2024-03-12,East,Organic Search
C05558,2024-06-30,East,Marketplace
C05559,2025-01-04,South,Organic Search
C05560,2024-04-04,West,Paid Social
C05561,2024-11-29,South,Paid Social
C05562,2024-03-22,North,Marketplace
C05563,2025-07-05,West,Marketplace
C05564,2024-03-13,North,Email
C05565,2024-03-05,South,Email
C05566,2025-03-22,South,Paid Social
C05567,2024-06-03,West,Referral
C05568,2024-09-02,South,Organic Search
C05569,2024-08-07,East,Organic Search
C05570,2024-05-31,East,Marketplace
C05571,2025-06-17,East,Marketplace
C05572,2025-04-29,West,Paid Social
C05573,2024-06-16,West,Organic Search
C05574,2025-04-25,South,Organic Search
C05575,2025-05-14,West,Paid Social
C05576,2025-01-12,East,Organic Search
C05577,2025-02-08,North,Referral
C05578,2025-10-16,North,Organic Search
C05579,2024-11-13,East,Organic Search
C05580,2024-09-26,North,Organic Search
C05581,2025-01-12,East,Email
C05582,2025-08-08,South,Paid Social
C05583,2025-05-11,East,Paid Social
C05584,2024-02-22,North,Referral
C05585,2024-11-17,West,Email
C05586,2025-06-01,South,Paid Social
C05587,2024-06-05,North,Email
C05588,2025-11-22,South,Organic Search
C05589,2025-07-19,South,Referral
C05590,2025-08-15,East,Paid Social
C05591,2024-02-27,East,Marketplace
C05592,2025-02-09,North,Marketplace
C05593,2025-01-04,West,Email
C05594,2025-03-14,South,Marketplace
C05595,2025-08-18,North,Organic Search
C05596,2024-09-04,East,Referral
C05597,2025-01-08,East,Organic Search
C05598,2025-04-20,East,Organic Search
C05599,2025-06-11,South,Paid Social
C05600,2025-06-23,South,Email
C05601,2024-08-23,East,Email
C05602,2025-11-29,North,Marketplace
C05603,2024-01-07,South,Referral
C05604,2024-12-10,West,Marketplace
C05605,2025-03-02,East,Marketplace
C05606,2024-02-12,South,Marketplace
C05607,2024-11-11,North,Organic Search
C05608,2025-02-21,East,Paid Social
C05609,2025-03-01,North,Email
C05610,2024-03-24,North,Marketplace
C05611,2024-07-13,North,Organic Search
C05612,2024-06-20,East,Paid Social
C05613,2025-03-23,East,Paid Social
C05614,2024-08-18,North,Organic Search
C05615,2025-02-04,North,Email
C05616,2025-05-26,East,Organic Search
C05617,2025-07-12,East,Paid Social
C05618,2024-05-08,East,Email
C05619,2025-09-24,North,Paid Social
C05620,2024-04-26,East,Organic Search
C05621,2024-01-16,West,Referral
C05622,2024-02-01,East,Paid Social
C05623,2024-05-20,North,Marketplace
C05624,2025-09-03,East,Email
C05625,2024-05-25,South,Marketplace
C05626,2025-04-30,North,Organic Search
C05627,2024-10-19,South,Email
C05628,2024-01-28,West,Referral
C05629,2024-11-06,South,Email
C05630,2024-01-20,West,Paid Social
C05631,2024-11-29,East,Organic Search
C05632,2025-01-26,East,Organic Search
C05633,2024-12-30,North,Marketplace
C05634,2024-07-16,East,Email
C05635,2025-06-20,North,Organic Search
C05636,2025-02-21,South,Referral
C05637,2024-06-27,North,Email
C05638,2024-10-31,South,Referral
C05639,2024-03-16,East,Paid Social
C05640,2025-10-08,North,Marketplace
C05641,2025-06-11,South,Referral
C05642,2024-07-20,West,Email
C05643,2025-04-17,North,Referral
C05644,2025-04-20,South,Email
C05645,2025-03-02,South,Organic Search
C05646,2024-02-07,South,Marketplace
C05647,2025-09-06,East,Organic Search
C05648,2025-10-31,North,Marketplace
C05649,2025-11-12,South,Marketplace
C05650,2025-11-17,East,Referral
C05651,2025-10-12,South,Referral
C05652,2025-06-01,West,Organic Search
C05653,2024-02-09,West,Paid Social
C05654,2024-11-21,North,Referral
C05655,2024-06-20,South,Organic Search
C05656,2024-06-02,North,Organic Search
C05657,2025-08-04,North,Marketplace
C05658,2025-07-22,South,Paid Social
C05659,2024-12-31,East,Paid Social
C05660,2025-05-30,South,Organic Search
C05661,2024-03-31,North,Referral
C05662,2024-06-04,North,Paid Social
C05663,2025-08-25,West,Email
C05664,2024-11-11,West,Paid Social
C05665,2025-01-17,North,Organic Search
C05666,2024-11-19,East,Paid Social
C05667,2024-05-21,South,Organic Search
C05668,2025-08-01,East,Marketplace
C05669,2025-06-14,East,Organic Search
C05670,2025-04-23,West,Organic Search
C05671,2024-09-04,North,Paid Social
C05672,2025-03-26,South,Organic Search
C05673,2025-10-29,West,Paid Social
C05674,2025-03-30,North,Paid Social
C05675,2024-12-11,North,Marketplace
C05676,2024-07-08,East,Organic Search
C05677,2024-12-31,East,Referral
C05678,2024-09-17,East,Email
C05679,2025-03-03,East,Organic Search
C05680,2024-02-01,East,Referral
C05681,2024-05-13,North,Marketplace
C05682,2025-07-04,East,Email
C05683,2024-09-23,East,Marketplace
C05684,2024-10-30,West,Email
C05685,2025-01-15,North,Paid Social
C05686,2024-11-02,North,Marketplace
C05687,2025-06-15,East,Organic Search
C05688,2024-06-20,North,Referral
C05689,2025-06-14,North,Email
C05690,2024-05-26,West,Marketplace
C05691,2024-09-16,East,Marketplace
C05692,2025-02-15,South,Organic Search
C05693,2025-09-12,North,Email
C05694,2024-06-11,North,Organic Search
C05695,2025-02-15,East,Email
C05696,2024-02-14,South,Email
C05697,2024-02-22,North,Organic Search
C05698,2025-06-21,South,Marketplace
C05699,2025-05-18,North,Paid Social
C05700,2024-09-20,North,Paid Social
C05701,2025-03-12,North,Marketplace
C05702,2024-09-23,East,Referral
C05703,2024-07-13,North,Referral
C05704,2024-10-28,South,Organic Search
C05705,2024-08-06,South,Organic Search
C05706,2025-07-24,South,Organic Search
C05707,2024-10-15,North,Paid Social
C05708,2024-08-12,North,Paid Social
C05709,2025-01-10,North,Paid Social
C05710,2025-06-14,South,Email
C05711,2024-07-10,East,Organic Search
C05712,2025-10-19,North,Referral
C05713,2024-11-20,East,Marketplace
C05714,2025-04-07,East,Organic Search
C05715,2025-11-01,North,Referral
C05716,2024-10-29,North,Organic Search
C05717,2024-05-19,North,Paid Social
C05718,2025-06-07,North,Email
C05719,2024-01-05,East,Organic Search
C05720,2024-11-16,North,Paid Social
C05721,2025-11-16,West,Marketplace
C05722,2024-10-17,South,Organic Search
C05723,2025-04-23,East,Email
C05724,2025-01-02,East,Referral
C05725,2024-05-30,East,Organic Search
C05726,2024-08-10,West,Email
C05727,2025-01-01,West,Paid Social
C05728,2024-03-13,South,Organic Search
C05729,2024-10-17,North,Marketplace
C05730,2024-10-17,South,Paid Social
C05731,2025-08-07,North,Email
C05732,2024-03-27,East,Organic Search
C05733,2025-08-12,South,Organic Search
C05734,2024-10-14,South,Email
C05735,2025-03-31,East,Email
C05736,2025-01-24,North,Organic Search
C05737,2024-07-28,East,Email
C05738,2025-10-13,South,Paid Social
C05739,2024-06-06,East,Paid Social
C05740,2024-01-26,East,Email
C05741,2025-06-09,North,Referral
C05742,2025-03-11,East,Paid Social
C05743,2025-09-15,North,Email
C05744,2024-11-16,East,Paid Social
C05745,2024-01-12,East,Marketplace
C05746,2024-01-15,South,Email
C05747,2024-10-30,East,Paid Social
C05748,2024-06-23,West,Paid Social
C05749,2025-10-07,East,Marketplace
C05750,2024-03-23,East,Marketplace
C05751,2025-09-08,East,Organic Search
C05752,2024-05-31,South,Organic Search
C05753,2024-03-24,East,Paid Social
C05754,2024-07-11,West,Marketplace
C05755,2024-04-10,North,Marketplace
C05756,2024-10-07,North,Email
C05757,2024-08-19,North,Organic Search
C05758,2025-01-05,North,Marketplace
C05759,2025-01-10,South,Organic Search
C05760,2024-01-01,North,Paid Social
C05761,2024-03-28,East,Paid Social
C05762,2024-04-23,North,Paid Social
C05763,2024-05-16,North,Referral
C05764,2024-03-06,East,Organic Search
C05765,2024-08-08,South,Organic Search
C05766,2025-01-19,South,Email
C05767,2024-08-04,East,Organic Search
C05768,2024-08-18,West,Paid Social
C05769,2024-11-24,East,Organic Search
C05770,2025-01-18,North,Paid Social
C05771,2024-08-19,North,Organic Search
C05772,2024-06-04,West,Email
C05773,2024-10-13,East,Paid Social
C05774,2024-01-17,East,Organic Search
C05775,2024-12-10,East,Marketplace
C05776,2025-10-20,North,Organic Search
C05777,2024-10-05,South,Email
C05778,2024-03-16,East,Organic Search
C05779,2025-05-09,West,Marketplace
C05780,2024-03-29,North,Organic Search
C05781,2024-05-15,East,Referral
C05782,2024-04-12,North,Referral
C05783,2025-09-10,West,Referral
C05784,2025-11-17,North,Email
C05785,2025-02-02,East,Organic Search
C05786,2025-03-08,North,Paid Social
C05787,2025-03-27,East,Marketplace
C05788,2025-03-03,East,Marketplace
C05789,2025-01-15,South,Paid Social
C05790,2025-11-21,West,Referral
C05791,2025-05-28,West,Email
C05792,2024-03-02,West,Email
C05793,2024-10-01,South,Marketplace
C05794,2025-11-13,East,Marketplace
C05795,2024-10-09,East,Paid Social
C05796,2024-05-22,East,Referral
C05797,2025-08-30,South,Paid Social
C05798,2025-03-12,East,Organic Search
C05799,2025-01-28,North,Marketplace
C05800,2024-10-21,South,Referral
C05801,2024-03-28,North,Organic Search
C05802,2024-09-25,South,Email
C05803,2024-11-02,North,Organic Search
C05804,2025-10-13,North,Organic Search
C05805,2024-08-03,East,Referral
C05806,2024-04-14,East,Email
C05807,2024-10-26,North,Paid Social
C05808,2025-11-28,East,Organic Search
C05809,2024-12-03,West,Referral
C05810,2024-09-22,West,Organic Search
C05811,2025-04-11,West,Marketplace
C05812,2025-03-30,West,Organic Search
C05813,2024-07-28,East,Marketplace
C05814,2025-11-08,West,Organic Search
C05815,2025-02-19,West,Organic Search
C05816,2024-02-10,South,Paid Social
C05817,2024-10-12,West,Email
C05818,2025-10-08,East,Marketplace
C05819,2024-10-02,East,Paid Social
C05820,2025-02-01,West,Paid Social
C05821,2025-03-04,South,Organic Search
C05822,2025-05-08,South,Referral
C05823,2025-09-02,East,Paid Social
C05824,2024-04-14,East,Marketplace
C05825,2024-12-27,West,Paid Social
C05826,2025-01-08,West,Email
C05827,2024-04-16,East,Marketplace
C05828,2025-04-16,West,Organic Search
C05829,2024-03-23,North,Paid Social
C05830,2024-11-15,West,Marketplace
C05831,2024-08-19,North,Paid Social
C05832,2024-04-18,East,Referral
C05833,2025-07-29,North,Marketplace
C05834,2024-06-19,East,Organic Search
C05835,2024-06-27,South,Marketplace
C05836,2025-08-21,North,Paid Social
C05837,2025-09-06,East,Referral
C05838,2024-01-25,East,Paid Social
C05839,2024-07-13,North,Paid Social
C05840,2025-05-11,East,Organic Search
C05841,2025-06-28,North,Organic Search
C05842,2025-11-30,North,Paid Social
C05843,2025-01-23,North,Paid Social
C05844,2024-01-06,East,Referral
C05845,2025-09-03,East,Organic Search
C05846,2024-04-22,East,Organic Search
C05847,2024-03-25,West,Organic Search
C05848,2025-04-16,East,Paid Social
C05849,2025-02-26,East,Organic Search
C05850,2024-02-11,West,Organic Search
C05851,2024-04-28,South,Referral
C05852,2025-02-16,North,Email
C05853,2024-06-27,North,Email
C05854,2025-04-23,East,Organic Search
C05855,2024-10-15,East,Marketplace
C05856,2025-02-15,North,Referral
C05857,2024-11-28,West,Referral
C05858,2024-09-12,West,Organic Search
C05859,2024-08-27,North,Organic Search
C05860,2025-05-03,North,Paid Social
C05861,2024-12-26,North,Organic Search
C05862,2025-02-20,South,Email
C05863,2025-02-08,West,Paid Social
C05864,2024-05-25,East,Organic Search
C05865,2025-10-01,North,Organic Search
C05866,2025-01-29,South,Organic Search
C05867,2025-05-17,North,Paid Social
C05868,2025-09-09,South,Organic Search
C05869,2025-10-09,South,Paid Social
C05870,2025-04-11,East,Organic Search
C05871,2025-07-04,East,Referral
C05872,2024-11-26,West,Marketplace
C05873,2025-05-31,North,Marketplace
C05874,2024-08-13,East,Referral
C05875,2025-05-13,North,Paid Social
C05876,2024-03-01,South,Email
C05877,2025-10-01,West,Marketplace
C05878,2024-06-20,East,Paid Social
C05879,2025-04-04,North,Organic Search
C05880,2024-01-08,South,Email
C05881,2024-04-19,East,Organic Search
C05882,2025-11-21,West,Email
C05883,2025-08-06,East,Organic Search
C05884,2024-06-04,North,Organic Search
C05885,2024-04-01,South,Email
C05886,2025-07-24,North,Email
C05887,2025-11-24,North,Referral
C05888,2024-04-28,East,Marketplace
C05889,2025-04-09,East,Marketplace
C05890,2024-07-17,North,Paid Social
C05891,2025-06-05,East,Marketplace
C05892,2024-10-19,East,Paid Social
C05893,2024-03-28,East,Organic Search
C05894,2024-08-15,North,Marketplace
C05895,2025-01-12,South,Paid Social
C05896,2025-07-12,North,Marketplace
C05897,2024-01-15,North,Organic Search
C05898,2025-11-01,South,Organic Search
C05899,2025-03-30,South,Organic Search
C05900,2025-09-04,North,Referral
C05901,2025-10-13,North,Marketplace
C05902,2024-04-17,West,Paid Social
C05903,2024-03-06,East,Organic Search
C05904,2025-06-27,South,Paid Social
C05905,2024-05-11,West,Paid Social
C05906,2024-04-13,North,Referral
C05907,2024-11-23,South,Referral
C05908,2025-10-01,West,Organic Search
C05909,2025-07-10,South,Paid Social
C05910,2024-12-28,North,Referral
C05911,2024-05-17,South,Organic Search
C05912,2024-08-23,East,Paid Social
C05913,2025-04-26,East,Referral
C05914,2024-04-19,South,Paid Social
C05915,2025-01-02,South,Organic Search
C05916,2024-01-09,North,Organic Search
C05917,2024-08-15,East,Email
C05918,2024-06-22,North,Organic Search
C05919,2025-04-21,West,Email
C05920,2025-10-01,East,Paid Social
C05921,2024-04-12,South,Paid Social
C05922,2025-07-12,East,Email
C05923,2025-04-04,North,Paid Social
C05924,2025-11-09,South,Organic Search
C05925,2025-09-30,South,Organic Search
C05926,2024-03-11,South,Email
C05927,2025-06-04,East,Paid Social
C05928,2025-02-18,West,Email
C05929,2024-03-20,South,Paid Social
C05930,2024-06-29,South,Paid Social
C05931,2025-10-10,East,Organic Search
C05932,2025-01-15,South,Organic Search
C05933,2024-08-24,North,Marketplace
C05934,2024-08-12,West,Organic Search
C05935,2025-08-09,West,Marketplace
C05936,2024-07-17,West,Organic Search
C05937,2024-04-21,North,Paid Social
C05938,2025-02-05,North,Organic Search
C05939,2025-11-25,South,Email
C05940,2024-05-08,West,Organic Search
C05941,2024-06-27,North,Referral
C05942,2024-11-24,North,Marketplace
C05943,2024-05-19,North,Referral
C05944,2025-03-31,East,Organic Search
C05945,2024-06-26,East,Email
C05946,2024-03-30,East,Paid Social
C05947,2024-07-01,North,Organic Search
C05948,2025-10-13,East,Paid Social
C05949,2025-10-16,South,Email
C05950,2024-12-20,North,Paid Social
C05951,2024-10-07,South,Email
C05952,2025-07-27,East,Email
C05953,2024-05-15,South,Paid Social
C05954,2025-04-02,West,Paid Social
C05955,2025-04-21,South,Email
C05956,2025-05-12,South,Paid Social
C05957,2024-06-01,East,Organic Search
C05958,2025-05-16,East,Paid Social
C05959,2025-03-04,North,Marketplace
C05960,2025-09-04,East,Organic Search
C05961,2024-05-02,North,Organic Search
C05962,2025-03-05,South,Organic Search
C05963,2025-08-03,East,Organic Search
C05964,2024-07-13,East,Marketplace
C05965,2025-06-04,South,Paid Social
C05966,2024-03-10,North,Email
C05967,2025-05-17,East,Email
C05968,2025-02-28,South,Paid Social
C05969,2024-05-14,West,Email
C05970,2024-02-16,East,Marketplace
C05971,2025-06-05,West,Email
C05972,2024-06-17,South,Email
C05973,2024-12-14,West,Paid Social
C05974,2024-02-12,North,Marketplace
C05975,2025-11-05,South,Organic Search
C05976,2025-01-19,North,Email
C05977,2025-10-14,North,Paid Social
C05978,2024-04-22,West,Referral
C05979,2024-05-24,East,Marketplace
C05980,2025-03-03,East,Referral
C05981,2025-02-27,East,Organic Search
C05982,2025-07-07,East,Email
C05983,2025-10-11,East,Marketplace
C05984,2025-07-29,West,Referral
C05985,2024-04-08,East,Marketplace
C05986,2024-08-04,East,Marketplace
C05987,2025-10-01,South,Marketplace
C05988,2025-01-19,West,Paid Social
C05989,2025-08-29,North,Paid Social
C05990,2025-01-29,South,Marketplace
C05991,2024-02-04,West,Marketplace
C05992,2024-11-27,North,Organic Search
C05993,2025-07-31,North,Organic Search
C05994,2025-04-03,South,Paid Social
C05995,2024-04-02,South,Email
C05996,2024-05-27,West,Marketplace
C05997,2025-08-21,West,Referral
C05998,2025-11-16,South,Organic Search
C05999,2025-06-11,West,Paid Social
C06000,2024-03-09,East,Marketplace
