order_id,customer_id,order_date,category,region,quantity,unit_price,discount,revenue,cost,returned
O103202,C01488,2024-01-01,Electronics,North,3,228.44,0.0,685.32,493.43,1
O105296,C02442,2024-01-02,Fashion,West,2,86.33,0.05,164.03,77.7,0
O111361,C05297,2024-01-04,Fashion,East,2,124.64,0.1,224.35,112.18,1
O108841,C04111,2024-01-04,Beauty,West,1,37.18,0.3,26.03,14.87,0
O104210,C01949,2024-01-04,Electronics,East,1,522.2,0.2,417.76,375.98,0
O101810,C00845,2024-01-04,Home & Kitchen,West,1,71.03,0.15,60.38,39.07,0
O110098,C04691,2024-01-05,Home & Kitchen,North,3,46.36,0.2,111.26,76.49,0
O102556,C01190,2024-01-06,Home & Kitchen,South,3,113.05,0.15,288.28,186.53,1
O100817,C00381,2024-01-06,Home & Kitchen,South,1,135.35,0.0,135.35,74.44,0
O105015,C02316,2024-01-06,Beauty,South,3,56.63,0.0,169.89,67.96,0
O112319,C05719,2024-01-07,Fashion,East,1,122.86,0.0,122.86,55.29,0
O109957,C04627,2024-01-07,Beauty,West,1,19.94,0.05,18.94,7.98,0
O109896,C04598,2024-01-07,Sports,East,2,201.78,0.0,403.56,234.06,0
O112582,C05844,2024-01-07,Fashion,East,3,75.36,0.0,226.08,101.74,0
O106030,C02789,2024-01-07,Books,West,1,18.16,0.2,14.53,9.08,0
O101663,C00773,2024-01-07,Home & Kitchen,East,1,43.55,0.0,43.55,23.95,0
O110094,C04689,2024-01-07,Fashion,South,3,62.76,0.0,188.28,84.73,0
O104138,C01913,2024-01-08,Sports,South,1,51.17,0.0,51.17,29.68,0
O110259,C04768,2024-01-09,Electronics,South,2,152.07,0.0,304.14,218.98,0
O112408,C05760,2024-01-10,Beauty,North,2,39.76,0.2,63.62,31.81,0
O108167,C03799,2024-01-11,Fashion,East,1,48.18,0.05,45.77,21.68,0
O111665,C05438,2024-01-11,Books,East,1,14.4,0.3,10.08,7.2,0
O106695,C03103,2024-01-11,Fashion,West,2,81.88,0.0,163.76,73.69,0
O104766,C02202,2024-01-11,Beauty,North,2,54.8,0.05,104.12,43.84,0
O109092,C04230,2024-01-11,Fashion,West,1,31.13,0.05,29.57,14.01,0
O109465,C04393,2024-01-11,Beauty,North,3,30.17,0.05,85.98,36.2,0
O102775,C01294,2024-01-11,Home & Kitchen,East,2,72.3,0.0,144.6,79.53,0
O104314,C01996,2024-01-12,Electronics,North,2,441.09,0.0,882.18,635.17,1
O108397,C03904,2024-01-12,Fashion,South,2,116.42,0.05,221.2,104.78,0
O110921,C05083,2024-01-12,Sports,North,1,135.09,0.05,128.34,78.35,0
O102522,C01175,2024-01-12,Fashion,East,3,76.44,0.1,206.39,103.19,0
O106931,C03217,2024-01-12,Home & Kitchen,East,1,81.96,0.0,81.96,45.08,0
O108725,C04055,2024-01-12,Electronics,North,2,445.95,0.0,891.9,642.17,0
O104889,C02259,2024-01-12,Books,South,2,31.57,0.1,56.83,31.57,0
O102664,C01237,2024-01-13,Fashion,South,2,102.73,0.05,195.19,92.46,1
O103026,C01409,2024-01-13,Fashion,West,1,120.0,0.05,114.0,54.0,0
O108706,C04046,2024-01-13,Beauty,West,1,50.1,0.0,50.1,20.04,0
O102933,C01366,2024-01-13,Sports,North,1,38.13,0.0,38.13,22.12,0
O110260,C04768,2024-01-13,Sports,South,3,140.83,0.1,380.24,245.04,0
O102307,C01070,2024-01-14,Electronics,North,1,227.93,0.0,227.93,164.11,0
O110912,C05078,2024-01-14,Fashion,North,2,52.18,0.0,104.36,46.96,0
O107866,C03674,2024-01-14,Fashion,South,2,73.29,0.15,124.59,65.96,0
O101005,C00465,2024-01-14,Fashion,East,1,42.9,0.0,42.9,19.3,0
O111666,C05438,2024-01-14,Sports,East,1,53.68,0.05,51.0,31.13,0
O103647,C01682,2024-01-14,Fashion,North,2,49.05,0.0,98.1,44.14,0
O110504,C04885,2024-01-14,Fashion,North,3,49.84,0.3,104.66,67.28,0
O110099,C04691,2024-01-14,Fashion,North,2,64.28,0.05,122.13,57.85,0
O112668,C05880,2024-01-15,Home & Kitchen,South,2,119.11,0.0,238.22,131.02,0
O110305,C04788,2024-01-15,Fashion,West,1,115.25,0.0,115.25,51.86,0
O111111,C05170,2024-01-15,Fashion,South,1,33.89,0.0,33.89,15.25,1
O101528,C00707,2024-01-15,Fashion,South,1,104.27,0.05,99.06,46.92,0
O103923,C01807,2024-01-15,Books,South,2,13.47,0.0,26.94,13.47,0
O100621,C00300,2024-01-16,Fashion,North,1,50.94,0.1,45.85,22.92,0
O103518,C01624,2024-01-16,Fashion,West,2,131.36,0.3,183.9,118.22,0
O103312,C01532,2024-01-16,Home & Kitchen,South,3,43.15,0.0,129.45,71.2,0
O103446,C01594,2024-01-16,Books,North,2,16.4,0.0,32.8,16.4,0
O107304,C03399,2024-01-17,Electronics,East,1,502.87,0.0,502.87,362.07,0
O111720,C05462,2024-01-17,Fashion,East,1,114.04,0.0,114.04,51.32,0
O105687,C02628,2024-01-17,Sports,East,1,47.41,0.0,47.41,27.5,0
O108827,C04104,2024-01-17,Home & Kitchen,North,3,74.35,0.0,223.05,122.68,0
O103778,C01739,2024-01-17,Home & Kitchen,North,3,39.29,0.0,117.87,64.83,0
O104767,C02202,2024-01-17,Books,North,2,34.89,0.05,66.29,34.89,0
O101936,C00901,2024-01-17,Home & Kitchen,North,1,143.35,0.0,143.35,78.84,0
O108143,C03788,2024-01-17,Beauty,East,3,61.76,0.15,157.49,74.11,0
O101905,C00889,2024-01-18,Home & Kitchen,West,1,140.69,0.15,119.59,77.38,0
O100561,C00272,2024-01-18,Sports,East,1,56.84,0.0,56.84,32.97,0
O112740,C05916,2024-01-18,Home & Kitchen,North,1,115.84,0.0,115.84,63.71,0
O105191,C02401,2024-01-18,Sports,East,1,46.87,0.0,46.87,27.18,0
O103301,C01529,2024-01-19,Electronics,North,3,329.33,0.2,790.39,711.35,0
O105862,C02712,2024-01-19,Sports,East,1,39.15,0.05,37.19,22.71,0
O103187,C01482,2024-01-19,Home & Kitchen,East,1,96.91,0.15,82.37,53.3,0
O112040,C05603,2024-01-19,Home & Kitchen,South,2,166.6,0.0,333.2,183.26,0
O107392,C03442,2024-01-19,Fashion,West,1,22.47,0.0,22.47,10.11,1
O100210,C00104,2024-01-19,Home & Kitchen,East,1,45.29,0.0,45.29,24.91,0
O105699,C02636,2024-01-19,Home & Kitchen,East,1,135.14,0.0,135.14,74.33,0
O105719,C02646,2024-01-19,Electronics,North,2,271.55,0.1,488.79,391.03,0
O105044,C02329,2024-01-19,Sports,South,1,141.5,0.3,99.05,82.07,0
O108884,C04131,2024-01-19,Books,South,2,37.69,0.1,67.84,37.69,0
O105192,C02401,2024-01-20,Home & Kitchen,East,1,92.89,0.1,83.6,51.09,0
O101033,C00478,2024-01-20,Books,West,2,35.72,0.15,60.72,35.72,0
O100345,C00170,2024-01-20,Home & Kitchen,East,1,113.05,0.0,113.05,62.18,1
O100879,C00410,2024-01-20,Fashion,North,1,43.24,0.0,43.24,19.46,0
O111043,C05142,2024-01-20,Electronics,North,1,273.48,0.0,273.48,196.91,0
O102738,C01279,2024-01-20,Books,South,3,33.91,0.15,86.47,50.86,0
O100630,C00303,2024-01-20,Sports,North,1,183.16,0.0,183.16,106.23,0
O103350,C01550,2024-01-20,Home & Kitchen,South,1,172.16,0.1,154.94,94.69,0
O108296,C03858,2024-01-21,Electronics,South,2,527.15,0.0,1054.3,759.1,0
O109992,C04645,2024-01-21,Home & Kitchen,East,1,106.49,0.0,106.49,58.57,0
O107532,C03505,2024-01-21,Electronics,East,1,414.45,0.0,414.45,298.4,0
O102793,C01300,2024-01-21,Sports,East,3,138.77,0.05,395.49,241.46,0
O100925,C00429,2024-01-21,Home & Kitchen,West,3,139.52,0.05,397.63,230.21,0
O111095,C05162,2024-01-21,Home & Kitchen,East,2,68.76,0.0,137.52,75.64,0
O101726,C00801,2024-01-21,Home & Kitchen,North,1,51.91,0.0,51.91,28.55,0
O106879,C03191,2024-01-22,Sports,West,1,239.29,0.05,227.33,138.79,0
O100983,C00454,2024-01-22,Electronics,North,1,282.23,0.15,239.9,203.21,0
O103516,C01622,2024-01-22,Beauty,West,1,47.33,0.0,47.33,18.93,0
O111647,C05429,2024-01-22,Fashion,West,1,65.91,0.05,62.61,29.66,0
O107995,C03725,2024-01-22,Fashion,South,1,60.15,0.05,57.14,27.07,1
O101814,C00846,2024-01-22,Beauty,East,2,39.98,0.0,79.96,31.98,0
O108775,C04076,2024-01-22,Sports,South,3,108.25,0.0,324.75,188.36,0
O104523,C02090,2024-01-22,Home & Kitchen,South,2,137.85,0.2,220.56,151.64,0
O109399,C04361,2024-01-22,Beauty,South,2,69.91,0.0,139.82,55.93,0
O100562,C00272,2024-01-22,Electronics,East,2,512.28,0.0,1024.56,737.68,1
O103826,C01763,2024-01-22,Beauty,West,2,20.81,0.05,39.54,16.65,0
O109750,C04527,2024-01-23,Electronics,East,2,237.42,0.2,379.87,341.88,0
O101167,C00540,2024-01-23,Fashion,South,2,73.28,0.3,102.59,65.95,1
O104694,C02171,2024-01-23,Electronics,East,1,379.45,0.05,360.48,273.2,0
O102415,C01121,2024-01-23,Sports,West,1,167.96,0.05,159.56,97.42,0
O106963,C03234,2024-01-23,Home & Kitchen,North,1,43.43,0.0,43.43,23.89,0
O101761,C00821,2024-01-23,Home & Kitchen,East,1,163.81,0.1,147.43,90.1,0
O108592,C03997,2024-01-24,Electronics,East,1,191.83,0.1,172.65,138.12,0
O104892,C02261,2024-01-24,Home & Kitchen,East,1,165.0,0.0,165.0,90.75,0
O108179,C03805,2024-01-24,Home & Kitchen,West,1,107.59,0.15,91.45,59.17,0
O101252,C00575,2024-01-24,Fashion,South,1,111.51,0.0,111.51,50.18,0
O105214,C02410,2024-01-24,Beauty,West,2,54.09,0.15,91.95,43.27,0
O101702,C00790,2024-01-25,Sports,East,1,178.49,0.1,160.64,103.52,0
O103584,C01652,2024-01-25,Electronics,West,2,242.06,0.1,435.71,348.57,0
O103873,C01783,2024-01-25,Electronics,West,1,294.11,0.2,235.29,211.76,1
O108218,C03822,2024-01-25,Electronics,West,2,276.04,0.0,552.08,397.5,0
O106425,C02975,2024-01-25,Fashion,West,1,40.15,0.0,40.15,18.07,0
O106372,C02951,2024-01-25,Books,South,1,9.02,0.1,8.12,4.51,0
O103924,C01807,2024-01-25,Home & Kitchen,South,1,146.54,0.05,139.21,80.6,0
O108853,C04117,2024-01-25,Sports,South,1,42.3,0.0,42.3,24.53,0
O110116,C04700,2024-01-25,Beauty,East,3,59.25,0.0,177.75,71.1,0
O105298,C02443,2024-01-25,Fashion,West,3,69.85,0.3,146.68,94.3,0
O112377,C05746,2024-01-25,Fashion,South,3,26.56,0.0,79.68,35.86,0
O112442,C05774,2024-01-25,Sports,East,1,102.88,0.15,87.45,59.67,1
O101778,C00830,2024-01-26,Beauty,East,2,45.97,0.1,82.75,36.78,1
O110818,C05035,2024-01-26,Sports,North,1,31.17,0.0,31.17,18.08,0
O109712,C04505,2024-01-26,Fashion,East,1,51.54,0.0,51.54,23.19,0
O104814,C02223,2024-01-26,Home & Kitchen,North,3,52.15,0.0,156.45,86.05,0
O106736,C03119,2024-01-26,Electronics,West,2,215.98,0.0,431.96,311.01,0
O110155,C04715,2024-01-26,Home & Kitchen,North,2,101.23,0.1,182.21,111.35,0
O100792,C00369,2024-01-26,Home & Kitchen,North,1,102.19,0.2,81.75,56.2,0
O103790,C01744,2024-01-26,Beauty,South,2,52.5,0.0,105.0,42.0,0
O107595,C03537,2024-01-27,Fashion,North,1,50.04,0.05,47.54,22.52,0
O108479,C03947,2024-01-27,Books,East,2,21.03,0.15,35.75,21.03,0
O102505,C01167,2024-01-27,Fashion,North,1,90.34,0.1,81.31,40.65,0
O100484,C00233,2024-01-27,Beauty,East,1,33.07,0.0,33.07,13.23,0
O106765,C03136,2024-01-27,Beauty,North,1,51.4,0.0,51.4,20.56,0
O110675,C04969,2024-01-27,Home & Kitchen,North,1,51.42,0.0,51.42,28.28,0
O112375,C05745,2024-01-27,Books,East,1,21.48,0.0,21.48,10.74,0
O110890,C05069,2024-01-27,Electronics,North,2,194.83,0.0,389.66,280.56,0
O109016,C04194,2024-01-28,Fashion,South,1,107.02,0.3,74.91,48.16,0
O102243,C01038,2024-01-28,Fashion,West,2,91.21,0.0,182.42,82.09,0
O111608,C05411,2024-01-28,Home & Kitchen,East,1,58.03,0.2,46.42,31.92,0
O110746,C05002,2024-01-28,Fashion,West,1,54.91,0.0,54.91,24.71,0
O109166,C04260,2024-01-28,Electronics,North,2,418.19,0.0,836.38,602.19,0
O110886,C05068,2024-01-28,Books,South,1,20.31,0.0,20.31,10.15,0
O105973,C02764,2024-01-28,Electronics,West,1,274.7,0.15,233.49,197.78,0
O109801,C04552,2024-01-28,Home & Kitchen,East,2,56.93,0.05,108.17,62.62,0
O108177,C03804,2024-01-29,Beauty,South,1,23.61,0.0,23.61,9.44,0
O109985,C04642,2024-01-29,Home & Kitchen,West,1,39.98,0.0,39.98,21.99,0
O102244,C01038,2024-01-29,Fashion,West,1,71.26,0.0,71.26,32.07,0
O104055,C01869,2024-01-29,Fashion,South,2,42.4,0.0,84.8,38.16,0
O105547,C02559,2024-01-29,Sports,East,1,83.04,0.3,58.13,48.16,0
O108942,C04160,2024-01-29,Fashion,North,1,26.54,0.0,26.54,11.94,0
O101800,C00839,2024-01-29,Beauty,East,2,22.18,0.3,31.05,17.74,0
O112443,C05774,2024-01-30,Fashion,East,1,45.91,0.1,41.32,20.66,0
O108601,C04003,2024-01-30,Home & Kitchen,East,1,52.02,0.0,52.02,28.61,0
O100890,C00415,2024-01-30,Beauty,South,1,66.61,0.1,59.95,26.64,0
O108383,C03898,2024-01-30,Fashion,North,1,128.42,0.2,102.74,57.79,1
O111873,C05529,2024-01-30,Home & Kitchen,East,2,96.25,0.0,192.5,105.88,0
O108707,C04046,2024-01-30,Home & Kitchen,West,1,165.29,0.2,132.23,90.91,0
O105030,C02322,2024-01-30,Fashion,East,1,99.16,0.0,99.16,44.62,0
O109466,C04393,2024-01-30,Sports,North,1,213.04,0.0,213.04,123.56,0
O103585,C01652,2024-01-30,Sports,West,1,51.15,0.1,46.03,29.67,0
O110597,C04931,2024-01-30,Fashion,South,3,94.69,0.3,198.85,127.83,1
O102714,C01266,2024-01-30,Home & Kitchen,East,1,130.62,0.0,130.62,71.84,0
O103212,C01493,2024-01-30,Home & Kitchen,West,1,155.86,0.05,148.07,85.72,0
O102669,C01240,2024-01-31,Home & Kitchen,East,1,60.34,0.0,60.34,33.19,0
O104635,C02138,2024-01-31,Electronics,North,1,370.65,0.05,352.12,266.87,0
O105990,C02772,2024-01-31,Fashion,West,1,135.43,0.0,135.43,60.94,0
O112113,C05630,2024-01-31,Fashion,West,1,53.06,0.05,50.41,23.88,0
O108480,C03947,2024-01-31,Home & Kitchen,East,2,70.25,0.0,140.5,77.28,0
O107424,C03458,2024-01-31,Home & Kitchen,East,2,33.45,0.0,66.9,36.8,0
O110229,C04751,2024-01-31,Sports,West,2,228.04,0.0,456.08,264.53,0
O106196,C02866,2024-01-31,Fashion,South,1,42.19,0.0,42.19,18.99,0
O108741,C04062,2024-01-31,Sports,North,1,248.74,0.05,236.3,144.27,0
O100517,C00250,2024-01-31,Fashion,South,2,99.86,0.0,199.72,89.87,0
O108350,C03880,2024-01-31,Sports,North,3,124.51,0.0,373.53,216.65,1
O112572,C05838,2024-01-31,Sports,East,3,83.05,0.05,236.69,144.51,0
O109005,C04189,2024-02-01,Books,North,1,20.95,0.0,20.95,10.48,0
O104897,C02263,2024-02-01,Beauty,North,1,34.16,0.0,34.16,13.66,0
O109769,C04535,2024-02-01,Fashion,South,3,97.94,0.0,293.82,132.22,0
O112105,C05628,2024-02-01,Beauty,West,2,64.47,0.2,103.15,51.58,0
O111721,C05462,2024-02-01,Fashion,East,2,74.34,0.0,148.68,66.91,0
O107883,C03682,2024-02-01,Beauty,West,2,14.24,0.1,25.63,11.39,0
O112702,C05897,2024-02-02,Home & Kitchen,North,2,40.72,0.15,69.22,44.79,0
O109828,C04563,2024-02-02,Electronics,North,2,282.44,0.1,508.39,406.71,0
O110562,C04913,2024-02-02,Fashion,South,1,25.85,0.0,25.85,11.63,0
O101696,C00787,2024-02-02,Beauty,West,1,54.59,0.0,54.59,21.84,0
O100984,C00454,2024-02-02,Electronics,North,1,132.36,0.0,132.36,95.3,0
O103005,C01399,2024-02-02,Home & Kitchen,North,1,83.47,0.0,83.47,45.91,0
O107147,C03320,2024-02-02,Home & Kitchen,East,2,158.81,0.15,269.98,174.69,0
O105060,C02339,2024-02-02,Sports,West,1,70.0,0.3,49.0,40.6,0
O104202,C01944,2024-02-02,Beauty,West,1,11.65,0.0,11.65,4.66,0
O109892,C04596,2024-02-03,Fashion,West,1,98.58,0.15,83.79,44.36,0
O105426,C02499,2024-02-03,Beauty,North,2,19.35,0.1,34.83,15.48,0
O104128,C01909,2024-02-03,Home & Kitchen,East,1,165.98,0.1,149.38,91.29,0
O109759,C04531,2024-02-03,Fashion,North,3,109.43,0.0,328.29,147.73,0
O102538,C01180,2024-02-03,Beauty,West,1,55.78,0.2,44.62,22.31,0
O110995,C05120,2024-02-03,Home & Kitchen,East,2,80.61,0.05,153.16,88.67,0
O104061,C01871,2024-02-03,Books,South,3,24.74,0.0,74.22,37.11,0
O111811,C05500,2024-02-03,Beauty,North,2,60.34,0.0,120.68,48.27,0
O101744,C00811,2024-02-03,Beauty,East,1,29.22,0.2,23.38,11.69,0
O110262,C04770,2024-02-03,Home & Kitchen,East,2,140.6,0.0,281.2,154.66,0
O101857,C00870,2024-02-03,Sports,South,1,75.38,0.2,60.3,43.72,0
O111737,C05467,2024-02-04,Beauty,South,1,37.76,0.1,33.98,15.1,0
O107490,C03486,2024-02-04,Beauty,West,2,10.26,0.0,20.52,8.21,0
O111028,C05134,2024-02-04,Electronics,West,2,373.7,0.15,635.29,538.13,0
O103104,C01446,2024-02-04,Fashion,South,1,79.15,0.2,63.32,35.62,0
O108842,C04111,2024-02-04,Fashion,West,3,95.9,0.1,258.93,129.47,0
O109883,C04592,2024-02-04,Beauty,West,2,58.58,0.0,117.16,46.86,0
O112085,C05621,2024-02-04,Beauty,West,2,61.18,0.0,122.36,48.94,0
O109325,C04329,2024-02-04,Home & Kitchen,North,1,100.28,0.0,100.28,55.15,0
O108682,C04036,2024-02-04,Fashion,East,1,132.33,0.1,119.1,59.55,0
O100745,C00352,2024-02-04,Electronics,North,2,424.04,0.15,720.87,610.62,0
O103519,C01624,2024-02-04,Beauty,West,2,18.8,0.0,37.6,15.04,0
O111595,C05405,2024-02-04,Electronics,West,1,218.94,0.1,197.05,157.64,0
O105473,C02522,2024-02-04,Beauty,North,1,62.61,0.15,53.22,25.04,0
O107126,C03309,2024-02-04,Home & Kitchen,South,1,25.15,0.15,21.38,13.83,0
O106233,C02884,2024-02-04,Fashion,West,2,62.5,0.05,118.75,56.25,0
O105357,C02469,2024-02-04,Sports,East,2,119.53,0.0,239.06,138.65,0
O110984,C05114,2024-02-05,Books,East,2,36.94,0.2,59.1,36.94,0
O104405,C02038,2024-02-05,Beauty,North,2,60.74,0.0,121.48,48.59,0
O110273,C04776,2024-02-05,Electronics,South,1,470.24,0.1,423.22,338.57,1
O110639,C04952,2024-02-05,Beauty,East,2,37.37,0.0,74.74,29.9,0
O108219,C03822,2024-02-05,Beauty,West,1,65.88,0.0,65.88,26.35,0
O109986,C04642,2024-02-05,Beauty,West,3,17.59,0.0,52.77,21.11,0
O100825,C00385,2024-02-05,Fashion,North,1,118.93,0.05,112.98,53.52,0
O103868,C01781,2024-02-05,Books,South,2,24.85,0.0,49.7,24.85,0
O109127,C04244,2024-02-05,Beauty,West,2,40.1,0.05,76.19,32.08,0
O106225,C02881,2024-02-05,Home & Kitchen,South,1,97.57,0.2,78.06,53.66,0
O102201,C01019,2024-02-05,Books,North,3,32.46,0.0,97.38,48.69,0
O103436,C01590,2024-02-06,Sports,West,3,147.89,0.1,399.3,257.33,0
O110891,C05069,2024-02-06,Home & Kitchen,North,2,78.54,0.0,157.08,86.39,0
O100287,C00138,2024-02-06,Fashion,North,2,115.43,0.0,230.86,103.89,1
O107393,C03442,2024-02-06,Books,West,1,26.11,0.2,20.89,13.06,0
O103921,C01806,2024-02-06,Books,East,2,22.52,0.0,45.04,22.52,0
O102753,C01286,2024-02-06,Home & Kitchen,North,1,172.16,0.0,172.16,94.69,0
O104139,C01913,2024-02-07,Sports,South,1,82.57,0.1,74.31,47.89,0
O109201,C04275,2024-02-07,Sports,East,1,233.1,0.0,233.1,135.2,0
O106497,C03013,2024-02-07,Sports,North,1,129.08,0.0,129.08,74.87,0
O100109,C00056,2024-02-07,Sports,South,1,134.09,0.3,93.86,77.77,1
O101940,C00902,2024-02-07,Fashion,West,2,22.21,0.1,39.98,19.99,0
O107751,C03617,2024-02-07,Fashion,South,2,131.2,0.05,249.28,118.08,1
O103276,C01518,2024-02-07,Beauty,South,2,18.39,0.0,36.78,14.71,0
O112365,C05740,2024-02-07,Fashion,East,1,123.03,0.0,123.03,55.36,0
O104264,C01976,2024-02-07,Books,South,2,34.59,0.15,58.8,34.59,0
O109987,C04642,2024-02-07,Books,West,1,28.82,0.0,28.82,14.41,0
O105690,C02630,2024-02-07,Electronics,South,1,447.59,0.3,313.31,322.26,0
O103651,C01683,2024-02-07,Home & Kitchen,East,1,30.25,0.0,30.25,16.64,0
O100847,C00397,2024-02-07,Sports,North,3,87.5,0.2,210.0,152.25,0
O110946,C05093,2024-02-08,Books,North,1,21.73,0.0,21.73,10.86,0
O110747,C05002,2024-02-08,Fashion,West,3,38.6,0.0,115.8,52.11,0
O109800,C04551,2024-02-08,Beauty,West,1,34.56,0.0,34.56,13.82,0
O102392,C01110,2024-02-08,Home & Kitchen,East,2,96.8,0.1,174.24,106.48,0
O106972,C03240,2024-02-08,Sports,East,1,79.91,0.3,55.94,46.35,0
O103145,C01463,2024-02-08,Fashion,South,2,119.95,0.0,239.9,107.96,0
O108168,C03799,2024-02-08,Home & Kitchen,East,1,62.52,0.05,59.39,34.39,0
O110450,C04855,2024-02-09,Sports,North,1,217.0,0.05,206.15,125.86,0
O104893,C02261,2024-02-09,Books,East,1,25.84,0.05,24.55,12.92,0
O109346,C04341,2024-02-09,Home & Kitchen,East,2,48.09,0.1,86.56,52.9,0
O101755,C00817,2024-02-09,Fashion,South,2,39.05,0.3,54.67,35.14,1
O106880,C03191,2024-02-09,Home & Kitchen,West,1,112.59,0.0,112.59,61.92,0
O102217,C01026,2024-02-09,Electronics,West,1,289.6,0.15,246.16,208.51,0
O109256,C04299,2024-02-09,Electronics,West,3,203.81,0.1,550.29,440.23,0
O103293,C01526,2024-02-09,Electronics,East,2,555.53,0.0,1111.06,799.96,1
O106007,C02780,2024-02-09,Beauty,North,1,63.15,0.0,63.15,25.26,0
O108063,C03755,2024-02-09,Fashion,South,3,63.49,0.0,190.47,85.71,0
O103323,C01536,2024-02-09,Beauty,North,2,32.55,0.0,65.1,26.04,0
O107785,C03633,2024-02-09,Beauty,West,1,19.3,0.1,17.37,7.72,0
O105358,C02469,2024-02-09,Beauty,East,1,52.43,0.1,47.19,20.97,0
O110622,C04945,2024-02-10,Fashion,East,2,37.25,0.0,74.5,33.52,0
O100303,C00147,2024-02-10,Beauty,East,1,32.04,0.0,32.04,12.82,0
O108806,C04092,2024-02-10,Electronics,East,1,272.63,0.05,259.0,196.29,0
O104272,C01979,2024-02-10,Fashion,West,2,100.87,0.15,171.48,90.78,0
O112091,C05622,2024-02-10,Books,East,1,17.64,0.3,12.35,8.82,0
O108642,C04022,2024-02-10,Beauty,West,2,15.88,0.0,31.76,12.7,0
O103302,C01529,2024-02-10,Beauty,North,1,42.9,0.0,42.9,17.16,0
O102754,C01286,2024-02-10,Home & Kitchen,North,3,109.63,0.0,328.89,180.89,0
O105893,C02728,2024-02-10,Fashion,South,2,69.8,0.0,139.6,62.82,0
O111578,C05396,2024-02-10,Electronics,East,2,501.11,0.1,902.0,721.6,0
O111202,C05219,2024-02-10,Fashion,South,1,120.1,0.05,114.09,54.04,0
O109186,C04269,2024-02-10,Books,West,3,22.08,0.15,56.3,33.12,0
O111183,C05210,2024-02-10,Fashion,West,3,60.33,0.15,153.84,81.45,0
O103113,C01452,2024-02-11,Home & Kitchen,West,2,171.26,0.0,342.52,188.39,0
O110479,C04873,2024-02-11,Home & Kitchen,North,1,124.64,0.0,124.64,68.55,0
O105743,C02657,2024-02-11,Beauty,West,2,67.74,0.0,135.48,54.19,0
O107605,C03545,2024-02-11,Beauty,North,1,41.73,0.05,39.64,16.69,0
O112158,C05646,2024-02-11,Home & Kitchen,South,1,131.17,0.05,124.61,72.14,0
O101906,C00889,2024-02-11,Electronics,West,2,501.31,0.0,1002.62,721.89,0
O109111,C04236,2024-02-11,Home & Kitchen,East,1,65.81,0.0,65.81,36.2,1
O103648,C01682,2024-02-11,Beauty,North,1,42.76,0.0,42.76,17.1,0
O101901,C00887,2024-02-11,Fashion,West,3,40.11,0.05,114.31,54.15,0
O111816,C05503,2024-02-11,Beauty,North,1,44.21,0.0,44.21,17.68,0
O111874,C05529,2024-02-11,Electronics,East,1,352.47,0.1,317.22,253.78,0
O103652,C01683,2024-02-11,Electronics,East,1,563.5,0.1,507.15,405.72,0
O101248,C00574,2024-02-12,Home & Kitchen,South,2,30.69,0.0,61.38,33.76,0
O105668,C02618,2024-02-12,Fashion,West,2,112.13,0.0,224.26,100.92,0
O101447,C00663,2024-02-12,Books,West,2,35.88,0.05,68.17,35.88,0
O104770,C02203,2024-02-12,Fashion,North,2,100.45,0.0,200.9,90.4,0
O109273,C04304,2024-02-12,Beauty,South,2,19.24,0.0,38.48,15.39,0
O110623,C04945,2024-02-12,Home & Kitchen,East,1,120.66,0.2,96.53,66.36,0
O105193,C02401,2024-02-12,Home & Kitchen,East,1,108.7,0.05,103.27,59.78,0
O112906,C05991,2024-02-13,Electronics,West,2,266.39,0.0,532.78,383.6,0
O104323,C02002,2024-02-13,Beauty,East,1,12.33,0.3,8.63,4.93,0
O102370,C01099,2024-02-13,Home & Kitchen,East,3,131.32,0.1,354.56,216.68,0
O103313,C01532,2024-02-13,Sports,South,1,114.2,0.0,114.2,66.24,0
O107231,C03363,2024-02-13,Sports,East,2,228.25,0.2,365.2,264.77,0
O110171,C04724,2024-02-13,Home & Kitchen,South,2,81.13,0.0,162.26,89.24,0
O111275,C05257,2024-02-13,Electronics,East,1,577.08,0.3,403.96,415.5,0
O109770,C04535,2024-02-13,Fashion,South,2,128.16,0.0,256.32,115.34,0
O108870,C04127,2024-02-13,Fashion,South,3,128.27,0.0,384.81,173.16,0
O101806,C00844,2024-02-13,Beauty,East,2,25.1,0.05,47.69,20.08,0
O102089,C00970,2024-02-13,Home & Kitchen,North,2,158.31,0.0,316.62,174.14,0
O103029,C01411,2024-02-13,Fashion,South,2,79.64,0.1,143.35,71.68,1
O110766,C05012,2024-02-13,Beauty,East,3,11.75,0.0,35.25,14.1,0
O101249,C00574,2024-02-13,Fashion,South,1,57.33,0.0,57.33,25.8,0
O101927,C00898,2024-02-13,Beauty,South,1,21.21,0.15,18.03,8.48,0
O108995,C04185,2024-02-13,Sports,North,2,219.28,0.1,394.7,254.36,0
O105011,C02314,2024-02-14,Electronics,East,1,404.13,0.0,404.13,290.97,1
O103495,C01615,2024-02-14,Fashion,South,2,131.94,0.15,224.3,118.75,0
O106881,C03191,2024-02-14,Fashion,West,2,87.52,0.1,157.54,78.77,0
O101171,C00542,2024-02-14,Beauty,East,1,33.47,0.0,33.47,13.39,0
O104932,C02278,2024-02-14,Electronics,East,3,370.31,0.1,999.84,799.87,0
O106029,C02788,2024-02-14,Sports,West,2,233.48,0.05,443.61,270.84,0
O107436,C03464,2024-02-14,Home & Kitchen,North,1,81.24,0.05,77.18,44.68,0
O107537,C03509,2024-02-14,Sports,East,3,121.18,0.15,309.01,210.85,0
O105048,C02331,2024-02-15,Electronics,East,1,301.02,0.1,270.92,216.73,0
O111096,C05162,2024-02-15,Books,East,2,31.63,0.15,53.77,31.63,0
O110197,C04737,2024-02-15,Beauty,East,2,17.72,0.05,33.67,14.18,0
O100688,C00328,2024-02-15,Home & Kitchen,West,1,29.9,0.0,29.9,16.44,0
O110121,C04702,2024-02-15,Fashion,East,3,134.79,0.1,363.93,181.97,0
O109615,C04458,2024-02-15,Fashion,West,2,26.47,0.0,52.94,23.82,0
O108169,C03800,2024-02-15,Home & Kitchen,North,3,172.67,0.3,362.61,284.91,0
O100240,C00117,2024-02-15,Fashion,North,1,85.49,0.0,85.49,38.47,0
O109306,C04320,2024-02-15,Beauty,South,2,60.03,0.1,108.05,48.02,0
O107491,C03486,2024-02-15,Books,West,1,10.18,0.0,10.18,5.09,0
O105220,C02412,2024-02-16,Beauty,East,1,53.01,0.15,45.06,21.2,0
O104610,C02129,2024-02-16,Books,West,1,12.18,0.0,12.18,6.09,0
O104279,C01983,2024-02-16,Electronics,South,1,470.2,0.05,446.69,338.54,0
O101509,C00699,2024-02-16,Fashion,North,1,124.95,0.0,124.95,56.23,0
O101210,C00562,2024-02-16,Home & Kitchen,East,1,102.81,0.0,102.81,56.55,0
O108284,C03852,2024-02-16,Beauty,South,1,35.25,0.0,35.25,14.1,0
O110526,C04894,2024-02-17,Beauty,North,2,68.71,0.05,130.55,54.97,0
O100090,C00045,2024-02-17,Beauty,East,1,41.46,0.2,33.17,16.58,0
O110714,C04986,2024-02-17,Beauty,North,1,13.37,0.0,13.37,5.35,0
O111757,C05475,2024-02-17,Electronics,South,1,367.6,0.15,312.46,264.67,0
O105138,C02371,2024-02-17,Electronics,North,3,300.76,0.2,721.82,649.64,1
O111916,C05548,2024-02-17,Electronics,East,2,277.64,0.05,527.52,399.8,0
O101820,C00848,2024-02-17,Fashion,East,2,80.33,0.05,152.63,72.3,0
O102207,C01021,2024-02-17,Beauty,North,3,42.1,0.1,113.67,50.52,0
O106419,C02972,2024-02-17,Beauty,North,3,12.59,0.1,33.99,15.11,0
O109307,C04320,2024-02-17,Sports,South,2,129.37,0.3,181.12,150.07,1
O104894,C02261,2024-02-17,Home & Kitchen,East,1,61.54,0.0,61.54,33.85,0
O109988,C04642,2024-02-17,Electronics,West,3,539.72,0.0,1619.16,1165.8,0
O108165,C03798,2024-02-17,Beauty,North,3,24.62,0.0,73.86,29.54,0
O104890,C02259,2024-02-17,Home & Kitchen,South,2,62.84,0.0,125.68,69.12,0
O102894,C01351,2024-02-18,Beauty,North,3,62.96,0.0,188.88,75.55,0
O106973,C03240,2024-02-18,Sports,East,3,158.4,0.0,475.2,275.62,0
O101274,C00584,2024-02-18,Home & Kitchen,East,2,81.0,0.0,162.0,89.1,0
O104832,C02232,2024-02-18,Electronics,West,2,164.12,0.0,328.24,236.33,0
O106866,C03184,2024-02-18,Home & Kitchen,East,1,134.82,0.1,121.34,74.15,0
O110085,C04684,2024-02-18,Books,West,1,34.86,0.15,29.63,17.43,0
O100827,C00387,2024-02-18,Electronics,East,3,249.51,0.0,748.53,538.94,0
O106805,C03155,2024-02-19,Books,South,1,33.88,0.0,33.88,16.94,0
O107324,C03411,2024-02-19,Home & Kitchen,North,3,60.87,0.0,182.61,100.44,0
O112230,C05680,2024-02-19,Books,East,2,26.47,0.2,42.35,26.47,0
O103115,C01453,2024-02-19,Home & Kitchen,East,1,134.69,0.05,127.96,74.08,0
O106439,C02982,2024-02-19,Sports,East,3,124.3,0.05,354.25,216.28,0
O103910,C01801,2024-02-19,Beauty,South,2,12.83,0.0,25.66,10.26,0
O105444,C02505,2024-02-19,Fashion,West,3,41.41,0.1,111.81,55.9,0
O101941,C00902,2024-02-20,Fashion,West,1,29.49,0.0,29.49,13.27,0
O107184,C03338,2024-02-20,Home & Kitchen,South,1,43.42,0.0,43.42,23.88,0
O109363,C04347,2024-02-20,Fashion,South,1,34.65,0.0,34.65,15.59,1
O103203,C01488,2024-02-20,Beauty,North,1,49.23,0.0,49.23,19.69,0
O105215,C02410,2024-02-20,Beauty,West,1,30.37,0.0,30.37,12.15,0
O109236,C04291,2024-02-20,Home & Kitchen,South,2,54.35,0.0,108.7,59.78,0
O107589,C03533,2024-02-20,Fashion,East,1,93.3,0.0,93.3,41.98,0
O106239,C02888,2024-02-21,Fashion,North,1,135.41,0.0,135.41,60.93,0
O112530,C05816,2024-02-21,Beauty,South,1,42.07,0.0,42.07,16.83,0
O103838,C01769,2024-02-21,Fashion,North,2,51.2,0.15,87.04,46.08,0
O102208,C01022,2024-02-21,Electronics,North,1,569.04,0.0,569.04,409.71,0
O102722,C01270,2024-02-21,Home & Kitchen,East,1,96.08,0.0,96.08,52.84,0
O102716,C01267,2024-02-21,Beauty,South,1,28.49,0.15,24.22,11.4,0
O103148,C01464,2024-02-21,Home & Kitchen,West,1,28.48,0.0,28.48,15.66,0
O108327,C03871,2024-02-21,Beauty,East,2,14.64,0.0,29.28,11.71,0
O101436,C00659,2024-02-21,Fashion,West,3,112.24,0.05,319.88,151.52,0
O111636,C05423,2024-02-21,Books,East,3,17.76,0.1,47.95,26.64,0
O111876,C05530,2024-02-21,Beauty,North,1,16.32,0.1,14.69,6.53,0
O101928,C00898,2024-02-21,Home & Kitchen,South,1,106.23,0.0,106.23,58.43,0
O109671,C04484,2024-02-22,Beauty,East,1,60.58,0.15,51.49,24.23,0
O104132,C01911,2024-02-22,Books,North,1,14.19,0.2,11.35,7.1,0
O107594,C03536,2024-02-22,Books,North,2,30.76,0.1,55.37,30.76,0
O106420,C02972,2024-02-22,Home & Kitchen,North,2,51.62,0.0,103.24,56.78,0
O111987,C05584,2024-02-22,Books,North,1,10.0,0.0,10.0,5.0,0
O112270,C05696,2024-02-22,Beauty,South,1,37.03,0.0,37.03,14.81,0
O101179,C00546,2024-02-22,Beauty,South,1,18.23,0.0,18.23,7.29,1
O110640,C04952,2024-02-22,Electronics,East,1,318.21,0.0,318.21,229.11,0
O108858,C04120,2024-02-22,Electronics,East,2,296.09,0.15,503.35,426.37,0
O110859,C05055,2024-02-22,Beauty,West,1,35.2,0.0,35.2,14.08,0
O103559,C01642,2024-02-23,Electronics,North,1,480.73,0.0,480.73,346.13,0
O111388,C05309,2024-02-23,Electronics,South,1,384.43,0.0,384.43,276.79,1
O105612,C02591,2024-02-23,Home & Kitchen,South,2,46.84,0.05,89.0,51.52,0
O104097,C01889,2024-02-23,Beauty,South,1,49.72,0.0,49.72,19.89,0
O105402,C02488,2024-02-23,Electronics,North,1,203.28,0.0,203.28,146.36,1
O111485,C05359,2024-02-23,Fashion,West,1,71.32,0.05,67.75,32.09,1
O109455,C04388,2024-02-23,Sports,North,1,133.25,0.0,133.25,77.28,0
O105848,C02705,2024-02-23,Electronics,East,2,259.96,0.0,519.92,374.34,0
O111448,C05336,2024-02-24,Fashion,East,2,30.86,0.2,49.38,27.77,0
O108122,C03781,2024-02-24,Sports,South,1,101.3,0.1,91.17,58.75,0
O101006,C00465,2024-02-24,Books,East,1,21.53,0.0,21.53,10.76,0
O110100,C04692,2024-02-24,Books,South,1,18.51,0.0,18.51,9.26,0
O107437,C03464,2024-02-24,Home & Kitchen,North,1,106.72,0.15,90.71,58.7,1
O104382,C02025,2024-02-24,Fashion,East,1,60.31,0.0,60.31,27.14,0
O107218,C03357,2024-02-24,Books,South,2,15.78,0.3,22.09,15.78,0
O109467,C04394,2024-02-24,Home & Kitchen,East,1,125.12,0.0,125.12,68.82,0
O112050,C05606,2024-02-24,Fashion,South,2,35.26,0.0,70.52,31.73,0
O104217,C01953,2024-02-24,Electronics,North,1,135.15,0.0,135.15,97.31,0
O106806,C03155,2024-02-24,Fashion,South,1,89.85,0.3,62.89,40.43,0
O102539,C01180,2024-02-24,Beauty,West,3,17.94,0.3,37.67,21.53,0
O107533,C03505,2024-02-24,Electronics,East,3,354.91,0.15,905.02,766.61,0
O105482,C02525,2024-02-25,Beauty,South,1,56.03,0.0,56.03,22.41,0
O105860,C02711,2024-02-25,Home & Kitchen,East,1,54.07,0.0,54.07,29.74,0
O106060,C02804,2024-02-25,Fashion,East,2,75.14,0.2,120.22,67.63,0
O102442,C01136,2024-02-25,Home & Kitchen,North,2,119.79,0.2,191.66,131.77,0
O112274,C05697,2024-02-25,Electronics,North,1,281.46,0.0,281.46,202.65,0
O107744,C03614,2024-02-25,Electronics,North,1,141.12,0.0,141.12,101.61,0
O103587,C01653,2024-02-25,Sports,North,2,48.41,0.0,96.82,56.16,0
O100307,C00150,2024-02-25,Home & Kitchen,North,2,154.99,0.0,309.98,170.49,0
O110449,C04854,2024-02-25,Fashion,South,1,42.26,0.0,42.26,19.02,0
O110462,C04861,2024-02-25,Fashion,East,2,100.53,0.0,201.06,90.48,1
O110523,C04893,2024-02-25,Beauty,North,2,42.58,0.0,85.16,34.06,0
O107665,C03580,2024-02-26,Electronics,West,2,162.15,0.05,308.08,233.5,0
O100261,C00127,2024-02-26,Sports,East,2,116.56,0.0,233.12,135.21,0
O103146,C01463,2024-02-26,Fashion,South,3,100.13,0.0,300.39,135.18,0
O101839,C00858,2024-02-26,Electronics,South,1,360.8,0.0,360.8,259.78,0
O106178,C02856,2024-02-26,Beauty,West,1,66.82,0.0,66.82,26.73,0
O109204,C04277,2024-02-26,Fashion,South,1,92.24,0.0,92.24,41.51,0
O103779,C01739,2024-02-26,Fashion,North,1,130.63,0.05,124.1,58.78,0
O112595,C05850,2024-02-26,Books,West,3,13.0,0.05,37.05,19.5,0
O107522,C03501,2024-02-26,Beauty,West,1,43.06,0.2,34.45,17.22,0
O108420,C03919,2024-02-26,Books,South,1,28.7,0.1,25.83,14.35,0
O107413,C03452,2024-02-26,Home & Kitchen,South,1,31.86,0.1,28.67,17.52,0
O111368,C05301,2024-02-26,Fashion,East,1,41.74,0.15,35.48,18.78,0
O110778,C05017,2024-02-26,Fashion,East,2,106.83,0.2,170.93,96.15,0
O111894,C05537,2024-02-27,Fashion,North,3,47.3,0.0,141.9,63.85,0
O109738,C04518,2024-02-27,Fashion,East,1,24.18,0.3,16.93,10.88,0
O104695,C02171,2024-02-27,Sports,East,1,215.93,0.3,151.15,125.24,0
O105386,C02479,2024-02-27,Home & Kitchen,East,1,41.54,0.0,41.54,22.85,0
O112861,C05970,2024-02-27,Beauty,East,2,67.12,0.1,120.82,53.7,0
O107588,C03532,2024-02-27,Fashion,West,2,106.26,0.0,212.52,95.63,0
O106877,C03189,2024-02-27,Books,East,2,18.8,0.0,37.6,18.8,0
O104218,C01953,2024-02-28,Electronics,North,3,465.68,0.0,1397.04,1005.87,0
O105141,C02373,2024-02-28,Books,North,2,28.81,0.15,48.98,28.81,0
O112167,C05653,2024-02-28,Beauty,West,3,36.3,0.0,108.9,43.56,0
O100134,C00069,2024-02-28,Home & Kitchen,East,1,63.24,0.05,60.08,34.78,0
O109853,C04577,2024-02-28,Home & Kitchen,West,1,121.67,0.05,115.59,66.92,0
O105338,C02460,2024-02-28,Beauty,North,1,42.7,0.1,38.43,17.08,0
O105292,C02440,2024-02-28,Electronics,North,2,148.48,0.0,296.96,213.81,0
O103162,C01470,2024-02-29,Books,North,1,18.16,0.0,18.16,9.08,0
O107822,C03652,2024-02-29,Sports,West,2,130.72,0.3,183.01,151.64,0
O108859,C04120,2024-02-29,Fashion,East,2,133.83,0.05,254.28,120.45,0
O109951,C04624,2024-02-29,Sports,North,3,185.53,0.0,556.59,322.82,0
O103149,C01464,2024-02-29,Beauty,West,2,36.16,0.0,72.32,28.93,0
O102690,C01253,2024-02-29,Home & Kitchen,North,1,52.48,0.0,52.48,28.86,0
O101347,C00619,2024-02-29,Fashion,South,1,57.25,0.0,57.25,25.76,0
O109990,C04644,2024-02-29,Fashion,East,2,34.0,0.0,68.0,30.6,0
O111722,C05462,2024-02-29,Fashion,East,1,30.35,0.0,30.35,13.66,0
O111105,C05166,2024-02-29,Fashion,East,3,63.02,0.2,151.25,85.08,0
O105493,C02529,2024-03-01,Books,West,1,18.93,0.05,17.98,9.46,0
O111552,C05385,2024-03-01,Electronics,North,3,548.25,0.0,1644.75,1184.22,0
O101124,C00518,2024-03-01,Electronics,North,1,314.33,0.05,298.61,226.32,1
O108418,C03917,2024-03-01,Electronics,South,2,565.25,0.1,1017.45,813.96,1
O112870,C05974,2024-03-01,Home & Kitchen,North,1,105.09,0.0,105.09,57.8,0
O102363,C01096,2024-03-01,Home & Kitchen,South,2,54.09,0.0,108.18,59.5,0
O107438,C03464,2024-03-01,Beauty,North,1,51.06,0.0,51.06,20.42,0
O109772,C04537,2024-03-01,Home & Kitchen,East,2,136.83,0.0,273.66,150.51,0
O106718,C03113,2024-03-01,Fashion,North,3,68.22,0.15,173.96,92.1,0
O103116,C01453,2024-03-01,Books,East,1,15.04,0.0,15.04,7.52,0
O109991,C04644,2024-03-01,Home & Kitchen,East,1,179.34,0.2,143.47,98.64,0
O103386,C01571,2024-03-01,Fashion,South,3,78.06,0.0,234.18,105.38,0
O101474,C00678,2024-03-02,Electronics,East,1,414.39,0.0,414.39,298.36,0
O111216,C05229,2024-03-02,Home & Kitchen,West,1,126.37,0.0,126.37,69.5,0
O105945,C02752,2024-03-02,Fashion,South,3,89.35,0.0,268.05,120.62,0
O111039,C05139,2024-03-02,Sports,East,1,233.07,0.0,233.07,135.18,0
O102237,C01035,2024-03-02,Beauty,North,2,38.56,0.15,65.55,30.85,0
O101815,C00846,2024-03-02,Beauty,East,2,24.05,0.05,45.7,19.24,0
O108205,C03816,2024-03-02,Beauty,North,2,54.42,0.1,97.96,43.54,0
O102277,C01055,2024-03-02,Fashion,West,2,104.53,0.1,188.15,94.08,0
O107177,C03335,2024-03-02,Electronics,East,1,146.65,0.0,146.65,105.59,0
O105720,C02646,2024-03-02,Home & Kitchen,North,1,140.94,0.3,98.66,77.52,0
O107058,C03277,2024-03-02,Sports,North,3,233.49,0.15,595.4,406.27,0
O110413,C04838,2024-03-03,Sports,East,1,240.4,0.0,240.4,139.43,0
O102416,C01122,2024-03-03,Fashion,East,2,50.96,0.0,101.92,45.86,0
O100578,C00279,2024-03-03,Home & Kitchen,South,1,32.86,0.0,32.86,18.07,0
O110109,C04697,2024-03-03,Fashion,South,1,66.48,0.0,66.48,29.92,0
O112378,C05746,2024-03-03,Sports,South,2,208.82,0.0,417.64,242.23,0
O111129,C05179,2024-03-03,Fashion,East,1,43.58,0.1,39.22,19.61,0
O100072,C00036,2024-03-03,Books,East,2,30.02,0.0,60.04,30.02,0
O101250,C00574,2024-03-03,Fashion,South,1,106.03,0.3,74.22,47.71,1
O103305,C01531,2024-03-03,Fashion,East,1,72.12,0.05,68.51,32.45,0
O109606,C04456,2024-03-03,Electronics,East,2,591.28,0.0,1182.56,851.44,0
O110075,C04680,2024-03-04,Home & Kitchen,West,1,26.88,0.0,26.88,14.78,0
O104280,C01983,2024-03-04,Beauty,South,1,24.47,0.15,20.8,9.79,0
O109481,C04399,2024-03-04,Home & Kitchen,West,1,92.92,0.0,92.92,51.11,0
O108170,C03800,2024-03-04,Beauty,North,1,18.24,0.3,12.77,7.3,0
O101858,C00870,2024-03-04,Electronics,South,3,276.99,0.2,664.78,598.3,0
O106620,C03070,2024-03-04,Home & Kitchen,North,1,52.34,0.0,52.34,28.79,0
O109672,C04484,2024-03-04,Sports,East,2,106.83,0.0,213.66,123.92,0
O105123,C02366,2024-03-04,Books,West,1,30.9,0.1,27.81,15.45,0
O109887,C04593,2024-03-04,Home & Kitchen,West,1,89.2,0.3,62.44,49.06,0
O103124,C01456,2024-03-05,Beauty,South,1,68.87,0.2,55.1,27.55,0
O110002,C04648,2024-03-05,Beauty,South,2,33.32,0.0,66.64,26.66,0
O107629,C03561,2024-03-05,Fashion,South,2,21.08,0.05,40.05,18.97,0
O111284,C05262,2024-03-05,Electronics,North,1,220.18,0.0,220.18,158.53,0
O105006,C02312,2024-03-05,Sports,North,2,235.74,0.0,471.48,273.46,0
O103927,C01809,2024-03-05,Home & Kitchen,South,2,176.54,0.0,353.08,194.19,0
O104815,C02223,2024-03-05,Home & Kitchen,North,1,110.04,0.0,110.04,60.52,0
O111486,C05359,2024-03-05,Electronics,West,1,597.13,0.0,597.13,429.93,0
O110480,C04873,2024-03-05,Beauty,North,2,59.03,0.05,112.16,47.22,0
O102922,C01362,2024-03-05,Fashion,East,1,30.81,0.2,24.65,13.86,0
O110281,C04780,2024-03-05,Electronics,East,1,526.57,0.0,526.57,379.13,0
O106397,C02964,2024-03-05,Books,South,1,34.88,0.2,27.9,17.44,0
O100001,C00001,2024-03-05,Sports,West,1,138.57,0.0,138.57,80.37,0
O100508,C00246,2024-03-05,Home & Kitchen,East,1,74.07,0.0,74.07,40.74,0
O100396,C00196,2024-03-05,Sports,South,1,157.49,0.0,157.49,91.34,0
O100275,C00133,2024-03-05,Fashion,North,1,112.14,0.0,112.14,50.46,0
O100014,C00007,2024-03-05,Fashion,East,2,109.25,0.0,218.5,98.32,0
O101501,C00695,2024-03-06,Sports,East,2,143.71,0.0,287.42,166.7,1
O112366,C05740,2024-03-06,Beauty,East,2,27.82,0.0,55.64,22.26,0
O109095,C04231,2024-03-06,Beauty,South,3,45.52,0.1,122.9,54.62,0
O112659,C05876,2024-03-06,Home & Kitchen,South,1,38.12,0.2,30.5,20.97,0
O106760,C03134,2024-03-06,Books,North,2,16.34,0.2,26.14,16.34,0
O105063,C02340,2024-03-06,Sports,North,1,158.76,0.05,150.82,92.08,0
O106044,C02795,2024-03-06,Fashion,East,3,67.52,0.15,172.18,91.15,0
O105777,C02669,2024-03-06,Beauty,East,1,45.36,0.2,36.29,18.14,0
O102047,C00951,2024-03-06,Books,South,2,21.65,0.05,41.13,21.65,0
O107758,C03620,2024-03-06,Beauty,North,1,51.25,0.0,51.25,20.5,0
O111152,C05194,2024-03-07,Books,West,3,22.03,0.05,62.79,33.04,0
O110587,C04926,2024-03-07,Home & Kitchen,North,2,86.94,0.0,173.88,95.63,1
O110156,C04715,2024-03-07,Beauty,North,1,24.71,0.0,24.71,9.88,0
O106288,C02912,2024-03-07,Beauty,North,1,33.02,0.2,26.42,13.21,0
O101437,C00659,2024-03-07,Electronics,West,2,318.07,0.3,445.3,458.02,1
O111950,C05565,2024-03-07,Home & Kitchen,South,2,63.89,0.0,127.78,70.28,0
O112414,C05764,2024-03-07,Home & Kitchen,East,3,68.56,0.0,205.68,113.12,0
O103740,C01721,2024-03-07,Fashion,South,2,61.14,0.0,122.28,55.03,0
O108576,C03988,2024-03-07,Fashion,North,2,112.19,0.05,213.16,100.97,0
O101931,C00899,2024-03-08,Beauty,North,2,45.54,0.05,86.53,36.43,0
O107603,C03543,2024-03-08,Home & Kitchen,West,1,79.28,0.0,79.28,43.6,0
O102920,C01361,2024-03-08,Sports,North,3,225.85,0.0,677.55,392.98,0
O106719,C03113,2024-03-08,Sports,North,2,202.31,0.0,404.62,234.68,0
O104503,C02082,2024-03-08,Fashion,East,2,85.56,0.15,145.45,77.0,0
O107863,C03672,2024-03-08,Fashion,South,1,76.76,0.0,76.76,34.54,0
O101628,C00753,2024-03-08,Home & Kitchen,South,1,133.28,0.1,119.95,73.3,0
O101567,C00728,2024-03-08,Electronics,North,3,124.54,0.0,373.62,269.01,0
O100929,C00431,2024-03-09,Electronics,East,1,369.06,0.0,369.06,265.72,0
O106240,C02888,2024-03-09,Beauty,North,3,47.04,0.05,134.06,56.45,0
O103431,C01588,2024-03-09,Beauty,West,2,36.77,0.0,73.54,29.42,0
O103981,C01834,2024-03-09,Sports,East,2,216.21,0.0,432.42,250.8,0
O112710,C05903,2024-03-09,Sports,East,1,193.57,0.1,174.21,112.27,0
O103306,C01531,2024-03-09,Fashion,East,1,113.67,0.15,96.62,51.15,0
O108064,C03755,2024-03-09,Home & Kitchen,South,1,78.67,0.15,66.87,43.27,0
O109638,C04466,2024-03-09,Fashion,North,1,62.56,0.3,43.79,28.15,0
O102852,C01328,2024-03-09,Fashion,East,3,63.6,0.1,171.72,85.86,1
O101807,C00844,2024-03-09,Fashion,East,2,88.42,0.0,176.84,79.58,0
O104056,C01869,2024-03-10,Sports,South,1,57.05,0.05,54.2,33.09,0
O102278,C01055,2024-03-10,Sports,West,2,103.05,0.05,195.79,119.54,0
O105620,C02594,2024-03-10,Beauty,North,1,47.79,0.0,47.79,19.12,0
O102610,C01215,2024-03-10,Fashion,East,3,93.71,0.0,281.13,126.51,0
O111765,C05479,2024-03-10,Home & Kitchen,South,2,155.19,0.0,310.38,170.71,0
O105322,C02453,2024-03-10,Fashion,East,2,65.28,0.1,117.5,58.75,1
O104019,C01851,2024-03-10,Fashion,North,1,84.38,0.0,84.38,37.97,1
O101267,C00581,2024-03-10,Books,East,1,12.38,0.15,10.52,6.19,0
O111917,C05548,2024-03-10,Electronics,East,2,305.58,0.0,611.16,440.04,1
O103307,C01531,2024-03-10,Sports,East,1,230.16,0.1,207.14,133.49,1
O108417,C03916,2024-03-10,Books,West,3,27.48,0.0,82.44,41.22,0
O105367,C02472,2024-03-10,Fashion,North,2,127.36,0.0,254.72,114.62,0
O108450,C03932,2024-03-10,Beauty,East,1,12.66,0.0,12.66,5.06,0
O107332,C03414,2024-03-11,Books,West,1,36.59,0.0,36.59,18.3,0
O109958,C04627,2024-03-11,Electronics,West,2,340.94,0.0,681.88,490.95,0
O105432,C02502,2024-03-11,Home & Kitchen,East,1,68.81,0.1,61.93,37.85,0
O100069,C00033,2024-03-11,Home & Kitchen,North,1,115.92,0.0,115.92,63.76,0
O106991,C03248,2024-03-11,Home & Kitchen,West,1,55.23,0.2,44.18,30.38,0
O111889,C05535,2024-03-11,Sports,East,2,178.25,0.0,356.5,206.77,0
O106061,C02804,2024-03-11,Beauty,East,1,26.86,0.1,24.17,10.74,0
O110056,C04671,2024-03-11,Books,West,2,24.41,0.3,34.17,24.41,0
O100445,C00217,2024-03-11,Beauty,South,1,53.35,0.3,37.34,21.34,0
O110249,C04763,2024-03-11,Books,North,2,19.61,0.0,39.22,19.61,0
O100580,C00280,2024-03-11,Fashion,North,2,96.45,0.0,192.9,86.8,1
O105548,C02559,2024-03-11,Electronics,East,3,581.16,0.0,1743.48,1255.31,0
O103882,C01788,2024-03-11,Electronics,East,3,185.87,0.3,390.33,401.48,0
O112669,C05880,2024-03-11,Fashion,South,1,77.82,0.0,77.82,35.02,0
O102219,C01027,2024-03-12,Beauty,East,1,34.74,0.2,27.79,13.9,0
O111770,C05482,2024-03-12,Fashion,North,1,46.21,0.3,32.35,20.79,1
O101264,C00580,2024-03-12,Fashion,North,2,88.25,0.0,176.5,79.42,0
O100073,C00036,2024-03-12,Beauty,East,3,69.89,0.0,209.67,83.87,0
O101770,C00826,2024-03-12,Books,East,2,22.33,0.0,44.66,22.33,0
O103334,C01543,2024-03-12,Fashion,West,3,62.74,0.15,159.99,84.7,0
O106173,C02854,2024-03-12,Fashion,North,2,116.16,0.0,232.32,104.54,0
O106194,C02865,2024-03-12,Sports,East,3,183.94,0.0,551.82,320.06,0
O108829,C04105,2024-03-12,Home & Kitchen,North,3,29.61,0.0,88.83,48.86,0
O103538,C01633,2024-03-12,Books,South,1,9.11,0.0,9.11,4.56,0
O109802,C04552,2024-03-13,Beauty,East,1,54.0,0.0,54.0,21.6,0
O110095,C04689,2024-03-13,Books,South,1,18.45,0.05,17.53,9.22,0
O105017,C02317,2024-03-13,Books,North,2,13.39,0.0,26.78,13.39,0
O110172,C04724,2024-03-13,Fashion,South,3,63.35,0.15,161.54,85.52,0
O101771,C00826,2024-03-13,Home & Kitchen,East,1,108.13,0.1,97.32,59.47,0
O107575,C03528,2024-03-13,Beauty,North,1,49.17,0.0,49.17,19.67,0
O107148,C03321,2024-03-13,Fashion,North,1,93.06,0.0,93.06,41.88,0
O101121,C00516,2024-03-14,Fashion,East,2,89.21,0.15,151.66,80.29,0
O108363,C03887,2024-03-14,Electronics,South,2,462.49,0.0,924.98,665.99,0
O104933,C02278,2024-03-14,Fashion,East,3,138.35,0.0,415.05,186.77,1
O110570,C04917,2024-03-14,Books,West,2,30.2,0.0,60.4,30.2,0
O107593,C03535,2024-03-14,Fashion,South,1,42.45,0.1,38.21,19.1,0
O101280,C00588,2024-03-14,Beauty,South,1,54.87,0.05,52.13,21.95,0
O111828,C05508,2024-03-14,Home & Kitchen,North,1,115.4,0.05,109.63,63.47,1
O107799,C03639,2024-03-14,Sports,East,2,101.52,0.1,182.74,117.76,0
O104398,C02033,2024-03-14,Books,North,2,16.11,0.0,32.22,16.11,0
O102763,C01289,2024-03-14,Home & Kitchen,West,2,45.14,0.2,72.22,49.65,0
O111948,C05564,2024-03-14,Beauty,North,1,19.23,0.0,19.23,7.69,0
O100946,C00439,2024-03-14,Sports,North,2,135.59,0.0,271.18,157.28,0
O103303,C01529,2024-03-14,Sports,North,2,212.59,0.0,425.18,246.6,0
O103996,C01842,2024-03-14,Books,South,3,31.44,0.0,94.32,47.16,0
O105894,C02728,2024-03-14,Fashion,South,1,115.76,0.3,81.03,52.09,0
O105460,C02515,2024-03-14,Fashion,North,1,99.45,0.0,99.45,44.75,0
O108991,C04183,2024-03-14,Fashion,East,1,126.79,0.1,114.11,57.06,0
O112086,C05621,2024-03-15,Sports,West,1,116.7,0.1,105.03,67.69,0
O105799,C02682,2024-03-15,Electronics,South,1,598.52,0.05,568.59,430.93,0
O105031,C02322,2024-03-15,Sports,East,1,150.66,0.15,128.06,87.38,0
O101757,C00818,2024-03-15,Sports,North,2,116.21,0.15,197.56,134.8,0
O100024,C00010,2024-03-15,Home & Kitchen,East,1,125.82,0.0,125.82,69.2,0
O106382,C02957,2024-03-15,Home & Kitchen,East,1,137.81,0.1,124.03,75.8,0
O103114,C01452,2024-03-15,Sports,West,2,227.11,0.0,454.22,263.45,0
O112007,C05591,2024-03-15,Beauty,East,3,56.46,0.0,169.38,67.75,0
O109847,C04572,2024-03-15,Electronics,West,1,339.5,0.0,339.5,244.44,0
O102202,C01019,2024-03-15,Electronics,North,2,284.01,0.1,511.22,408.97,0
O105698,C02635,2024-03-15,Fashion,North,3,121.54,0.1,328.16,164.08,0
O107071,C03284,2024-03-15,Electronics,North,2,205.3,0.1,369.54,295.63,0
O100763,C00359,2024-03-15,Electronics,East,1,340.23,0.0,340.23,244.97,0
O107342,C03419,2024-03-15,Home & Kitchen,West,1,100.4,0.05,95.38,55.22,0
O110448,C04853,2024-03-15,Home & Kitchen,East,2,140.87,0.05,267.65,154.96,0
O110439,C04848,2024-03-16,Beauty,South,2,20.5,0.0,41.0,16.4,0
O107425,C03458,2024-03-16,Fashion,East,1,57.07,0.1,51.36,25.68,0
O101762,C00821,2024-03-16,Books,East,1,33.86,0.0,33.86,16.93,0
O109557,C04432,2024-03-16,Home & Kitchen,East,2,50.1,0.1,90.18,55.11,0
O111766,C05479,2024-03-16,Home & Kitchen,South,2,74.05,0.0,148.1,81.46,0
O101466,C00674,2024-03-16,Books,South,2,24.44,0.0,48.88,24.44,0
O110996,C05120,2024-03-16,Home & Kitchen,East,3,103.15,0.0,309.45,170.2,0
O102611,C01215,2024-03-16,Fashion,East,1,37.49,0.0,37.49,16.87,0
O105221,C02412,2024-03-16,Electronics,East,1,285.79,0.0,285.79,205.77,0
O108822,C04101,2024-03-16,Fashion,South,2,119.13,0.0,238.26,107.22,0
O112338,C05728,2024-03-16,Fashion,South,2,129.32,0.3,181.05,116.39,1
O107072,C03284,2024-03-16,Beauty,North,1,37.42,0.05,35.55,14.97,0
O110076,C04680,2024-03-16,Home & Kitchen,West,1,117.99,0.1,106.19,64.89,0
O108563,C03982,2024-03-16,Home & Kitchen,West,2,141.61,0.05,269.06,155.77,0
O108073,C03759,2024-03-16,Sports,South,1,161.46,0.05,153.39,93.65,0
O109752,C04528,2024-03-17,Beauty,East,3,30.62,0.0,91.86,36.74,0
O109624,C04461,2024-03-17,Books,South,2,17.44,0.0,34.88,17.44,0
O108328,C03871,2024-03-17,Sports,East,1,96.79,0.0,96.79,56.14,0
O104177,C01931,2024-03-17,Sports,East,3,96.95,0.1,261.77,168.69,0
O107523,C03501,2024-03-17,Beauty,West,2,55.34,0.2,88.54,44.27,0
O104903,C02266,2024-03-17,Beauty,North,2,11.04,0.05,20.98,8.83,0
O100173,C00087,2024-03-17,Sports,North,2,70.33,0.3,98.46,81.58,0
O102696,C01256,2024-03-17,Fashion,North,2,82.18,0.05,156.14,73.96,1
O101888,C00881,2024-03-18,Books,East,3,26.31,0.2,63.14,39.46,0
O109538,C04420,2024-03-18,Home & Kitchen,North,2,56.62,0.0,113.24,62.28,0
O105544,C02556,2024-03-18,Home & Kitchen,West,1,131.96,0.05,125.36,72.58,0
O107898,C03687,2024-03-18,Sports,West,2,36.7,0.0,73.4,42.57,0
O108329,C03872,2024-03-18,Beauty,East,1,32.39,0.0,32.39,12.96,0
O110426,C04843,2024-03-18,Books,North,2,13.23,0.0,26.46,13.23,1
O102209,C01022,2024-03-18,Electronics,North,2,227.63,0.0,455.26,327.79,0
O108871,C04127,2024-03-18,Books,South,3,38.98,0.0,116.94,58.47,0
O106088,C02816,2024-03-18,Electronics,East,2,180.6,0.2,288.96,260.06,0
O100808,C00376,2024-03-18,Fashion,South,3,115.77,0.0,347.31,156.29,0
O111506,C05367,2024-03-18,Sports,North,1,62.49,0.2,49.99,36.24,0
O111936,C05557,2024-03-18,Home & Kitchen,East,1,147.6,0.05,140.22,81.18,0
O108504,C03959,2024-03-18,Sports,South,2,205.3,0.05,390.07,238.15,0
O110179,C04727,2024-03-19,Beauty,North,2,38.3,0.0,76.6,30.64,0
O111033,C05136,2024-03-19,Home & Kitchen,South,3,150.21,0.1,405.57,247.85,0
O100349,C00172,2024-03-19,Beauty,East,3,47.14,0.05,134.35,56.57,0
O101034,C00478,2024-03-19,Beauty,West,1,29.27,0.0,29.27,11.71,0
O112853,C05966,2024-03-19,Books,North,2,17.54,0.0,35.08,17.54,0
O107065,C03281,2024-03-19,Books,East,2,35.91,0.3,50.27,35.91,0
O101273,C00583,2024-03-19,Books,South,2,33.87,0.0,67.74,33.87,0
O106546,C03035,2024-03-19,Fashion,West,1,113.46,0.0,113.46,51.06,0
O110667,C04966,2024-03-19,Books,West,1,28.28,0.0,28.28,14.14,0
O102764,C01289,2024-03-19,Beauty,West,1,66.95,0.0,66.95,26.78,1
O101909,C00891,2024-03-19,Fashion,North,1,96.75,0.15,82.24,43.54,0
O103982,C01834,2024-03-19,Fashion,East,2,130.17,0.0,260.34,117.15,0
O108147,C03791,2024-03-19,Fashion,South,2,70.0,0.0,140.0,63.0,1
O108384,C03898,2024-03-19,Home & Kitchen,North,2,135.83,0.0,271.66,149.41,0
O108833,C04107,2024-03-19,Books,East,1,13.56,0.0,13.56,6.78,0
O112320,C05719,2024-03-20,Fashion,East,2,110.57,0.3,154.8,99.51,0
O108001,C03727,2024-03-20,Home & Kitchen,North,3,177.73,0.0,533.19,293.25,0
O110567,C04916,2024-03-20,Fashion,West,3,84.89,0.1,229.2,114.6,0
O105293,C02440,2024-03-20,Home & Kitchen,North,1,100.03,0.0,100.03,55.02,0
O109249,C04294,2024-03-20,Home & Kitchen,North,1,43.91,0.0,43.91,24.15,0
O112481,C05792,2024-03-20,Sports,West,2,38.35,0.0,76.7,44.49,0
O103671,C01690,2024-03-20,Fashion,East,2,129.32,0.2,206.91,116.39,0
O110111,C04698,2024-03-20,Electronics,West,1,441.37,0.0,441.37,317.79,0
O109257,C04300,2024-03-20,Fashion,East,2,109.4,0.05,207.86,98.46,0
O104899,C02265,2024-03-20,Home & Kitchen,South,2,140.86,0.0,281.72,154.95,0
O102915,C01359,2024-03-21,Books,South,2,33.22,0.15,56.47,33.22,0
O105721,C02646,2024-03-21,Books,North,2,12.32,0.0,24.64,12.32,0
O101161,C00538,2024-03-21,Home & Kitchen,East,1,71.07,0.2,56.86,39.09,0
O111825,C05507,2024-03-21,Fashion,East,1,67.97,0.0,67.97,30.59,1
O109920,C04611,2024-03-21,Home & Kitchen,East,1,95.53,0.3,66.87,52.54,0
O105049,C02331,2024-03-21,Beauty,East,1,26.0,0.0,26.0,10.4,0
O108181,C03807,2024-03-21,Sports,East,1,172.68,0.0,172.68,100.15,0
O100995,C00460,2024-03-21,Fashion,East,3,49.64,0.0,148.92,67.01,0
O109993,C04645,2024-03-21,Beauty,East,1,67.04,0.0,67.04,26.82,0
O103150,C01464,2024-03-21,Electronics,West,2,245.22,0.0,490.44,353.12,1
O108760,C04071,2024-03-21,Fashion,East,1,105.6,0.0,105.6,47.52,0
O105661,C02615,2024-03-21,Sports,East,2,214.84,0.0,429.68,249.21,0
O110400,C04832,2024-03-21,Books,East,2,20.78,0.05,39.48,20.78,0
O102109,C00977,2024-03-21,Fashion,North,2,26.15,0.1,47.07,23.54,0
O108875,C04128,2024-03-21,Beauty,South,1,23.21,0.0,23.21,9.28,0
O101703,C00791,2024-03-22,Fashion,North,1,34.45,0.3,24.12,15.5,0
O105376,C02475,2024-03-22,Fashion,East,1,112.5,0.0,112.5,50.62,0
O101085,C00501,2024-03-22,Beauty,South,1,50.89,0.0,50.89,20.36,0
O107127,C03309,2024-03-22,Fashion,South,1,79.61,0.2,63.69,35.82,0
O109162,C04258,2024-03-22,Electronics,West,3,571.65,0.0,1714.95,1234.76,0
O112670,C05880,2024-03-22,Fashion,South,2,125.34,0.0,250.68,112.81,0
O100501,C00243,2024-03-22,Home & Kitchen,West,2,134.28,0.1,241.7,147.71,0
O105927,C02742,2024-03-22,Sports,East,2,159.37,0.0,318.74,184.87,0
O108754,C04070,2024-03-22,Home & Kitchen,East,1,157.11,0.0,157.11,86.41,0
O107630,C03561,2024-03-22,Fashion,South,2,77.42,0.0,154.84,69.68,0
O112764,C05929,2024-03-22,Books,South,2,27.63,0.0,55.26,27.63,0
O104993,C02306,2024-03-22,Beauty,East,1,46.9,0.0,46.9,18.76,0
O100110,C00056,2024-03-22,Electronics,South,2,339.82,0.15,577.69,489.34,1
O104273,C01979,2024-03-22,Fashion,West,3,85.93,0.05,244.9,116.01,0
O107513,C03497,2024-03-22,Beauty,South,2,15.55,0.0,31.1,12.44,0
O100447,C00218,2024-03-23,Books,North,1,37.25,0.0,37.25,18.62,0
O108548,C03975,2024-03-23,Home & Kitchen,East,1,35.92,0.0,35.92,19.76,0
O105255,C02423,2024-03-23,Home & Kitchen,East,1,71.53,0.0,71.53,39.34,0
O111862,C05526,2024-03-23,Home & Kitchen,West,2,31.31,0.05,59.49,34.44,0
O102612,C01215,2024-03-23,Fashion,East,2,23.08,0.2,36.93,20.77,0
O104080,C01880,2024-03-23,Electronics,South,2,261.15,0.1,470.07,376.06,0
O104799,C02215,2024-03-23,Beauty,South,2,37.9,0.1,68.22,30.32,0
O109804,C04553,2024-03-23,Fashion,South,1,137.39,0.0,137.39,61.83,0
O110117,C04700,2024-03-23,Beauty,East,2,32.83,0.0,65.66,26.26,1
O104052,C01867,2024-03-23,Home & Kitchen,South,2,137.91,0.15,234.45,151.7,0
O103163,C01470,2024-03-23,Fashion,North,1,29.66,0.05,28.18,13.35,0
O103777,C01738,2024-03-24,Beauty,North,2,30.95,0.1,55.71,24.76,0
O100535,C00258,2024-03-24,Beauty,South,1,10.34,0.15,8.79,4.14,0
O106195,C02865,2024-03-24,Home & Kitchen,East,1,144.84,0.0,144.84,79.66,0
O104029,C01855,2024-03-24,Electronics,North,2,195.79,0.0,391.58,281.94,0
O101959,C00910,2024-03-24,Home & Kitchen,West,2,131.81,0.0,263.62,144.99,0
O102878,C01343,2024-03-24,Fashion,East,1,50.51,0.0,50.51,22.73,0
O105359,C02469,2024-03-24,Fashion,East,3,68.11,0.1,183.9,91.95,0
O111186,C05211,2024-03-24,Home & Kitchen,South,3,51.96,0.1,140.29,85.73,0
O108876,C04128,2024-03-24,Electronics,South,1,206.81,0.1,186.13,148.9,0
O110003,C04648,2024-03-24,Books,South,1,14.16,0.1,12.74,7.08,0
O111826,C05507,2024-03-24,Books,East,2,34.46,0.2,55.14,34.46,0
O106021,C02786,2024-03-24,Electronics,East,2,406.8,0.15,691.56,585.79,0
O103109,C01450,2024-03-24,Fashion,North,2,90.67,0.0,181.34,81.6,0
O106421,C02972,2024-03-25,Home & Kitchen,North,3,133.62,0.0,400.86,220.47,1
O100661,C00313,2024-03-25,Fashion,East,2,96.74,0.1,174.13,87.07,0
O104861,C02244,2024-03-25,Electronics,North,1,571.59,0.0,571.59,411.54,0
O103155,C01466,2024-03-25,Books,North,2,23.29,0.2,37.26,23.29,0
O109073,C04221,2024-03-25,Books,North,3,13.42,0.05,38.25,20.13,0
O101512,C00700,2024-03-25,Beauty,South,1,48.73,0.0,48.73,19.49,0
O100622,C00300,2024-03-25,Home & Kitchen,North,1,157.78,0.15,134.11,86.78,0
O111407,C05318,2024-03-25,Sports,West,2,197.1,0.0,394.2,228.64,0
O108148,C03791,2024-03-25,Electronics,South,2,409.86,0.0,819.72,590.2,0
O107192,C03343,2024-03-25,Books,West,3,28.23,0.05,80.46,42.34,0
O110799,C05028,2024-03-26,Beauty,East,1,62.56,0.2,50.05,25.02,0
O105678,C02623,2024-03-26,Electronics,East,2,440.0,0.2,704.0,633.6,0
O100407,C00198,2024-03-26,Fashion,North,1,77.52,0.1,69.77,34.88,0
O111890,C05535,2024-03-26,Fashion,East,3,70.72,0.0,212.16,95.47,0
O109973,C04635,2024-03-26,Sports,North,1,167.3,0.1,150.57,97.03,0
O102717,C01267,2024-03-26,Fashion,South,2,77.65,0.0,155.3,69.89,0
O107583,C03530,2024-03-26,Electronics,North,1,190.13,0.0,190.13,136.89,1
O109224,C04285,2024-03-26,Beauty,West,1,69.9,0.2,55.92,27.96,0
O100631,C00303,2024-03-26,Sports,North,2,47.94,0.15,81.5,55.61,0
O101859,C00870,2024-03-26,Fashion,South,3,70.13,0.0,210.39,94.68,1
O102667,C01238,2024-03-27,Fashion,West,1,92.09,0.0,92.09,41.44,0
O101038,C00480,2024-03-27,Beauty,East,2,46.83,0.15,79.61,37.46,0
O112919,C06000,2024-03-27,Beauty,East,3,52.98,0.0,158.94,63.58,0
O111946,C05562,2024-03-27,Books,North,3,36.65,0.0,109.95,54.97,0
O106541,C03034,2024-03-27,Fashion,North,1,137.47,0.05,130.6,61.86,0
O100764,C00359,2024-03-27,Books,East,3,17.39,0.2,41.74,26.08,0
O107691,C03591,2024-03-27,Fashion,North,1,78.74,0.05,74.8,35.43,0
O102641,C01227,2024-03-27,Beauty,East,1,18.73,0.1,16.86,7.49,0
O102839,C01321,2024-03-27,Electronics,West,1,155.04,0.0,155.04,111.63,0
O109292,C04314,2024-03-27,Fashion,East,1,53.56,0.0,53.56,24.1,0
O106528,C03027,2024-03-27,Home & Kitchen,North,2,75.1,0.0,150.2,82.61,0
O111040,C05139,2024-03-27,Electronics,East,2,321.31,0.0,642.62,462.69,0
O111369,C05301,2024-03-28,Fashion,East,1,134.34,0.0,134.34,60.45,0
O106795,C03150,2024-03-28,Books,East,3,10.44,0.0,31.32,15.66,0
O109115,C04238,2024-03-28,Books,East,1,19.97,0.0,19.97,9.98,0
O103089,C01436,2024-03-28,Fashion,East,2,50.71,0.0,101.42,45.64,0
O103151,C01464,2024-03-28,Beauty,West,1,58.37,0.0,58.37,23.35,0
O105139,C02371,2024-03-28,Home & Kitchen,North,2,90.28,0.1,162.5,99.31,0
O107118,C03305,2024-03-28,Fashion,East,3,132.05,0.0,396.15,178.27,0
O110624,C04945,2024-03-28,Beauty,East,1,48.28,0.0,48.28,19.31,0
O112496,C05801,2024-03-28,Home & Kitchen,North,2,87.05,0.3,121.87,95.76,0
O102613,C01215,2024-03-28,Home & Kitchen,East,3,29.4,0.1,79.38,48.51,0
O110401,C04832,2024-03-28,Beauty,East,1,31.11,0.0,31.11,12.44,0
O108285,C03853,2024-03-28,Home & Kitchen,East,1,116.26,0.1,104.63,63.94,0
O105438,C02504,2024-03-28,Fashion,East,2,107.86,0.0,215.72,97.07,0
O104706,C02177,2024-03-28,Beauty,North,2,48.63,0.0,97.26,38.9,0
O112757,C05926,2024-03-29,Books,South,1,22.74,0.15,19.33,11.37,0
O110181,C04729,2024-03-29,Sports,East,2,133.11,0.0,266.22,154.41,0
O105142,C02373,2024-03-29,Beauty,North,3,63.83,0.0,191.49,76.6,0
O103472,C01605,2024-03-29,Fashion,East,2,32.95,0.0,65.9,29.66,0
O105339,C02460,2024-03-29,Books,North,2,36.33,0.15,61.76,36.33,0
O101558,C00724,2024-03-29,Home & Kitchen,South,2,75.35,0.3,105.49,82.88,0
O103192,C01484,2024-03-29,Fashion,North,2,124.1,0.15,210.97,111.69,0
O112497,C05801,2024-03-29,Fashion,North,1,135.63,0.0,135.63,61.03,0
O100317,C00157,2024-03-29,Beauty,North,2,62.07,0.3,86.9,49.66,0
O106974,C03240,2024-03-29,Beauty,East,2,40.64,0.0,81.28,32.51,0
O105028,C02321,2024-03-29,Beauty,North,1,14.87,0.05,14.13,5.95,0
O112145,C05639,2024-03-29,Beauty,East,3,23.03,0.1,62.18,27.64,0
O100679,C00322,2024-03-29,Beauty,South,2,21.65,0.0,43.3,17.32,0
O106241,C02888,2024-03-29,Books,North,2,23.51,0.2,37.62,23.51,0
O102504,C01166,2024-03-29,Home & Kitchen,North,3,107.69,0.1,290.76,177.69,0
O111579,C05396,2024-03-30,Sports,East,2,59.66,0.0,119.32,69.21,0
O105861,C02711,2024-03-30,Home & Kitchen,East,1,61.55,0.1,55.39,33.85,0
O105452,C02510,2024-03-30,Home & Kitchen,East,2,135.95,0.1,244.71,149.54,0
O108872,C04127,2024-03-31,Beauty,South,1,12.88,0.0,12.88,5.15,0
O102614,C01216,2024-03-31,Home & Kitchen,North,2,71.51,0.0,143.02,78.66,0
O112551,C05829,2024-03-31,Books,North,2,8.04,0.0,16.08,8.04,0
O105012,C02314,2024-03-31,Beauty,East,2,14.51,0.05,27.57,11.61,0
O106696,C03103,2024-03-31,Beauty,West,1,35.23,0.1,31.71,14.09,0
O112345,C05732,2024-03-31,Beauty,East,2,54.54,0.1,98.17,43.63,0
O104768,C02202,2024-03-31,Home & Kitchen,North,2,77.64,0.1,139.75,85.4,0
O110018,C04655,2024-03-31,Home & Kitchen,North,3,31.51,0.0,94.53,51.99,0
O103940,C01816,2024-03-31,Beauty,North,1,24.53,0.0,24.53,9.81,0
O109560,C04434,2024-03-31,Beauty,North,1,25.51,0.0,25.51,10.2,0
O109447,C04382,2024-03-31,Home & Kitchen,South,2,77.14,0.0,154.28,84.85,0
O100143,C00074,2024-03-31,Home & Kitchen,East,2,25.48,0.1,45.86,28.03,0
O112591,C05847,2024-03-31,Home & Kitchen,West,1,40.02,0.0,40.02,22.01,1
O106287,C02911,2024-04-01,Sports,West,1,110.65,0.0,110.65,64.18,0
O103759,C01730,2024-04-01,Electronics,South,1,541.81,0.0,541.81,390.1,0
O107078,C03287,2024-04-01,Fashion,East,1,101.91,0.15,86.62,45.86,0
O104070,C01876,2024-04-01,Electronics,East,2,250.81,0.05,476.54,361.17,0
O110967,C05105,2024-04-01,Home & Kitchen,East,1,60.27,0.2,48.22,33.15,0
O107243,C03370,2024-04-01,Home & Kitchen,East,1,35.72,0.0,35.72,19.65,0
O108130,C03783,2024-04-01,Home & Kitchen,East,1,90.3,0.0,90.3,49.66,0
O103967,C01827,2024-04-01,Beauty,North,1,67.24,0.0,67.24,26.9,0
O111476,C05353,2024-04-01,Electronics,West,1,588.36,0.1,529.52,423.62,0
O106975,C03240,2024-04-01,Beauty,East,1,26.25,0.05,24.94,10.5,0
O102727,C01272,2024-04-01,Fashion,South,2,69.24,0.2,110.78,62.32,0
O103204,C01489,2024-04-01,Fashion,South,1,85.43,0.3,59.8,38.44,0
O105838,C02700,2024-04-01,Fashion,North,1,84.15,0.0,84.15,37.87,0
O107500,C03491,2024-04-01,Beauty,North,1,18.08,0.0,18.08,7.23,0
O104559,C02104,2024-04-02,Home & Kitchen,East,3,132.13,0.0,396.39,218.01,0
O106097,C02819,2024-04-02,Beauty,South,2,67.37,0.05,128.0,53.9,0
O104707,C02177,2024-04-02,Fashion,North,2,46.8,0.05,88.92,42.12,0
O108166,C03798,2024-04-02,Home & Kitchen,North,1,72.81,0.0,72.81,40.05,0
O109619,C04459,2024-04-02,Fashion,North,1,136.09,0.0,136.09,61.24,0
O110282,C04780,2024-04-02,Home & Kitchen,East,1,57.15,0.1,51.44,31.43,0
O100781,C00365,2024-04-02,Fashion,South,1,81.93,0.0,81.93,36.87,0
O101865,C00873,2024-04-02,Fashion,North,1,55.69,0.0,55.69,25.06,0
O112058,C05610,2024-04-02,Electronics,North,1,568.48,0.0,568.48,409.31,0
O110278,C04779,2024-04-02,Beauty,North,1,33.84,0.3,23.69,13.54,0
O104020,C01851,2024-04-02,Sports,North,1,104.6,0.1,94.14,60.67,0
O103027,C01409,2024-04-02,Books,West,1,12.52,0.05,11.89,6.26,0
O108873,C04127,2024-04-02,Home & Kitchen,South,1,123.33,0.0,123.33,67.83,1
O104524,C02090,2024-04-02,Fashion,South,3,42.35,0.0,127.05,57.17,0
O107211,C03353,2024-04-02,Home & Kitchen,East,2,144.45,0.0,288.9,158.9,0
O100350,C00172,2024-04-02,Home & Kitchen,East,2,119.04,0.2,190.46,130.94,1
O101846,C00863,2024-04-02,Fashion,East,2,97.47,0.0,194.94,87.72,0
O100848,C00397,2024-04-02,Sports,North,1,101.28,0.05,96.22,58.74,0
O104334,C02006,2024-04-02,Fashion,South,1,91.13,0.0,91.13,41.01,0
O105119,C02364,2024-04-02,Fashion,West,2,121.75,0.0,243.5,109.58,0
O105613,C02591,2024-04-03,Electronics,South,2,376.3,0.0,752.6,541.87,0
O105884,C02723,2024-04-03,Home & Kitchen,North,2,136.19,0.2,217.9,149.81,0
O110261,C04769,2024-04-03,Beauty,West,2,59.29,0.0,118.58,47.43,0
O105445,C02505,2024-04-03,Fashion,West,1,56.75,0.0,56.75,25.54,0
O106697,C03103,2024-04-03,Sports,West,1,35.88,0.1,32.29,20.81,0
O100347,C00171,2024-04-03,Home & Kitchen,West,2,173.21,0.0,346.42,190.53,0
O112451,C05778,2024-04-03,Books,East,1,31.72,0.0,31.72,15.86,0
O111949,C05564,2024-04-03,Home & Kitchen,North,2,83.63,0.05,158.9,91.99,0
O107178,C03335,2024-04-03,Beauty,East,1,55.69,0.0,55.69,22.28,0
O106761,C03134,2024-04-03,Fashion,North,3,45.3,0.05,129.1,61.15,0
O107596,C03538,2024-04-03,Fashion,East,1,75.56,0.0,75.56,34.0,0
O109486,C04402,2024-04-03,Fashion,North,3,56.49,0.05,161.0,76.26,0
O106637,C03077,2024-04-03,Fashion,East,3,84.03,0.0,252.09,113.44,1
O104104,C01895,2024-04-03,Fashion,East,1,65.66,0.15,55.81,29.55,0
O112185,C05661,2024-04-04,Sports,North,2,118.89,0.05,225.89,137.91,0
O106363,C02946,2024-04-04,Fashion,North,1,75.68,0.3,52.98,34.06,1
O100898,C00418,2024-04-04,Books,East,2,12.94,0.0,25.88,12.94,0
O112573,C05838,2024-04-04,Home & Kitchen,East,1,78.69,0.3,55.08,43.28,0
O102167,C01005,2024-04-04,Electronics,East,1,310.45,0.0,310.45,223.52,0
O111004,C05125,2024-04-04,Fashion,West,2,88.06,0.0,176.12,79.25,0
O100651,C00310,2024-04-04,Beauty,North,2,59.32,0.0,118.64,47.46,1
O101816,C00846,2024-04-04,Home & Kitchen,East,3,84.45,0.2,202.68,139.34,0
O102715,C01266,2024-04-04,Sports,East,2,77.74,0.3,108.84,90.18,0
O112681,C05885,2024-04-04,Electronics,South,1,192.59,0.0,192.59,138.66,1
O103983,C01834,2024-04-04,Home & Kitchen,East,1,82.66,0.0,82.66,45.46,0
O112386,C05750,2024-04-04,Sports,East,2,161.35,0.05,306.56,187.17,0
O104796,C02214,2024-04-04,Books,West,2,36.18,0.0,72.36,36.18,0
O101459,C00670,2024-04-04,Electronics,East,2,459.67,0.2,735.47,661.92,0
O112910,C05995,2024-04-04,Fashion,South,1,119.96,0.0,119.96,53.98,0
O104170,C01926,2024-04-04,Fashion,South,3,100.46,0.05,286.31,135.62,0
O101684,C00783,2024-04-04,Beauty,West,1,43.57,0.1,39.21,17.43,0
O102877,C01342,2024-04-05,Fashion,North,2,138.04,0.0,276.08,124.24,0
O108002,C03727,2024-04-05,Fashion,North,2,45.31,0.0,90.62,40.78,0
O106606,C03064,2024-04-05,Books,South,2,10.15,0.1,18.27,10.15,0
O106169,C02853,2024-04-05,Books,North,2,11.93,0.15,20.28,11.93,0
O108701,C04044,2024-04-05,Fashion,North,2,49.31,0.3,69.03,44.38,1
O107745,C03614,2024-04-05,Home & Kitchen,North,1,122.48,0.05,116.36,67.36,0
O100211,C00104,2024-04-05,Home & Kitchen,East,2,110.06,0.0,220.12,121.07,0
O101871,C00874,2024-04-05,Electronics,North,3,247.17,0.15,630.28,533.89,0
O101673,C00778,2024-04-05,Fashion,North,1,29.65,0.0,29.65,13.34,0
O101739,C00808,2024-04-05,Sports,East,1,156.27,0.3,109.39,90.64,0
O110691,C04978,2024-04-05,Beauty,West,2,34.91,0.0,69.82,27.93,0
O104509,C02085,2024-04-05,Fashion,West,2,103.01,0.0,206.02,92.71,0
O112854,C05966,2024-04-05,Books,North,2,15.8,0.0,31.6,15.8,0
O102041,C00948,2024-04-06,Books,North,2,22.59,0.3,31.63,22.59,0
O107759,C03620,2024-04-06,Electronics,North,1,297.78,0.0,297.78,214.4,0
O107202,C03348,2024-04-06,Fashion,East,3,36.61,0.0,109.83,49.42,0
O108854,C04118,2024-04-06,Beauty,East,2,15.35,0.0,30.7,12.28,0
O109730,C04513,2024-04-06,Fashion,North,1,46.38,0.0,46.38,20.87,0
O106282,C02909,2024-04-06,Electronics,South,1,361.26,0.0,361.26,260.11,0
O102036,C00946,2024-04-06,Home & Kitchen,West,1,31.82,0.05,30.23,17.5,0
O103408,C01579,2024-04-06,Electronics,South,2,226.47,0.15,385.0,326.12,0
O102204,C01020,2024-04-06,Fashion,East,2,46.21,0.15,78.56,41.59,0
O101910,C00891,2024-04-06,Books,North,3,17.77,0.0,53.31,26.66,0
O100782,C00365,2024-04-06,Fashion,South,1,92.55,0.0,92.55,41.65,0
O112808,C05946,2024-04-06,Home & Kitchen,East,2,73.81,0.0,147.62,81.19,0
O105835,C02699,2024-04-06,Home & Kitchen,West,1,90.48,0.0,90.48,49.76,0
O105447,C02506,2024-04-06,Electronics,South,1,209.09,0.1,188.18,150.54,0
O105439,C02504,2024-04-06,Sports,East,1,188.58,0.1,169.72,109.38,0
O109921,C04611,2024-04-06,Home & Kitchen,East,1,169.02,0.05,160.57,92.96,0
O110021,C04657,2024-04-06,Beauty,East,1,57.86,0.1,52.07,23.14,0
O108542,C03973,2024-04-06,Beauty,North,1,54.7,0.0,54.7,21.88,0
O106720,C03113,2024-04-06,Electronics,North,2,259.42,0.0,518.84,373.56,0
O103327,C01538,2024-04-06,Electronics,West,1,150.33,0.0,150.33,108.24,0
O110198,C04737,2024-04-07,Home & Kitchen,East,2,144.47,0.0,288.94,158.92,0
O106814,C03161,2024-04-07,Books,East,1,11.49,0.15,9.77,5.74,0
O109763,C04532,2024-04-07,Sports,North,1,61.85,0.0,61.85,35.87,0
O101563,C00726,2024-04-07,Fashion,East,1,119.98,0.0,119.98,53.99,0
O107820,C03651,2024-04-07,Home & Kitchen,East,3,43.79,0.0,131.37,72.25,1
O104497,C02080,2024-04-07,Home & Kitchen,East,1,53.29,0.0,53.29,29.31,0
O101689,C00784,2024-04-07,Fashion,North,3,41.21,0.0,123.63,55.63,0
O108215,C03821,2024-04-07,Electronics,East,1,530.88,0.0,530.88,382.23,0
O103482,C01610,2024-04-07,Beauty,West,2,49.82,0.0,99.64,39.86,0
O104206,C01946,2024-04-07,Fashion,West,1,43.57,0.0,43.57,19.61,0
O110263,C04770,2024-04-08,Beauty,East,2,21.92,0.0,43.84,17.54,0
O112186,C05661,2024-04-08,Home & Kitchen,North,1,105.71,0.0,105.71,58.14,0
O102035,C00945,2024-04-08,Sports,North,1,126.29,0.0,126.29,73.25,0
O101077,C00497,2024-04-08,Sports,East,2,94.07,0.0,188.14,109.12,0
O103509,C01619,2024-04-08,Fashion,South,2,54.0,0.0,108.0,48.6,0
O108476,C03945,2024-04-08,Beauty,South,2,58.19,0.05,110.56,46.55,0
O105798,C02681,2024-04-08,Home & Kitchen,West,2,176.5,0.0,353.0,194.15,0
O109468,C04394,2024-04-08,Beauty,East,2,54.04,0.2,86.46,43.23,0
O100826,C00386,2024-04-08,Home & Kitchen,East,2,46.75,0.0,93.5,51.42,0
O100939,C00436,2024-04-08,Home & Kitchen,East,1,114.38,0.0,114.38,62.91,0
O107549,C03514,2024-04-08,Fashion,East,2,137.8,0.0,275.6,124.02,1
O112596,C05850,2024-04-08,Home & Kitchen,West,1,60.3,0.1,54.27,33.16,0
O107519,C03499,2024-04-08,Books,South,1,27.55,0.2,22.04,13.78,1
O103156,C01466,2024-04-08,Books,North,2,35.31,0.2,56.5,35.31,0
O109116,C04238,2024-04-09,Electronics,East,1,417.63,0.05,396.75,300.69,0
O104133,C01911,2024-04-09,Electronics,North,3,421.81,0.0,1265.43,911.11,0
O108619,C04010,2024-04-09,Home & Kitchen,East,1,47.97,0.3,33.58,26.38,0
O106498,C03013,2024-04-09,Fashion,North,2,36.64,0.15,62.29,32.98,0
O100249,C00120,2024-04-09,Books,North,1,37.86,0.0,37.86,18.93,0
O104912,C02269,2024-04-09,Books,West,1,21.95,0.05,20.85,10.98,0
O103565,C01645,2024-04-09,Books,North,2,12.06,0.0,24.12,12.06,0
O106107,C02823,2024-04-09,Beauty,East,1,45.55,0.15,38.72,18.22,0
O112041,C05603,2024-04-09,Home & Kitchen,South,1,37.25,0.0,37.25,20.49,0
O105528,C02550,2024-04-09,Home & Kitchen,South,2,138.03,0.2,220.85,151.83,1
O112393,C05753,2024-04-09,Fashion,East,2,65.17,0.1,117.31,58.65,0
O106692,C03102,2024-04-09,Books,North,1,19.15,0.1,17.23,9.57,0
O105669,C02618,2024-04-10,Sports,West,1,60.08,0.0,60.08,34.85,0
O110643,C04954,2024-04-10,Fashion,North,1,72.35,0.0,72.35,32.56,0
O108585,C03993,2024-04-10,Beauty,West,2,57.55,0.1,103.59,46.04,0
O107066,C03281,2024-04-10,Fashion,East,2,113.69,0.1,204.64,102.32,0
O103117,C01453,2024-04-10,Home & Kitchen,East,1,113.69,0.1,102.32,62.53,0
O103922,C01806,2024-04-11,Sports,East,1,129.43,0.0,129.43,75.07,0
O111143,C05188,2024-04-11,Beauty,South,2,51.22,0.0,102.44,40.98,0
O106994,C03249,2024-04-11,Beauty,East,3,12.93,0.0,38.79,15.52,0
O109128,C04244,2024-04-11,Home & Kitchen,West,2,62.34,0.1,112.21,68.57,0
O110795,C05026,2024-04-11,Beauty,South,2,68.88,0.1,123.98,55.1,0
O109033,C04204,2024-04-11,Fashion,West,2,87.23,0.0,174.46,78.51,0
O111085,C05158,2024-04-11,Sports,North,1,134.97,0.0,134.97,78.28,0
O110410,C04837,2024-04-11,Fashion,North,2,51.76,0.0,103.52,46.58,0
O100015,C00007,2024-04-11,Fashion,East,3,48.56,0.15,123.83,65.56,0
O104781,C02207,2024-04-11,Books,North,2,30.02,0.0,60.04,30.02,0
O105368,C02472,2024-04-11,Fashion,North,1,70.3,0.05,66.78,31.64,0
O101674,C00778,2024-04-11,Home & Kitchen,North,2,58.75,0.3,82.25,64.62,0
O110451,C04855,2024-04-11,Electronics,North,3,474.01,0.0,1422.03,1023.86,0
O107039,C03269,2024-04-11,Beauty,North,1,47.72,0.0,47.72,19.09,0
O108639,C04021,2024-04-11,Fashion,West,3,117.49,0.0,352.47,158.61,1
O107204,C03349,2024-04-11,Home & Kitchen,South,1,78.04,0.0,78.04,42.92,0
O110242,C04758,2024-04-11,Home & Kitchen,North,1,115.32,0.0,115.32,63.43,0
O106517,C03022,2024-04-11,Beauty,West,1,10.04,0.1,9.04,4.02,0
O103855,C01776,2024-04-11,Electronics,North,2,128.95,0.15,219.21,185.69,1
O103532,C01630,2024-04-12,Home & Kitchen,North,1,40.89,0.0,40.89,22.49,0
O102270,C01050,2024-04-12,Electronics,East,2,337.66,0.0,675.32,486.23,0
O105909,C02736,2024-04-12,Sports,West,3,163.31,0.1,440.94,284.16,0
O110420,C04842,2024-04-12,Electronics,North,1,456.71,0.15,388.2,328.83,0
O104816,C02223,2024-04-12,Beauty,North,1,24.88,0.1,22.39,9.95,0
O110049,C04668,2024-04-12,Beauty,South,1,43.2,0.05,41.04,17.28,0
O111184,C05210,2024-04-12,Home & Kitchen,West,1,79.81,0.0,79.81,43.9,0
O105403,C02488,2024-04-12,Home & Kitchen,North,1,132.81,0.2,106.25,73.05,0
O104837,C02234,2024-04-12,Beauty,South,1,61.95,0.05,58.85,24.78,0
O106829,C03165,2024-04-12,Sports,West,2,245.2,0.0,490.4,284.43,0
O100531,C00256,2024-04-12,Home & Kitchen,West,2,106.44,0.1,191.59,117.08,0
O102349,C01090,2024-04-12,Books,North,1,17.59,0.1,15.83,8.8,0
O104498,C02080,2024-04-12,Home & Kitchen,East,2,92.79,0.2,148.46,102.07,0
O101640,C00759,2024-04-12,Home & Kitchen,West,3,49.6,0.0,148.8,81.84,0
O104986,C02302,2024-04-12,Books,East,3,12.48,0.0,37.44,18.72,0
O110936,C05089,2024-04-12,Beauty,South,2,69.62,0.05,132.28,55.7,0
O101766,C00823,2024-04-12,Fashion,East,1,131.69,0.15,111.94,59.26,0
O112454,C05780,2024-04-13,Home & Kitchen,North,2,171.06,0.0,342.12,188.17,0
O108102,C03774,2024-04-13,Beauty,West,2,14.23,0.0,28.46,11.38,0
O112106,C05628,2024-04-13,Books,West,1,37.44,0.1,33.7,18.72,0
O102488,C01157,2024-04-13,Home & Kitchen,West,1,123.37,0.1,111.03,67.85,0
O109023,C04198,2024-04-13,Electronics,West,1,188.18,0.0,188.18,135.49,0
O107547,C03513,2024-04-13,Home & Kitchen,North,1,100.23,0.0,100.23,55.13,0
O111939,C05560,2024-04-13,Electronics,West,1,203.22,0.15,172.74,146.32,0
O104062,C01871,2024-04-13,Electronics,South,1,254.51,0.2,203.61,183.25,0
O111646,C05428,2024-04-13,Sports,North,1,191.1,0.2,152.88,110.84,0
O108817,C04098,2024-04-13,Fashion,South,2,66.33,0.15,112.76,59.7,0
O109508,C04411,2024-04-13,Sports,East,2,95.79,0.05,182.0,111.12,0
O111086,C05159,2024-04-14,Fashion,North,1,42.46,0.0,42.46,19.11,1
O112574,C05838,2024-04-14,Books,East,2,38.6,0.1,69.48,38.6,0
O105387,C02480,2024-04-14,Electronics,West,2,290.1,0.15,493.17,417.74,0
O104560,C02104,2024-04-14,Fashion,East,3,34.03,0.0,102.09,45.94,0
O110326,C04798,2024-04-14,Fashion,West,1,90.85,0.15,77.22,40.88,1
O106123,C02830,2024-04-14,Electronics,East,1,228.58,0.05,217.15,164.58,0
O106307,C02923,2024-04-14,Beauty,East,1,66.21,0.0,66.21,26.48,0
O106062,C02804,2024-04-14,Sports,East,1,96.12,0.0,96.12,55.75,0
O108653,C04026,2024-04-14,Home & Kitchen,East,1,37.29,0.1,33.56,20.51,0
O110165,C04720,2024-04-15,Home & Kitchen,South,2,165.44,0.0,330.88,181.98,0
O108912,C04145,2024-04-15,Beauty,West,1,28.83,0.2,23.06,11.53,0
O101475,C00678,2024-04-15,Home & Kitchen,East,2,109.38,0.15,185.95,120.32,0
O101524,C00705,2024-04-15,Electronics,North,2,556.51,0.0,1113.02,801.37,0
O104172,C01928,2024-04-15,Electronics,South,1,169.87,0.0,169.87,122.31,0
O101316,C00604,2024-04-15,Books,North,2,33.5,0.1,60.3,33.5,0
O104570,C02108,2024-04-15,Electronics,South,1,394.12,0.0,394.12,283.77,1
O103496,C01615,2024-04-15,Sports,South,1,173.83,0.3,121.68,100.82,0
O108845,C04113,2024-04-15,Home & Kitchen,East,2,61.12,0.15,103.9,67.23,1
O101351,C00620,2024-04-15,Sports,West,2,174.52,0.0,349.04,202.44,0
O101960,C00910,2024-04-15,Books,West,2,36.56,0.05,69.46,36.56,0
O110254,C04766,2024-04-15,Fashion,North,2,119.42,0.0,238.84,107.48,1
O100926,C00429,2024-04-15,Sports,West,2,155.13,0.0,310.26,179.95,0
O105047,C02330,2024-04-15,Home & Kitchen,South,2,153.33,0.0,306.66,168.66,0
O100212,C00104,2024-04-15,Home & Kitchen,East,2,143.65,0.05,272.94,158.02,0
O100243,C00118,2024-04-15,Beauty,East,1,39.73,0.2,31.78,15.89,0
O106616,C03069,2024-04-15,Electronics,South,1,491.56,0.3,344.09,353.92,0
O109093,C04230,2024-04-16,Home & Kitchen,West,2,171.13,0.05,325.15,188.24,0
O101086,C00501,2024-04-16,Fashion,South,2,26.1,0.0,52.2,23.49,0
O105275,C02431,2024-04-16,Home & Kitchen,South,1,78.06,0.05,74.16,42.93,0
O100457,C00221,2024-04-16,Electronics,North,1,332.08,0.0,332.08,239.1,0
O104185,C01935,2024-04-16,Books,East,2,27.21,0.15,46.26,27.21,0
O104239,C01963,2024-04-16,Books,South,1,11.56,0.0,11.56,5.78,0
O110230,C04752,2024-04-16,Beauty,North,2,35.9,0.0,71.8,28.72,0
O101817,C00846,2024-04-16,Beauty,East,3,35.05,0.0,105.15,42.06,0
O100956,C00443,2024-04-16,Sports,North,2,214.37,0.0,428.74,248.67,0
O100040,C00018,2024-04-16,Books,North,1,34.08,0.0,34.08,17.04,0
O105151,C02378,2024-04-16,Books,East,1,36.61,0.0,36.61,18.3,0
O112410,C05761,2024-04-16,Sports,East,3,219.57,0.0,658.71,382.05,0
O110905,C05075,2024-04-16,Electronics,West,2,518.36,0.1,933.05,746.44,0
O101987,C00924,2024-04-16,Home & Kitchen,West,3,28.56,0.15,72.83,47.12,0
O112694,C05893,2024-04-16,Electronics,East,3,127.53,0.0,382.59,275.46,0
O102910,C01358,2024-04-16,Books,South,3,24.15,0.3,50.71,36.22,0
O111222,C05231,2024-04-16,Beauty,North,1,38.96,0.2,31.17,15.58,0
O103489,C01612,2024-04-17,Fashion,South,3,87.95,0.0,263.85,118.73,0
O103324,C01537,2024-04-17,Electronics,East,2,536.2,0.05,1018.78,772.13,0
O103919,C01805,2024-04-17,Fashion,West,2,132.97,0.1,239.35,119.67,0
O103968,C01827,2024-04-17,Fashion,North,1,107.41,0.3,75.19,48.33,0
O103193,C01484,2024-04-17,Home & Kitchen,North,2,57.13,0.05,108.55,62.84,0
O100689,C00329,2024-04-17,Home & Kitchen,East,2,109.44,0.15,186.05,120.38,0
O107125,C03308,2024-04-17,Electronics,West,3,237.47,0.0,712.41,512.94,0
O106908,C03204,2024-04-17,Home & Kitchen,North,1,124.02,0.0,124.02,68.21,0
O107333,C03414,2024-04-17,Fashion,West,2,42.76,0.0,85.52,38.48,0
O107073,C03284,2024-04-17,Home & Kitchen,North,2,102.93,0.1,185.27,113.22,0
O104340,C02008,2024-04-17,Home & Kitchen,East,1,59.03,0.0,59.03,32.47,0
O111723,C05462,2024-04-18,Electronics,East,2,373.63,0.0,747.26,538.03,0
O112560,C05832,2024-04-18,Home & Kitchen,East,1,141.94,0.05,134.84,78.07,0
O108828,C04104,2024-04-18,Beauty,North,1,19.69,0.05,18.71,7.88,0
O105831,C02697,2024-04-18,Home & Kitchen,North,1,47.97,0.15,40.77,26.38,0
O107728,C03606,2024-04-18,Electronics,North,2,418.85,0.0,837.7,603.14,0
O110568,C04916,2024-04-18,Sports,West,1,75.02,0.0,75.02,43.51,0
O102728,C01272,2024-04-18,Beauty,South,2,45.38,0.2,72.61,36.3,0
O108250,C03835,2024-04-18,Home & Kitchen,South,3,115.71,0.15,295.06,190.92,0
O101568,C00728,2024-04-18,Sports,North,3,114.6,0.0,343.8,199.4,0
O103409,C01579,2024-04-18,Electronics,South,2,315.12,0.0,630.24,453.77,0
O108702,C04044,2024-04-18,Home & Kitchen,North,2,176.74,0.05,335.81,194.41,0
O106243,C02889,2024-04-18,Fashion,West,2,129.7,0.05,246.43,116.73,0
O102024,C00938,2024-04-18,Beauty,East,2,18.98,0.3,26.57,15.18,0
O101656,C00769,2024-04-18,Books,East,1,16.89,0.0,16.89,8.44,0
O105433,C02502,2024-04-18,Beauty,East,2,25.44,0.05,48.34,20.35,0
O100652,C00310,2024-04-18,Beauty,North,1,66.07,0.1,59.46,26.43,0
O104456,C02063,2024-04-18,Books,South,1,14.06,0.1,12.65,7.03,0
O112896,C05985,2024-04-19,Books,East,1,25.58,0.0,25.58,12.79,0
O105758,C02663,2024-04-19,Beauty,East,2,62.64,0.1,112.75,50.11,0
O106248,C02891,2024-04-19,Beauty,West,1,42.58,0.2,34.06,17.03,0
O100887,C00414,2024-04-19,Home & Kitchen,North,1,135.97,0.0,135.97,74.78,0
O110166,C04720,2024-04-19,Fashion,South,1,50.47,0.2,40.38,22.71,0
O109112,C04236,2024-04-19,Beauty,East,1,32.4,0.05,30.78,12.96,0
O101479,C00682,2024-04-19,Home & Kitchen,North,2,171.18,0.0,342.36,188.3,0
O100934,C00434,2024-04-19,Electronics,North,1,182.94,0.05,173.79,131.72,0
O108629,C04016,2024-04-19,Sports,West,1,219.64,0.15,186.69,127.39,0
O109751,C04527,2024-04-19,Fashion,East,3,54.74,0.0,164.22,73.9,0
O107426,C03458,2024-04-19,Home & Kitchen,East,1,143.39,0.0,143.39,78.86,0
O109812,C04557,2024-04-19,Home & Kitchen,South,1,131.82,0.0,131.82,72.5,0
O109884,C04592,2024-04-19,Sports,West,1,175.7,0.05,166.91,101.91,0
O100496,C00241,2024-04-19,Beauty,West,1,52.79,0.3,36.95,21.12,0
O109414,C04368,2024-04-19,Home & Kitchen,East,1,139.59,0.0,139.59,76.77,0
O110968,C05105,2024-04-20,Sports,East,1,61.01,0.1,54.91,35.39,0
O102393,C01110,2024-04-20,Home & Kitchen,East,2,26.18,0.0,52.36,28.8,0
O112750,C05921,2024-04-20,Beauty,South,1,44.37,0.0,44.37,17.75,0
O106594,C03058,2024-04-20,Beauty,East,3,32.06,0.05,91.37,38.47,0
O103592,C01655,2024-04-20,Fashion,South,3,23.77,0.0,71.31,32.09,0
O105297,C02442,2024-04-20,Beauty,West,3,49.97,0.1,134.92,59.96,0
O106244,C02889,2024-04-20,Beauty,West,1,34.77,0.0,34.77,13.91,0
O100638,C00306,2024-04-20,Beauty,North,2,50.52,0.0,101.04,40.42,0
O112733,C05914,2024-04-20,Books,South,3,18.81,0.0,56.43,28.21,0
O101142,C00528,2024-04-20,Electronics,North,1,529.78,0.15,450.31,381.44,0
O108740,C04061,2024-04-20,Fashion,North,3,112.57,0.0,337.71,151.97,0
O108441,C03928,2024-04-20,Beauty,West,3,34.22,0.2,82.13,41.06,0
O112459,C05782,2024-04-20,Books,North,3,17.97,0.1,48.52,26.96,0
O108557,C03980,2024-04-20,Home & Kitchen,East,1,51.07,0.0,51.07,28.09,0
O107572,C03527,2024-04-21,Beauty,South,1,47.12,0.0,47.12,18.85,0
O108367,C03889,2024-04-21,Beauty,East,1,63.29,0.0,63.29,25.32,0
O104872,C02249,2024-04-21,Fashion,North,1,103.08,0.2,82.46,46.39,0
O101211,C00562,2024-04-21,Electronics,East,1,391.41,0.0,391.41,281.82,0
O106236,C02886,2024-04-21,Beauty,North,1,12.44,0.0,12.44,4.98,0
O107538,C03509,2024-04-21,Fashion,East,1,85.84,0.0,85.84,38.63,0
O111262,C05251,2024-04-21,Home & Kitchen,South,1,83.51,0.05,79.33,45.93,0
O105967,C02761,2024-04-21,Books,North,1,29.72,0.0,29.72,14.86,0
O101268,C00581,2024-04-21,Fashion,East,1,132.11,0.1,118.9,59.45,0
O101626,C00752,2024-04-21,Fashion,East,1,128.95,0.15,109.61,58.03,0
O103396,C01575,2024-04-21,Fashion,West,1,138.79,0.0,138.79,62.46,0
O107002,C03253,2024-04-22,Fashion,South,3,91.48,0.05,260.72,123.5,0
O103948,C01819,2024-04-22,Fashion,East,2,26.65,0.05,50.63,23.98,0
O106201,C02868,2024-04-22,Home & Kitchen,East,2,114.92,0.3,160.89,126.41,0
O103986,C01836,2024-04-22,Home & Kitchen,West,1,79.11,0.0,79.11,43.51,0
O105222,C02412,2024-04-22,Home & Kitchen,East,2,99.44,0.15,169.05,109.38,0
O104071,C01876,2024-04-22,Fashion,East,1,27.84,0.3,19.49,12.53,0
O112788,C05937,2024-04-22,Books,North,1,8.92,0.0,8.92,4.46,0
O106035,C02792,2024-04-22,Electronics,East,3,556.97,0.0,1670.91,1203.06,0
O109269,C04303,2024-04-22,Beauty,West,2,65.2,0.05,123.88,52.16,0
O103637,C01677,2024-04-22,Fashion,North,3,103.8,0.1,280.26,140.13,0
O101785,C00834,2024-04-23,Beauty,South,1,30.93,0.0,30.93,12.37,0
O107128,C03309,2024-04-23,Beauty,South,2,40.56,0.05,77.06,32.45,0
O106383,C02957,2024-04-23,Home & Kitchen,East,1,27.81,0.1,25.03,15.3,0
O108505,C03959,2024-04-23,Beauty,South,1,53.52,0.1,48.17,21.41,0
O103364,C01556,2024-04-23,Sports,East,1,189.86,0.0,189.86,110.12,0
O103019,C01406,2024-04-23,Electronics,East,1,527.47,0.0,527.47,379.78,0
O104790,C02210,2024-04-23,Beauty,North,1,28.93,0.3,20.25,11.57,0
O109006,C04189,2024-04-23,Fashion,North,3,31.2,0.1,84.24,42.12,0
O109963,C04631,2024-04-23,Electronics,East,2,536.78,0.2,858.85,772.96,0
O107729,C03606,2024-04-23,Beauty,North,3,39.99,0.0,119.97,47.99,0
O105892,C02727,2024-04-23,Books,East,2,8.51,0.0,17.02,8.51,0
O107235,C03365,2024-04-23,Home & Kitchen,West,1,178.39,0.05,169.47,98.11,0
O103475,C01607,2024-04-23,Electronics,West,2,494.63,0.0,989.26,712.27,0
O105744,C02657,2024-04-23,Fashion,West,2,107.14,0.0,214.28,96.43,0
O100757,C00357,2024-04-23,Fashion,East,3,98.94,0.0,296.82,133.57,0
O109652,C04474,2024-04-23,Fashion,South,2,88.41,0.0,176.82,79.57,0
O108558,C03980,2024-04-23,Beauty,East,3,15.17,0.05,43.23,18.2,0
O106550,C03038,2024-04-23,Sports,South,2,70.8,0.0,141.6,82.13,0
O102103,C00975,2024-04-23,Beauty,North,1,10.31,0.0,10.31,4.12,0
O102382,C01104,2024-04-23,Electronics,South,1,141.1,0.05,134.04,101.59,0
O108368,C03889,2024-04-23,Sports,East,1,109.6,0.15,93.16,63.57,0
O100998,C00462,2024-04-24,Beauty,East,2,53.28,0.0,106.56,42.62,0
O111705,C05456,2024-04-24,Fashion,North,2,111.38,0.0,222.76,100.24,0
O102320,C01076,2024-04-24,Fashion,South,2,80.88,0.1,145.58,72.79,0
O103984,C01834,2024-04-24,Fashion,East,3,82.33,0.0,246.99,111.15,0
O106932,C03217,2024-04-24,Sports,East,2,66.55,0.1,119.79,77.2,0
O110815,C05034,2024-04-24,Sports,South,2,38.51,0.15,65.47,44.67,0
O110748,C05002,2024-04-24,Home & Kitchen,West,1,90.54,0.0,90.54,49.8,0
O108149,C03791,2024-04-24,Books,South,1,26.75,0.0,26.75,13.38,0
O105704,C02639,2024-04-24,Electronics,North,2,443.66,0.0,887.32,638.87,1
O108385,C03898,2024-04-24,Home & Kitchen,North,1,166.57,0.0,166.57,91.61,0
O100940,C00436,2024-04-24,Fashion,East,2,46.66,0.0,93.32,41.99,0
O107720,C03603,2024-04-24,Home & Kitchen,North,3,139.49,0.05,397.55,230.16,0
O104538,C02095,2024-04-24,Beauty,West,1,49.17,0.05,46.71,19.67,0
O108577,C03988,2024-04-24,Books,North,1,21.44,0.1,19.3,10.72,0
O103920,C01805,2024-04-25,Books,West,2,23.44,0.3,32.82,23.44,0
O101623,C00750,2024-04-25,Electronics,North,1,140.41,0.0,140.41,101.1,0
O100990,C00457,2024-04-25,Home & Kitchen,West,1,147.98,0.0,147.98,81.39,0
O112543,C05824,2024-04-25,Books,East,3,22.41,0.1,60.51,33.62,0
O100204,C00100,2024-04-25,Electronics,North,1,463.65,0.1,417.28,333.83,0
O112552,C05829,2024-04-25,Sports,North,3,87.87,0.15,224.07,152.89,0
O103297,C01528,2024-04-25,Sports,East,2,45.43,0.05,86.32,52.7,0
O101554,C00721,2024-04-25,Sports,East,2,100.34,0.15,170.58,116.39,0
O104812,C02222,2024-04-25,Fashion,East,2,81.75,0.1,147.15,73.58,1
O112409,C05760,2024-04-25,Sports,North,1,179.38,0.0,179.38,104.04,0
O102290,C01063,2024-04-26,Sports,North,2,232.42,0.1,418.36,269.61,0
O112398,C05755,2024-04-26,Home & Kitchen,North,2,36.31,0.1,65.36,39.94,0
O112512,C05806,2024-04-26,Beauty,East,1,24.54,0.0,24.54,9.82,0
O103102,C01445,2024-04-26,Fashion,North,3,73.01,0.05,208.08,98.56,0
O107514,C03497,2024-04-26,Fashion,South,1,39.01,0.0,39.01,17.55,0
O101895,C00884,2024-04-26,Beauty,South,1,18.94,0.05,17.99,7.58,0
O100367,C00182,2024-04-26,Electronics,North,1,363.9,0.0,363.9,262.01,0
O108183,C03808,2024-04-26,Home & Kitchen,West,1,110.15,0.15,93.63,60.58,0
O103387,C01571,2024-04-26,Fashion,South,1,123.51,0.1,111.16,55.58,0
O112271,C05696,2024-04-26,Home & Kitchen,South,1,123.96,0.1,111.56,68.18,0
O110836,C05042,2024-04-26,Sports,South,2,62.84,0.0,125.68,72.89,0
O101359,C00623,2024-04-26,Fashion,South,1,68.08,0.0,68.08,30.64,0
O105280,C02433,2024-04-26,Home & Kitchen,East,1,171.4,0.0,171.4,94.27,0
O110283,C04780,2024-04-26,Beauty,East,1,36.75,0.0,36.75,14.7,0
O105879,C02720,2024-04-26,Beauty,North,3,51.12,0.0,153.36,61.34,0
O103290,C01524,2024-04-26,Beauty,West,2,57.77,0.0,115.54,46.22,0
O101819,C00847,2024-04-27,Home & Kitchen,East,2,135.72,0.0,271.44,149.29,0
O105256,C02423,2024-04-27,Home & Kitchen,East,1,150.31,0.15,127.76,82.67,0
O104499,C02080,2024-04-27,Beauty,East,3,48.84,0.0,146.52,58.61,0
O111408,C05318,2024-04-27,Fashion,West,2,56.13,0.0,112.26,50.52,1
O103689,C01698,2024-04-27,Sports,South,1,232.11,0.0,232.11,134.62,0
O109509,C04411,2024-04-27,Fashion,East,2,77.25,0.3,108.15,69.53,1
O112411,C05762,2024-04-27,Home & Kitchen,North,1,47.31,0.15,40.21,26.02,0
O102364,C01096,2024-04-27,Electronics,South,3,306.0,0.0,918.0,660.96,0
O111122,C05176,2024-04-27,Sports,West,1,165.53,0.0,165.53,96.01,0
O109034,C04204,2024-04-27,Electronics,West,2,293.41,0.0,586.82,422.51,0
O112707,C05902,2024-04-27,Home & Kitchen,West,3,113.8,0.0,341.4,187.77,0
O105679,C02623,2024-04-27,Books,East,2,33.34,0.0,66.68,33.34,0
O104207,C01946,2024-04-27,Fashion,West,3,33.28,0.1,89.86,44.93,0
O108846,C04113,2024-04-27,Beauty,East,2,22.71,0.0,45.42,18.17,0
O111187,C05212,2024-04-28,Home & Kitchen,West,2,152.02,0.0,304.04,167.22,1
O112082,C05620,2024-04-28,Books,East,1,35.37,0.1,31.83,17.68,0
O105007,C02312,2024-04-28,Beauty,North,1,16.0,0.0,16.0,6.4,0
O101818,C00846,2024-04-28,Home & Kitchen,East,1,163.36,0.0,163.36,89.85,0
O111915,C05547,2024-04-28,Electronics,East,1,175.97,0.2,140.78,126.7,0
O104862,C02244,2024-04-28,Fashion,North,2,43.49,0.0,86.98,39.14,0
O106542,C03034,2024-04-28,Home & Kitchen,North,1,145.59,0.1,131.03,80.07,0
O101011,C00467,2024-04-28,Beauty,East,1,27.13,0.05,25.77,10.85,0
O107939,C03701,2024-04-28,Sports,North,1,112.07,0.1,100.86,65.0,0
O102552,C01187,2024-04-28,Beauty,North,1,63.91,0.0,63.91,25.56,0
O100144,C00074,2024-04-28,Books,East,2,28.63,0.3,40.08,28.63,0
O100875,C00408,2024-04-28,Beauty,North,3,22.75,0.0,68.25,27.3,0
O110122,C04702,2024-04-28,Beauty,East,3,20.5,0.15,52.27,24.6,0
O103201,C01487,2024-04-28,Electronics,East,2,438.51,0.0,877.02,631.45,0
O104355,C02013,2024-04-28,Home & Kitchen,North,1,71.79,0.15,61.02,39.48,0
O100114,C00058,2024-04-28,Beauty,North,3,58.44,0.15,149.02,70.13,1
O105467,C02519,2024-04-28,Beauty,North,1,35.45,0.2,28.36,14.18,0
O107860,C03671,2024-04-28,Fashion,South,2,70.53,0.0,141.06,63.48,0
O101130,C00522,2024-04-28,Beauty,West,2,19.62,0.0,39.24,15.7,0
O105895,C02728,2024-04-28,Books,South,1,13.32,0.0,13.32,6.66,0
O107310,C03403,2024-04-29,Books,North,1,9.34,0.2,7.47,4.67,0
O112671,C05881,2024-04-29,Home & Kitchen,East,1,83.56,0.05,79.38,45.96,0
O103681,C01695,2024-04-29,Books,South,3,39.65,0.0,118.95,59.47,0
O111504,C05366,2024-04-29,Electronics,West,1,209.33,0.0,209.33,150.72,0
O104771,C02203,2024-04-29,Beauty,North,1,61.23,0.0,61.23,24.49,0
O111903,C05542,2024-04-29,Fashion,North,1,54.02,0.0,54.02,24.31,0
O102022,C00937,2024-04-29,Fashion,South,2,28.89,0.2,46.22,26.0,1
O102646,C01229,2024-04-29,Books,East,2,21.86,0.15,37.16,21.86,0
O105264,C02427,2024-04-29,Electronics,West,1,263.9,0.1,237.51,190.01,0
O112598,C05851,2024-04-29,Home & Kitchen,South,1,53.13,0.0,53.13,29.22,0
O107895,C03686,2024-04-29,Fashion,South,1,41.81,0.0,41.81,18.81,0
O108834,C04107,2024-04-30,Beauty,East,1,15.21,0.2,12.17,6.08,0
O105281,C02433,2024-04-30,Fashion,East,2,93.78,0.1,168.8,84.4,0
O104208,C01947,2024-04-30,Fashion,East,1,46.72,0.0,46.72,21.02,1
O106283,C02909,2024-04-30,Beauty,South,2,67.19,0.0,134.38,53.75,0
O109366,C04348,2024-04-30,Fashion,South,3,74.01,0.05,210.93,99.91,0
O106045,C02795,2024-04-30,Beauty,East,1,58.22,0.05,55.31,23.29,0
O103490,C01612,2024-04-30,Fashion,South,3,95.81,0.0,287.43,129.34,0
O106529,C03027,2024-04-30,Beauty,North,3,45.84,0.1,123.77,55.01,0
O107207,C03351,2024-04-30,Books,East,1,16.36,0.15,13.91,8.18,0
O104457,C02063,2024-04-30,Beauty,South,2,68.27,0.0,136.54,54.62,0
O110442,C04849,2024-04-30,Fashion,North,3,76.19,0.1,205.71,102.86,0
O107149,C03322,2024-04-30,Electronics,South,1,543.75,0.0,543.75,391.5,0
O105662,C02615,2024-04-30,Electronics,East,1,346.58,0.3,242.61,249.54,0
O108755,C04070,2024-04-30,Fashion,East,2,30.6,0.0,61.2,27.54,1
O104265,C01976,2024-04-30,Home & Kitchen,South,2,125.23,0.0,250.46,137.75,0
O108634,C04018,2024-04-30,Electronics,North,1,367.73,0.2,294.18,264.77,0
O104998,C02308,2024-05-01,Books,South,1,8.4,0.0,8.4,4.2,0
O111667,C05438,2024-05-01,Books,East,1,24.02,0.0,24.02,12.01,0
O102262,C01046,2024-05-01,Electronics,North,2,368.48,0.05,700.11,530.61,0
O106621,C03070,2024-05-01,Sports,North,2,59.38,0.0,118.76,68.88,0
O112587,C05846,2024-05-01,Beauty,East,3,10.67,0.0,32.01,12.8,0
O100930,C00431,2024-05-01,Fashion,East,1,126.21,0.0,126.21,56.79,0
O107156,C03327,2024-05-01,Beauty,West,2,24.57,0.0,49.14,19.66,1
O111068,C05151,2024-05-01,Sports,East,3,191.2,0.0,573.6,332.69,0
O109862,C04583,2024-05-01,Fashion,North,2,89.29,0.2,142.86,80.36,0
O112547,C05827,2024-05-01,Electronics,East,2,352.41,0.1,634.34,507.47,0
O102647,C01229,2024-05-01,Fashion,East,1,67.29,0.0,67.29,30.28,0
O104194,C01941,2024-05-01,Sports,West,1,165.97,0.0,165.97,96.26,0
O109442,C04379,2024-05-01,Home & Kitchen,South,1,59.42,0.0,59.42,32.68,0
O107823,C03652,2024-05-01,Electronics,West,2,516.06,0.05,980.51,743.13,0
O109048,C04211,2024-05-02,Sports,East,2,184.38,0.15,313.45,213.88,0
O104057,C01869,2024-05-02,Home & Kitchen,South,3,61.5,0.05,175.28,101.48,0
O103186,C01481,2024-05-02,Sports,South,1,89.16,0.05,84.7,51.71,0
O107641,C03568,2024-05-02,Fashion,East,3,68.59,0.0,205.77,92.6,1
O110855,C05052,2024-05-02,Beauty,East,1,67.13,0.15,57.06,26.85,0
O109422,C04372,2024-05-02,Books,West,2,36.9,0.0,73.8,36.9,0
O107083,C03289,2024-05-02,Electronics,South,2,302.05,0.15,513.49,434.95,0
O105663,C02615,2024-05-02,Electronics,East,2,576.07,0.1,1036.93,829.54,0
O108240,C03830,2024-05-02,Beauty,East,3,16.23,0.0,48.69,19.48,0
O107952,C03707,2024-05-02,Books,North,1,18.15,0.0,18.15,9.07,0
O101156,C00536,2024-05-02,Home & Kitchen,East,1,99.69,0.0,99.69,54.83,0
O111863,C05526,2024-05-02,Fashion,West,2,103.64,0.15,176.19,93.28,0
O103080,C01433,2024-05-02,Electronics,West,1,206.05,0.0,206.05,148.36,0
O104555,C02103,2024-05-02,Fashion,North,2,135.88,0.1,244.58,122.29,0
O107311,C03403,2024-05-02,Home & Kitchen,North,2,40.34,0.3,56.48,44.37,0
O112714,C05906,2024-05-02,Fashion,North,1,68.25,0.0,68.25,30.71,0
O101265,C00580,2024-05-02,Beauty,North,2,58.99,0.05,112.08,47.19,0
O104127,C01908,2024-05-03,Home & Kitchen,North,1,154.02,0.0,154.02,84.71,0
O104251,C01970,2024-05-03,Sports,East,1,168.6,0.0,168.6,97.79,0
O104434,C02051,2024-05-03,Electronics,North,3,429.04,0.0,1287.12,926.73,0
O100563,C00273,2024-05-03,Fashion,East,2,92.34,0.15,156.98,83.11,0
O112379,C05746,2024-05-03,Electronics,South,2,348.74,0.15,592.86,502.19,0
O101521,C00704,2024-05-03,Fashion,East,1,101.25,0.15,86.06,45.56,0
O100592,C00287,2024-05-03,Beauty,East,1,33.34,0.1,30.01,13.34,1
O112862,C05970,2024-05-03,Electronics,East,1,180.46,0.1,162.41,129.93,0
O105040,C02328,2024-05-03,Home & Kitchen,West,2,73.75,0.0,147.5,81.12,0
O104186,C01936,2024-05-03,Books,North,2,34.62,0.05,65.78,34.62,0
O108351,C03880,2024-05-03,Books,North,2,14.75,0.05,28.02,14.75,0
O106373,C02951,2024-05-03,Fashion,South,1,76.55,0.0,76.55,34.45,0
O105751,C02660,2024-05-04,Beauty,East,1,44.03,0.05,41.83,17.61,0
O108139,C03787,2024-05-04,Sports,South,1,55.66,0.0,55.66,32.28,0
O104017,C01850,2024-05-04,Fashion,East,2,42.64,0.0,85.28,38.38,0
O112583,C05844,2024-05-04,Books,East,2,35.17,0.0,70.34,35.17,0
O100849,C00397,2024-05-04,Beauty,North,1,41.62,0.0,41.62,16.65,0
O107632,C03562,2024-05-04,Fashion,South,2,104.85,0.0,209.7,94.36,0
O100213,C00104,2024-05-04,Fashion,East,1,99.66,0.15,84.71,44.85,0
O105691,C02630,2024-05-04,Fashion,South,1,44.28,0.0,44.28,19.93,0
O103550,C01637,2024-05-04,Fashion,South,2,130.76,0.0,261.52,117.68,0
O108360,C03885,2024-05-04,Fashion,West,1,98.83,0.2,79.06,44.47,1
O100881,C00411,2024-05-04,Electronics,East,1,593.42,0.0,593.42,427.26,0
O100162,C00083,2024-05-04,Books,East,1,37.06,0.3,25.94,18.53,0
O107043,C03271,2024-05-04,Electronics,South,3,334.09,0.0,1002.27,721.63,0
O105135,C02370,2024-05-04,Electronics,South,1,436.1,0.05,414.3,313.99,0
O100360,C00178,2024-05-04,Fashion,South,3,36.14,0.0,108.42,48.79,0
O104972,C02297,2024-05-05,Home & Kitchen,West,2,109.77,0.3,153.68,120.75,0
O107606,C03545,2024-05-05,Electronics,North,2,577.39,0.0,1154.78,831.44,0
O100115,C00058,2024-05-05,Home & Kitchen,North,1,126.56,0.0,126.56,69.61,0
O103450,C01596,2024-05-05,Sports,West,1,133.15,0.2,106.52,77.23,0
O111505,C05366,2024-05-05,Fashion,West,2,46.5,0.05,88.35,41.85,0
O102553,C01187,2024-05-05,Fashion,North,1,27.3,0.1,24.57,12.28,0
O109071,C04220,2024-05-05,Home & Kitchen,North,3,98.44,0.0,295.32,162.43,0
O111708,C05457,2024-05-05,Home & Kitchen,West,3,166.86,0.0,500.58,275.32,0
O101150,C00533,2024-05-05,Books,South,1,21.05,0.1,18.95,10.52,0
O110997,C05120,2024-05-05,Books,East,1,23.54,0.05,22.36,11.77,0
O104134,C01911,2024-05-05,Beauty,North,1,29.93,0.05,28.43,11.97,0
O102071,C00961,2024-05-06,Books,South,1,15.37,0.1,13.83,7.68,0
O101840,C00858,2024-05-06,Books,South,3,11.71,0.0,35.13,17.57,0
O101348,C00619,2024-05-06,Fashion,South,2,88.01,0.1,158.42,79.21,0
O105393,C02483,2024-05-06,Home & Kitchen,South,2,50.28,0.05,95.53,55.31,1
O101442,C00661,2024-05-06,Home & Kitchen,North,2,84.64,0.2,135.42,93.1,0
O101151,C00533,2024-05-06,Fashion,South,3,51.13,0.0,153.39,69.03,0
O106335,C02933,2024-05-06,Fashion,South,1,20.01,0.15,17.01,9.0,0
O105625,C02596,2024-05-06,Beauty,East,3,65.87,0.0,197.61,79.04,0
O104458,C02063,2024-05-06,Electronics,South,1,493.07,0.0,493.07,355.01,0
O100831,C00390,2024-05-06,Fashion,North,3,94.25,0.0,282.75,127.24,0
O111771,C05482,2024-05-06,Fashion,North,1,77.52,0.0,77.52,34.88,0
O111568,C05392,2024-05-06,Fashion,South,1,61.37,0.0,61.37,27.62,0
O111112,C05170,2024-05-06,Fashion,South,2,86.85,0.0,173.7,78.16,0
O109531,C04418,2024-05-07,Home & Kitchen,West,2,172.17,0.05,327.12,189.39,0
O103090,C01436,2024-05-07,Home & Kitchen,East,1,178.43,0.1,160.59,98.14,0
O110035,C04663,2024-05-07,Electronics,East,1,390.26,0.0,390.26,280.99,0
O109086,C04226,2024-05-07,Home & Kitchen,North,3,30.5,0.0,91.5,50.32,0
O107011,C03257,2024-05-07,Sports,East,1,51.18,0.1,46.06,29.68,0
O106108,C02823,2024-05-07,Books,East,1,29.66,0.2,23.73,14.83,0
O100741,C00350,2024-05-07,Electronics,South,1,480.42,0.0,480.42,345.9,0
O103588,C01653,2024-05-07,Home & Kitchen,North,1,138.97,0.0,138.97,76.43,0
O101644,C00761,2024-05-07,Sports,West,3,54.78,0.15,139.69,95.32,0
O111542,C05381,2024-05-07,Fashion,South,1,53.9,0.0,53.9,24.26,0
O106854,C03180,2024-05-07,Beauty,South,1,38.71,0.1,34.84,15.48,0
O101520,C00703,2024-05-07,Home & Kitchen,East,2,153.06,0.0,306.12,168.37,0
O108286,C03853,2024-05-07,Electronics,East,1,586.32,0.05,557.0,422.15,0
O112107,C05628,2024-05-07,Home & Kitchen,West,1,105.73,0.2,84.58,58.15,0
O101176,C00544,2024-05-07,Home & Kitchen,North,2,160.82,0.2,257.31,176.9,0
O107631,C03561,2024-05-07,Beauty,South,1,15.63,0.05,14.85,6.25,0
O104024,C01854,2024-05-08,Sports,North,2,186.01,0.1,334.82,215.77,0
O105885,C02723,2024-05-08,Beauty,North,1,47.94,0.05,45.54,19.18,0
O102291,C01063,2024-05-08,Fashion,North,2,91.85,0.05,174.51,82.66,0
O106577,C03049,2024-05-08,Sports,North,3,56.38,0.3,118.4,98.1,0
O104913,C02269,2024-05-08,Sports,West,1,33.29,0.05,31.63,19.31,0
O108602,C04003,2024-05-08,Books,East,1,29.54,0.15,25.11,14.77,0
O100052,C00023,2024-05-08,Beauty,South,3,63.84,0.15,162.79,76.61,0
O109813,C04557,2024-05-08,Fashion,South,2,74.46,0.1,134.03,67.01,1
O112075,C05618,2024-05-08,Electronics,East,1,139.89,0.15,118.91,100.72,1
O108905,C04143,2024-05-08,Books,East,1,36.1,0.1,32.49,18.05,0
O105501,C02534,2024-05-08,Home & Kitchen,South,1,82.19,0.0,82.19,45.2,0
O110902,C05073,2024-05-08,Home & Kitchen,North,3,46.41,0.0,139.23,76.58,0
O110264,C04770,2024-05-08,Fashion,East,3,110.73,0.0,332.19,149.49,0
O110985,C05114,2024-05-08,Home & Kitchen,East,2,37.28,0.0,74.56,41.01,0
O106889,C03196,2024-05-08,Sports,South,1,135.15,0.0,135.15,78.39,0
O107584,C03530,2024-05-08,Beauty,North,1,37.47,0.0,37.47,14.99,0
O104356,C02013,2024-05-08,Fashion,North,3,20.71,0.15,52.81,27.96,0
O110057,C04671,2024-05-09,Books,West,3,22.62,0.05,64.47,33.93,0
O104100,C01891,2024-05-09,Fashion,North,2,113.45,0.0,226.9,102.1,0
O112877,C05978,2024-05-09,Sports,West,1,127.5,0.1,114.75,73.95,0
O104653,C02147,2024-05-09,Electronics,West,1,131.02,0.0,131.02,94.33,0
O101215,C00564,2024-05-09,Home & Kitchen,North,3,161.07,0.1,434.89,265.77,0
O101147,C00532,2024-05-09,Beauty,North,1,51.56,0.0,51.56,20.62,0
O108251,C03835,2024-05-09,Beauty,South,1,34.14,0.3,23.9,13.66,0
O106819,C03163,2024-05-09,Fashion,South,1,91.89,0.05,87.3,41.35,0
O107907,C03690,2024-05-09,Electronics,South,3,217.16,0.0,651.48,469.07,0
O100361,C00178,2024-05-09,Books,South,1,36.4,0.0,36.4,18.2,0
O100341,C00168,2024-05-09,Fashion,North,1,87.5,0.0,87.5,39.38,1
O105216,C02410,2024-05-09,Beauty,West,2,47.47,0.3,66.46,37.98,0
O103205,C01489,2024-05-09,Books,South,1,32.15,0.2,25.72,16.08,0
O106684,C03099,2024-05-09,Home & Kitchen,East,1,120.4,0.1,108.36,66.22,0
O105318,C02450,2024-05-09,Home & Kitchen,South,2,169.75,0.0,339.5,186.73,0
O103510,C01619,2024-05-09,Books,South,2,8.32,0.2,13.31,8.32,0
O111153,C05194,2024-05-09,Electronics,West,1,252.88,0.1,227.59,182.07,0
O107786,C03633,2024-05-10,Beauty,West,2,25.06,0.0,50.12,20.05,0
O104817,C02223,2024-05-10,Beauty,North,2,55.9,0.0,111.8,44.72,0
O101251,C00574,2024-05-10,Sports,South,2,167.65,0.1,301.77,194.47,0
O104341,C02008,2024-05-10,Fashion,East,3,128.64,0.1,347.33,173.66,0
O106657,C03088,2024-05-10,Beauty,North,2,35.26,0.0,70.52,28.21,0
O101866,C00873,2024-05-10,Fashion,North,2,111.09,0.05,211.07,99.98,0
O103388,C01571,2024-05-10,Electronics,South,1,414.66,0.0,414.66,298.56,0
O110082,C04682,2024-05-10,Sports,East,3,139.69,0.0,419.07,243.06,0
O104539,C02095,2024-05-10,Beauty,West,2,19.74,0.0,39.48,15.79,0
O110503,C04884,2024-05-11,Sports,East,1,184.78,0.0,184.78,107.17,0
O108630,C04016,2024-05-11,Fashion,West,2,134.2,0.15,228.14,120.78,0
O109616,C04458,2024-05-11,Beauty,West,2,17.42,0.05,33.1,13.94,0
O107553,C03517,2024-05-11,Electronics,East,1,158.78,0.0,158.78,114.32,0
O103077,C01432,2024-05-11,Beauty,West,1,48.57,0.0,48.57,19.43,0
O105924,C02741,2024-05-11,Home & Kitchen,East,2,137.65,0.2,220.24,151.42,0
O110650,C04957,2024-05-11,Books,South,3,12.54,0.0,37.62,18.81,0
O101383,C00635,2024-05-11,Home & Kitchen,East,1,142.51,0.1,128.26,78.38,0
O108386,C03898,2024-05-11,Home & Kitchen,North,1,117.71,0.0,117.71,64.74,0
O110427,C04843,2024-05-11,Fashion,North,2,42.82,0.05,81.36,38.54,0
O104762,C02200,2024-05-11,Books,East,1,25.36,0.1,22.82,12.68,0
O106582,C03052,2024-05-11,Beauty,East,2,29.94,0.0,59.88,23.95,0
O109411,C04367,2024-05-11,Electronics,North,1,158.21,0.0,158.21,113.91,1
O102326,C01078,2024-05-11,Fashion,East,1,136.0,0.0,136.0,61.2,0
O105162,C02385,2024-05-11,Home & Kitchen,North,3,70.88,0.0,212.64,116.95,0
O111530,C05377,2024-05-11,Home & Kitchen,East,1,37.47,0.05,35.6,20.61,0
O103863,C01778,2024-05-12,Home & Kitchen,North,2,133.78,0.0,267.56,147.16,0
O102233,C01032,2024-05-12,Home & Kitchen,South,2,97.28,0.15,165.38,107.01,0
O105129,C02369,2024-05-12,Home & Kitchen,West,2,176.44,0.05,335.24,194.08,0
O109462,C04391,2024-05-12,Fashion,North,3,55.01,0.1,148.53,74.26,0
O104092,C01886,2024-05-12,Sports,West,1,138.23,0.3,96.76,80.17,0
O112711,C05903,2024-05-12,Electronics,East,2,377.65,0.1,679.77,543.82,0
O103194,C01484,2024-05-12,Fashion,North,1,49.09,0.05,46.64,22.09,0
O109487,C04402,2024-05-12,Books,North,1,31.6,0.0,31.6,15.8,0
O108564,C03982,2024-05-12,Fashion,West,1,43.01,0.1,38.71,19.35,0
O102519,C01174,2024-05-12,Beauty,South,1,36.67,0.0,36.67,14.67,0
O111433,C05329,2024-05-12,Electronics,West,3,294.84,0.0,884.52,636.85,0
O111364,C05299,2024-05-12,Fashion,North,2,72.35,0.15,122.99,65.11,0
O109049,C04211,2024-05-12,Books,East,1,32.46,0.0,32.46,16.23,0
O108620,C04010,2024-05-12,Home & Kitchen,East,1,60.94,0.0,60.94,33.52,0
O109683,C04491,2024-05-12,Sports,West,3,202.88,0.05,578.21,353.01,0
O103941,C01816,2024-05-12,Electronics,North,2,350.15,0.0,700.3,504.22,0
O101664,C00773,2024-05-13,Beauty,East,2,39.0,0.0,78.0,31.2,0
O103533,C01630,2024-05-13,Books,North,1,9.41,0.0,9.41,4.7,0
O103018,C01405,2024-05-13,Sports,South,2,51.48,0.05,97.81,59.72,1
O107292,C03394,2024-05-13,Fashion,North,2,137.68,0.0,275.36,123.91,0
O107626,C03559,2024-05-13,Fashion,West,2,26.83,0.05,50.98,24.15,0
O112235,C05681,2024-05-13,Home & Kitchen,North,2,38.18,0.0,76.36,42.0,0
O111795,C05493,2024-05-13,Home & Kitchen,South,1,61.73,0.0,61.73,33.95,0
O107563,C03524,2024-05-13,Home & Kitchen,North,1,119.58,0.0,119.58,65.77,0
O103285,C01523,2024-05-13,Sports,East,2,32.12,0.05,61.03,37.26,0
O107896,C03686,2024-05-13,Fashion,South,3,111.12,0.05,316.69,150.01,0
O110702,C04983,2024-05-13,Electronics,West,3,284.76,0.2,683.42,615.08,1
O104654,C02147,2024-05-13,Home & Kitchen,West,1,175.05,0.2,140.04,96.28,0
O105126,C02368,2024-05-13,Home & Kitchen,East,2,68.92,0.2,110.27,75.81,0
O108487,C03950,2024-05-13,Home & Kitchen,West,2,111.37,0.3,155.92,122.51,0
O100083,C00041,2024-05-14,Home & Kitchen,South,1,132.61,0.15,112.72,72.94,0
O101014,C00469,2024-05-14,Fashion,South,1,47.14,0.05,44.78,21.21,0
O103997,C01842,2024-05-14,Books,South,1,29.62,0.0,29.62,14.81,0
O111692,C05450,2024-05-14,Home & Kitchen,East,1,163.28,0.05,155.12,89.8,0
O100025,C00010,2024-05-14,Beauty,East,1,32.9,0.0,32.9,13.16,0
O101483,C00685,2024-05-14,Fashion,North,1,129.89,0.1,116.9,58.45,0
O111802,C05496,2024-05-14,Sports,East,2,218.87,0.0,437.74,253.89,0
O111623,C05418,2024-05-14,Home & Kitchen,West,1,129.26,0.0,129.26,71.09,0
O112455,C05780,2024-05-14,Electronics,North,1,392.32,0.0,392.32,282.47,0
O112452,C05778,2024-05-14,Fashion,East,2,73.04,0.0,146.08,65.74,0
O103609,C01663,2024-05-14,Home & Kitchen,South,1,98.01,0.2,78.41,53.91,0
O112051,C05606,2024-05-14,Fashion,South,3,22.15,0.0,66.45,29.9,0
O108456,C03935,2024-05-14,Home & Kitchen,East,3,174.58,0.0,523.74,288.06,0
O108075,C03761,2024-05-14,Electronics,North,2,474.72,0.0,949.44,683.6,0
O102563,C01193,2024-05-14,Books,East,1,35.82,0.0,35.82,17.91,0
O100116,C00058,2024-05-14,Sports,North,2,135.79,0.0,271.58,157.52,1
O107590,C03533,2024-05-14,Books,East,2,24.4,0.0,48.8,24.4,0
O103699,C01702,2024-05-15,Fashion,South,2,22.2,0.1,39.96,19.98,1
O100541,C00262,2024-05-15,Sports,East,3,207.05,0.0,621.15,360.27,0
O112052,C05606,2024-05-15,Books,South,1,39.03,0.15,33.18,19.52,0
O106202,C02868,2024-05-15,Fashion,East,1,50.76,0.0,50.76,22.84,0
O103902,C01798,2024-05-15,Beauty,South,3,45.97,0.05,131.01,55.16,0
O112686,C05888,2024-05-15,Home & Kitchen,East,1,149.91,0.0,149.91,82.45,0
O105045,C02329,2024-05-15,Sports,South,3,36.44,0.0,109.32,63.41,0
O104081,C01880,2024-05-15,Books,South,1,23.42,0.15,19.91,11.71,0
O112860,C05969,2024-05-15,Sports,West,3,109.71,0.0,329.13,190.9,0
O110477,C04871,2024-05-15,Home & Kitchen,North,1,69.0,0.0,69.0,37.95,0
O102443,C01136,2024-05-15,Beauty,North,2,49.94,0.0,99.88,39.95,0
O100376,C00187,2024-05-15,Beauty,East,1,29.05,0.15,24.69,11.62,0
O108824,C04103,2024-05-15,Home & Kitchen,East,2,63.55,0.0,127.1,69.9,0
O101779,C00830,2024-05-16,Home & Kitchen,East,1,43.21,0.0,43.21,23.77,0
O110268,C04773,2024-05-16,Home & Kitchen,North,1,167.76,0.0,167.76,92.27,0
O103869,C01781,2024-05-16,Fashion,South,2,136.08,0.0,272.16,122.47,0
O109970,C04634,2024-05-16,Home & Kitchen,East,2,32.49,0.0,64.98,35.74,0
O110544,C04905,2024-05-16,Electronics,West,1,489.03,0.15,415.68,352.1,0
O110306,C04788,2024-05-16,Beauty,West,1,61.6,0.2,49.28,24.64,0
O108807,C04092,2024-05-16,Fashion,East,2,127.39,0.0,254.78,114.65,0
O109959,C04628,2024-05-16,Sports,West,1,202.04,0.0,202.04,117.18,0
O108885,C04131,2024-05-16,Fashion,South,3,81.44,0.05,232.1,109.94,0
O102388,C01106,2024-05-16,Home & Kitchen,North,1,64.13,0.05,60.92,35.27,0
O111302,C05271,2024-05-16,Electronics,South,3,456.12,0.0,1368.36,985.22,0
O106570,C03045,2024-05-16,Fashion,East,1,46.97,0.0,46.97,21.14,1
O109221,C04283,2024-05-16,Fashion,North,1,110.52,0.0,110.52,49.73,0
O112584,C05844,2024-05-16,Electronics,East,1,375.12,0.05,356.36,270.09,0
O104926,C02275,2024-05-16,Beauty,South,2,27.67,0.0,55.34,22.14,0
O100478,C00230,2024-05-16,Electronics,South,1,269.91,0.05,256.41,194.34,0
O106359,C02944,2024-05-16,Fashion,West,1,131.51,0.05,124.93,59.18,0
O111777,C05486,2024-05-17,Home & Kitchen,West,2,114.4,0.0,228.8,125.84,0
O107394,C03442,2024-05-17,Sports,West,2,157.16,0.0,314.32,182.31,0
O109893,C04596,2024-05-17,Fashion,West,1,113.73,0.15,96.67,51.18,0
O108960,C04168,2024-05-17,Home & Kitchen,North,1,169.32,0.0,169.32,93.13,0
O106065,C02805,2024-05-17,Home & Kitchen,East,1,173.66,0.0,173.66,95.51,0
O111371,C05303,2024-05-17,Electronics,North,2,144.93,0.0,289.86,208.7,0
O112456,C05780,2024-05-17,Home & Kitchen,North,1,63.23,0.0,63.23,34.78,0
O101904,C00888,2024-05-17,Sports,West,1,189.05,0.1,170.15,109.65,0
O105863,C02712,2024-05-17,Sports,East,1,135.51,0.15,115.18,78.6,0
O106308,C02923,2024-05-17,Home & Kitchen,East,3,57.14,0.0,171.42,94.28,0
O106352,C02940,2024-05-17,Electronics,West,1,557.29,0.0,557.29,401.25,0
O104636,C02138,2024-05-18,Sports,North,2,120.43,0.2,192.69,139.7,0
O100519,C00251,2024-05-18,Beauty,West,2,19.41,0.05,36.88,15.53,0
O103841,C01770,2024-05-18,Home & Kitchen,East,2,177.68,0.0,355.36,195.45,0
O104871,C02248,2024-05-18,Beauty,North,2,49.93,0.1,89.87,39.94,0
O103389,C01571,2024-05-18,Electronics,South,2,592.91,0.05,1126.53,853.79,0
O100523,C00253,2024-05-18,Fashion,North,2,85.61,0.2,136.98,77.05,0
O105654,C02613,2024-05-18,Home & Kitchen,South,3,169.24,0.0,507.72,279.25,0
O105785,C02674,2024-05-18,Electronics,East,2,140.07,0.0,280.14,201.7,1
O110322,C04796,2024-05-18,Beauty,East,2,34.55,0.0,69.1,27.64,0
O106654,C03087,2024-05-18,Sports,South,2,73.3,0.2,117.28,85.03,0
O106174,C02854,2024-05-18,Beauty,North,2,51.49,0.0,102.98,41.19,1
O107193,C03343,2024-05-18,Books,West,1,34.73,0.05,32.99,17.36,0
O111988,C05584,2024-05-18,Fashion,North,3,74.71,0.0,224.13,100.86,0
O107098,C03295,2024-05-18,Electronics,North,1,258.31,0.3,180.82,185.98,0
O107015,C03258,2024-05-18,Beauty,North,3,39.17,0.05,111.63,47.0,0
O105912,C02738,2024-05-19,Sports,East,1,178.34,0.0,178.34,103.44,0
O112660,C05876,2024-05-19,Sports,South,2,157.75,0.15,268.18,182.99,0
O110388,C04827,2024-05-19,Home & Kitchen,East,3,69.39,0.1,187.35,114.49,0
O109500,C04408,2024-05-19,Fashion,East,3,97.82,0.0,293.46,132.06,0
O101955,C00908,2024-05-19,Books,West,1,34.95,0.0,34.95,17.48,0
O106166,C02851,2024-05-19,Home & Kitchen,West,1,54.13,0.0,54.13,29.77,0
O107084,C03290,2024-05-19,Fashion,West,2,125.81,0.3,176.13,113.23,0
O109831,C04564,2024-05-19,Electronics,South,1,226.71,0.0,226.71,163.23,0
O110951,C05096,2024-05-19,Sports,West,1,234.96,0.05,223.21,136.28,0
O107861,C03671,2024-05-19,Beauty,South,1,30.74,0.05,29.2,12.3,0
O109860,C04581,2024-05-19,Electronics,North,1,134.76,0.0,134.76,97.03,0
O105175,C02392,2024-05-19,Electronics,South,1,232.84,0.15,197.91,167.64,0
O109855,C04578,2024-05-19,Home & Kitchen,North,2,170.94,0.15,290.6,188.03,1
O110592,C04929,2024-05-19,Home & Kitchen,North,2,30.07,0.0,60.14,33.08,0
O111087,C05159,2024-05-19,Fashion,North,3,121.23,0.05,345.51,163.66,0
O102883,C01345,2024-05-19,Home & Kitchen,East,1,110.43,0.0,110.43,60.74,0
O107224,C03359,2024-05-20,Fashion,East,1,25.37,0.0,25.37,11.42,0
O101962,C00912,2024-05-20,Beauty,South,1,29.18,0.15,24.8,11.67,0
O106622,C03070,2024-05-20,Home & Kitchen,North,1,148.34,0.0,148.34,81.59,0
O106330,C02931,2024-05-20,Sports,West,2,203.18,0.15,345.41,235.69,0
O106085,C02815,2024-05-20,Beauty,East,1,15.52,0.0,15.52,6.21,0
O105046,C02329,2024-05-20,Electronics,South,2,159.26,0.0,318.52,229.33,0
O103500,C01616,2024-05-20,Home & Kitchen,South,1,47.11,0.0,47.11,25.91,0
O103987,C01836,2024-05-20,Beauty,West,1,67.87,0.0,67.87,27.15,0
O108152,C03792,2024-05-20,Books,South,3,21.11,0.1,57.0,31.66,0
O107129,C03309,2024-05-20,Fashion,South,2,102.63,0.05,195.0,92.37,0
O110019,C04656,2024-05-20,Sports,East,3,221.73,0.05,631.93,385.81,0
O103582,C01651,2024-05-20,Electronics,West,1,468.5,0.05,445.07,337.32,0
O108521,C03965,2024-05-20,Fashion,North,2,37.97,0.0,75.94,34.17,0
O106318,C02926,2024-05-21,Home & Kitchen,North,1,39.96,0.0,39.96,21.98,0
O101426,C00653,2024-05-21,Books,South,1,14.76,0.0,14.76,7.38,1
O108565,C03982,2024-05-21,Books,West,1,11.43,0.0,11.43,5.72,0
O111989,C05584,2024-05-21,Electronics,North,3,160.1,0.15,408.25,345.82,0
O112837,C05961,2024-05-21,Fashion,North,3,75.18,0.05,214.26,101.49,0
O100138,C00072,2024-05-21,Books,West,3,9.07,0.1,24.49,13.6,0
O100833,C00392,2024-05-21,Electronics,East,2,466.15,0.0,932.3,671.26,0
O106802,C03153,2024-05-21,Beauty,South,1,19.63,0.0,19.63,7.85,0
O109960,C04628,2024-05-21,Sports,West,3,191.78,0.0,575.34,333.7,0
O108549,C03975,2024-05-21,Sports,East,1,40.86,0.1,36.77,23.7,0
O104395,C02032,2024-05-21,Electronics,West,1,437.32,0.0,437.32,314.87,0
O111753,C05474,2024-05-21,Fashion,North,1,90.27,0.0,90.27,40.62,0
O106460,C02993,2024-05-21,Beauty,West,2,51.61,0.0,103.22,41.29,0
O106554,C03040,2024-05-21,Fashion,South,2,58.68,0.05,111.49,52.81,0
O108365,C03888,2024-05-21,Electronics,North,2,520.13,0.1,936.23,748.99,0
O100536,C00259,2024-05-21,Books,East,2,13.77,0.2,22.03,13.77,0
O110167,C04720,2024-05-21,Home & Kitchen,South,2,174.05,0.2,278.48,191.46,0
O107579,C03529,2024-05-21,Beauty,East,3,52.33,0.0,156.99,62.8,0
O107864,C03672,2024-05-21,Beauty,South,1,52.15,0.0,52.15,20.86,0
O108374,C03894,2024-05-21,Fashion,North,1,93.83,0.0,93.83,42.22,0
O110740,C05001,2024-05-21,Electronics,East,3,493.24,0.0,1479.72,1065.4,0
O106677,C03097,2024-05-21,Beauty,North,2,12.0,0.15,20.4,9.6,0
O110483,C04875,2024-05-22,Home & Kitchen,East,1,154.69,0.0,154.69,85.08,0
O107009,C03256,2024-05-22,Fashion,West,2,30.17,0.0,60.34,27.15,0
O104772,C02203,2024-05-22,Beauty,North,1,62.46,0.15,53.09,24.98,1
O108808,C04092,2024-05-22,Fashion,East,1,48.93,0.0,48.93,22.02,0
O104058,C01869,2024-05-22,Home & Kitchen,South,2,25.78,0.1,46.4,28.36,0
O100101,C00052,2024-05-22,Books,North,2,21.25,0.1,38.25,21.25,0
O103555,C01639,2024-05-22,Electronics,North,3,542.31,0.15,1382.89,1171.39,0
O105454,C02511,2024-05-22,Home & Kitchen,North,1,59.31,0.05,56.34,32.62,0
O112412,C05763,2024-05-22,Home & Kitchen,North,1,115.82,0.2,92.66,63.7,0
O103286,C01523,2024-05-22,Electronics,East,1,256.71,0.15,218.2,184.83,1
O105384,C02478,2024-05-22,Electronics,South,2,417.82,0.0,835.64,601.66,0
O112794,C05940,2024-05-22,Electronics,West,2,471.62,0.0,943.24,679.13,0
O112823,C05953,2024-05-22,Home & Kitchen,South,1,87.11,0.15,74.04,47.91,0
O111233,C05234,2024-05-22,Fashion,East,2,72.63,0.0,145.26,65.37,0
O103078,C01432,2024-05-22,Beauty,West,1,30.24,0.0,30.24,12.1,0
O100244,C00118,2024-05-22,Sports,East,1,209.77,0.1,188.79,121.67,0
O112457,C05781,2024-05-23,Home & Kitchen,East,2,171.37,0.0,342.74,188.51,0
O104235,C01960,2024-05-23,Electronics,East,1,129.22,0.3,90.45,93.04,0
O110430,C04844,2024-05-23,Books,East,1,9.04,0.0,9.04,4.52,0
O102144,C00993,2024-05-23,Books,North,1,30.02,0.0,30.02,15.01,0
O104797,C02214,2024-05-23,Electronics,West,3,311.38,0.2,747.31,672.58,0
O108224,C03824,2024-05-23,Sports,North,1,135.19,0.05,128.43,78.41,0
O110356,C04811,2024-05-23,Fashion,North,1,116.39,0.15,98.93,52.38,0
O106887,C03194,2024-05-23,Sports,South,2,102.22,0.1,184.0,118.58,0
O112387,C05750,2024-05-23,Home & Kitchen,East,1,84.31,0.0,84.31,46.37,0
O102398,C01113,2024-05-23,Beauty,East,2,14.56,0.0,29.12,11.65,0
O105154,C02381,2024-05-23,Home & Kitchen,North,2,165.96,0.05,315.32,182.56,0
O103314,C01532,2024-05-23,Beauty,South,1,47.57,0.15,40.43,19.03,0
O104087,C01883,2024-05-23,Home & Kitchen,East,1,51.15,0.3,35.8,28.13,0
O103703,C01704,2024-05-23,Home & Kitchen,South,2,147.13,0.1,264.83,161.84,0
O108346,C03879,2024-05-23,Sports,East,1,185.9,0.0,185.9,107.82,0
O101480,C00682,2024-05-23,Fashion,North,1,67.61,0.0,67.61,30.42,0
O100738,C00349,2024-05-23,Fashion,East,2,139.43,0.15,237.03,125.49,0
O111827,C05507,2024-05-24,Fashion,East,3,127.58,0.0,382.74,172.23,0
O108457,C03935,2024-05-24,Sports,East,1,183.14,0.2,146.51,106.22,0
O112728,C05911,2024-05-24,Home & Kitchen,South,1,134.7,0.0,134.7,74.08,0
O106323,C02929,2024-05-24,Sports,West,2,89.72,0.0,179.44,104.08,0
O107996,C03725,2024-05-24,Books,South,1,15.2,0.2,12.16,7.6,0
O102365,C01096,2024-05-24,Home & Kitchen,South,1,68.63,0.0,68.63,37.75,0
O109170,C04262,2024-05-24,Fashion,West,3,111.48,0.0,334.44,150.5,0
O112487,C05796,2024-05-24,Fashion,East,2,40.83,0.0,81.66,36.75,0
O111564,C05391,2024-05-24,Fashion,East,1,75.14,0.0,75.14,33.81,0
O107343,C03419,2024-05-24,Beauty,West,2,46.49,0.3,65.09,37.19,0
O103195,C01484,2024-05-24,Electronics,North,3,528.22,0.2,1267.73,1140.96,0
O107855,C03668,2024-05-25,Books,South,3,31.09,0.1,83.94,46.64,0
O105423,C02496,2024-05-25,Electronics,North,2,321.85,0.1,579.33,463.46,1
O101911,C00891,2024-05-25,Sports,North,3,49.13,0.0,147.39,85.49,0
O109688,C04492,2024-05-25,Sports,West,1,232.64,0.0,232.64,134.93,0
O106077,C02810,2024-05-25,Home & Kitchen,East,1,172.68,0.0,172.68,94.97,1
O107203,C03348,2024-05-25,Books,East,1,21.53,0.0,21.53,10.76,0
O103171,C01474,2024-05-25,Home & Kitchen,North,1,96.98,0.05,92.13,53.34,0
O103316,C01534,2024-05-25,Beauty,South,1,15.6,0.0,15.6,6.24,0
O106364,C02946,2024-05-25,Beauty,North,1,56.5,0.1,50.85,22.6,0
O112094,C05623,2024-05-25,Fashion,North,1,63.75,0.0,63.75,28.69,1
O100891,C00415,2024-05-25,Home & Kitchen,South,2,90.71,0.05,172.35,99.78,0
O105839,C02700,2024-05-25,Books,North,1,9.6,0.2,7.68,4.8,0
O109863,C04583,2024-05-25,Sports,North,2,207.36,0.0,414.72,240.54,0
O108110,C03776,2024-05-25,Sports,South,2,239.98,0.0,479.96,278.38,0
O106571,C03045,2024-05-25,Fashion,East,1,76.4,0.05,72.58,34.38,0
O106197,C02866,2024-05-25,Books,South,1,9.87,0.2,7.9,4.93,0
O102340,C01085,2024-05-26,Books,East,1,19.4,0.0,19.4,9.7,0
O109856,C04578,2024-05-26,Fashion,North,3,125.54,0.0,376.62,169.48,0
O108860,C04120,2024-05-26,Fashion,East,2,74.67,0.0,149.34,67.2,0
O101131,C00523,2024-05-26,Fashion,North,2,104.76,0.05,199.04,94.28,0
O107997,C03725,2024-05-26,Fashion,South,1,34.56,0.0,34.56,15.55,0
O104174,C01929,2024-05-26,Beauty,East,1,32.29,0.0,32.29,12.92,0
O108951,C04164,2024-05-26,Home & Kitchen,East,1,127.91,0.0,127.91,70.35,0
O109331,C04331,2024-05-27,Books,North,3,13.28,0.0,39.84,19.92,0
O109907,C04605,2024-05-27,Fashion,West,2,26.62,0.0,53.24,23.96,0
O106124,C02830,2024-05-27,Sports,East,2,145.47,0.15,247.3,168.75,0
O106188,C02861,2024-05-27,Electronics,East,2,343.24,0.2,549.18,494.27,1
O100288,C00138,2024-05-27,Books,North,3,11.03,0.0,33.09,16.54,1
O111326,C05280,2024-05-27,Electronics,South,2,590.68,0.1,1063.22,850.58,1
O101087,C00501,2024-05-27,Fashion,South,1,42.7,0.1,38.43,19.22,0
O107374,C03433,2024-05-27,Electronics,North,2,225.1,0.0,450.2,324.14,0
O110986,C05114,2024-05-27,Home & Kitchen,East,1,80.42,0.05,76.4,44.23,0
O105712,C02643,2024-05-27,Fashion,East,3,55.51,0.0,166.53,74.94,0
O112272,C05696,2024-05-27,Electronics,South,2,427.17,0.2,683.47,615.12,0
O108616,C04009,2024-05-27,Home & Kitchen,North,2,134.49,0.05,255.53,147.94,0
O108934,C04156,2024-05-27,Sports,East,2,196.26,0.0,392.52,227.66,0
O107916,C03693,2024-05-28,Sports,West,1,161.22,0.0,161.22,93.51,0
O110250,C04763,2024-05-28,Beauty,North,1,30.82,0.0,30.82,12.33,0
O111732,C05465,2024-05-28,Fashion,East,1,119.94,0.0,119.94,53.97,1
O112751,C05921,2024-05-28,Home & Kitchen,South,3,142.85,0.0,428.55,235.7,0
O104193,C01940,2024-05-28,Sports,North,1,168.84,0.2,135.07,97.93,0
O110709,C04985,2024-05-28,Fashion,East,1,109.16,0.05,103.7,49.12,1
O112824,C05953,2024-05-28,Beauty,South,3,44.53,0.0,133.59,53.44,0
O109625,C04461,2024-05-28,Home & Kitchen,South,2,107.05,0.0,214.1,117.76,0
O112254,C05690,2024-05-29,Beauty,West,2,41.27,0.1,74.29,33.02,0
O106206,C02870,2024-05-29,Fashion,North,1,67.96,0.0,67.96,30.58,0
O100021,C00009,2024-05-29,Books,North,1,38.77,0.2,31.02,19.39,0
O110647,C04956,2024-05-29,Home & Kitchen,East,1,53.82,0.0,53.82,29.6,0
O108635,C04019,2024-05-29,Beauty,North,2,43.24,0.0,86.48,34.59,0
O108140,C03787,2024-05-29,Home & Kitchen,South,1,105.92,0.1,95.33,58.26,0
O111624,C05418,2024-05-29,Home & Kitchen,West,1,167.46,0.0,167.46,92.1,0
O109592,C04448,2024-05-29,Home & Kitchen,South,2,139.95,0.1,251.91,153.94,0
O102794,C01300,2024-05-29,Books,East,2,22.02,0.05,41.84,22.02,0
O100927,C00429,2024-05-29,Beauty,West,1,26.8,0.1,24.12,10.72,0
O112482,C05792,2024-05-29,Sports,West,1,198.1,0.05,188.19,114.9,0
O109332,C04331,2024-05-29,Books,North,1,20.75,0.15,17.64,10.38,0
O110312,C04791,2024-05-29,Home & Kitchen,East,1,97.78,0.1,88.0,53.78,0
O111124,C05177,2024-05-29,Beauty,East,2,65.32,0.0,130.64,52.26,0
O103147,C01463,2024-05-29,Fashion,South,3,84.94,0.15,216.6,114.67,0
O112713,C05905,2024-05-29,Fashion,West,1,75.88,0.0,75.88,34.15,0
O110357,C04811,2024-05-29,Fashion,North,3,104.43,0.0,313.29,140.98,0
O110016,C04654,2024-05-29,Fashion,North,2,60.68,0.1,109.22,54.61,0
O111395,C05313,2024-05-29,Home & Kitchen,North,1,100.38,0.0,100.38,55.21,0
O112799,C05943,2024-05-29,Home & Kitchen,North,2,113.94,0.15,193.7,125.33,0
O104324,C02002,2024-05-29,Electronics,East,1,389.16,0.1,350.24,280.2,0
O103649,C01682,2024-05-29,Beauty,North,3,28.82,0.0,86.46,34.58,0
O110431,C04844,2024-05-29,Sports,East,1,173.39,0.0,173.39,100.57,0
O106859,C03182,2024-05-30,Fashion,East,2,84.21,0.0,168.42,75.79,1
O102849,C01326,2024-05-30,Fashion,East,1,131.3,0.0,131.3,59.09,0
O111940,C05560,2024-05-30,Beauty,West,1,56.43,0.0,56.43,22.57,0
O104477,C02071,2024-05-30,Home & Kitchen,South,1,155.08,0.0,155.08,85.29,1
O102879,C01343,2024-05-30,Sports,East,1,46.33,0.0,46.33,26.87,0
O104435,C02051,2024-05-30,Beauty,North,3,55.05,0.0,165.15,66.06,0
O100916,C00426,2024-05-30,Beauty,East,1,57.11,0.0,57.11,22.84,0
O109050,C04211,2024-05-30,Home & Kitchen,East,2,152.17,0.0,304.34,167.39,0
O105265,C02427,2024-05-30,Fashion,West,1,24.96,0.0,24.96,11.23,1
O101450,C00664,2024-05-30,Beauty,East,1,30.19,0.0,30.19,12.08,0
O102723,C01270,2024-05-30,Home & Kitchen,East,2,43.51,0.0,87.02,47.86,0
O101584,C00735,2024-05-30,Books,North,2,38.04,0.1,68.47,38.04,0
O103781,C01740,2024-05-30,Books,East,3,24.37,0.0,73.11,36.56,0
O101863,C00872,2024-05-30,Home & Kitchen,North,3,64.45,0.3,135.34,106.34,0
O100293,C00142,2024-05-30,Fashion,North,2,70.77,0.2,113.23,63.69,0
O104536,C02094,2024-05-30,Electronics,South,1,167.87,0.2,134.3,120.87,0
O101216,C00564,2024-05-30,Home & Kitchen,North,2,104.26,0.0,208.52,114.69,0
O102928,C01364,2024-05-31,Beauty,West,1,32.68,0.0,32.68,13.07,0
O107157,C03327,2024-05-31,Beauty,West,1,35.65,0.0,35.65,14.26,0
O111108,C05168,2024-05-31,Fashion,West,1,46.66,0.1,41.99,21.0,0
O102531,C01178,2024-05-31,Fashion,West,1,76.72,0.3,53.7,34.52,1
O107580,C03529,2024-05-31,Electronics,East,1,241.38,0.1,217.24,173.79,0
O112460,C05782,2024-05-31,Electronics,North,3,510.24,0.0,1530.72,1102.12,0
O110731,C04996,2024-05-31,Books,South,1,8.43,0.0,8.43,4.22,0
O103172,C01474,2024-05-31,Electronics,North,1,485.34,0.0,485.34,349.44,0
O101657,C00769,2024-05-31,Beauty,East,1,52.52,0.1,47.27,21.01,0
O100716,C00339,2024-05-31,Electronics,South,2,151.91,0.1,273.44,218.75,0
O106519,C03024,2024-05-31,Sports,West,2,86.28,0.0,172.56,100.08,0
O106081,C02813,2024-05-31,Home & Kitchen,East,2,125.07,0.2,200.11,137.58,0
O112273,C05696,2024-05-31,Fashion,South,2,51.27,0.1,92.29,46.14,0
O102078,C00964,2024-06-01,Fashion,North,3,62.1,0.05,176.99,83.84,0
O101352,C00620,2024-06-01,Home & Kitchen,West,2,143.13,0.0,286.26,157.44,0
O110545,C04905,2024-06-01,Fashion,West,1,35.73,0.0,35.73,16.08,1
O103714,C01710,2024-06-01,Home & Kitchen,South,1,31.01,0.1,27.91,17.06,0
O110506,C04886,2024-06-01,Electronics,South,2,337.37,0.0,674.74,485.81,0
O101217,C00564,2024-06-01,Electronics,North,3,276.2,0.0,828.6,596.59,0
O110648,C04956,2024-06-01,Fashion,East,2,83.46,0.05,158.57,75.11,1
O106247,C02890,2024-06-01,Sports,North,1,234.72,0.05,222.98,136.14,0
O100882,C00411,2024-06-01,Fashion,East,1,31.68,0.0,31.68,14.26,0
O108254,C03837,2024-06-01,Beauty,North,1,26.82,0.2,21.46,10.73,0
O100852,C00398,2024-06-01,Sports,North,1,67.16,0.1,60.44,38.95,0
O107670,C03583,2024-06-01,Beauty,East,1,29.14,0.0,29.14,11.66,0
O111313,C05276,2024-06-01,Books,South,2,37.95,0.3,53.13,37.95,0
O105974,C02765,2024-06-01,Fashion,South,2,128.64,0.0,257.28,115.78,0
O102403,C01115,2024-06-01,Beauty,East,1,48.86,0.3,34.2,19.54,0
O111800,C05494,2024-06-01,Fashion,West,2,137.71,0.15,234.11,123.94,0
O105477,C02523,2024-06-01,Sports,South,3,153.39,0.0,460.17,266.9,0
O104808,C02220,2024-06-01,Books,North,1,10.42,0.0,10.42,5.21,0
O111778,C05487,2024-06-01,Home & Kitchen,West,3,176.81,0.0,530.43,291.74,0
O101510,C00699,2024-06-01,Beauty,North,2,55.83,0.1,100.49,44.66,0
O111553,C05385,2024-06-01,Books,North,1,9.41,0.15,8.0,4.7,0
O108375,C03894,2024-06-02,Books,North,1,33.1,0.0,33.1,16.55,0
O105931,C02745,2024-06-02,Beauty,East,1,32.58,0.05,30.95,13.03,0
O107998,C03725,2024-06-02,Home & Kitchen,South,1,49.63,0.0,49.63,27.3,0
O106976,C03241,2024-06-02,Home & Kitchen,East,2,113.42,0.05,215.5,124.76,0
O111507,C05367,2024-06-02,Sports,North,2,62.88,0.2,100.61,72.94,0
O112758,C05926,2024-06-02,Home & Kitchen,South,1,120.03,0.05,114.03,66.02,0
O109456,C04388,2024-06-02,Fashion,North,2,131.21,0.15,223.06,118.09,0
O106867,C03184,2024-06-02,Beauty,East,1,58.05,0.05,55.15,23.22,0
O102366,C01096,2024-06-02,Home & Kitchen,South,1,25.16,0.0,25.16,13.84,0
O108491,C03952,2024-06-02,Fashion,West,1,36.18,0.0,36.18,16.28,0
O112830,C05957,2024-06-02,Beauty,East,3,19.55,0.15,49.85,23.46,0
O108411,C03913,2024-06-02,Home & Kitchen,East,2,121.3,0.0,242.6,133.43,0
O108886,C04131,2024-06-02,Books,South,3,23.73,0.2,56.95,35.6,0
O106978,C03242,2024-06-03,Fashion,North,2,77.16,0.0,154.32,69.44,0
O105849,C02705,2024-06-03,Beauty,East,2,36.17,0.05,68.72,28.94,0
O112800,C05943,2024-06-03,Beauty,North,2,47.03,0.1,84.65,37.62,0
O101799,C00838,2024-06-03,Home & Kitchen,North,1,51.89,0.1,46.7,28.54,0
O109689,C04492,2024-06-03,Fashion,West,1,115.13,0.0,115.13,51.81,0
O105363,C02470,2024-06-03,Beauty,North,1,29.65,0.0,29.65,11.86,0
O105352,C02466,2024-06-03,Fashion,West,1,109.8,0.2,87.84,49.41,0
O100957,C00443,2024-06-03,Books,North,1,25.38,0.1,22.84,12.69,0
O105540,C02554,2024-06-03,Sports,North,1,31.46,0.2,25.17,18.25,0
O107888,C03683,2024-06-03,Sports,East,1,134.34,0.0,134.34,77.92,0
O103879,C01787,2024-06-03,Home & Kitchen,South,1,102.53,0.15,87.15,56.39,0
O105342,C02462,2024-06-03,Books,North,1,31.28,0.0,31.28,15.64,0
O111121,C05175,2024-06-03,Beauty,North,2,43.68,0.05,82.99,34.94,0
O109138,C04248,2024-06-03,Electronics,North,3,426.65,0.15,1087.96,921.56,0
O102279,C01055,2024-06-03,Home & Kitchen,West,2,53.24,0.0,106.48,58.56,0
O108364,C03887,2024-06-03,Electronics,South,1,509.8,0.05,484.31,367.06,0
O101956,C00908,2024-06-03,Beauty,West,1,17.07,0.0,17.07,6.83,0
O107573,C03527,2024-06-04,Sports,South,1,154.86,0.0,154.86,89.82,0
O106170,C02853,2024-06-04,Fashion,North,1,112.46,0.0,112.46,50.61,0
O108406,C03909,2024-06-04,Beauty,West,2,68.71,0.05,130.55,54.97,0
O106509,C03018,2024-06-04,Fashion,West,1,52.24,0.05,49.63,23.51,0
O112913,C05996,2024-06-04,Beauty,West,2,35.74,0.05,67.91,28.59,0
O101448,C00663,2024-06-04,Home & Kitchen,West,2,152.4,0.2,243.84,167.64,1
O101525,C00705,2024-06-04,Fashion,North,2,136.96,0.05,260.22,123.26,0
O101174,C00543,2024-06-04,Sports,West,2,134.96,0.0,269.92,156.55,0
O108658,C04027,2024-06-04,Fashion,East,3,39.09,0.2,93.82,52.77,0
O102904,C01355,2024-06-04,Electronics,West,2,150.72,0.15,256.22,217.04,0
O101872,C00874,2024-06-04,Books,North,2,37.2,0.0,74.4,37.2,0
O101212,C00562,2024-06-04,Fashion,East,1,94.84,0.0,94.84,42.68,0
O103899,C01796,2024-06-04,Sports,North,1,199.93,0.05,189.93,115.96,1
O107225,C03359,2024-06-04,Beauty,East,1,45.21,0.0,45.21,18.08,0
O105018,C02317,2024-06-04,Sports,North,1,185.61,0.15,157.77,107.65,0
O112189,C05662,2024-06-04,Fashion,North,1,107.81,0.0,107.81,48.51,0
O110017,C04654,2024-06-04,Fashion,North,1,111.96,0.0,111.96,50.38,0
O105992,C02773,2024-06-04,Sports,North,2,117.69,0.0,235.38,136.52,0
O101007,C00465,2024-06-05,Electronics,East,1,588.43,0.1,529.59,423.67,0
O105064,C02340,2024-06-05,Sports,North,2,208.37,0.1,375.07,241.71,0
O105303,C02444,2024-06-05,Sports,East,2,57.95,0.0,115.9,67.22,0
O111596,C05405,2024-06-05,Fashion,West,3,63.05,0.0,189.15,85.12,0
O111314,C05276,2024-06-05,Sports,South,2,56.09,0.0,112.18,65.06,0
O104976,C02299,2024-06-05,Books,North,2,16.18,0.2,25.89,16.18,0
O108506,C03960,2024-06-06,Books,West,3,31.79,0.15,81.06,47.68,0
O105377,C02475,2024-06-06,Home & Kitchen,East,1,75.1,0.15,63.83,41.3,0
O107530,C03504,2024-06-06,Fashion,West,1,90.76,0.0,90.76,40.84,0
O107102,C03297,2024-06-06,Beauty,West,1,40.51,0.0,40.51,16.2,0
O111912,C05545,2024-06-06,Home & Kitchen,South,2,146.02,0.0,292.04,160.62,0
O103715,C01710,2024-06-06,Home & Kitchen,South,1,78.66,0.15,66.86,43.26,1
O112313,C05717,2024-06-06,Home & Kitchen,North,1,102.3,0.0,102.3,56.26,1
O107548,C03513,2024-06-06,Electronics,North,2,574.96,0.3,804.94,827.94,1
O105991,C02772,2024-06-06,Fashion,West,1,75.65,0.0,75.65,34.04,0
O106799,C03152,2024-06-06,Home & Kitchen,East,1,65.26,0.1,58.73,35.89,0
O110237,C04755,2024-06-06,Home & Kitchen,South,3,119.32,0.0,357.96,196.88,0
O107016,C03258,2024-06-06,Fashion,North,2,89.53,0.15,152.2,80.58,0
O112108,C05628,2024-06-06,Home & Kitchen,West,1,160.06,0.0,160.06,88.03,0
O104293,C01989,2024-06-06,Fashion,West,1,73.19,0.0,73.19,32.94,0
O104292,C01988,2024-06-06,Home & Kitchen,North,1,88.74,0.2,70.99,48.81,0
O112199,C05667,2024-06-06,Home & Kitchen,South,2,101.51,0.0,203.02,111.66,0
O105634,C02602,2024-06-06,Electronics,North,1,573.02,0.0,573.02,412.57,0
O100041,C00018,2024-06-06,Sports,North,1,119.16,0.1,107.24,69.11,0
O107762,C03622,2024-06-06,Beauty,North,1,12.99,0.3,9.09,5.2,0
O100206,C00102,2024-06-07,Fashion,North,1,113.87,0.0,113.87,51.24,0
O107576,C03528,2024-06-07,Beauty,North,1,50.83,0.3,35.58,20.33,0
O108856,C04119,2024-06-07,Beauty,North,1,27.91,0.0,27.91,11.16,0
O106639,C03079,2024-06-07,Home & Kitchen,North,1,72.26,0.2,57.81,39.74,0
O103298,C01528,2024-06-07,Fashion,East,3,125.48,0.0,376.44,169.4,0
O108225,C03824,2024-06-07,Sports,North,1,176.04,0.2,140.83,102.1,0
O107159,C03328,2024-06-07,Books,East,1,36.4,0.1,32.76,18.2,0
O107081,C03288,2024-06-07,Sports,West,2,208.32,0.05,395.81,241.65,1
O100809,C00376,2024-06-07,Home & Kitchen,South,1,126.66,0.0,126.66,69.66,0
O105092,C02349,2024-06-07,Fashion,East,1,62.09,0.0,62.09,27.94,0
O111814,C05502,2024-06-07,Sports,East,1,155.63,0.0,155.63,90.27,0
O108939,C04159,2024-06-07,Fashion,North,2,116.25,0.0,232.5,104.62,0
O111864,C05526,2024-06-07,Fashion,West,1,68.11,0.3,47.68,30.65,1
O104561,C02104,2024-06-07,Home & Kitchen,East,2,115.13,0.0,230.26,126.64,0
O100463,C00224,2024-06-07,Home & Kitchen,East,1,170.89,0.0,170.89,93.99,0
O108103,C03774,2024-06-07,Fashion,West,3,139.6,0.05,397.86,188.46,1
O106721,C03113,2024-06-07,Beauty,North,2,22.7,0.0,45.4,18.16,0
O101015,C00469,2024-06-07,Electronics,South,1,155.67,0.2,124.54,112.08,0
O108027,C03736,2024-06-07,Home & Kitchen,West,3,169.71,0.1,458.22,280.02,0
O112176,C05656,2024-06-08,Books,North,2,39.79,0.05,75.6,39.79,1
O109168,C04261,2024-06-08,Fashion,West,2,122.39,0.0,244.78,110.15,0
O111097,C05162,2024-06-08,Sports,East,2,192.95,0.1,347.31,223.82,0
O105178,C02394,2024-06-08,Home & Kitchen,South,1,28.54,0.05,27.11,15.7,0
O108559,C03980,2024-06-08,Electronics,East,1,443.27,0.2,354.62,319.15,0
O106036,C02792,2024-06-08,Home & Kitchen,East,1,73.8,0.1,66.42,40.59,0
O103566,C01645,2024-06-08,Fashion,North,1,62.96,0.15,53.52,28.33,0
O101758,C00818,2024-06-08,Beauty,North,1,16.47,0.1,14.82,6.59,0
O109843,C04570,2024-06-08,Electronics,West,1,131.0,0.1,117.9,94.32,0
O105112,C02360,2024-06-08,Books,West,2,12.91,0.0,25.82,12.91,0
O107462,C03476,2024-06-08,Books,North,1,32.42,0.2,25.94,16.21,0
O105840,C02700,2024-06-08,Electronics,North,2,394.33,0.0,788.66,567.84,0
O102697,C01257,2024-06-08,Electronics,North,3,202.56,0.0,607.68,437.53,0
O106265,C02900,2024-06-08,Beauty,North,3,47.64,0.05,135.77,57.17,0
O103418,C01582,2024-06-08,Electronics,East,1,481.01,0.1,432.91,346.33,0
O109626,C04461,2024-06-08,Home & Kitchen,South,2,31.25,0.0,62.5,34.38,0
O106655,C03087,2024-06-09,Fashion,South,2,57.6,0.0,115.2,51.84,0
O103650,C01682,2024-06-09,Fashion,North,1,130.58,0.0,130.58,58.76,0
O106407,C02968,2024-06-09,Electronics,South,1,348.32,0.1,313.49,250.79,1
O112042,C05603,2024-06-09,Beauty,South,2,29.73,0.0,59.46,23.78,0
O111069,C05151,2024-06-09,Home & Kitchen,East,1,167.57,0.3,117.3,92.16,0
O107682,C03586,2024-06-09,Books,North,1,17.95,0.15,15.26,8.98,0
O108245,C03832,2024-06-09,Fashion,East,2,137.36,0.1,247.25,123.62,0
O110101,C04692,2024-06-09,Books,South,2,20.12,0.2,32.19,20.12,0
O104585,C02116,2024-06-09,Sports,West,2,86.34,0.2,138.14,100.15,0
O111651,C05432,2024-06-09,Fashion,North,1,128.89,0.0,128.89,58.0,0
O102245,C01038,2024-06-09,Fashion,West,2,45.19,0.1,81.34,40.67,0
O103583,C01651,2024-06-09,Fashion,West,1,68.74,0.0,68.74,30.93,0
O111953,C05567,2024-06-09,Home & Kitchen,West,1,63.07,0.0,63.07,34.69,0
O108931,C04155,2024-06-09,Sports,West,2,241.35,0.15,410.29,279.97,0
O107569,C03526,2024-06-09,Beauty,West,3,11.32,0.0,33.96,13.58,0
O109869,C04587,2024-06-09,Electronics,North,2,502.1,0.0,1004.2,723.02,0
O109627,C04461,2024-06-09,Beauty,South,1,42.6,0.0,42.6,17.04,0
O106853,C03179,2024-06-09,Fashion,South,1,35.93,0.0,35.93,16.17,1
O104063,C01872,2024-06-09,Beauty,North,2,10.14,0.3,14.2,8.11,0
O105109,C02358,2024-06-09,Fashion,South,2,45.91,0.0,91.82,41.32,0
O110507,C04886,2024-06-09,Fashion,South,2,50.08,0.0,100.16,45.07,0
O112330,C05725,2024-06-09,Books,East,3,17.03,0.0,51.09,25.54,0
O105372,C02474,2024-06-09,Sports,North,2,102.45,0.05,194.66,118.84,0
O110389,C04827,2024-06-10,Fashion,East,2,108.03,0.0,216.06,97.23,0
O103794,C01745,2024-06-10,Fashion,North,1,67.95,0.0,67.95,30.58,0
O107329,C03413,2024-06-10,Beauty,South,1,37.15,0.0,37.15,14.86,0
O105904,C02734,2024-06-10,Electronics,West,2,479.2,0.0,958.4,690.05,0
O109017,C04194,2024-06-10,Fashion,South,1,127.22,0.0,127.22,57.25,0
O111779,C05487,2024-06-10,Home & Kitchen,West,1,120.25,0.2,96.2,66.14,0
O112882,C05979,2024-06-10,Electronics,East,1,382.64,0.3,267.85,275.5,0
O105680,C02623,2024-06-10,Beauty,East,2,26.97,0.0,53.94,21.58,0
O102311,C01072,2024-06-10,Fashion,East,1,119.53,0.05,113.55,53.79,0
O112637,C05864,2024-06-11,Beauty,East,2,62.01,0.0,124.02,49.61,0
O107485,C03484,2024-06-11,Home & Kitchen,East,1,177.64,0.2,142.11,97.7,0
O107627,C03559,2024-06-11,Home & Kitchen,West,1,67.26,0.0,67.26,36.99,0
O102911,C01358,2024-06-11,Sports,South,1,53.87,0.0,53.87,31.24,0
O101902,C00887,2024-06-11,Fashion,West,1,113.33,0.0,113.33,51.0,1
O105537,C02553,2024-06-11,Fashion,South,1,129.4,0.05,122.93,58.23,0
O101269,C00581,2024-06-11,Home & Kitchen,East,2,120.41,0.1,216.74,132.45,0
O111194,C05216,2024-06-11,Electronics,North,2,152.2,0.0,304.4,219.17,0
O101873,C00874,2024-06-11,Home & Kitchen,North,2,175.42,0.0,350.84,192.96,0
O111709,C05457,2024-06-11,Home & Kitchen,West,1,54.37,0.3,38.06,29.9,0
O111960,C05570,2024-06-11,Books,East,1,36.29,0.0,36.29,18.14,0
O103839,C01769,2024-06-11,Electronics,North,2,363.17,0.15,617.39,522.96,0
O108735,C04059,2024-06-11,Books,East,1,10.7,0.1,9.63,5.35,0
O111998,C05587,2024-06-11,Books,North,1,38.42,0.15,32.66,19.21,0
O103595,C01656,2024-06-12,Books,West,2,34.54,0.0,69.08,34.54,0
O106623,C03070,2024-06-12,Electronics,North,3,523.57,0.0,1570.71,1130.91,0
O105127,C02368,2024-06-12,Home & Kitchen,East,1,140.0,0.0,140.0,77.0,0
O107396,C03444,2024-06-12,Books,West,1,22.7,0.15,19.29,11.35,0
O104315,C01996,2024-06-12,Fashion,North,1,83.67,0.1,75.3,37.65,0
O109810,C04556,2024-06-12,Fashion,West,1,77.94,0.05,74.04,35.07,0
O108756,C04070,2024-06-12,Home & Kitchen,East,1,105.87,0.0,105.87,58.23,1
O100883,C00412,2024-06-12,Books,North,1,17.05,0.2,13.64,8.52,0
O105936,C02747,2024-06-12,Home & Kitchen,North,3,176.72,0.1,477.14,291.59,0
O107244,C03370,2024-06-12,Electronics,East,1,133.91,0.1,120.52,96.42,0
O112695,C05893,2024-06-12,Beauty,East,1,39.16,0.0,39.16,15.66,0
O101053,C00486,2024-06-12,Sports,East,2,37.95,0.0,75.9,44.02,0
O111738,C05467,2024-06-12,Fashion,South,2,41.89,0.0,83.78,37.7,0
O112638,C05864,2024-06-12,Electronics,East,2,327.34,0.0,654.68,471.37,1
O106245,C02889,2024-06-12,Books,West,2,21.44,0.0,42.88,21.44,0
O105373,C02474,2024-06-12,Electronics,North,1,553.44,0.05,525.77,398.48,0
O111070,C05151,2024-06-13,Home & Kitchen,East,1,77.91,0.0,77.91,42.85,0
O112043,C05603,2024-06-13,Home & Kitchen,South,2,142.74,0.3,199.84,157.01,0
O106345,C02936,2024-06-13,Electronics,East,2,508.16,0.1,914.69,731.75,0
O105440,C02504,2024-06-13,Beauty,East,3,31.87,0.1,86.05,38.24,0
O111372,C05303,2024-06-13,Electronics,North,1,535.55,0.05,508.77,385.6,0
O101016,C00469,2024-06-13,Electronics,South,1,512.45,0.15,435.58,368.96,0
O100853,C00398,2024-06-13,Home & Kitchen,North,2,55.25,0.0,110.5,60.78,0
O101172,C00542,2024-06-13,Fashion,East,1,135.13,0.0,135.13,60.81,0
O104072,C01876,2024-06-13,Sports,East,1,225.88,0.0,225.88,131.01,0
O112097,C05625,2024-06-13,Home & Kitchen,South,1,37.25,0.1,33.52,20.49,0
O108996,C04185,2024-06-13,Electronics,North,1,139.48,0.0,139.48,100.43,1
O101467,C00674,2024-06-13,Beauty,South,1,60.98,0.1,54.88,24.39,0
O104856,C02241,2024-06-13,Beauty,North,1,30.14,0.0,30.14,12.06,1
O107136,C03314,2024-06-13,Beauty,North,2,50.26,0.0,100.52,40.21,0
O110231,C04752,2024-06-13,Fashion,North,2,52.08,0.1,93.74,46.87,0
O101349,C00619,2024-06-14,Sports,South,2,229.7,0.0,459.4,266.45,0
O101223,C00566,2024-06-14,Electronics,West,1,457.36,0.0,457.36,329.3,0
O111875,C05529,2024-06-14,Fashion,East,1,130.41,0.0,130.41,58.68,0
O108683,C04036,2024-06-14,Home & Kitchen,East,1,157.09,0.0,157.09,86.4,0
O110824,C05036,2024-06-14,Books,West,1,26.87,0.05,25.53,13.44,0
O111758,C05475,2024-06-14,Fashion,South,1,115.45,0.0,115.45,51.95,0
O110077,C04680,2024-06-14,Sports,West,2,66.62,0.2,106.59,77.28,0
O112809,C05946,2024-06-14,Beauty,East,2,50.32,0.0,100.64,40.26,0
O102997,C01395,2024-06-14,Beauty,South,3,12.3,0.0,36.9,14.76,0
O111380,C05305,2024-06-14,Beauty,East,1,20.98,0.1,18.88,8.39,0
O104930,C02277,2024-06-14,Electronics,East,3,218.6,0.0,655.8,472.18,0
O112346,C05732,2024-06-14,Electronics,East,1,266.05,0.0,266.05,191.56,1
O103437,C01590,2024-06-14,Fashion,West,1,83.26,0.0,83.26,37.47,1
O107455,C03471,2024-06-14,Sports,South,2,206.31,0.0,412.62,239.32,1
O106531,C03029,2024-06-14,Fashion,West,1,86.83,0.1,78.15,39.07,0
O110060,C04673,2024-06-14,Home & Kitchen,West,3,73.89,0.0,221.67,121.92,0
O106860,C03182,2024-06-14,Fashion,East,1,86.3,0.0,86.3,38.84,0
O110922,C05083,2024-06-15,Home & Kitchen,North,1,44.63,0.05,42.4,24.55,0
O108226,C03824,2024-06-15,Beauty,North,2,40.3,0.0,80.6,32.24,0
O106365,C02946,2024-06-15,Books,North,2,15.75,0.0,31.5,15.75,0
O106555,C03040,2024-06-15,Home & Kitchen,South,1,124.51,0.05,118.28,68.48,0
O101555,C00721,2024-06-15,Beauty,East,1,31.87,0.0,31.87,12.75,0
O110710,C04985,2024-06-15,Sports,East,3,141.1,0.3,296.31,245.51,0
O101808,C00844,2024-06-15,Beauty,East,2,25.79,0.0,51.58,20.63,0
O103682,C01695,2024-06-15,Beauty,South,2,13.61,0.15,23.14,10.89,0
O104994,C02306,2024-06-15,Beauty,East,1,20.4,0.0,20.4,8.16,0
O105343,C02462,2024-06-15,Books,North,2,16.16,0.0,32.32,16.16,0
O105194,C02401,2024-06-15,Fashion,East,1,42.3,0.2,33.84,19.04,0
O107752,C03617,2024-06-15,Electronics,South,1,570.62,0.0,570.62,410.85,0
O106398,C02964,2024-06-15,Sports,South,2,178.55,0.0,357.1,207.12,0
O111812,C05500,2024-06-15,Books,North,1,19.51,0.2,15.61,9.76,0
O105541,C02554,2024-06-15,Electronics,North,3,292.8,0.0,878.4,632.45,0
O101932,C00899,2024-06-15,Electronics,North,1,316.69,0.0,316.69,228.02,0
O112676,C05884,2024-06-15,Beauty,North,1,23.29,0.1,20.96,9.32,0
O102396,C01112,2024-06-15,Fashion,West,2,51.32,0.3,71.85,46.19,1
O112436,C05772,2024-06-15,Sports,West,2,165.67,0.0,331.34,192.18,0
O106031,C02789,2024-06-15,Electronics,West,2,393.51,0.0,787.02,566.65,0
O110157,C04715,2024-06-15,Beauty,North,2,27.56,0.15,46.85,22.05,0
O112362,C05739,2024-06-16,Fashion,East,3,100.83,0.0,302.49,136.12,0
O108188,C03811,2024-06-16,Fashion,North,2,97.47,0.0,194.94,87.72,0
O106893,C03197,2024-06-16,Fashion,East,3,57.34,0.05,163.42,77.41,0
O102818,C01308,2024-06-16,Electronics,South,1,302.55,0.0,302.55,217.84,0
O111524,C05374,2024-06-16,Home & Kitchen,South,2,138.26,0.0,276.52,152.09,0
O107463,C03476,2024-06-16,Fashion,North,2,31.3,0.0,62.6,28.17,1
O109753,C04528,2024-06-16,Fashion,East,1,133.66,0.1,120.29,60.15,0
O105707,C02641,2024-06-16,Home & Kitchen,South,1,158.57,0.15,134.78,87.21,0
O110831,C05040,2024-06-16,Beauty,West,3,36.74,0.2,88.18,44.09,0
O101390,C00637,2024-06-16,Sports,West,1,76.92,0.05,73.07,44.61,1
O102761,C01288,2024-06-16,Beauty,North,3,55.17,0.0,165.51,66.2,0
O100194,C00097,2024-06-16,Fashion,North,1,98.15,0.0,98.15,44.17,0
O112380,C05746,2024-06-16,Home & Kitchen,South,1,111.2,0.05,105.64,61.16,1
O104073,C01876,2024-06-16,Books,East,1,18.37,0.0,18.37,9.18,0
O112390,C05752,2024-06-16,Electronics,South,2,576.45,0.0,1152.9,830.09,0
O101942,C00903,2024-06-16,Electronics,East,2,164.8,0.0,329.6,237.31,0
O100163,C00083,2024-06-16,Beauty,East,2,18.45,0.0,36.9,14.76,0
O100686,C00327,2024-06-16,Fashion,South,3,66.72,0.05,190.15,90.07,0
O109003,C04188,2024-06-17,Home & Kitchen,South,2,103.48,0.0,206.96,113.83,0
O104833,C02232,2024-06-17,Fashion,West,1,128.27,0.05,121.86,57.72,0
O105374,C02474,2024-06-17,Home & Kitchen,North,2,125.77,0.1,226.39,138.35,0
O106212,C02874,2024-06-17,Beauty,North,1,19.92,0.2,15.94,7.97,0
O106143,C02839,2024-06-17,Fashion,South,1,37.73,0.15,32.07,16.98,0
O109139,C04248,2024-06-17,Home & Kitchen,North,2,81.84,0.1,147.31,90.02,0
O107773,C03628,2024-06-17,Sports,East,1,181.43,0.1,163.29,105.23,0
O103638,C01677,2024-06-17,Sports,North,1,80.88,0.0,80.88,46.91,0
O111918,C05549,2024-06-17,Sports,East,1,166.01,0.05,157.71,96.29,0
O100397,C00196,2024-06-17,Beauty,South,2,21.79,0.0,43.58,17.43,0
O100783,C00365,2024-06-17,Fashion,South,1,81.48,0.0,81.48,36.67,0
O105844,C02703,2024-06-17,Electronics,North,3,571.72,0.15,1457.89,1234.92,0
O112391,C05752,2024-06-17,Electronics,South,1,585.32,0.2,468.26,421.43,0
O106958,C03232,2024-06-17,Sports,South,1,235.94,0.0,235.94,136.85,0
O101291,C00593,2024-06-17,Fashion,West,2,103.6,0.0,207.2,93.24,0
O104787,C02209,2024-06-18,Fashion,North,1,71.29,0.0,71.29,32.08,0
O100068,C00032,2024-06-18,Beauty,North,1,63.56,0.0,63.56,25.42,0
O106857,C03181,2024-06-18,Fashion,North,1,121.12,0.0,121.12,54.5,0
O105762,C02665,2024-06-18,Fashion,North,1,43.06,0.1,38.75,19.38,0
O101830,C00854,2024-06-18,Electronics,South,1,225.31,0.0,225.31,162.22,0
O112266,C05694,2024-06-18,Fashion,North,1,107.93,0.0,107.93,48.57,0
O102768,C01291,2024-06-18,Home & Kitchen,North,3,148.76,0.0,446.28,245.45,0
O110341,C04803,2024-06-18,Home & Kitchen,South,1,42.4,0.0,42.4,23.32,0
O111282,C05260,2024-06-18,Beauty,East,1,57.36,0.0,57.36,22.94,0
O104743,C02194,2024-06-18,Fashion,East,1,90.3,0.0,90.3,40.64,1
O109028,C04200,2024-06-18,Home & Kitchen,East,2,70.35,0.0,140.7,77.39,0
O105772,C02667,2024-06-18,Home & Kitchen,North,1,85.22,0.0,85.22,46.87,0
O103704,C01704,2024-06-18,Books,South,1,22.31,0.3,15.62,11.16,0
O103006,C01399,2024-06-19,Beauty,North,2,15.48,0.15,26.32,12.38,0
O112565,C05834,2024-06-19,Beauty,East,1,22.15,0.15,18.83,8.86,0
O107857,C03670,2024-06-19,Fashion,West,1,124.56,0.1,112.1,56.05,0
O104715,C02182,2024-06-19,Electronics,South,1,139.83,0.1,125.85,100.68,0
O109074,C04221,2024-06-19,Sports,North,3,227.77,0.0,683.31,396.32,0
O107010,C03256,2024-06-19,Home & Kitchen,West,2,72.56,0.0,145.12,79.82,0
O107968,C03714,2024-06-19,Beauty,East,2,52.68,0.0,105.36,42.14,0
O109829,C04563,2024-06-19,Fashion,North,1,96.46,0.2,77.17,43.41,0
O103992,C01839,2024-06-19,Fashion,North,1,38.28,0.0,38.28,17.23,0
O107094,C03293,2024-06-19,Home & Kitchen,West,3,139.11,0.1,375.6,229.53,0
O107940,C03702,2024-06-19,Beauty,East,2,48.69,0.1,87.64,38.95,0
O100772,C00363,2024-06-19,Home & Kitchen,East,3,37.75,0.15,96.26,62.29,0
O106977,C03241,2024-06-19,Books,East,1,21.97,0.1,19.77,10.98,0
O106353,C02940,2024-06-19,Electronics,West,3,430.78,0.0,1292.34,930.48,0
O101763,C00821,2024-06-19,Fashion,East,1,45.2,0.05,42.94,20.34,0
O103760,C01730,2024-06-19,Fashion,South,2,100.86,0.1,181.55,90.77,0
O103480,C01609,2024-06-19,Beauty,North,2,24.0,0.0,48.0,19.2,0
O111964,C05573,2024-06-19,Home & Kitchen,West,2,44.95,0.0,89.9,49.45,0
O108528,C03968,2024-06-19,Sports,North,1,154.08,0.15,130.97,89.37,0
O110404,C04834,2024-06-20,Home & Kitchen,East,3,99.61,0.0,298.83,164.36,0
O100153,C00078,2024-06-20,Beauty,East,2,27.38,0.3,38.33,21.9,0
O100458,C00221,2024-06-20,Home & Kitchen,North,1,146.56,0.05,139.23,80.61,0
O107378,C03435,2024-06-20,Fashion,East,2,103.83,0.0,207.66,93.45,0
O105813,C02687,2024-06-20,Fashion,North,3,82.87,0.0,248.61,111.87,1
O102404,C01115,2024-06-20,Sports,East,2,194.68,0.1,350.42,225.83,0
O107008,C03255,2024-06-20,Books,West,1,31.36,0.0,31.36,15.68,0
O111365,C05299,2024-06-20,Home & Kitchen,North,2,121.86,0.0,243.72,134.05,1
O103705,C01704,2024-06-20,Fashion,South,1,98.85,0.1,88.97,44.48,0
O108039,C03741,2024-06-20,Electronics,East,2,384.55,0.0,769.1,553.75,0
O106144,C02839,2024-06-20,Beauty,South,1,20.49,0.0,20.49,8.2,0
O101443,C00661,2024-06-20,Books,North,2,20.64,0.0,41.28,20.64,0
O101772,C00826,2024-06-20,Home & Kitchen,East,3,70.42,0.0,211.26,116.19,0
O112866,C05972,2024-06-20,Books,South,1,26.28,0.0,26.28,13.14,0
O105944,C02751,2024-06-20,Books,North,3,26.94,0.0,80.82,40.41,0
O108278,C03850,2024-06-20,Sports,West,1,41.2,0.0,41.2,23.9,0
O106766,C03136,2024-06-20,Fashion,North,3,87.59,0.0,262.77,118.25,0
O109423,C04373,2024-06-20,Beauty,East,1,58.83,0.0,58.83,23.53,0
O111625,C05418,2024-06-21,Fashion,West,2,117.96,0.3,165.14,106.16,0
O108347,C03879,2024-06-21,Books,East,2,27.09,0.2,43.34,27.09,0
O104074,C01876,2024-06-21,Electronics,East,2,274.14,0.0,548.28,394.76,0
O108189,C03811,2024-06-21,Fashion,North,1,32.37,0.05,30.75,14.57,0
O107044,C03271,2024-06-21,Books,South,1,9.81,0.05,9.32,4.9,0
O106401,C02967,2024-06-21,Fashion,East,2,96.16,0.05,182.7,86.54,0
O102138,C00989,2024-06-21,Home & Kitchen,West,2,158.62,0.1,285.52,174.48,0
O111431,C05328,2024-06-21,Home & Kitchen,East,3,28.51,0.0,85.53,47.04,0
O101226,C00567,2024-06-21,Fashion,West,3,36.63,0.05,104.4,49.45,0
O109994,C04645,2024-06-21,Home & Kitchen,East,2,43.21,0.0,86.42,47.53,0
O110670,C04967,2024-06-21,Fashion,East,2,112.25,0.0,224.5,101.02,0
O104335,C02006,2024-06-21,Electronics,South,1,279.97,0.05,265.97,201.58,0
O103181,C01479,2024-06-21,Fashion,West,1,72.51,0.0,72.51,32.63,0
O101841,C00858,2024-06-21,Books,South,1,30.81,0.15,26.19,15.4,0
O104123,C01906,2024-06-21,Electronics,East,1,381.34,0.0,381.34,274.56,0
O108784,C04079,2024-06-21,Home & Kitchen,North,1,49.5,0.0,49.5,27.22,0
O110594,C04930,2024-06-22,Home & Kitchen,East,2,88.57,0.05,168.28,97.43,1
O102108,C00976,2024-06-22,Home & Kitchen,North,2,112.1,0.0,224.2,123.31,0
O111990,C05584,2024-06-22,Fashion,North,3,83.86,0.2,201.26,113.21,0
O110887,C05068,2024-06-22,Beauty,South,2,58.05,0.0,116.1,46.44,0
O106402,C02967,2024-06-22,Beauty,East,1,19.18,0.0,19.18,7.67,0
O110892,C05069,2024-06-22,Fashion,North,3,61.55,0.0,184.65,83.09,0
O100665,C00315,2024-06-22,Home & Kitchen,South,3,95.67,0.15,243.96,157.86,0
O104960,C02293,2024-06-22,Fashion,West,1,70.88,0.0,70.88,31.9,0
O108124,C03782,2024-06-22,Electronics,South,2,167.44,0.15,284.65,241.11,0
O100684,C00326,2024-06-22,Home & Kitchen,West,2,136.19,0.2,217.9,149.81,0
O108325,C03869,2024-06-22,Fashion,East,1,124.51,0.2,99.61,56.03,1
O111303,C05271,2024-06-22,Home & Kitchen,South,2,177.72,0.2,284.35,195.49,0
O107247,C03372,2024-06-22,Fashion,North,1,23.23,0.15,19.75,10.45,0
O111251,C05246,2024-06-22,Fashion,North,3,116.1,0.05,330.88,156.73,0
O110964,C05103,2024-06-22,Fashion,East,1,114.9,0.2,91.92,51.71,0
O106324,C02929,2024-06-22,Home & Kitchen,West,3,92.98,0.1,251.05,153.42,0
O104879,C02253,2024-06-22,Electronics,North,2,555.01,0.0,1110.02,799.21,0
O100154,C00078,2024-06-22,Books,East,1,17.79,0.0,17.79,8.9,0
O101943,C00903,2024-06-22,Books,East,2,21.69,0.0,43.38,21.69,0
O110251,C04764,2024-06-23,Beauty,South,3,24.42,0.2,58.61,29.3,0
O102710,C01265,2024-06-23,Fashion,East,1,122.08,0.0,122.08,54.94,0
O104845,C02237,2024-06-23,Books,North,2,29.24,0.3,40.94,29.24,0
O106645,C03084,2024-06-23,Beauty,North,3,28.04,0.0,84.12,33.65,0
O108409,C03911,2024-06-23,Sports,East,2,100.5,0.1,180.9,116.58,0
O108355,C03882,2024-06-23,Fashion,East,2,22.58,0.1,40.64,20.32,0
O101767,C00823,2024-06-23,Electronics,East,2,288.57,0.1,519.43,415.54,0
O103942,C01817,2024-06-23,Sports,North,2,158.76,0.0,317.52,184.16,0
O106290,C02914,2024-06-23,Home & Kitchen,North,3,95.2,0.05,271.32,157.08,0
O112384,C05748,2024-06-23,Beauty,West,3,36.62,0.0,109.86,43.94,0
O106629,C03073,2024-06-23,Sports,North,1,166.79,0.0,166.79,96.74,0
O102420,C01124,2024-06-23,Electronics,South,1,376.6,0.1,338.94,271.15,0
O102042,C00948,2024-06-23,Home & Kitchen,North,2,120.64,0.0,241.28,132.7,0
O110102,C04692,2024-06-23,Sports,South,2,184.78,0.0,369.56,214.34,0
O107179,C03336,2024-06-23,Fashion,South,2,93.09,0.0,186.18,83.78,0
O105136,C02370,2024-06-24,Home & Kitchen,South,1,164.77,0.1,148.29,90.62,0
O101017,C00469,2024-06-24,Fashion,South,1,34.58,0.0,34.58,15.56,0
O108659,C04027,2024-06-24,Beauty,East,3,69.73,0.0,209.19,83.68,0
O103260,C01512,2024-06-24,Home & Kitchen,East,2,110.23,0.1,198.41,121.25,0
O106722,C03113,2024-06-24,Beauty,North,1,47.22,0.05,44.86,18.89,0
O104053,C01867,2024-06-24,Beauty,South,2,54.65,0.0,109.3,43.72,0
O103235,C01503,2024-06-24,Electronics,East,2,253.03,0.0,506.06,364.36,0
O109225,C04285,2024-06-24,Fashion,West,2,53.2,0.0,106.4,47.88,0
O111223,C05231,2024-06-24,Electronics,North,2,298.54,0.0,597.08,429.9,1
O108621,C04010,2024-06-24,Books,East,1,26.97,0.1,24.27,13.48,0
O104178,C01931,2024-06-24,Home & Kitchen,East,1,119.55,0.05,113.57,65.75,0
O101427,C00653,2024-06-24,Home & Kitchen,South,1,141.1,0.1,126.99,77.6,0
O110804,C05030,2024-06-24,Electronics,East,1,322.0,0.2,257.6,231.84,1
O110987,C05114,2024-06-24,Home & Kitchen,East,1,105.4,0.0,105.4,57.97,0
O109045,C04209,2024-06-24,Beauty,North,2,18.25,0.0,36.5,14.6,0
O101317,C00604,2024-06-24,Fashion,North,1,103.56,0.0,103.56,46.6,0
O112664,C05878,2024-06-24,Electronics,East,1,549.04,0.0,549.04,395.31,0
O101903,C00887,2024-06-24,Fashion,West,3,139.22,0.0,417.66,187.95,0
O104703,C02175,2024-06-24,Electronics,North,2,557.51,0.0,1115.02,802.81,0
O103539,C01633,2024-06-24,Beauty,South,1,34.42,0.05,32.7,13.77,0
O102998,C01395,2024-06-25,Home & Kitchen,South,1,114.42,0.1,102.98,62.93,0
O108028,C03736,2024-06-25,Beauty,West,2,61.57,0.0,123.14,49.26,0
O111681,C05445,2024-06-25,Fashion,West,1,125.33,0.05,119.06,56.4,0
O102264,C01047,2024-06-25,Sports,North,3,217.7,0.2,522.48,378.8,0
O101811,C00845,2024-06-25,Books,West,1,30.86,0.0,30.86,15.43,0
O108529,C03968,2024-06-25,Home & Kitchen,North,2,60.46,0.0,120.92,66.51,0
O109119,C04240,2024-06-25,Electronics,West,1,442.98,0.1,398.68,318.95,0
O112059,C05610,2024-06-25,Electronics,North,3,291.53,0.15,743.4,629.7,0
O107700,C03595,2024-06-25,Fashion,West,1,34.98,0.0,34.98,15.74,0
O111643,C05426,2024-06-25,Beauty,East,1,54.12,0.0,54.12,21.65,0
O105013,C02315,2024-06-25,Beauty,South,1,47.16,0.05,44.8,18.86,0
O110988,C05115,2024-06-26,Sports,North,1,75.55,0.05,71.77,43.82,0
O103780,C01739,2024-06-26,Fashion,North,1,89.56,0.05,85.08,40.3,0
O109653,C04474,2024-06-26,Home & Kitchen,South,1,27.95,0.0,27.95,15.37,0
O111307,C05273,2024-06-26,Electronics,West,2,432.05,0.0,864.1,622.15,0
O111619,C05416,2024-06-26,Electronics,West,1,484.07,0.0,484.07,348.53,0
O101132,C00523,2024-06-26,Home & Kitchen,North,3,140.62,0.0,421.86,232.02,0
O101550,C00719,2024-06-26,Fashion,West,3,44.86,0.2,107.66,60.56,0
O100408,C00198,2024-06-26,Home & Kitchen,North,2,87.16,0.3,122.02,95.88,0
O100822,C00384,2024-06-26,Home & Kitchen,East,1,101.65,0.0,101.65,55.91,0
O103340,C01545,2024-06-26,Beauty,South,1,53.31,0.3,37.32,21.32,1
O111411,C05320,2024-06-26,Beauty,South,2,47.44,0.05,90.14,37.95,0
O103883,C01788,2024-06-26,Fashion,East,1,43.01,0.0,43.01,19.35,0
O107055,C03275,2024-06-26,Home & Kitchen,North,2,119.08,0.3,166.71,130.99,0
O104678,C02162,2024-06-26,Sports,West,1,210.95,0.1,189.85,122.35,1
O103245,C01506,2024-06-26,Sports,South,1,109.45,0.2,87.56,63.48,1
O111011,C05127,2024-06-26,Books,South,1,8.44,0.0,8.44,4.22,0
O109805,C04553,2024-06-26,Electronics,South,1,521.4,0.0,521.4,375.41,0
O101838,C00857,2024-06-26,Electronics,West,1,427.15,0.0,427.15,307.55,1
O111472,C05351,2024-06-26,Electronics,West,1,590.37,0.05,560.85,425.07,0
O103876,C01786,2024-06-26,Electronics,West,1,158.35,0.1,142.51,114.01,0
O109443,C04379,2024-06-26,Sports,South,1,125.24,0.0,125.24,72.64,0
O103118,C01453,2024-06-26,Beauty,East,2,68.59,0.3,96.03,54.87,0
O107531,C03504,2024-06-26,Beauty,West,3,50.45,0.0,151.35,60.54,1
O106598,C03061,2024-06-27,Home & Kitchen,East,3,172.62,0.0,517.86,284.82,0
O100305,C00148,2024-06-27,Beauty,East,2,17.0,0.0,34.0,13.6,0
O101109,C00510,2024-06-27,Fashion,North,3,66.2,0.15,168.81,89.37,0
O100351,C00172,2024-06-27,Home & Kitchen,East,2,112.07,0.1,201.73,123.28,0
O106646,C03084,2024-06-27,Books,North,1,15.47,0.0,15.47,7.74,0
O108710,C04048,2024-06-27,Electronics,South,2,548.85,0.2,878.16,790.34,0
O111203,C05219,2024-06-27,Fashion,South,2,77.56,0.0,155.12,69.8,0
O108155,C03793,2024-06-27,Electronics,East,1,224.68,0.2,179.74,161.77,0
O112250,C05688,2024-06-27,Fashion,North,1,109.65,0.0,109.65,49.34,0
O107082,C03288,2024-06-27,Fashion,West,2,133.41,0.15,226.8,120.07,0
O101044,C00483,2024-06-27,Fashion,West,2,83.36,0.05,158.38,75.02,0
O108757,C04070,2024-06-27,Fashion,East,1,83.14,0.0,83.14,37.41,0
O103596,C01656,2024-06-27,Home & Kitchen,West,2,27.05,0.05,51.39,29.76,0
O107370,C03431,2024-06-27,Home & Kitchen,South,1,71.15,0.0,71.15,39.13,0
O108104,C03774,2024-06-27,Fashion,West,1,123.72,0.3,86.6,55.67,1
O111557,C05387,2024-06-27,Sports,West,1,180.12,0.0,180.12,104.47,0
O103761,C01730,2024-06-27,Electronics,South,1,370.6,0.3,259.42,266.83,0
O106868,C03184,2024-06-27,Sports,East,2,101.7,0.15,172.89,117.97,0
O101229,C00568,2024-06-27,Home & Kitchen,South,3,35.69,0.0,107.07,58.89,0
O112743,C05918,2024-06-28,Electronics,North,1,599.03,0.1,539.13,431.3,0
O101503,C00696,2024-06-28,Fashion,South,2,67.41,0.1,121.34,60.67,0
O100145,C00074,2024-06-28,Books,East,3,34.59,0.0,103.77,51.89,0
O103931,C01811,2024-06-28,Sports,East,2,92.13,0.15,156.62,106.87,0
O101152,C00533,2024-06-28,Fashion,South,1,96.08,0.0,96.08,43.24,0
O102916,C01359,2024-06-28,Electronics,South,2,300.67,0.1,541.21,432.96,0
O102341,C01085,2024-06-28,Fashion,East,2,97.73,0.0,195.46,87.96,0
O110991,C05117,2024-06-28,Fashion,East,2,32.47,0.0,64.94,29.22,0
O108376,C03894,2024-06-28,Electronics,North,1,459.17,0.0,459.17,330.6,0
O108874,C04127,2024-06-28,Electronics,South,2,271.33,0.05,515.53,390.72,0
O110131,C04706,2024-06-28,Home & Kitchen,East,1,26.23,0.0,26.23,14.43,0
O103081,C01433,2024-06-28,Sports,West,2,111.98,0.05,212.76,129.9,0
O103333,C01542,2024-06-28,Fashion,North,1,33.35,0.0,33.35,15.01,1
O108348,C03879,2024-06-29,Home & Kitchen,East,1,126.57,0.0,126.57,69.61,0
O107280,C03386,2024-06-29,Beauty,West,3,58.43,0.2,140.23,70.12,0
O111533,C05378,2024-06-29,Sports,West,1,152.03,0.0,152.03,88.18,0
O105299,C02443,2024-06-29,Sports,West,2,183.16,0.05,348.0,212.47,0
O111695,C05451,2024-06-29,Fashion,West,2,64.22,0.0,128.44,57.8,0
O100941,C00436,2024-06-29,Sports,East,2,52.36,0.0,104.72,60.74,0
O106658,C03089,2024-06-29,Fashion,South,2,113.43,0.0,226.86,102.09,1
O109702,C04499,2024-06-29,Home & Kitchen,East,1,48.2,0.1,43.38,26.51,1
O112795,C05941,2024-06-29,Home & Kitchen,North,1,123.8,0.0,123.8,68.09,0
O104961,C02293,2024-06-29,Sports,West,1,237.71,0.0,237.71,137.87,0
O103012,C01402,2024-06-29,Electronics,East,2,144.3,0.0,288.6,207.79,0
O111123,C05176,2024-06-29,Beauty,West,1,42.87,0.1,38.58,17.15,0
O100380,C00189,2024-06-29,Sports,North,1,118.79,0.0,118.79,68.9,0
O100579,C00279,2024-06-29,Electronics,South,1,177.07,0.0,177.07,127.49,0
O109607,C04456,2024-06-30,Electronics,East,2,557.14,0.0,1114.28,802.28,0
O107953,C03707,2024-06-30,Beauty,North,1,36.71,0.0,36.71,14.68,0
O104075,C01877,2024-06-30,Fashion,North,1,65.43,0.0,65.43,29.44,0
O107486,C03484,2024-06-30,Sports,East,1,163.54,0.1,147.19,94.85,0
O112061,C05612,2024-06-30,Sports,East,1,235.84,0.0,235.84,136.79,0
O107122,C03306,2024-06-30,Fashion,North,2,26.92,0.1,48.46,24.23,0
O102013,C00933,2024-06-30,Fashion,East,2,120.85,0.05,229.61,108.76,0
O112173,C05655,2024-06-30,Beauty,South,1,42.93,0.0,42.93,17.17,0
O101368,C00626,2024-06-30,Fashion,East,3,116.5,0.0,349.5,157.28,0
O107862,C03671,2024-06-30,Beauty,South,1,49.32,0.0,49.32,19.73,0
O101990,C00925,2024-06-30,Electronics,North,2,520.34,0.0,1040.68,749.29,0
O106672,C03094,2024-06-30,Books,East,2,38.26,0.1,68.87,38.26,0
O108150,C03791,2024-07-01,Home & Kitchen,South,3,85.32,0.0,255.96,140.78,0
O111733,C05465,2024-07-01,Home & Kitchen,East,1,140.6,0.0,140.6,77.33,0
O106712,C03110,2024-07-01,Fashion,East,2,29.39,0.05,55.84,26.45,0
O107644,C03570,2024-07-01,Beauty,West,2,64.0,0.0,128.0,51.2,0
O109353,C04344,2024-07-01,Beauty,North,3,65.04,0.0,195.12,78.05,0
O104730,C02188,2024-07-01,Home & Kitchen,East,1,35.82,0.3,25.07,19.7,0
O110819,C05035,2024-07-01,Home & Kitchen,North,1,120.91,0.2,96.73,66.5,0
O102327,C01078,2024-07-01,Home & Kitchen,East,1,141.05,0.2,112.84,77.58,0
O108341,C03878,2024-07-01,Books,South,1,18.74,0.0,18.74,9.37,0
O106226,C02882,2024-07-01,Sports,North,2,222.52,0.0,445.04,258.12,0
O101782,C00832,2024-07-01,Sports,East,2,159.17,0.0,318.34,184.64,0
O108312,C03863,2024-07-01,Sports,North,1,195.2,0.0,195.2,113.22,0
O110358,C04812,2024-07-01,Fashion,East,1,110.68,0.0,110.68,49.81,0
O100246,C00119,2024-07-01,Home & Kitchen,North,1,129.68,0.0,129.68,71.32,0
O108421,C03919,2024-07-01,Beauty,South,1,25.67,0.1,23.1,10.27,0
O108407,C03909,2024-07-01,Books,West,2,32.51,0.1,58.52,32.51,0
O100793,C00369,2024-07-01,Home & Kitchen,North,1,119.81,0.1,107.83,65.9,0
O110118,C04700,2024-07-01,Fashion,East,1,127.99,0.3,89.59,57.6,1
O103916,C01804,2024-07-02,Sports,South,1,41.53,0.05,39.45,24.09,0
O105664,C02615,2024-07-02,Fashion,East,2,112.04,0.0,224.08,100.84,0
O108896,C04138,2024-07-02,Beauty,North,1,51.73,0.2,41.38,20.69,1
O111109,C05168,2024-07-02,Electronics,West,1,492.05,0.05,467.45,354.28,0
O110663,C04964,2024-07-02,Fashion,East,1,46.67,0.0,46.67,21.0,0
O104219,C01953,2024-07-02,Fashion,North,3,94.86,0.0,284.58,128.06,0
O102980,C01386,2024-07-02,Home & Kitchen,West,2,81.47,0.0,162.94,89.62,0
O106919,C03210,2024-07-02,Fashion,West,2,89.51,0.0,179.02,80.56,0
O106291,C02914,2024-07-02,Electronics,North,2,595.58,0.0,1191.16,857.64,0
O104021,C01852,2024-07-02,Books,East,2,15.04,0.0,30.08,15.04,0
O111954,C05567,2024-07-02,Electronics,West,3,436.23,0.0,1308.69,942.26,0
O109679,C04488,2024-07-02,Fashion,North,3,45.36,0.1,122.47,61.24,0
O110797,C05027,2024-07-02,Fashion,South,2,32.71,0.0,65.42,29.44,0
O104769,C02202,2024-07-02,Home & Kitchen,North,3,157.35,0.15,401.24,259.63,0
O103060,C01425,2024-07-02,Fashion,East,3,24.6,0.0,73.8,33.21,0
O111724,C05462,2024-07-02,Fashion,East,1,83.06,0.15,70.6,37.38,0
O101675,C00778,2024-07-02,Sports,North,1,167.44,0.05,159.07,97.12,0
O111319,C05277,2024-07-02,Electronics,South,1,339.61,0.15,288.67,244.52,0
O108736,C04059,2024-07-02,Electronics,East,2,284.23,0.3,397.92,409.29,0
O103268,C01515,2024-07-02,Fashion,North,2,52.61,0.1,94.7,47.35,0
O107941,C03702,2024-07-02,Beauty,East,1,25.66,0.15,21.81,10.26,0
O111558,C05387,2024-07-02,Books,West,2,15.69,0.3,21.97,15.69,0
O109424,C04373,2024-07-03,Beauty,East,2,41.06,0.0,82.12,32.85,0
O101444,C00661,2024-07-03,Beauty,North,2,46.75,0.0,93.5,37.4,0
O111652,C05432,2024-07-03,Electronics,North,1,322.08,0.2,257.66,231.9,1
O102815,C01307,2024-07-03,Home & Kitchen,East,2,133.59,0.15,227.1,146.95,0
O105187,C02399,2024-07-03,Electronics,East,2,342.11,0.0,684.22,492.64,1
O112715,C05906,2024-07-03,Beauty,North,2,58.25,0.1,104.85,46.6,0
O111919,C05549,2024-07-03,Books,East,2,28.26,0.05,53.69,28.26,0
O110112,C04698,2024-07-03,Home & Kitchen,West,3,111.86,0.0,335.58,184.57,0
O100717,C00339,2024-07-03,Home & Kitchen,South,1,177.66,0.3,124.36,97.71,0
O102389,C01107,2024-07-03,Home & Kitchen,East,1,26.75,0.0,26.75,14.71,0
O102686,C01251,2024-07-03,Fashion,South,1,88.56,0.0,88.56,39.85,0
O103713,C01709,2024-07-03,Electronics,North,2,159.28,0.1,286.7,229.36,0
O109912,C04607,2024-07-03,Fashion,East,1,32.23,0.1,29.01,14.5,0
O107464,C03476,2024-07-03,Fashion,North,2,33.0,0.0,66.0,29.7,0
O106336,C02933,2024-07-03,Sports,South,1,31.1,0.0,31.1,18.04,0
O111543,C05381,2024-07-03,Sports,South,1,192.19,0.05,182.58,111.47,0
O108048,C03745,2024-07-04,Sports,North,1,35.08,0.1,31.57,20.35,0
O104550,C02100,2024-07-04,Home & Kitchen,West,2,150.63,0.0,301.26,165.69,0
O108609,C04007,2024-07-04,Books,West,1,22.07,0.15,18.76,11.04,0
O100730,C00346,2024-07-04,Electronics,East,2,479.89,0.2,767.82,691.04,0
O109691,C04494,2024-07-04,Home & Kitchen,North,1,135.61,0.0,135.61,74.59,0
O110225,C04748,2024-07-04,Books,East,1,29.84,0.05,28.35,14.92,0
O104611,C02129,2024-07-04,Home & Kitchen,West,1,69.38,0.3,48.57,38.16,0
O111955,C05567,2024-07-04,Books,West,3,12.49,0.0,37.47,18.74,0
O107979,C03718,2024-07-04,Home & Kitchen,West,1,165.36,0.0,165.36,90.95,0
O103325,C01537,2024-07-04,Fashion,East,2,63.66,0.0,127.32,57.29,0
O105925,C02741,2024-07-04,Fashion,East,2,68.73,0.05,130.59,61.86,0
O112561,C05832,2024-07-04,Home & Kitchen,East,2,57.21,0.0,114.42,62.93,0
O102540,C01180,2024-07-04,Books,West,3,13.69,0.05,39.02,20.54,0
O107983,C03720,2024-07-04,Books,South,2,26.87,0.2,42.99,26.87,0
O102786,C01297,2024-07-05,Fashion,South,2,50.46,0.05,95.87,45.41,0
O105538,C02553,2024-07-05,Fashion,South,3,115.85,0.2,278.04,156.4,0
O104101,C01892,2024-07-05,Home & Kitchen,South,1,85.29,0.05,81.03,46.91,0
O106595,C03058,2024-07-05,Home & Kitchen,East,3,93.15,0.0,279.45,153.7,0
O103877,C01786,2024-07-05,Sports,West,3,34.21,0.0,102.63,59.53,1
O106762,C03134,2024-07-05,Books,North,1,37.62,0.0,37.62,18.81,0
O111637,C05424,2024-07-05,Fashion,West,2,124.15,0.05,235.88,111.74,0
O107173,C03333,2024-07-05,Home & Kitchen,East,3,137.38,0.1,370.93,226.68,0
O102321,C01076,2024-07-05,Home & Kitchen,South,1,137.35,0.15,116.75,75.54,0
O102776,C01294,2024-07-05,Electronics,East,3,385.18,0.05,1097.76,831.99,0
O101975,C00919,2024-07-05,Books,East,3,17.87,0.2,42.89,26.8,0
O108387,C03898,2024-07-05,Fashion,North,1,109.8,0.0,109.8,49.41,0
O101104,C00508,2024-07-05,Home & Kitchen,West,1,128.28,0.3,89.8,70.55,0
O110458,C04859,2024-07-05,Books,West,3,9.69,0.0,29.07,14.54,0
O103287,C01523,2024-07-05,Electronics,East,1,404.73,0.0,404.73,291.41,0
O108545,C03974,2024-07-05,Fashion,West,1,36.02,0.0,36.02,16.21,1
O112413,C05763,2024-07-05,Books,North,3,8.72,0.0,26.16,13.08,0
O102405,C01115,2024-07-05,Electronics,East,2,259.43,0.05,492.92,373.58,0
O107375,C03433,2024-07-05,Fashion,North,3,104.5,0.0,313.5,141.08,0
O104914,C02269,2024-07-06,Sports,West,3,75.05,0.0,225.15,130.59,0
O103120,C01454,2024-07-06,Beauty,East,1,31.66,0.0,31.66,12.66,0
O101350,C00619,2024-07-06,Books,South,1,34.5,0.0,34.5,17.25,0
O111373,C05303,2024-07-06,Electronics,North,1,365.43,0.0,365.43,263.11,1
O109314,C04324,2024-07-06,Sports,West,2,240.46,0.0,480.92,278.93,0
O100377,C00187,2024-07-06,Fashion,East,1,131.43,0.0,131.43,59.14,0
O105786,C02674,2024-07-06,Home & Kitchen,East,3,166.35,0.05,474.1,274.48,0
O110252,C04764,2024-07-06,Fashion,South,2,117.18,0.0,234.36,105.46,0
O102724,C01270,2024-07-06,Electronics,East,1,521.83,0.05,495.74,375.72,0
O100423,C00206,2024-07-06,Sports,South,2,247.4,0.15,420.58,286.98,0
O104838,C02234,2024-07-06,Home & Kitchen,South,3,33.69,0.0,101.07,55.59,0
O106037,C02792,2024-07-06,Fashion,East,1,45.6,0.0,45.6,20.52,0
O103949,C01819,2024-07-06,Electronics,East,2,147.21,0.0,294.42,211.98,1
O111754,C05474,2024-07-06,Fashion,North,2,79.91,0.1,143.84,71.92,0
O102182,C01013,2024-07-07,Fashion,West,1,136.97,0.1,123.27,61.64,0
O107059,C03278,2024-07-07,Electronics,East,2,224.51,0.05,426.57,323.29,0
O107003,C03253,2024-07-07,Home & Kitchen,South,1,173.19,0.1,155.87,95.25,0
O110005,C04650,2024-07-07,Fashion,East,2,83.66,0.1,150.59,75.29,0
O110863,C05059,2024-07-07,Fashion,East,2,21.83,0.0,43.66,19.65,0
O104782,C02207,2024-07-07,Fashion,North,3,40.32,0.0,120.96,54.43,0
O101353,C00620,2024-07-07,Home & Kitchen,West,2,38.36,0.0,76.72,42.2,0
O105364,C02470,2024-07-07,Fashion,North,2,129.15,0.15,219.56,116.24,0
O111937,C05558,2024-07-07,Sports,East,1,38.91,0.1,35.02,22.57,0
O101339,C00617,2024-07-07,Home & Kitchen,South,1,80.57,0.15,68.48,44.31,0
O100459,C00221,2024-07-07,Home & Kitchen,North,2,53.43,0.0,106.86,58.77,0
O109392,C04358,2024-07-07,Fashion,North,2,28.53,0.0,57.06,25.68,0
O105400,C02487,2024-07-07,Books,West,1,28.53,0.0,28.53,14.26,0
O103373,C01563,2024-07-07,Home & Kitchen,North,3,123.08,0.0,369.24,203.08,0
O101831,C00854,2024-07-07,Home & Kitchen,South,3,125.37,0.0,376.11,206.86,0
O106800,C03152,2024-07-07,Home & Kitchen,East,2,93.28,0.0,186.56,102.61,0
O108530,C03968,2024-07-08,Fashion,North,1,105.37,0.2,84.3,47.42,0
O106901,C03200,2024-07-08,Home & Kitchen,West,1,154.85,0.0,154.85,85.17,0
O107520,C03499,2024-07-08,Beauty,South,1,30.3,0.0,30.3,12.12,0
O111221,C05230,2024-07-08,Home & Kitchen,East,2,62.34,0.0,124.68,68.57,0
O109104,C04235,2024-07-08,Beauty,East,3,48.12,0.1,129.92,57.74,1
O104120,C01904,2024-07-08,Beauty,West,3,61.12,0.15,155.86,73.34,0
O104199,C01942,2024-07-08,Home & Kitchen,North,1,144.51,0.05,137.28,79.48,0
O112138,C05637,2024-07-08,Home & Kitchen,North,1,31.55,0.05,29.97,17.35,0
O109599,C04452,2024-07-08,Sports,South,3,188.13,0.0,564.39,327.35,0
O111276,C05257,2024-07-08,Sports,East,3,236.22,0.2,566.93,411.02,1
O104984,C02301,2024-07-08,Electronics,East,2,152.0,0.0,304.0,218.88,0
O101907,C00890,2024-07-08,Electronics,North,2,483.48,0.1,870.26,696.21,0
O108131,C03783,2024-07-08,Beauty,East,2,57.7,0.0,115.4,46.16,0
O101360,C00623,2024-07-09,Electronics,South,2,181.99,0.0,363.98,262.07,0
O112381,C05746,2024-07-09,Beauty,South,1,11.73,0.0,11.73,4.69,0
O100428,C00209,2024-07-09,Beauty,North,2,62.16,0.0,124.32,49.73,0
O112804,C05945,2024-07-09,Fashion,East,1,75.13,0.0,75.13,33.81,0
O103119,C01453,2024-07-09,Fashion,East,1,21.02,0.0,21.02,9.46,0
O103069,C01429,2024-07-09,Books,North,2,38.23,0.0,76.46,38.23,0
O103856,C01776,2024-07-09,Home & Kitchen,North,1,154.04,0.15,130.93,84.72,0
O107477,C03482,2024-07-09,Books,South,1,14.23,0.0,14.23,7.12,0
O106942,C03222,2024-07-09,Sports,North,1,55.25,0.0,55.25,32.04,0
O107060,C03278,2024-07-09,Beauty,East,1,28.2,0.0,28.2,11.28,0
O109491,C04405,2024-07-09,Electronics,East,1,135.68,0.0,135.68,97.69,0
O108297,C03858,2024-07-09,Home & Kitchen,South,1,69.79,0.1,62.81,38.38,0
O107114,C03302,2024-07-09,Sports,South,3,217.45,0.0,652.35,378.36,0
O101342,C00618,2024-07-09,Books,North,1,32.87,0.15,27.94,16.43,0
O110634,C04949,2024-07-10,Fashion,South,3,80.01,0.0,240.03,108.01,0
O101384,C00635,2024-07-10,Sports,East,1,243.09,0.0,243.09,140.99,0
O109479,C04398,2024-07-10,Fashion,South,3,66.33,0.3,139.29,89.55,0
O105083,C02346,2024-07-10,Fashion,North,1,55.41,0.2,44.33,24.93,1
O105273,C02430,2024-07-10,Beauty,East,1,18.07,0.1,16.26,7.23,0
O111503,C05365,2024-07-10,Electronics,East,1,165.14,0.0,165.14,118.9,0
O106929,C03216,2024-07-10,Fashion,North,1,90.53,0.0,90.53,40.74,0
O109857,C04578,2024-07-10,Books,North,2,38.23,0.0,76.46,38.23,0
O103372,C01562,2024-07-10,Fashion,North,3,122.29,0.0,366.87,165.09,0
O105646,C02608,2024-07-10,Fashion,East,1,53.74,0.0,53.74,24.18,0
O101780,C00831,2024-07-10,Electronics,South,2,467.93,0.0,935.86,673.82,1
O103696,C01701,2024-07-10,Fashion,West,1,66.11,0.05,62.8,29.75,0
O105248,C02421,2024-07-11,Beauty,South,1,64.12,0.2,51.3,25.65,0
O103697,C01701,2024-07-11,Electronics,West,2,497.64,0.05,945.52,716.6,1
O102535,C01179,2024-07-11,Sports,East,1,69.87,0.1,62.88,40.52,0
O110932,C05088,2024-07-11,Beauty,North,1,14.13,0.0,14.13,5.65,0
O109453,C04387,2024-07-11,Home & Kitchen,East,3,25.06,0.15,63.9,41.35,0
O105542,C02554,2024-07-11,Electronics,North,1,272.1,0.0,272.1,195.91,0
O109830,C04563,2024-07-11,Books,North,1,22.38,0.0,22.38,11.19,0
O111074,C05153,2024-07-11,Beauty,East,1,21.47,0.0,21.47,8.59,0
O108105,C03774,2024-07-11,Books,West,1,23.47,0.0,23.47,11.74,0
O107943,C03703,2024-07-11,Fashion,West,2,117.43,0.0,234.86,105.69,0
O104604,C02126,2024-07-11,Fashion,North,3,70.06,0.1,189.16,94.58,0
O107581,C03529,2024-07-11,Fashion,East,1,44.54,0.05,42.31,20.04,0
O110284,C04780,2024-07-11,Beauty,East,3,34.24,0.0,102.72,41.09,0
O109100,C04234,2024-07-12,Fashion,South,2,106.17,0.0,212.34,95.55,0
O107414,C03452,2024-07-12,Home & Kitchen,South,2,58.97,0.1,106.15,64.87,0
O106535,C03032,2024-07-12,Fashion,South,1,63.04,0.15,53.58,28.37,0
O105621,C02594,2024-07-12,Beauty,North,2,51.73,0.2,82.77,41.38,0
O112588,C05846,2024-07-12,Fashion,East,1,27.67,0.0,27.67,12.45,0
O111763,C05477,2024-07-12,Beauty,East,1,45.64,0.05,43.36,18.26,0
O111693,C05450,2024-07-12,Beauty,East,2,31.68,0.15,53.86,25.34,0
O112878,C05978,2024-07-12,Fashion,West,1,137.45,0.1,123.7,61.85,0
O100448,C00218,2024-07-12,Sports,North,1,216.47,0.0,216.47,125.55,0
O107999,C03725,2024-07-12,Books,South,2,35.79,0.1,64.42,35.79,0
O107944,C03703,2024-07-12,Home & Kitchen,West,1,150.11,0.2,120.09,82.56,0
O104406,C02038,2024-07-12,Beauty,North,1,25.81,0.0,25.81,10.32,0
O104399,C02033,2024-07-12,Sports,North,2,194.55,0.0,389.1,225.68,0
O108060,C03754,2024-07-12,Home & Kitchen,West,3,56.64,0.2,135.94,93.46,0
O106834,C03168,2024-07-12,Beauty,South,2,11.3,0.0,22.6,9.04,0
O111234,C05234,2024-07-13,Home & Kitchen,East,1,33.68,0.0,33.68,18.52,0
O109550,C04427,2024-07-13,Beauty,West,1,28.36,0.0,28.36,11.34,0
O103034,C01413,2024-07-13,Electronics,East,1,208.6,0.0,208.6,150.19,0
O106607,C03064,2024-07-13,Home & Kitchen,South,3,150.53,0.1,406.43,248.37,0
O108776,C04076,2024-07-13,Home & Kitchen,South,2,46.1,0.15,78.37,50.71,0
O108660,C04027,2024-07-13,Fashion,East,3,36.86,0.0,110.58,49.76,0
O110271,C04775,2024-07-13,Home & Kitchen,East,1,101.12,0.05,96.06,55.62,0
O107448,C03468,2024-07-13,Electronics,East,1,378.6,0.1,340.74,272.59,0
O104494,C02079,2024-07-13,Sports,South,1,177.18,0.0,177.18,102.76,0
O100441,C00216,2024-07-13,Electronics,East,1,207.28,0.3,145.1,149.24,1
O100227,C00111,2024-07-13,Beauty,South,2,10.4,0.1,18.72,8.32,0
O112568,C05835,2024-07-13,Books,South,2,38.84,0.15,66.03,38.84,0
O112796,C05941,2024-07-13,Sports,North,1,47.95,0.05,45.55,27.81,0
O103288,C01523,2024-07-13,Fashion,East,1,95.97,0.2,76.78,43.19,0
O108279,C03850,2024-07-13,Fashion,West,1,119.44,0.1,107.5,53.75,0
O108935,C04156,2024-07-13,Electronics,East,2,378.72,0.0,757.44,545.36,0
O104716,C02182,2024-07-13,Fashion,South,3,73.63,0.0,220.89,99.4,0
O109593,C04448,2024-07-13,Fashion,South,1,33.86,0.05,32.17,15.24,0
O104129,C01909,2024-07-14,Electronics,East,3,479.52,0.1,1294.7,1035.76,0
O111345,C05289,2024-07-14,Home & Kitchen,South,3,75.05,0.0,225.15,123.83,0
O112174,C05655,2024-07-14,Beauty,South,2,21.1,0.05,40.09,16.88,0
O111565,C05391,2024-07-14,Fashion,East,3,69.67,0.0,209.01,94.05,0
O109436,C04378,2024-07-14,Fashion,West,1,88.95,0.0,88.95,40.03,0
O101107,C00509,2024-07-14,Home & Kitchen,East,2,161.28,0.1,290.3,177.41,0
O106723,C03113,2024-07-14,Electronics,North,1,356.85,0.15,303.32,256.93,0
O104179,C01931,2024-07-14,Books,East,1,10.75,0.05,10.21,5.38,0
O103943,C01818,2024-07-14,Beauty,East,2,44.72,0.0,89.44,35.78,0
O104562,C02104,2024-07-14,Fashion,East,2,62.75,0.1,112.95,56.48,0
O102180,C01011,2024-07-14,Home & Kitchen,North,1,98.24,0.1,88.42,54.03,0
O103134,C01459,2024-07-15,Electronics,North,2,155.89,0.2,249.42,224.48,0
O104525,C02090,2024-07-15,Home & Kitchen,South,1,83.96,0.0,83.96,46.18,0
O101054,C00486,2024-07-15,Home & Kitchen,East,1,87.57,0.1,78.81,48.16,0
O109504,C04409,2024-07-15,Beauty,East,3,54.08,0.1,146.02,64.9,0
O103604,C01660,2024-07-15,Home & Kitchen,North,1,70.29,0.3,49.2,38.66,0
O107288,C03391,2024-07-15,Beauty,North,1,16.95,0.05,16.1,6.78,1
O110359,C04812,2024-07-15,Sports,East,2,136.53,0.0,273.06,158.37,0
O106325,C02929,2024-07-15,Books,West,1,17.86,0.0,17.86,8.93,0
O100602,C00292,2024-07-15,Electronics,East,1,130.99,0.0,130.99,94.31,0
O111744,C05470,2024-07-15,Home & Kitchen,South,1,76.68,0.05,72.85,42.17,0
O104847,C02238,2024-07-15,Home & Kitchen,North,1,95.66,0.1,86.09,52.61,0
O105241,C02418,2024-07-15,Fashion,West,1,62.67,0.0,62.67,28.2,0
O100815,C00380,2024-07-15,Beauty,West,2,44.49,0.3,62.29,35.59,0
O111071,C05151,2024-07-15,Fashion,East,2,139.73,0.0,279.46,125.76,0
O110205,C04741,2024-07-15,Sports,East,2,171.13,0.0,342.26,198.51,0
O103762,C01730,2024-07-15,Sports,South,1,204.53,0.0,204.53,118.63,0
O103182,C01479,2024-07-16,Home & Kitchen,West,2,147.4,0.0,294.8,162.14,0
O111544,C05381,2024-07-16,Sports,South,1,203.08,0.0,203.08,117.79,0
O110421,C04842,2024-07-16,Electronics,North,3,151.26,0.0,453.78,326.72,0
O108458,C03935,2024-07-16,Electronics,East,2,322.4,0.0,644.8,464.26,0
O110318,C04794,2024-07-16,Beauty,South,1,46.77,0.0,46.77,18.71,0
O101963,C00912,2024-07-16,Fashion,South,1,32.14,0.0,32.14,14.46,0
O109721,C04509,2024-07-16,Fashion,East,1,71.12,0.2,56.9,32.0,0
O110573,C04918,2024-07-16,Electronics,North,1,434.8,0.0,434.8,313.06,0
O108799,C04087,2024-07-16,Electronics,East,1,482.25,0.2,385.8,347.22,0
O103233,C01502,2024-07-16,Fashion,South,2,122.17,0.0,244.34,109.95,1
O112513,C05806,2024-07-16,Home & Kitchen,East,3,175.58,0.2,421.39,289.71,0
O107763,C03622,2024-07-16,Fashion,North,2,47.3,0.0,94.6,42.57,1
O108627,C04015,2024-07-16,Beauty,North,1,40.68,0.15,34.58,16.27,0
O112606,C05853,2024-07-16,Sports,North,2,52.39,0.0,104.78,60.77,0
O112855,C05966,2024-07-16,Sports,North,1,109.22,0.0,109.22,63.35,0
O109261,C04301,2024-07-16,Books,South,2,9.28,0.0,18.56,9.28,0
O105415,C02492,2024-07-16,Beauty,East,1,61.37,0.0,61.37,24.55,0
O100080,C00039,2024-07-16,Books,North,1,9.94,0.2,7.95,4.97,0
O112811,C05947,2024-07-16,Fashion,North,2,24.7,0.15,41.99,22.23,0
O107205,C03349,2024-07-17,Beauty,South,1,44.94,0.0,44.94,17.98,0
O107146,C03319,2024-07-17,Fashion,South,1,29.63,0.0,29.63,13.33,0
O112766,C05930,2024-07-17,Sports,South,1,176.13,0.0,176.13,102.16,0
O106167,C02851,2024-07-17,Electronics,West,2,195.91,0.0,391.82,282.11,1
O103630,C01673,2024-07-17,Books,North,1,34.17,0.0,34.17,17.08,0
O110989,C05116,2024-07-17,Sports,West,3,52.4,0.15,133.62,91.18,1
O107980,C03718,2024-07-17,Fashion,West,3,75.05,0.3,157.6,101.32,0
O104320,C02000,2024-07-17,Fashion,East,2,59.0,0.0,118.0,53.1,1
O101908,C00890,2024-07-17,Fashion,North,3,48.9,0.3,102.69,66.02,1
O103352,C01551,2024-07-17,Electronics,North,2,395.1,0.05,750.69,568.94,0
O104059,C01869,2024-07-17,Beauty,South,1,25.1,0.0,25.1,10.04,0
O107478,C03482,2024-07-17,Home & Kitchen,South,2,148.85,0.0,297.7,163.74,0
O105937,C02747,2024-07-17,Home & Kitchen,North,1,60.57,0.2,48.46,33.31,0
O109326,C04329,2024-07-17,Books,North,2,21.99,0.0,43.98,21.99,0
O103690,C01698,2024-07-17,Home & Kitchen,South,1,158.95,0.0,158.95,87.42,0
O109496,C04407,2024-07-17,Home & Kitchen,West,1,148.29,0.0,148.29,81.56,0
O109134,C04246,2024-07-17,Beauty,West,1,48.7,0.0,48.7,19.48,0
O112867,C05972,2024-07-17,Fashion,South,3,63.26,0.0,189.78,85.4,0
O104573,C02109,2024-07-18,Sports,East,2,150.94,0.0,301.88,175.09,0
O108877,C04128,2024-07-18,Fashion,South,3,73.87,0.0,221.61,99.72,0
O111188,C05212,2024-07-18,Home & Kitchen,West,2,91.11,0.0,182.22,100.22,0
O108966,C04172,2024-07-18,Fashion,East,2,85.81,0.1,154.46,77.23,0
O100102,C00052,2024-07-18,Electronics,North,1,517.13,0.0,517.13,372.33,0
O105926,C02741,2024-07-18,Fashion,East,1,91.08,0.0,91.08,40.99,0
O106922,C03212,2024-07-18,Fashion,East,1,133.12,0.0,133.12,59.9,0
O102777,C01294,2024-07-18,Fashion,East,1,75.7,0.1,68.13,34.07,0
O103917,C01804,2024-07-18,Sports,South,2,234.94,0.0,469.88,272.53,0
O105051,C02333,2024-07-18,Home & Kitchen,North,3,40.55,0.0,121.65,66.91,0
O100442,C00216,2024-07-18,Books,East,1,23.4,0.0,23.4,11.7,0
O102840,C01322,2024-07-18,Fashion,East,3,35.28,0.0,105.84,47.63,0
O112187,C05661,2024-07-18,Sports,North,1,115.58,0.1,104.02,67.04,0
O106434,C02979,2024-07-18,Fashion,North,1,44.77,0.1,40.29,20.15,1
O105539,C02553,2024-07-19,Sports,South,1,154.43,0.0,154.43,89.57,0
O111100,C05163,2024-07-19,Sports,North,2,218.24,0.0,436.48,253.16,0
O107577,C03528,2024-07-19,Beauty,North,2,22.88,0.0,45.76,18.3,0
O110546,C04905,2024-07-19,Electronics,West,1,255.6,0.0,255.6,184.03,0
O105529,C02550,2024-07-19,Home & Kitchen,South,2,176.07,0.0,352.14,193.68,0
O109913,C04607,2024-07-19,Beauty,East,2,39.16,0.05,74.4,31.33,0
O109122,C04242,2024-07-19,Beauty,South,1,47.52,0.05,45.14,19.01,0
O110893,C05069,2024-07-19,Electronics,North,3,457.7,0.0,1373.1,988.63,1
O100432,C00211,2024-07-19,Books,South,2,16.42,0.1,29.56,16.42,0
O111620,C05416,2024-07-19,Beauty,West,2,66.47,0.2,106.35,53.18,0
O100718,C00339,2024-07-19,Home & Kitchen,South,2,142.04,0.1,255.67,156.24,0
O106145,C02839,2024-07-19,Electronics,South,2,219.46,0.15,373.08,316.02,0
O101748,C00814,2024-07-19,Books,North,3,17.71,0.15,45.16,26.56,0
O108865,C04124,2024-07-19,Electronics,West,3,243.63,0.0,730.89,526.24,0
O100509,C00246,2024-07-19,Home & Kitchen,East,2,51.1,0.0,102.2,56.21,1
O110664,C04964,2024-07-19,Beauty,East,1,11.36,0.0,11.36,4.54,0
O112689,C05890,2024-07-19,Beauty,North,1,51.34,0.0,51.34,20.54,0
O102044,C00950,2024-07-19,Fashion,South,2,68.62,0.05,130.38,61.76,0
O109000,C04187,2024-07-19,Beauty,North,2,22.71,0.0,45.42,18.17,0
O109966,C04632,2024-07-20,Sports,East,1,94.74,0.05,90.0,54.95,0
O106256,C02895,2024-07-20,Fashion,North,1,85.02,0.3,59.51,38.26,0
O105851,C02706,2024-07-20,Home & Kitchen,South,2,59.32,0.0,118.64,65.25,0
O105622,C02594,2024-07-20,Electronics,North,1,456.03,0.0,456.03,328.34,1
O107639,C03566,2024-07-20,Fashion,East,1,86.05,0.0,86.05,38.72,0
O106543,C03034,2024-07-20,Fashion,North,3,36.72,0.05,104.65,49.57,0
O105468,C02519,2024-07-20,Fashion,North,1,21.03,0.0,21.03,9.46,0
O111569,C05392,2024-07-20,Electronics,South,2,138.24,0.0,276.48,199.07,0
O110158,C04715,2024-07-20,Beauty,North,2,38.0,0.05,72.2,30.4,0
O100884,C00413,2024-07-20,Home & Kitchen,East,1,107.39,0.05,102.02,59.06,0
O112150,C05642,2024-07-20,Beauty,West,1,35.65,0.05,33.87,14.26,0
O102221,C01028,2024-07-20,Fashion,East,1,92.87,0.0,92.87,41.79,1
O111745,C05470,2024-07-20,Sports,South,1,85.61,0.0,85.61,49.65,0
O104575,C02110,2024-07-20,Books,West,3,23.06,0.0,69.18,34.59,0
O105746,C02658,2024-07-20,Sports,East,1,175.56,0.0,175.56,101.82,0
O106644,C03083,2024-07-21,Beauty,East,2,48.72,0.0,97.44,38.98,0
O108672,C04033,2024-07-21,Home & Kitchen,North,1,119.44,0.1,107.5,65.69,0
O106767,C03136,2024-07-21,Sports,North,1,203.11,0.1,182.8,117.8,0
O107550,C03515,2024-07-21,Books,North,1,39.85,0.1,35.87,19.92,0
O105514,C02541,2024-07-21,Beauty,West,1,69.57,0.05,66.09,27.83,0
O100687,C00327,2024-07-21,Electronics,South,3,471.9,0.05,1344.91,1019.3,0
O107371,C03431,2024-07-21,Home & Kitchen,South,1,167.19,0.0,167.19,91.95,0
O103028,C01410,2024-07-21,Fashion,North,1,37.32,0.0,37.32,16.79,0
O106208,C02871,2024-07-21,Fashion,East,3,43.87,0.0,131.61,59.22,0
O109094,C04230,2024-07-21,Fashion,West,2,74.55,0.0,149.1,67.1,0
O102418,C01123,2024-07-21,Beauty,West,2,17.74,0.2,28.38,14.19,0
O112125,C05634,2024-07-21,Fashion,East,2,136.78,0.0,273.56,123.1,0
O112661,C05876,2024-07-21,Electronics,South,1,392.44,0.1,353.2,282.56,0
O100581,C00281,2024-07-21,Home & Kitchen,East,2,73.79,0.3,103.31,81.17,1
O100685,C00326,2024-07-21,Fashion,West,2,125.04,0.3,175.06,112.54,0
O103513,C01621,2024-07-22,Home & Kitchen,North,3,92.94,0.2,223.06,153.35,0
O103683,C01695,2024-07-22,Beauty,South,3,52.96,0.0,158.88,63.55,0
O102218,C01026,2024-07-22,Fashion,West,2,27.28,0.0,54.56,24.55,0
O101601,C00744,2024-07-22,Fashion,East,2,82.47,0.2,131.95,74.22,0
O101658,C00769,2024-07-22,Fashion,East,2,117.57,0.0,235.14,105.81,0
O105005,C02311,2024-07-22,Home & Kitchen,South,1,113.21,0.3,79.25,62.27,0
O112607,C05853,2024-07-22,Home & Kitchen,North,2,91.8,0.0,183.6,100.98,0
O107708,C03599,2024-07-22,Beauty,North,3,59.71,0.05,170.17,71.65,0
O103895,C01794,2024-07-22,Sports,West,3,245.05,0.1,661.64,426.39,0
O102648,C01230,2024-07-22,Home & Kitchen,North,1,118.28,0.2,94.62,65.05,0
O110187,C04734,2024-07-22,Sports,North,1,185.5,0.0,185.5,107.59,0
O106560,C03042,2024-07-22,Books,North,2,37.96,0.1,68.33,37.96,0
O106597,C03060,2024-07-22,Fashion,West,2,25.04,0.05,47.58,22.54,0
O111465,C05345,2024-07-22,Beauty,West,1,63.87,0.0,63.87,25.55,0
O101041,C00481,2024-07-22,Sports,South,2,124.36,0.0,248.72,144.26,0
O109469,C04394,2024-07-22,Fashion,East,1,45.2,0.0,45.2,20.34,1
O109967,C04633,2024-07-22,Fashion,West,1,33.7,0.05,32.02,15.16,0
O106656,C03087,2024-07-22,Home & Kitchen,South,3,51.77,0.0,155.31,85.42,0
O110975,C05110,2024-07-23,Sports,East,2,178.85,0.0,357.7,207.47,0
O104086,C01882,2024-07-23,Sports,East,1,104.76,0.0,104.76,60.76,0
O100746,C00352,2024-07-23,Fashion,North,1,118.71,0.05,112.77,53.42,0
O107515,C03497,2024-07-23,Beauty,South,2,44.18,0.0,88.36,35.34,0
O109364,C04347,2024-07-23,Books,South,1,9.26,0.0,9.26,4.63,0
O103341,C01545,2024-07-23,Sports,South,2,226.14,0.0,452.28,262.32,0
O102703,C01261,2024-07-23,Electronics,West,1,284.11,0.0,284.11,204.56,0
O112217,C05676,2024-07-23,Electronics,East,3,419.64,0.0,1258.92,906.42,0
O103326,C01537,2024-07-23,Home & Kitchen,East,2,175.5,0.1,315.9,193.05,0
O108160,C03796,2024-07-23,Fashion,East,1,133.06,0.0,133.06,59.88,0
O104418,C02045,2024-07-23,Home & Kitchen,North,3,71.08,0.0,213.24,117.28,0
O102271,C01050,2024-07-23,Home & Kitchen,East,2,28.31,0.0,56.62,31.14,0
O106025,C02787,2024-07-23,Books,West,1,39.62,0.0,39.62,19.81,0
O104306,C01993,2024-07-23,Home & Kitchen,East,1,53.13,0.2,42.5,29.22,1
O105401,C02487,2024-07-24,Beauty,West,2,46.02,0.15,78.23,36.82,0
O111263,C05251,2024-07-24,Sports,South,1,72.61,0.1,65.35,42.11,0
O109174,C04263,2024-07-24,Home & Kitchen,East,1,119.28,0.0,119.28,65.6,0
O106378,C02955,2024-07-24,Home & Kitchen,South,2,131.47,0.05,249.79,144.62,0
O110524,C04893,2024-07-24,Home & Kitchen,North,1,77.12,0.15,65.55,42.42,0
O105378,C02475,2024-07-24,Electronics,East,1,503.24,0.0,503.24,362.33,0
O109136,C04247,2024-07-24,Electronics,West,1,364.53,0.05,346.3,262.46,0
O110550,C04907,2024-07-24,Fashion,East,2,99.19,0.0,198.38,89.27,0
O112415,C05764,2024-07-24,Sports,East,1,119.28,0.1,107.35,69.18,0
O101676,C00779,2024-07-24,Fashion,East,2,84.16,0.0,168.32,75.74,0
O107283,C03389,2024-07-24,Electronics,West,1,392.08,0.1,352.87,282.3,0
O101153,C00534,2024-07-24,Beauty,North,2,30.34,0.1,54.61,24.27,0
O103691,C01698,2024-07-24,Sports,South,1,170.8,0.0,170.8,99.06,0
O107969,C03714,2024-07-24,Fashion,East,2,30.69,0.0,61.38,27.62,0
O109333,C04332,2024-07-24,Sports,West,3,62.94,0.3,132.17,109.52,0
O112114,C05630,2024-07-24,Fashion,West,1,85.09,0.0,85.09,38.29,0
O112303,C05711,2024-07-24,Home & Kitchen,East,3,162.0,0.05,461.7,267.3,0
O112765,C05929,2024-07-24,Books,South,1,12.68,0.2,10.14,6.34,0
O101266,C00580,2024-07-24,Fashion,North,1,96.25,0.2,77.0,43.31,0
O100532,C00256,2024-07-24,Fashion,West,1,45.36,0.2,36.29,20.41,0
O105708,C02641,2024-07-25,Books,South,1,13.59,0.0,13.59,6.8,0
O103556,C01640,2024-07-25,Sports,North,2,145.57,0.0,291.14,168.86,0
O108676,C04034,2024-07-25,Electronics,North,2,177.34,0.15,301.48,255.37,1
O103950,C01819,2024-07-25,Home & Kitchen,East,1,45.7,0.0,45.7,25.14,0
O101168,C00540,2024-07-25,Sports,South,3,196.93,0.0,590.79,342.66,0
O108913,C04145,2024-07-25,Home & Kitchen,West,1,68.38,0.0,68.38,37.61,1
O108646,C04024,2024-07-25,Fashion,South,1,78.17,0.0,78.17,35.18,0
O111409,C05318,2024-07-25,Beauty,West,2,24.62,0.05,46.78,19.7,0
O102615,C01216,2024-07-25,Beauty,North,2,33.76,0.0,67.52,27.01,0
O110796,C05026,2024-07-25,Electronics,South,2,330.18,0.0,660.36,475.46,0
O104846,C02237,2024-07-25,Fashion,North,1,132.42,0.1,119.18,59.59,0
O104696,C02171,2024-07-25,Home & Kitchen,East,3,169.17,0.2,406.01,279.13,0
O102558,C01192,2024-07-25,Beauty,East,1,18.5,0.0,18.5,7.4,0
O110432,C04844,2024-07-25,Beauty,East,2,16.58,0.0,33.16,13.26,0
O103209,C01491,2024-07-25,Beauty,East,2,41.37,0.05,78.6,33.1,0
O108943,C04160,2024-07-25,Home & Kitchen,North,1,109.44,0.0,109.44,60.19,0
O100854,C00399,2024-07-25,Sports,East,1,91.04,0.1,81.94,52.8,0
O108906,C04143,2024-07-26,Electronics,East,1,378.34,0.1,340.51,272.4,1
O100618,C00299,2024-07-26,Fashion,South,1,69.43,0.1,62.49,31.24,0
O105130,C02369,2024-07-26,Electronics,West,1,198.29,0.0,198.29,142.77,0
O104921,C02273,2024-07-26,Fashion,West,3,87.86,0.3,184.51,118.61,0
O110188,C04734,2024-07-26,Sports,North,3,99.71,0.0,299.13,173.5,0
O103371,C01561,2024-07-26,Fashion,West,2,109.23,0.15,185.69,98.31,1
O102966,C01382,2024-07-26,Electronics,South,2,232.95,0.0,465.9,335.45,0
O107383,C03437,2024-07-26,Home & Kitchen,East,1,44.35,0.0,44.35,24.39,0
O112831,C05957,2024-07-26,Electronics,East,1,210.32,0.0,210.32,151.43,0
O101361,C00623,2024-07-26,Beauty,South,2,60.99,0.0,121.98,48.79,0
O109760,C04531,2024-07-26,Beauty,North,2,58.47,0.0,116.94,46.78,0
O109667,C04482,2024-07-26,Beauty,West,1,52.26,0.0,52.26,20.9,0
O112897,C05985,2024-07-26,Home & Kitchen,East,3,128.0,0.0,384.0,211.2,0
O105582,C02577,2024-07-26,Electronics,West,1,235.5,0.05,223.72,169.56,1
O104577,C02111,2024-07-26,Fashion,North,1,22.21,0.0,22.21,9.99,0
O108631,C04017,2024-07-26,Fashion,South,1,91.78,0.0,91.78,41.3,0
O112151,C05642,2024-07-26,Home & Kitchen,West,1,84.42,0.0,84.42,46.43,0
O110173,C04725,2024-07-26,Sports,West,2,107.68,0.0,215.36,124.91,0
O111279,C05258,2024-07-26,Beauty,North,3,16.58,0.15,42.28,19.9,0
O106079,C02812,2024-07-26,Electronics,North,1,569.57,0.0,569.57,410.09,0
O105595,C02583,2024-07-27,Sports,South,1,197.75,0.0,197.75,114.7,0
O100309,C00152,2024-07-27,Sports,East,1,155.29,0.0,155.29,90.07,0
O111512,C05370,2024-07-27,Books,North,2,35.65,0.05,67.73,35.65,0
O103438,C01590,2024-07-27,Fashion,West,2,69.55,0.0,139.1,62.6,0
O108603,C04003,2024-07-27,Books,East,1,31.81,0.0,31.81,15.9,1
O110960,C05100,2024-07-27,Fashion,West,1,80.76,0.0,80.76,36.34,0
O109492,C04405,2024-07-27,Books,East,2,16.9,0.15,28.73,16.9,0
O109600,C04452,2024-07-27,Fashion,South,1,95.37,0.1,85.83,42.92,0
O112396,C05754,2024-07-27,Home & Kitchen,West,1,78.61,0.0,78.61,43.24,0
O103476,C01607,2024-07-27,Home & Kitchen,West,2,27.67,0.15,47.04,30.44,0
O112575,C05839,2024-07-27,Beauty,North,1,25.44,0.15,21.62,10.18,0
O108628,C04015,2024-07-27,Sports,North,2,107.88,0.05,204.97,125.14,0
O102872,C01338,2024-07-27,Beauty,North,3,53.73,0.0,161.19,64.48,0
O108349,C03879,2024-07-27,Fashion,East,1,49.27,0.15,41.88,22.17,1
O101173,C00542,2024-07-27,Fashion,East,1,89.83,0.3,62.88,40.42,0
O104147,C01917,2024-07-27,Sports,East,1,47.28,0.0,47.28,27.42,0
O108673,C04033,2024-07-27,Beauty,North,1,25.9,0.1,23.31,10.36,0
O102967,C01382,2024-07-27,Fashion,South,1,97.86,0.0,97.86,44.04,0
O101094,C00505,2024-07-27,Home & Kitchen,East,1,112.24,0.0,112.24,61.73,0
O112920,C06000,2024-07-28,Home & Kitchen,East,1,55.72,0.05,52.93,30.65,0
O103969,C01827,2024-07-28,Sports,North,2,192.17,0.0,384.34,222.92,1
O100294,C00143,2024-07-28,Beauty,West,2,15.56,0.2,24.9,12.45,0
O111913,C05545,2024-07-28,Fashion,South,1,22.09,0.05,20.99,9.94,0
O107932,C03699,2024-07-28,Books,East,3,28.1,0.2,67.44,42.15,0
O104564,C02106,2024-07-28,Home & Kitchen,South,2,89.24,0.05,169.56,98.16,0
O112087,C05621,2024-07-28,Home & Kitchen,West,3,32.61,0.05,92.94,53.81,0
O112062,C05612,2024-07-28,Electronics,East,3,183.68,0.3,385.73,396.75,0
O111905,C05543,2024-07-28,Electronics,South,2,554.46,0.0,1108.92,798.42,0
O112797,C05941,2024-07-28,Beauty,North,3,49.05,0.0,147.15,58.86,0
O107693,C03592,2024-07-28,Electronics,East,2,334.04,0.1,601.27,481.02,1
O101944,C00903,2024-07-28,Fashion,East,3,80.9,0.15,206.3,109.22,0
O105184,C02398,2024-07-28,Sports,South,1,171.88,0.0,171.88,99.69,0
O103213,C01493,2024-07-28,Electronics,West,1,286.88,0.0,286.88,206.55,0
O102595,C01209,2024-07-28,Books,South,1,21.42,0.2,17.14,10.71,0
O100542,C00262,2024-07-28,Electronics,East,1,368.44,0.0,368.44,265.28,0
O106687,C03100,2024-07-28,Home & Kitchen,North,1,69.41,0.1,62.47,38.18,1
O109934,C04617,2024-07-29,Beauty,South,3,64.64,0.15,164.83,77.57,0
O110114,C04699,2024-07-29,Beauty,North,2,65.4,0.2,104.64,52.32,0
O109811,C04556,2024-07-29,Books,West,1,11.7,0.0,11.7,5.85,0
O109237,C04291,2024-07-29,Home & Kitchen,South,1,37.42,0.15,31.81,20.58,0
O100731,C00346,2024-07-29,Sports,East,3,54.19,0.1,146.31,94.29,0
O100747,C00353,2024-07-29,Home & Kitchen,North,1,168.77,0.3,118.14,92.82,0
O107116,C03304,2024-07-29,Electronics,North,2,436.37,0.0,872.74,628.37,0
O106071,C02807,2024-07-29,Fashion,East,1,134.85,0.1,121.36,60.68,0
O100900,C00419,2024-07-29,Home & Kitchen,North,1,144.13,0.0,144.13,79.27,0
O109858,C04579,2024-07-29,Beauty,North,1,25.76,0.0,25.76,10.3,0
O110004,C04649,2024-07-29,Electronics,South,3,329.4,0.0,988.2,711.5,0
O105016,C02316,2024-07-29,Sports,South,2,230.84,0.15,392.43,267.77,0
O101175,C00543,2024-07-29,Home & Kitchen,West,3,103.14,0.0,309.42,170.18,0
O110093,C04688,2024-07-29,Sports,East,2,152.23,0.0,304.46,176.59,0
O112289,C05703,2024-07-29,Home & Kitchen,North,2,149.45,0.1,269.01,164.4,0
O109296,C04316,2024-07-29,Sports,North,2,207.26,0.0,414.52,240.42,0
O103414,C01581,2024-07-30,Fashion,East,1,94.74,0.1,85.27,42.63,0
O109859,C04580,2024-07-30,Fashion,South,1,29.32,0.0,29.32,13.19,0
O106688,C03100,2024-07-30,Electronics,North,1,426.91,0.0,426.91,307.38,0
O102421,C01124,2024-07-30,Fashion,South,2,95.1,0.0,190.2,85.59,0
O104411,C02041,2024-07-30,Beauty,North,3,68.11,0.0,204.33,81.73,0
O108849,C04115,2024-07-30,Sports,West,2,138.41,0.15,235.3,160.56,0
O107124,C03307,2024-07-30,Home & Kitchen,East,1,124.57,0.0,124.57,68.51,0
O112008,C05591,2024-07-30,Books,East,2,34.57,0.0,69.14,34.57,0
O102819,C01308,2024-07-30,Sports,South,2,124.45,0.0,248.9,144.36,0
O106000,C02776,2024-07-30,Home & Kitchen,North,2,156.93,0.05,298.17,172.62,0
O107984,C03720,2024-07-31,Home & Kitchen,South,2,121.62,0.1,218.92,133.78,0
O111609,C05411,2024-07-31,Fashion,East,1,124.13,0.05,117.92,55.86,0
O104884,C02255,2024-07-31,Books,East,1,36.87,0.05,35.03,18.43,0
O112255,C05690,2024-07-31,Electronics,West,2,223.61,0.1,402.5,322.0,0
O101392,C00638,2024-07-31,Books,North,1,13.94,0.0,13.94,6.97,0
O109238,C04291,2024-07-31,Home & Kitchen,South,1,34.3,0.0,34.3,18.86,0
O107248,C03372,2024-07-31,Electronics,North,3,562.86,0.0,1688.58,1215.78,0
O106673,C03094,2024-07-31,Electronics,East,1,190.77,0.0,190.77,137.35,0
O110761,C05010,2024-07-31,Books,East,1,14.29,0.0,14.29,7.14,0
O100295,C00143,2024-07-31,Sports,West,2,193.61,0.0,387.22,224.59,0
O107344,C03420,2024-07-31,Home & Kitchen,East,3,132.71,0.05,378.22,218.97,0
O112787,C05936,2024-07-31,Fashion,West,1,22.61,0.3,15.83,10.17,0
O100639,C00307,2024-08-01,Fashion,North,1,24.14,0.1,21.73,10.86,0
O108914,C04146,2024-08-01,Books,East,1,30.85,0.05,29.31,15.42,0
O112060,C05611,2024-08-01,Electronics,North,2,194.75,0.1,350.55,280.44,0
O106551,C03039,2024-08-01,Beauty,North,1,16.59,0.0,16.59,6.64,0
O108588,C03994,2024-08-01,Electronics,East,1,500.74,0.0,500.74,360.53,0
O102091,C00971,2024-08-01,Fashion,West,3,68.47,0.0,205.41,92.43,0
O100497,C00241,2024-08-01,Fashion,West,1,30.77,0.0,30.77,13.85,0
O107973,C03716,2024-08-01,Electronics,West,2,326.64,0.0,653.28,470.36,0
O104740,C02193,2024-08-01,Books,North,2,17.04,0.15,28.97,17.04,0
O100557,C00271,2024-08-01,Books,West,3,9.15,0.1,24.71,13.73,0
O108944,C04160,2024-08-01,Electronics,North,1,433.54,0.1,390.19,312.15,0
O110440,C04848,2024-08-01,Beauty,South,2,33.42,0.0,66.84,26.74,0
O112848,C05964,2024-08-01,Fashion,East,2,109.76,0.0,219.52,98.78,0
O101177,C00544,2024-08-01,Home & Kitchen,North,1,80.72,0.15,68.61,44.4,1
O101833,C00855,2024-08-01,Beauty,East,3,51.95,0.15,132.47,62.34,0
O104806,C02219,2024-08-01,Home & Kitchen,South,3,27.91,0.0,83.73,46.05,0
O108522,C03965,2024-08-01,Books,North,1,16.0,0.1,14.4,8.0,0
O109431,C04375,2024-08-01,Electronics,East,1,260.38,0.0,260.38,187.47,0
O104371,C02021,2024-08-01,Fashion,West,3,60.38,0.0,181.14,81.51,1
O104319,C01999,2024-08-01,Fashion,South,3,79.93,0.05,227.8,107.91,0
O106163,C02849,2024-08-01,Beauty,North,1,42.38,0.3,29.67,16.95,0
O110265,C04771,2024-08-01,Fashion,North,1,80.43,0.0,80.43,36.19,0
O104827,C02229,2024-08-02,Fashion,North,1,93.66,0.1,84.29,42.15,0
O105913,C02738,2024-08-02,Electronics,East,1,364.99,0.0,364.99,262.79,0
O105354,C02467,2024-08-02,Beauty,East,1,21.19,0.0,21.19,8.48,0
O105128,C02368,2024-08-02,Home & Kitchen,East,2,108.4,0.0,216.8,119.24,0
O107158,C03327,2024-08-02,Sports,West,1,157.91,0.0,157.91,91.59,0
O109880,C04590,2024-08-02,Home & Kitchen,South,1,171.15,0.0,171.15,94.13,1
O107367,C03430,2024-08-02,Fashion,North,2,50.86,0.0,101.72,45.77,0
O111640,C05425,2024-08-02,Books,South,1,27.53,0.1,24.78,13.76,0
O108041,C03742,2024-08-02,Books,South,1,39.74,0.0,39.74,19.87,0
O100953,C00442,2024-08-02,Sports,North,1,119.04,0.0,119.04,69.04,0
O110221,C04746,2024-08-02,Fashion,East,1,118.52,0.0,118.52,53.33,0
O100662,C00314,2024-08-02,Electronics,East,3,419.65,0.1,1133.05,906.44,0
O103174,C01476,2024-08-02,Beauty,East,2,54.74,0.15,93.06,43.79,0
O100558,C00271,2024-08-02,Beauty,West,2,30.55,0.0,61.1,24.44,0
O109400,C04361,2024-08-03,Sports,South,2,129.08,0.0,258.16,149.73,0
O106466,C02997,2024-08-03,Sports,East,2,225.31,0.0,450.62,261.36,0
O107079,C03287,2024-08-03,Home & Kitchen,East,3,40.48,0.0,121.44,66.79,0
O111338,C05287,2024-08-03,Electronics,South,1,169.86,0.1,152.87,122.3,0
O103571,C01646,2024-08-03,Fashion,West,2,116.96,0.1,210.53,105.26,0
O103692,C01698,2024-08-03,Beauty,South,2,45.63,0.1,82.13,36.5,0
O105455,C02511,2024-08-03,Beauty,North,1,50.57,0.0,50.57,20.23,0
O107240,C03368,2024-08-03,Fashion,North,1,94.03,0.0,94.03,42.31,0
O110894,C05069,2024-08-03,Beauty,North,1,68.12,0.0,68.12,27.25,0
O103013,C01403,2024-08-03,Home & Kitchen,North,1,174.79,0.0,174.79,96.13,0
O105243,C02419,2024-08-03,Fashion,North,1,93.45,0.05,88.78,42.05,0
O103959,C01823,2024-08-03,Home & Kitchen,East,1,179.58,0.0,179.58,98.77,0
O101246,C00573,2024-08-03,Home & Kitchen,South,1,90.96,0.0,90.96,50.03,1
O101727,C00802,2024-08-03,Fashion,North,1,56.49,0.0,56.49,25.42,0
O105300,C02443,2024-08-03,Electronics,West,2,280.35,0.05,532.66,403.7,0
O100973,C00450,2024-08-03,Home & Kitchen,West,1,141.88,0.0,141.88,78.03,0
O102832,C01316,2024-08-03,Home & Kitchen,East,1,143.82,0.0,143.82,79.1,0
O112251,C05688,2024-08-03,Sports,North,3,109.38,0.0,328.14,190.32,0
O107461,C03475,2024-08-03,Fashion,North,3,67.53,0.0,202.59,91.17,0
O106520,C03024,2024-08-04,Beauty,West,1,62.26,0.0,62.26,24.9,0
O107384,C03437,2024-08-04,Fashion,East,2,29.34,0.0,58.68,26.41,0
O108356,C03882,2024-08-04,Fashion,East,3,30.41,0.0,91.23,41.05,0
O105113,C02360,2024-08-04,Beauty,West,1,23.88,0.05,22.69,9.55,0
O110146,C04711,2024-08-04,Beauty,South,1,48.6,0.0,48.6,19.44,0
O112597,C05850,2024-08-04,Fashion,West,2,36.22,0.0,72.44,32.6,0
O100721,C00342,2024-08-04,Fashion,West,1,102.23,0.0,102.23,46.0,1
O108216,C03821,2024-08-04,Fashion,East,3,117.8,0.05,335.73,159.03,1
O109470,C04394,2024-08-04,Home & Kitchen,East,2,91.3,0.3,127.82,100.43,1
O110850,C05049,2024-08-04,Books,East,1,34.37,0.0,34.37,17.18,0
O109137,C04247,2024-08-04,Sports,West,1,43.68,0.0,43.68,25.33,0
O104608,C02127,2024-08-04,Home & Kitchen,South,2,47.98,0.0,95.96,52.78,0
O102001,C00928,2024-08-04,Beauty,West,3,34.69,0.0,104.07,41.63,0
O104135,C01911,2024-08-04,Sports,North,1,223.55,0.1,201.2,129.66,0
O109888,C04593,2024-08-04,Beauty,West,2,61.14,0.15,103.94,48.91,0
O100690,C00329,2024-08-04,Sports,East,2,178.04,0.0,356.08,206.53,0
O108789,C04082,2024-08-04,Fashion,West,3,101.6,0.0,304.8,137.16,1
O108566,C03982,2024-08-05,Electronics,West,1,241.99,0.0,241.99,174.23,1
O103952,C01820,2024-08-05,Electronics,East,2,294.75,0.0,589.5,424.44,0
O107250,C03373,2024-08-05,Fashion,West,2,101.98,0.0,203.96,91.78,0
O111348,C05290,2024-08-05,Sports,North,1,38.27,0.15,32.53,22.2,0
O102596,C01209,2024-08-05,Beauty,South,3,57.02,0.0,171.06,68.42,0
O102246,C01038,2024-08-05,Fashion,West,3,65.23,0.05,185.91,88.06,0
O102205,C01020,2024-08-05,Home & Kitchen,East,3,39.22,0.0,117.66,64.71,0
O108761,C04071,2024-08-05,Fashion,East,1,120.31,0.0,120.31,54.14,0
O100899,C00418,2024-08-05,Beauty,East,2,25.43,0.0,50.86,20.34,0
O106685,C03099,2024-08-05,Home & Kitchen,East,2,174.34,0.05,331.25,191.77,0
O104752,C02197,2024-08-05,Books,South,1,13.55,0.0,13.55,6.78,0
O108574,C03987,2024-08-05,Electronics,East,1,157.66,0.0,157.66,113.52,0
O100544,C00263,2024-08-05,Home & Kitchen,North,1,96.75,0.1,87.08,53.21,0
O103190,C01483,2024-08-05,Beauty,East,2,64.82,0.0,129.64,51.86,1
O111728,C05464,2024-08-05,Beauty,West,1,59.49,0.05,56.52,23.8,0
O111999,C05587,2024-08-05,Beauty,North,2,64.49,0.0,128.98,51.59,0
O107923,C03697,2024-08-05,Home & Kitchen,South,1,31.22,0.0,31.22,17.17,0
O105469,C02519,2024-08-05,Fashion,North,3,91.86,0.0,275.58,124.01,0
O104342,C02008,2024-08-05,Books,East,2,30.82,0.1,55.48,30.82,0
O111899,C05541,2024-08-05,Fashion,North,3,36.22,0.15,92.36,48.9,0
O109806,C04553,2024-08-05,Books,South,2,13.3,0.1,23.94,13.3,0
O105832,C02697,2024-08-05,Home & Kitchen,North,1,86.1,0.0,86.1,47.36,0
O109761,C04531,2024-08-06,Electronics,North,1,569.14,0.0,569.14,409.78,0
O101802,C00841,2024-08-06,Home & Kitchen,East,1,105.33,0.0,105.33,57.93,0
O104124,C01907,2024-08-06,Home & Kitchen,West,2,147.98,0.1,266.36,162.78,0
O111710,C05457,2024-08-06,Home & Kitchen,West,3,44.51,0.1,120.18,73.44,1
O104880,C02253,2024-08-06,Electronics,North,2,143.63,0.0,287.26,206.83,0
O106086,C02815,2024-08-06,Home & Kitchen,East,1,137.1,0.0,137.1,75.4,0
O108967,C04172,2024-08-06,Fashion,East,1,52.38,0.2,41.9,23.57,0
O101513,C00700,2024-08-06,Electronics,South,1,483.95,0.15,411.36,348.44,0
O100701,C00333,2024-08-06,Sports,North,3,229.16,0.1,618.73,398.74,0
O108388,C03899,2024-08-06,Fashion,East,1,91.38,0.0,91.38,41.12,0
O111729,C05464,2024-08-06,Books,West,1,13.95,0.0,13.95,6.98,0
O103865,C01779,2024-08-06,Electronics,North,3,208.62,0.1,563.27,450.62,0
O100190,C00096,2024-08-06,Home & Kitchen,North,1,162.27,0.0,162.27,89.25,1
O111531,C05377,2024-08-06,Fashion,East,1,33.08,0.2,26.46,14.89,0
O102668,C01239,2024-08-06,Books,East,2,21.3,0.0,42.6,21.3,0
O106979,C03242,2024-08-06,Beauty,North,2,43.9,0.05,83.41,35.12,0
O107528,C03503,2024-08-06,Fashion,East,2,27.53,0.0,55.06,24.78,0
O109234,C04290,2024-08-06,Beauty,North,2,10.86,0.0,21.72,8.69,0
O110692,C04978,2024-08-06,Fashion,West,3,56.3,0.0,168.9,76.0,0
O106909,C03205,2024-08-07,Home & Kitchen,North,1,103.14,0.0,103.14,56.73,0
O107703,C03596,2024-08-07,Electronics,South,2,321.39,0.1,578.5,462.8,0
O103459,C01601,2024-08-07,Fashion,East,2,78.5,0.05,149.15,70.65,1
O109872,C04588,2024-08-07,Books,West,2,19.57,0.0,39.14,19.57,0
O107095,C03294,2024-08-07,Sports,West,3,79.33,0.0,237.99,138.03,0
O104195,C01941,2024-08-07,Sports,West,1,63.68,0.0,63.68,36.93,0
O110593,C04929,2024-08-07,Books,North,1,12.3,0.0,12.3,6.15,0
O109914,C04607,2024-08-07,Electronics,East,1,202.19,0.0,202.19,145.58,0
O105185,C02398,2024-08-07,Home & Kitchen,South,2,88.98,0.2,142.37,97.88,1
O105000,C02309,2024-08-07,Electronics,North,2,156.01,0.2,249.62,224.65,0
O112708,C05902,2024-08-07,Home & Kitchen,West,1,178.42,0.05,169.5,98.13,0
O105623,C02595,2024-08-07,Fashion,East,1,57.54,0.15,48.91,25.89,0
O104518,C02089,2024-08-07,Fashion,West,1,128.39,0.0,128.39,57.78,0
O112483,C05792,2024-08-07,Books,West,3,18.94,0.0,56.82,28.41,0
O104437,C02052,2024-08-07,Sports,South,3,79.75,0.05,227.29,138.76,0
O106189,C02861,2024-08-07,Home & Kitchen,East,1,135.51,0.0,135.51,74.53,0
O109727,C04511,2024-08-07,Home & Kitchen,East,3,36.71,0.0,110.13,60.57,0
O105655,C02613,2024-08-07,Electronics,South,2,318.68,0.0,637.36,458.9,0
O111207,C05221,2024-08-07,Beauty,South,3,66.14,0.0,198.42,79.37,0
O106851,C03178,2024-08-07,Electronics,South,1,565.63,0.0,565.63,407.25,1
O110741,C05001,2024-08-07,Home & Kitchen,East,2,31.02,0.3,43.43,34.12,0
O110508,C04886,2024-08-07,Books,South,1,39.4,0.0,39.4,19.7,0
O109717,C04507,2024-08-07,Home & Kitchen,West,1,99.71,0.0,99.71,54.84,0
O109037,C04205,2024-08-07,Electronics,East,2,329.92,0.0,659.84,475.08,0
O104076,C01877,2024-08-08,Home & Kitchen,North,2,50.29,0.0,100.58,55.32,0
O111772,C05483,2024-08-08,Sports,West,3,154.66,0.0,463.98,269.11,0
O106536,C03032,2024-08-08,Fashion,South,1,106.76,0.15,90.75,48.04,1
O100312,C00154,2024-08-08,Fashion,North,1,58.23,0.0,58.23,26.2,0
O101717,C00796,2024-08-08,Electronics,East,2,444.76,0.0,889.52,640.45,0
O112527,C05813,2024-08-08,Home & Kitchen,East,1,41.32,0.15,35.12,22.73,0
O100967,C00447,2024-08-08,Books,East,1,29.03,0.15,24.68,14.52,0
O105854,C02708,2024-08-08,Fashion,West,1,95.87,0.05,91.08,43.14,0
O106601,C03062,2024-08-08,Books,South,3,16.57,0.2,39.77,24.86,0
O110825,C05036,2024-08-08,Electronics,West,2,360.4,0.15,612.68,518.98,0
O101440,C00660,2024-08-08,Electronics,North,1,202.76,0.15,172.35,145.99,0
O100663,C00314,2024-08-08,Fashion,East,1,93.56,0.1,84.2,42.1,0
O100285,C00136,2024-08-08,Sports,East,1,57.38,0.0,57.38,33.28,0
O108692,C04039,2024-08-08,Home & Kitchen,West,2,76.45,0.0,152.9,84.1,0
O104727,C02187,2024-08-08,Beauty,North,2,51.2,0.0,102.4,40.96,0
O102110,C00977,2024-08-08,Sports,North,1,155.65,0.1,140.09,90.28,0
O104556,C02103,2024-08-09,Fashion,North,1,133.37,0.0,133.37,60.02,0
O109547,C04425,2024-08-09,Sports,East,1,212.07,0.0,212.07,123.0,0
O101073,C00495,2024-08-09,Home & Kitchen,North,2,167.2,0.0,334.4,183.92,0
O106706,C03106,2024-08-09,Electronics,West,1,545.5,0.2,436.4,392.76,1
O103110,C01451,2024-08-09,Home & Kitchen,West,1,27.72,0.0,27.72,15.25,0
O108266,C03844,2024-08-09,Electronics,South,2,234.57,0.0,469.14,337.78,0
O112358,C05737,2024-08-09,Home & Kitchen,East,1,150.06,0.0,150.06,82.53,0
O101369,C00626,2024-08-09,Fashion,East,1,112.83,0.2,90.26,50.77,0
O110676,C04969,2024-08-09,Electronics,North,3,397.31,0.2,953.54,858.19,0
O105276,C02431,2024-08-09,Fashion,South,3,75.94,0.3,159.47,102.52,0
O108610,C04007,2024-08-09,Electronics,West,1,485.97,0.1,437.37,349.9,0
O111469,C05349,2024-08-09,Sports,North,3,135.1,0.0,405.3,235.07,0
O109175,C04263,2024-08-09,Electronics,East,1,140.57,0.0,140.57,101.21,0
O109841,C04569,2024-08-09,Home & Kitchen,West,2,122.74,0.2,196.38,135.01,0
O111457,C05341,2024-08-09,Beauty,North,1,66.59,0.0,66.59,26.64,0
O109007,C04189,2024-08-09,Home & Kitchen,North,2,104.55,0.0,209.1,115.01,0
O111285,C05262,2024-08-09,Home & Kitchen,North,1,50.94,0.0,50.94,28.02,0
O104726,C02186,2024-08-09,Beauty,West,2,55.56,0.1,100.01,44.45,0
O103597,C01656,2024-08-09,Books,West,1,13.1,0.0,13.1,6.55,0
O104537,C02094,2024-08-09,Sports,South,2,79.89,0.1,143.8,92.67,0
O102990,C01391,2024-08-09,Electronics,North,1,453.32,0.0,453.32,326.39,0
O105001,C02309,2024-08-09,Fashion,North,2,54.41,0.15,92.5,48.97,0
O111396,C05313,2024-08-10,Home & Kitchen,North,3,104.58,0.0,313.74,172.56,0
O107675,C03584,2024-08-10,Books,North,3,24.96,0.0,74.88,37.44,0
O109477,C04397,2024-08-10,Home & Kitchen,South,2,38.19,0.0,76.38,42.01,0
O110045,C04667,2024-08-10,Beauty,East,2,44.18,0.1,79.52,35.34,0
O106680,C03098,2024-08-10,Sports,East,2,42.78,0.05,81.28,49.62,0
O100537,C00259,2024-08-10,Electronics,East,1,191.5,0.0,191.5,137.88,0
O104655,C02147,2024-08-10,Beauty,West,1,69.39,0.1,62.45,27.76,0
O102185,C01014,2024-08-10,Fashion,North,3,36.15,0.0,108.45,48.8,0
O106242,C02888,2024-08-10,Sports,North,1,91.25,0.0,91.25,52.92,0
O107566,C03525,2024-08-10,Home & Kitchen,South,2,166.39,0.0,332.78,183.03,0
O108850,C04115,2024-08-10,Beauty,West,1,56.39,0.05,53.57,22.56,0
O110038,C04665,2024-08-11,Books,North,3,37.96,0.05,108.19,56.94,0
O106063,C02804,2024-08-11,Books,East,1,36.44,0.0,36.44,18.22,0
O107578,C03528,2024-08-11,Books,North,2,26.66,0.0,53.32,26.66,0
O112914,C05996,2024-08-11,Electronics,West,3,389.59,0.1,1051.89,841.51,0
O102401,C01114,2024-08-11,Books,East,2,30.53,0.1,54.95,30.53,0
O111941,C05560,2024-08-11,Home & Kitchen,West,2,53.16,0.0,106.32,58.48,0
O101108,C00509,2024-08-11,Beauty,East,3,54.83,0.15,139.82,65.8,0
O103551,C01637,2024-08-11,Fashion,South,2,43.42,0.0,86.84,39.08,1
O100176,C00088,2024-08-11,Beauty,South,1,37.62,0.0,37.62,15.05,0
O108980,C04177,2024-08-11,Sports,North,3,111.07,0.15,283.23,193.26,0
O107611,C03549,2024-08-11,Beauty,East,1,67.37,0.1,60.63,26.95,0
O109703,C04499,2024-08-11,Fashion,East,1,23.39,0.1,21.05,10.53,0
O108938,C04158,2024-08-11,Sports,West,1,48.22,0.3,33.75,27.97,0
O103295,C01527,2024-08-11,Home & Kitchen,East,2,94.26,0.05,179.09,103.69,0
O102912,C01358,2024-08-11,Sports,South,1,227.97,0.15,193.77,132.22,0
O101136,C00526,2024-08-11,Electronics,South,1,524.22,0.0,524.22,377.44,0
O111214,C05227,2024-08-12,Home & Kitchen,East,1,115.3,0.1,103.77,63.42,0
O109903,C04603,2024-08-12,Books,East,2,12.9,0.0,25.8,12.9,0
O103007,C01400,2024-08-12,Fashion,East,3,35.22,0.0,105.66,47.55,0
O110990,C05116,2024-08-12,Fashion,West,2,31.01,0.0,62.02,27.91,0
O112898,C05986,2024-08-12,Home & Kitchen,East,1,107.46,0.2,85.97,59.1,0
O110307,C04789,2024-08-12,Beauty,East,2,23.74,0.1,42.73,18.99,0
O111532,C05377,2024-08-12,Fashion,East,1,101.46,0.05,96.39,45.66,0
O104211,C01949,2024-08-12,Books,East,1,30.48,0.2,24.38,15.24,0
O111869,C05528,2024-08-12,Fashion,East,2,128.9,0.1,232.02,116.01,0
O108255,C03837,2024-08-12,Sports,North,2,194.82,0.2,311.71,225.99,0
O111228,C05233,2024-08-12,Books,West,3,31.82,0.0,95.46,47.73,0
O111145,C05190,2024-08-12,Fashion,West,2,133.2,0.1,239.76,119.88,0
O109570,C04440,2024-08-12,Electronics,West,1,525.82,0.1,473.24,378.59,0
O112514,C05806,2024-08-12,Sports,East,1,53.08,0.05,50.43,30.79,0
O101976,C00919,2024-08-12,Home & Kitchen,East,2,130.4,0.15,221.68,143.44,1
O102665,C01237,2024-08-12,Home & Kitchen,South,2,63.16,0.0,126.32,69.48,0
O110369,C04816,2024-08-12,Sports,South,2,202.5,0.0,405.0,234.9,0
O101385,C00635,2024-08-12,Electronics,East,2,264.64,0.0,529.28,381.08,0
O100276,C00133,2024-08-12,Home & Kitchen,North,2,162.29,0.1,292.12,178.52,0
O104920,C02272,2024-08-12,Sports,West,3,52.83,0.0,158.49,91.92,0
O111877,C05530,2024-08-12,Home & Kitchen,North,1,155.13,0.0,155.13,85.32,0
O102286,C01060,2024-08-13,Electronics,West,2,129.04,0.0,258.08,185.82,0
O103070,C01429,2024-08-13,Home & Kitchen,North,1,172.94,0.0,172.94,95.12,0
O106129,C02833,2024-08-13,Home & Kitchen,South,2,137.43,0.1,247.37,151.17,0
O100958,C00443,2024-08-13,Home & Kitchen,North,1,154.32,0.1,138.89,84.88,0
O112506,C05805,2024-08-13,Home & Kitchen,East,2,72.76,0.05,138.24,80.04,0
O100091,C00045,2024-08-13,Beauty,East,1,24.69,0.0,24.69,9.88,0
O106681,C03098,2024-08-13,Fashion,East,1,67.01,0.15,56.96,30.15,0
O107694,C03592,2024-08-13,Beauty,East,1,46.11,0.0,46.11,18.44,0
O101134,C00525,2024-08-13,Fashion,East,2,49.64,0.1,89.35,44.68,0
O107379,C03435,2024-08-13,Books,East,3,23.37,0.1,63.1,35.06,0
O105379,C02475,2024-08-13,Sports,East,2,163.66,0.0,327.32,189.85,0
O104708,C02177,2024-08-13,Fashion,North,2,70.44,0.0,140.88,63.4,0
O105008,C02312,2024-08-14,Beauty,North,3,28.1,0.0,84.3,33.72,0
O106807,C03155,2024-08-14,Books,South,2,22.81,0.0,45.62,22.81,0
O104043,C01862,2024-08-14,Sports,West,1,54.75,0.3,38.32,31.76,1
O104689,C02167,2024-08-14,Home & Kitchen,South,1,132.39,0.0,132.39,72.81,1
O100619,C00299,2024-08-14,Sports,South,2,123.52,0.2,197.63,143.28,0
O103084,C01435,2024-08-14,Beauty,East,1,59.75,0.15,50.79,23.9,0
O108840,C04110,2024-08-14,Fashion,North,1,116.0,0.2,92.8,52.2,1
O102292,C01063,2024-08-14,Books,North,2,18.53,0.1,33.35,18.53,0
O110610,C04939,2024-08-14,Electronics,North,1,392.4,0.05,372.78,282.53,0
O105549,C02559,2024-08-14,Beauty,East,1,49.15,0.1,44.23,19.66,0
O104744,C02194,2024-08-14,Fashion,East,2,99.6,0.3,139.44,89.64,0
O102203,C01019,2024-08-14,Home & Kitchen,North,1,95.91,0.05,91.11,52.75,0
O109171,C04262,2024-08-14,Fashion,West,2,74.43,0.1,133.97,66.99,0
O102053,C00952,2024-08-15,Beauty,West,2,60.5,0.0,121.0,48.4,0
O105365,C02470,2024-08-15,Sports,North,3,214.59,0.1,579.39,373.39,0
O106009,C02781,2024-08-15,Books,West,1,13.24,0.0,13.24,6.62,0
O105763,C02665,2024-08-15,Home & Kitchen,North,1,28.54,0.1,25.69,15.7,0
O108024,C03735,2024-08-15,Sports,North,2,245.69,0.2,393.1,285.0,0
O106207,C02870,2024-08-15,Sports,North,2,69.94,0.0,139.88,81.13,0
O102048,C00951,2024-08-15,Books,South,1,29.61,0.0,29.61,14.8,0
O104731,C02188,2024-08-15,Fashion,East,2,49.83,0.05,94.68,44.85,0
O110808,C05031,2024-08-15,Home & Kitchen,East,1,97.31,0.0,97.31,53.52,0
O103944,C01818,2024-08-15,Home & Kitchen,East,1,36.04,0.1,32.44,19.82,0
O101867,C00873,2024-08-15,Fashion,North,1,32.49,0.2,25.99,14.62,0
O111413,C05321,2024-08-15,Sports,North,1,248.74,0.15,211.43,144.27,0
O109894,C04596,2024-08-15,Beauty,West,1,31.39,0.05,29.82,12.56,0
O101832,C00854,2024-08-16,Fashion,South,3,103.08,0.0,309.24,139.16,0
O103955,C01821,2024-08-16,Beauty,East,1,21.91,0.0,21.91,8.76,0
O105282,C02433,2024-08-16,Fashion,East,1,104.54,0.1,94.09,47.04,1
O102905,C01355,2024-08-16,Electronics,West,3,588.17,0.0,1764.51,1270.45,0
O111701,C05455,2024-08-16,Electronics,North,2,204.83,0.2,327.73,294.96,0
O109842,C04569,2024-08-16,Fashion,West,1,69.79,0.0,69.79,31.41,0
O101621,C00749,2024-08-16,Beauty,South,2,57.01,0.1,102.62,45.61,0
O100468,C00226,2024-08-16,Beauty,West,1,11.31,0.3,7.92,4.52,0
O111566,C05391,2024-08-16,Sports,East,3,165.92,0.1,447.98,288.7,1
O102385,C01105,2024-08-16,Beauty,West,1,63.2,0.15,53.72,25.28,0
O112293,C05705,2024-08-16,Beauty,South,2,27.66,0.1,49.79,22.13,0
O108473,C03942,2024-08-16,Electronics,South,1,356.41,0.0,356.41,256.62,0
O100378,C00187,2024-08-16,Fashion,East,1,51.46,0.0,51.46,23.16,0
O109435,C04377,2024-08-16,Fashion,North,1,56.11,0.0,56.11,25.25,0
O112332,C05726,2024-08-16,Beauty,West,1,40.63,0.0,40.63,16.25,0
O103990,C01838,2024-08-16,Sports,North,2,53.2,0.0,106.4,61.71,0
O100524,C00253,2024-08-16,Fashion,North,1,24.89,0.0,24.89,11.2,0
O111381,C05305,2024-08-17,Fashion,East,1,104.19,0.2,83.35,46.89,0
O104944,C02283,2024-08-17,Fashion,West,2,62.98,0.1,113.36,56.68,0
O106257,C02895,2024-08-17,Beauty,North,1,69.85,0.0,69.85,27.94,0
O112507,C05805,2024-08-17,Fashion,East,1,53.01,0.1,47.71,23.85,0
O108598,C04001,2024-08-17,Beauty,East,1,56.09,0.0,56.09,22.44,1
O112805,C05945,2024-08-17,Books,East,1,10.55,0.2,8.44,5.28,0
O109156,C04256,2024-08-17,Books,North,1,20.57,0.0,20.57,10.28,0
O100650,C00309,2024-08-17,Fashion,East,2,60.57,0.0,121.14,54.51,0
O107189,C03342,2024-08-17,Fashion,West,2,93.32,0.0,186.64,83.99,0
O100386,C00190,2024-08-17,Beauty,South,2,20.0,0.0,40.0,16.0,0
O110805,C05030,2024-08-17,Electronics,East,2,477.28,0.15,811.38,687.28,0
O107746,C03614,2024-08-17,Fashion,North,3,85.4,0.0,256.2,115.29,0
O112218,C05676,2024-08-17,Sports,East,3,163.9,0.0,491.7,285.19,0
O101275,C00584,2024-08-17,Fashion,East,1,72.92,0.0,72.92,32.81,0
O108762,C04071,2024-08-17,Home & Kitchen,East,3,125.29,0.05,357.08,206.73,0
O104918,C02271,2024-08-17,Electronics,West,1,398.06,0.1,358.25,286.6,0
O111730,C05464,2024-08-17,Electronics,West,1,575.02,0.0,575.02,414.01,0
O105800,C02682,2024-08-17,Fashion,South,1,46.29,0.0,46.29,20.83,0
O100582,C00281,2024-08-17,Sports,East,1,60.4,0.0,60.4,35.03,0
O103236,C01504,2024-08-18,Books,South,1,37.06,0.0,37.06,18.53,0
O103896,C01794,2024-08-18,Electronics,West,1,467.55,0.0,467.55,336.64,0
O108924,C04151,2024-08-18,Sports,East,2,66.36,0.05,126.08,76.98,0
O100174,C00087,2024-08-18,Fashion,North,1,33.32,0.3,23.32,14.99,0
O103419,C01582,2024-08-18,Books,East,3,30.4,0.15,77.52,45.6,0
O103653,C01683,2024-08-18,Beauty,East,2,13.69,0.0,27.38,10.95,0
O104018,C01850,2024-08-18,Home & Kitchen,East,2,57.85,0.0,115.7,63.64,0
O105446,C02505,2024-08-18,Fashion,West,1,98.88,0.15,84.05,44.5,0
O105747,C02658,2024-08-18,Beauty,East,1,55.32,0.15,47.02,22.13,0
O112863,C05970,2024-08-18,Books,East,1,36.41,0.0,36.41,18.2,0
O105914,C02738,2024-08-18,Books,East,1,25.08,0.2,20.06,12.54,0
O100491,C00239,2024-08-18,Electronics,South,2,425.72,0.0,851.44,613.04,0
O100469,C00226,2024-08-18,Books,West,1,27.19,0.0,27.19,13.6,0
O111694,C05450,2024-08-18,Electronics,East,3,154.4,0.15,393.72,333.5,0
O101619,C00748,2024-08-18,Home & Kitchen,West,2,179.26,0.15,304.74,197.19,0
O102361,C01095,2024-08-18,Electronics,North,1,220.71,0.0,220.71,158.91,0
O102934,C01367,2024-08-18,Beauty,South,3,28.67,0.0,86.01,34.4,0
O111021,C05131,2024-08-18,Home & Kitchen,East,1,30.39,0.3,21.27,16.71,0
O101728,C00802,2024-08-19,Home & Kitchen,North,2,131.51,0.0,263.02,144.66,0
O110213,C04744,2024-08-19,Fashion,West,1,31.78,0.05,30.19,14.3,0
O100042,C00018,2024-08-19,Fashion,North,2,128.05,0.0,256.1,115.25,0
O112677,C05884,2024-08-19,Books,North,1,30.7,0.0,30.7,15.35,0
O104551,C02100,2024-08-19,Home & Kitchen,West,1,111.0,0.0,111.0,61.05,0
O111641,C05425,2024-08-19,Electronics,South,1,515.85,0.0,515.85,371.41,0
O107524,C03501,2024-08-19,Fashion,West,2,28.37,0.0,56.74,25.53,0
O106171,C02853,2024-08-19,Fashion,North,3,45.44,0.0,136.32,61.34,0
O112716,C05906,2024-08-19,Fashion,North,3,48.99,0.0,146.97,66.14,0
O103142,C01462,2024-08-19,Sports,South,1,202.0,0.3,141.4,117.16,0
O100789,C00368,2024-08-20,Fashion,East,2,130.31,0.1,234.56,117.28,0
O101135,C00525,2024-08-20,Fashion,East,2,116.66,0.0,233.32,104.99,0
O102550,C01186,2024-08-20,Fashion,West,1,98.82,0.15,84.0,44.47,0
O101685,C00783,2024-08-20,Home & Kitchen,West,1,58.42,0.0,58.42,32.13,0
O109589,C04447,2024-08-20,Fashion,East,3,42.87,0.15,109.32,57.87,0
O102484,C01155,2024-08-20,Home & Kitchen,East,1,59.28,0.0,59.28,32.6,0
O111088,C05159,2024-08-20,Home & Kitchen,North,1,122.4,0.0,122.4,67.32,0
O112458,C05781,2024-08-20,Beauty,East,1,12.0,0.1,10.8,4.8,0
O110820,C05035,2024-08-20,Books,North,2,24.94,0.3,34.92,24.94,0
O102086,C00968,2024-08-20,Sports,North,3,245.87,0.0,737.61,427.81,0
O105946,C02752,2024-08-20,Beauty,South,1,17.53,0.0,17.53,7.01,0
O107456,C03471,2024-08-20,Electronics,South,1,433.67,0.0,433.67,312.24,0
O108952,C04164,2024-08-20,Books,East,1,24.95,0.2,19.96,12.48,0
O103945,C01818,2024-08-20,Beauty,East,1,20.68,0.2,16.54,8.27,0
O102929,C01364,2024-08-20,Beauty,West,1,42.15,0.0,42.15,16.86,0
O105353,C02466,2024-08-20,Home & Kitchen,West,3,165.38,0.0,496.14,272.88,0
O105722,C02646,2024-08-20,Home & Kitchen,North,2,88.19,0.0,176.38,97.01,0
O105530,C02550,2024-08-20,Beauty,South,3,47.98,0.2,115.15,57.58,0
O102683,C01249,2024-08-20,Fashion,North,2,122.3,0.0,244.6,110.07,0
O108145,C03790,2024-08-20,Home & Kitchen,West,1,119.59,0.0,119.59,65.77,1
O104361,C02016,2024-08-20,Fashion,South,1,49.51,0.0,49.51,22.28,0
O105580,C02576,2024-08-20,Home & Kitchen,North,1,137.92,0.05,131.02,75.86,0
O104504,C02082,2024-08-20,Fashion,East,1,134.61,0.0,134.61,60.57,0
O109731,C04513,2024-08-21,Beauty,North,1,68.73,0.2,54.98,27.49,0
O104927,C02275,2024-08-21,Home & Kitchen,South,1,27.61,0.2,22.09,15.19,0
O103398,C01576,2024-08-21,Sports,North,1,187.12,0.0,187.12,108.53,0
O109571,C04441,2024-08-21,Electronics,West,2,545.13,0.0,1090.26,784.99,0
O112064,C05614,2024-08-21,Fashion,North,1,33.31,0.0,33.31,14.99,0
O111617,C05415,2024-08-21,Beauty,North,2,14.09,0.1,25.36,11.27,0
O101645,C00761,2024-08-21,Beauty,West,1,50.05,0.0,50.05,20.02,0
O112421,C05767,2024-08-21,Sports,East,2,190.97,0.0,381.94,221.53,0
O110957,C05098,2024-08-21,Sports,East,3,38.7,0.0,116.1,67.34,0
O104212,C01950,2024-08-21,Electronics,East,1,599.02,0.0,599.02,431.29,0
O100526,C00254,2024-08-21,Beauty,South,3,52.26,0.0,156.78,62.71,0
O110585,C04925,2024-08-21,Books,West,2,37.76,0.05,71.74,37.76,0
O110919,C05081,2024-08-21,Electronics,North,3,319.76,0.1,863.35,690.68,0
O100856,C00400,2024-08-21,Books,East,2,10.04,0.15,17.07,10.04,0
O112557,C05831,2024-08-22,Electronics,North,1,231.23,0.05,219.67,166.49,1
O102225,C01030,2024-08-22,Fashion,West,1,66.8,0.0,66.8,30.06,1
O109692,C04495,2024-08-22,Electronics,West,1,442.75,0.0,442.75,318.78,0
O105416,C02492,2024-08-22,Home & Kitchen,East,1,87.25,0.05,82.89,47.99,0
O105700,C02637,2024-08-22,Electronics,North,2,121.25,0.0,242.5,174.6,0
O108925,C04151,2024-08-22,Home & Kitchen,East,3,74.03,0.2,177.67,122.15,0
O100053,C00023,2024-08-22,Home & Kitchen,South,1,160.68,0.2,128.54,88.37,0
O105195,C02401,2024-08-22,Electronics,East,2,240.63,0.0,481.26,346.51,0
O107981,C03718,2024-08-22,Sports,West,1,33.32,0.1,29.99,19.33,0
O101729,C00802,2024-08-22,Beauty,North,2,42.34,0.0,84.68,33.87,0
O105103,C02355,2024-08-22,Fashion,West,1,130.62,0.0,130.62,58.78,0
O102045,C00950,2024-08-22,Books,South,2,14.87,0.0,29.74,14.87,0
O109594,C04448,2024-08-22,Fashion,South,2,90.78,0.0,181.56,81.7,0
O106713,C03110,2024-08-22,Electronics,East,2,553.9,0.0,1107.8,797.62,0
O102444,C01136,2024-08-22,Electronics,North,1,141.62,0.2,113.3,101.97,0
O107897,C03686,2024-08-22,Home & Kitchen,South,1,121.44,0.1,109.3,66.79,0
O104663,C02152,2024-08-22,Sports,North,1,130.83,0.0,130.83,75.88,0
O110046,C04667,2024-08-22,Books,East,1,15.44,0.0,15.44,7.72,0
O103811,C01756,2024-08-22,Home & Kitchen,East,2,40.83,0.0,81.66,44.91,0
O104662,C02151,2024-08-22,Electronics,East,2,501.41,0.1,902.54,722.03,0
O109199,C04274,2024-08-22,Beauty,North,2,61.17,0.05,116.22,48.94,0
O106902,C03200,2024-08-23,Home & Kitchen,West,1,31.05,0.15,26.39,17.08,0
O101380,C00632,2024-08-23,Sports,West,1,109.4,0.0,109.4,63.45,0
O106321,C02928,2024-08-23,Beauty,West,1,12.53,0.2,10.02,5.01,0
O105535,C02552,2024-08-23,Beauty,North,2,25.89,0.05,49.19,20.71,0
O109501,C04408,2024-08-23,Home & Kitchen,East,1,156.86,0.0,156.86,86.27,0
O102769,C01291,2024-08-23,Fashion,North,3,54.98,0.0,164.94,74.22,0
O108611,C04007,2024-08-23,Home & Kitchen,West,1,108.03,0.15,91.83,59.42,0
O106098,C02819,2024-08-23,Electronics,South,1,213.21,0.0,213.21,153.51,0
O103289,C01523,2024-08-23,Fashion,East,2,76.65,0.05,145.63,68.99,0
O112037,C05601,2024-08-23,Books,East,2,25.89,0.0,51.78,25.89,0
O104530,C02092,2024-08-23,Home & Kitchen,East,1,82.1,0.0,82.1,45.16,0
O100818,C00381,2024-08-23,Electronics,South,3,598.63,0.1,1616.3,1293.04,0
O102137,C00988,2024-08-23,Fashion,South,1,79.61,0.0,79.61,35.82,0
O107397,C03444,2024-08-23,Fashion,West,1,108.92,0.0,108.92,49.01,0
O100714,C00338,2024-08-23,Electronics,West,1,336.92,0.05,320.07,242.58,0
O105284,C02434,2024-08-23,Fashion,South,1,69.2,0.1,62.28,31.14,0
O106198,C02867,2024-08-23,Beauty,West,1,42.13,0.1,37.92,16.85,0
O100338,C00167,2024-08-23,Sports,North,3,138.03,0.0,414.09,240.17,0
O106823,C03164,2024-08-24,Home & Kitchen,East,1,157.01,0.05,149.16,86.36,0
O102528,C01177,2024-08-24,Beauty,East,2,57.93,0.0,115.86,46.34,0
O106659,C03089,2024-08-24,Home & Kitchen,South,3,140.46,0.1,379.24,231.76,0
O106422,C02972,2024-08-24,Books,North,1,19.79,0.0,19.79,9.9,0
O104506,C02083,2024-08-24,Fashion,South,2,31.35,0.0,62.7,28.22,0
O108774,C04075,2024-08-24,Electronics,East,2,586.47,0.0,1172.94,844.52,0
O102236,C01034,2024-08-24,Fashion,East,1,78.35,0.05,74.43,35.26,0
O109713,C04505,2024-08-24,Home & Kitchen,East,3,159.16,0.15,405.86,262.61,0
O102303,C01069,2024-08-24,Fashion,West,1,91.56,0.1,82.4,41.2,0
O105223,C02412,2024-08-24,Fashion,East,1,42.01,0.05,39.91,18.9,0
O106073,C02808,2024-08-24,Sports,West,1,216.44,0.0,216.44,125.54,0
O112678,C05884,2024-08-24,Home & Kitchen,North,1,111.18,0.05,105.62,61.15,0
O112778,C05934,2024-08-24,Beauty,West,2,28.15,0.0,56.3,22.52,0
O104093,C01886,2024-08-24,Electronics,West,1,417.53,0.0,417.53,300.62,0
O103684,C01695,2024-08-24,Home & Kitchen,South,2,158.13,0.0,316.26,173.94,0
O112115,C05630,2024-08-24,Books,West,3,12.48,0.0,37.44,18.72,0
O107836,C03659,2024-08-24,Fashion,East,1,61.14,0.1,55.03,27.51,0
O101320,C00607,2024-08-24,Books,North,3,12.99,0.0,38.97,19.48,0
O111958,C05569,2024-08-24,Fashion,East,3,120.95,0.05,344.71,163.28,0
O106258,C02895,2024-08-25,Books,North,1,13.31,0.0,13.31,6.66,0
O107764,C03623,2024-08-25,Beauty,North,1,19.18,0.0,19.18,7.67,0
O101297,C00595,2024-08-25,Books,North,1,28.81,0.2,23.05,14.4,0
O105485,C02526,2024-08-25,Beauty,West,1,40.56,0.0,40.56,16.22,0
O101230,C00568,2024-08-25,Fashion,South,1,84.15,0.0,84.15,37.87,0
O101590,C00738,2024-08-25,Books,East,1,24.54,0.05,23.31,12.27,0
O105606,C02588,2024-08-25,Sports,South,3,122.52,0.1,330.8,213.18,0
O110910,C05077,2024-08-25,Fashion,North,1,117.57,0.15,99.93,52.91,0
O105032,C02323,2024-08-25,Beauty,West,1,28.06,0.0,28.06,11.22,0
O106648,C03085,2024-08-25,Electronics,North,1,282.98,0.0,282.98,203.75,0
O104676,C02160,2024-08-25,Home & Kitchen,South,1,129.08,0.1,116.17,70.99,0
O108820,C04100,2024-08-25,Fashion,North,1,88.74,0.0,88.74,39.93,0
O109339,C04338,2024-08-26,Sports,South,1,233.29,0.0,233.29,135.31,0
O112434,C05771,2024-08-26,Beauty,North,2,28.29,0.0,56.58,22.63,0
O110958,C05098,2024-08-26,Beauty,East,2,44.03,0.0,88.06,35.22,0
O112417,C05765,2024-08-26,Electronics,South,1,372.99,0.0,372.99,268.55,0
O101035,C00478,2024-08-26,Home & Kitchen,West,2,76.2,0.0,152.4,83.82,0
O108234,C03827,2024-08-26,Home & Kitchen,North,1,60.51,0.0,60.51,33.28,0
O100861,C00403,2024-08-26,Fashion,East,1,61.37,0.05,58.3,27.62,0
O112426,C05768,2024-08-26,Home & Kitchen,West,2,59.95,0.0,119.9,65.95,0
O101722,C00799,2024-08-26,Beauty,South,1,56.44,0.0,56.44,22.58,0
O104895,C02261,2024-08-26,Fashion,East,1,41.77,0.0,41.77,18.8,0
O103425,C01586,2024-08-26,Fashion,East,2,52.0,0.0,104.0,46.8,0
O105745,C02657,2024-08-26,Fashion,West,1,37.98,0.3,26.59,17.09,0
O111432,C05328,2024-08-26,Beauty,East,1,11.32,0.0,11.32,4.53,0
O108697,C04041,2024-08-26,Fashion,East,3,66.1,0.0,198.3,89.24,0
O100857,C00400,2024-08-26,Home & Kitchen,East,2,79.26,0.1,142.67,87.19,0
O103469,C01604,2024-08-26,Sports,East,2,41.47,0.0,82.94,48.11,1
O109655,C04476,2024-08-26,Books,East,1,25.75,0.0,25.75,12.88,0
O111315,C05276,2024-08-26,Electronics,South,2,131.81,0.1,237.26,189.81,0
O103859,C01777,2024-08-26,Home & Kitchen,South,2,94.46,0.0,188.92,103.91,0
O102984,C01388,2024-08-26,Sports,North,2,73.04,0.0,146.08,84.73,0
O107945,C03703,2024-08-26,Beauty,West,1,17.43,0.0,17.43,6.97,0
O103560,C01642,2024-08-27,Sports,North,1,60.16,0.0,60.16,34.89,0
O112774,C05933,2024-08-27,Sports,North,1,93.51,0.0,93.51,54.24,0
O101964,C00912,2024-08-27,Electronics,South,2,218.39,0.1,393.1,314.48,0
O112879,C05978,2024-08-27,Books,West,2,22.23,0.0,44.46,22.23,0
O105249,C02421,2024-08-27,Sports,South,1,202.5,0.1,182.25,117.45,0
O107296,C03395,2024-08-27,Beauty,East,2,61.26,0.0,122.52,49.01,0
O101522,C00704,2024-08-27,Books,East,1,32.93,0.0,32.93,16.46,0
O108572,C03986,2024-08-27,Fashion,East,2,107.18,0.0,214.36,96.46,0
O108716,C04051,2024-08-27,Fashion,West,2,59.21,0.0,118.42,53.29,0
O108067,C03756,2024-08-27,Home & Kitchen,North,2,165.97,0.1,298.75,182.57,0
O109974,C04635,2024-08-28,Beauty,North,2,16.49,0.0,32.98,13.19,0
O111702,C05455,2024-08-28,Fashion,North,3,138.62,0.2,332.69,187.14,0
O109698,C04497,2024-08-28,Home & Kitchen,South,2,59.45,0.0,118.9,65.4,0
O105773,C02667,2024-08-28,Home & Kitchen,North,1,41.39,0.0,41.39,22.76,0
O111597,C05405,2024-08-28,Fashion,West,1,129.07,0.05,122.62,58.08,0
O107492,C03487,2024-08-28,Electronics,North,3,240.27,0.0,720.81,518.98,0
O101194,C00554,2024-08-28,Home & Kitchen,East,3,177.31,0.0,531.93,292.56,0
O111274,C05256,2024-08-28,Home & Kitchen,North,1,146.75,0.1,132.08,80.71,0
O102465,C01145,2024-08-28,Beauty,South,2,68.11,0.05,129.41,54.49,0
O112298,C05708,2024-08-28,Home & Kitchen,North,3,159.1,0.0,477.3,262.52,0
O104392,C02030,2024-08-28,Sports,North,1,155.52,0.3,108.86,90.2,0
O105084,C02346,2024-08-28,Home & Kitchen,North,1,34.38,0.0,34.38,18.91,0
O107190,C03342,2024-08-28,Beauty,West,3,68.63,0.05,195.6,82.36,0
O100152,C00077,2024-08-28,Home & Kitchen,South,1,133.59,0.15,113.55,73.47,0
O107284,C03389,2024-08-28,Home & Kitchen,West,1,173.44,0.0,173.44,95.39,0
O102304,C01069,2024-08-28,Sports,West,1,187.93,0.0,187.93,109.0,0
O100409,C00199,2024-08-28,Fashion,North,2,79.07,0.0,158.14,71.16,0
O101803,C00841,2024-08-28,Sports,East,1,238.43,0.0,238.43,138.29,0
O106038,C02792,2024-08-28,Electronics,East,3,471.09,0.15,1201.28,1017.55,1
O106008,C02780,2024-08-28,Home & Kitchen,North,2,128.81,0.0,257.62,141.69,0
O105727,C02650,2024-08-28,Home & Kitchen,North,1,172.86,0.0,172.86,95.07,0
O107570,C03526,2024-08-28,Books,West,2,31.14,0.1,56.05,31.14,0
O105504,C02537,2024-08-28,Fashion,South,2,57.42,0.0,114.84,51.68,1
O110927,C05086,2024-08-28,Fashion,West,1,62.48,0.0,62.48,28.12,0
O101370,C00627,2024-08-28,Electronics,West,3,430.57,0.3,904.2,930.03,0
O111224,C05231,2024-08-28,Fashion,North,2,47.06,0.05,89.41,42.35,0
O105085,C02347,2024-08-28,Fashion,East,3,112.55,0.0,337.65,151.94,0
O102856,C01330,2024-08-28,Electronics,West,1,289.17,0.2,231.34,208.2,0
O100016,C00007,2024-08-28,Books,East,1,37.21,0.0,37.21,18.6,0
O104958,C02292,2024-08-29,Home & Kitchen,South,1,90.84,0.0,90.84,49.96,0
O110974,C05109,2024-08-29,Electronics,East,1,595.96,0.1,536.36,429.09,0
O103265,C01514,2024-08-29,Home & Kitchen,North,1,132.83,0.0,132.83,73.06,0
O106565,C03043,2024-08-29,Fashion,East,1,130.88,0.1,117.79,58.9,0
O112656,C05874,2024-08-29,Fashion,East,1,47.99,0.2,38.39,21.6,0
O101781,C00831,2024-08-29,Fashion,South,3,85.49,0.0,256.47,115.41,0
O108821,C04100,2024-08-29,Fashion,North,2,97.88,0.05,185.97,88.09,1
O111803,C05496,2024-08-29,Fashion,East,2,66.2,0.0,132.4,59.58,0
O101371,C00627,2024-08-29,Beauty,West,1,25.65,0.0,25.65,10.26,0
O103016,C01404,2024-08-29,Sports,North,2,229.98,0.1,413.96,266.78,0
O103093,C01439,2024-08-29,Home & Kitchen,South,3,131.91,0.1,356.16,217.65,0
O110238,C04755,2024-08-29,Fashion,South,1,26.89,0.0,26.89,12.1,0
O102930,C01364,2024-08-29,Books,West,1,26.12,0.0,26.12,13.06,0
O110222,C04746,2024-08-29,Fashion,East,2,54.78,0.2,87.65,49.3,0
O102787,C01297,2024-08-29,Home & Kitchen,South,1,35.97,0.0,35.97,19.78,0
O109505,C04409,2024-08-29,Fashion,East,1,103.93,0.0,103.93,46.77,0
O107330,C03413,2024-08-29,Sports,South,3,198.26,0.15,505.56,344.97,0
O107908,C03690,2024-08-29,Electronics,South,2,341.72,0.05,649.27,492.08,0
O104269,C01978,2024-08-29,Fashion,North,2,83.88,0.1,150.98,75.49,0
O104261,C01974,2024-08-30,Electronics,West,2,399.55,0.0,799.1,575.35,0
O108878,C04128,2024-08-30,Electronics,South,1,319.37,0.0,319.37,229.95,1
O103261,C01512,2024-08-30,Sports,East,1,167.14,0.2,133.71,96.94,0
O106890,C03196,2024-08-30,Sports,South,1,210.5,0.0,210.5,122.09,1
O108573,C03986,2024-08-30,Home & Kitchen,East,2,126.68,0.2,202.69,139.35,0
O101821,C00848,2024-08-30,Home & Kitchen,East,2,118.72,0.0,237.44,130.59,0
O109158,C04257,2024-08-30,Books,South,1,36.18,0.0,36.18,18.09,0
O104121,C01905,2024-08-30,Sports,East,2,141.83,0.0,283.66,164.52,0
O101438,C00659,2024-08-30,Fashion,West,1,22.75,0.0,22.75,10.24,0
O110079,C04681,2024-08-30,Sports,West,1,67.17,0.0,67.17,38.96,0
O108008,C03729,2024-08-30,Home & Kitchen,East,1,37.57,0.15,31.93,20.66,0
O105155,C02381,2024-08-30,Home & Kitchen,North,2,60.95,0.0,121.9,67.04,0
O112599,C05851,2024-08-30,Beauty,South,2,51.11,0.0,102.22,40.89,0
O100935,C00434,2024-08-30,Electronics,North,2,475.87,0.2,761.39,685.25,0
O106665,C03091,2024-08-30,Fashion,North,3,72.71,0.05,207.22,98.16,0
O101410,C00646,2024-08-30,Fashion,East,3,67.53,0.2,162.07,91.17,0
O109518,C04413,2024-08-30,Sports,North,2,37.64,0.3,52.7,43.66,0
O112697,C05894,2024-08-31,Electronics,North,2,570.43,0.15,969.73,821.42,0
O109235,C04290,2024-08-31,Books,North,2,15.5,0.05,29.45,15.5,0
O112152,C05642,2024-08-31,Fashion,West,1,66.55,0.0,66.55,29.95,0
O106064,C02804,2024-08-31,Fashion,East,1,58.38,0.05,55.46,26.27,0
O110732,C04996,2024-08-31,Electronics,South,1,282.28,0.0,282.28,203.24,0
O104612,C02130,2024-08-31,Beauty,West,1,40.78,0.2,32.62,16.31,0
O109458,C04389,2024-08-31,Electronics,North,2,370.69,0.2,593.1,533.79,0
O109629,C04462,2024-08-31,Fashion,East,3,112.39,0.0,337.17,151.73,0
O107654,C03574,2024-08-31,Sports,East,2,39.58,0.0,79.16,45.91,0
O112231,C05680,2024-08-31,Fashion,East,2,104.74,0.0,209.48,94.27,0
O107380,C03435,2024-08-31,Beauty,East,2,61.96,0.0,123.92,49.57,0
O100677,C00321,2024-08-31,Fashion,North,1,92.02,0.05,87.42,41.41,0
O109922,C04612,2024-08-31,Sports,East,1,76.14,0.1,68.53,44.16,0
O100606,C00294,2024-08-31,Beauty,South,1,50.86,0.0,50.86,20.34,0
O103020,C01406,2024-08-31,Beauty,East,1,25.24,0.1,22.72,10.1,0
O107942,C03702,2024-08-31,Home & Kitchen,East,2,117.55,0.0,235.1,129.3,1
O107400,C03447,2024-08-31,Books,East,1,23.24,0.0,23.24,11.62,0
O102142,C00991,2024-08-31,Fashion,West,1,36.55,0.0,36.55,16.45,0
O104044,C01862,2024-08-31,Sports,West,2,191.44,0.1,344.59,222.07,0
O106980,C03242,2024-08-31,Beauty,North,1,12.26,0.2,9.81,4.9,0
O106998,C03251,2024-08-31,Home & Kitchen,West,3,73.78,0.0,221.34,121.74,0
O105396,C02484,2024-08-31,Home & Kitchen,South,2,105.07,0.0,210.14,115.58,0
O108190,C03811,2024-09-01,Fashion,North,3,22.48,0.0,67.44,30.35,0
O106300,C02921,2024-09-01,Sports,South,2,103.5,0.1,186.3,120.06,0
O112435,C05771,2024-09-01,Fashion,North,3,96.22,0.0,288.66,129.9,0
O104105,C01895,2024-09-01,Sports,East,2,219.76,0.0,439.52,254.92,0
O110012,C04653,2024-09-01,Electronics,East,1,479.43,0.1,431.49,345.19,0
O111113,C05170,2024-09-01,Books,South,2,22.99,0.0,45.98,22.99,0
O102238,C01035,2024-09-01,Fashion,North,3,123.55,0.2,296.52,166.79,0
O108748,C04066,2024-09-01,Home & Kitchen,West,2,103.68,0.1,186.62,114.05,0
O110514,C04889,2024-09-01,Home & Kitchen,East,2,159.64,0.0,319.28,175.6,0
O110473,C04868,2024-09-01,Electronics,North,1,479.6,0.0,479.6,345.31,0
O104143,C01915,2024-09-01,Fashion,South,1,132.87,0.05,126.23,59.79,0
O111739,C05468,2024-09-01,Sports,East,2,161.75,0.0,323.5,187.63,0
O108713,C04049,2024-09-01,Books,East,2,34.07,0.0,68.14,34.07,0
O104773,C02204,2024-09-01,Beauty,South,1,40.85,0.0,40.85,16.34,0
O102104,C00975,2024-09-01,Electronics,North,1,291.56,0.1,262.4,209.92,0
O108835,C04107,2024-09-02,Fashion,East,1,49.76,0.0,49.76,22.39,1
O102458,C01142,2024-09-02,Home & Kitchen,East,1,153.49,0.15,130.47,84.42,1
O106515,C03021,2024-09-02,Electronics,West,1,583.92,0.2,467.14,420.42,0
O112742,C05917,2024-09-02,Fashion,East,2,56.69,0.2,90.7,51.02,0
O107297,C03395,2024-09-02,Sports,East,2,98.07,0.1,176.53,113.76,0
O103397,C01575,2024-09-02,Home & Kitchen,West,1,51.6,0.0,51.6,28.38,0
O101008,C00465,2024-09-02,Sports,East,1,235.96,0.0,235.96,136.86,0
O104474,C02069,2024-09-02,Sports,North,3,200.51,0.15,511.3,348.89,0
O101740,C00808,2024-09-02,Home & Kitchen,East,2,121.03,0.05,229.96,133.13,0
O109506,C04410,2024-09-02,Home & Kitchen,North,1,154.17,0.1,138.75,84.79,0
O102880,C01343,2024-09-02,Home & Kitchen,East,3,60.25,0.0,180.75,99.41,0
O104112,C01900,2024-09-02,Home & Kitchen,East,2,43.69,0.0,87.38,48.06,0
O100464,C00224,2024-09-02,Fashion,East,3,118.88,0.15,303.14,160.49,0
O105919,C02740,2024-09-02,Books,South,1,12.67,0.15,10.77,6.34,0
O111245,C05241,2024-09-02,Fashion,North,1,138.3,0.0,138.3,62.24,0
O100128,C00066,2024-09-02,Home & Kitchen,South,2,83.24,0.0,166.48,91.56,0
O103214,C01494,2024-09-02,Sports,North,1,211.9,0.0,211.9,122.9,0
O105340,C02461,2024-09-02,Beauty,East,2,10.83,0.0,21.66,8.66,0
O106284,C02910,2024-09-02,Fashion,North,1,24.23,0.15,20.6,10.9,0
O103257,C01511,2024-09-02,Books,East,3,13.47,0.05,38.39,20.21,0
O109129,C04245,2024-09-03,Electronics,South,2,323.32,0.0,646.64,465.58,0
O110374,C04818,2024-09-03,Home & Kitchen,East,1,83.2,0.15,70.72,45.76,0
O108300,C03859,2024-09-03,Fashion,North,1,124.67,0.05,118.44,56.1,0
O101057,C00487,2024-09-03,Beauty,East,2,69.29,0.1,124.72,55.43,0
O107730,C03607,2024-09-03,Fashion,West,1,40.52,0.0,40.52,18.23,0
O109704,C04500,2024-09-03,Sports,North,2,214.39,0.0,428.78,248.69,0
O103573,C01647,2024-09-03,Home & Kitchen,West,3,143.25,0.0,429.75,236.36,0
O109532,C04418,2024-09-03,Books,West,2,33.22,0.1,59.8,33.22,0
O103893,C01793,2024-09-03,Sports,North,2,244.73,0.0,489.46,283.89,0
O100342,C00169,2024-09-03,Fashion,North,1,57.91,0.0,57.91,26.06,0
O112232,C05680,2024-09-03,Electronics,East,2,386.33,0.0,772.66,556.32,1
O101723,C00799,2024-09-03,Home & Kitchen,South,1,88.7,0.1,79.83,48.78,0
O107709,C03599,2024-09-03,Sports,North,2,73.13,0.0,146.26,84.83,0
O111489,C05360,2024-09-03,Fashion,North,2,69.92,0.0,139.84,62.93,0
O108604,C04003,2024-09-03,Books,East,1,12.34,0.0,12.34,6.17,0
O111271,C05255,2024-09-03,Books,East,2,8.4,0.15,14.28,8.4,0
O108093,C03770,2024-09-03,Home & Kitchen,South,1,26.45,0.15,22.48,14.55,0
O104995,C02307,2024-09-04,Sports,West,3,65.29,0.1,176.28,113.6,0
O107918,C03694,2024-09-04,Sports,West,3,34.87,0.05,99.38,60.67,0
O110086,C04684,2024-09-04,Books,West,3,20.74,0.3,43.55,31.11,0
O104266,C01976,2024-09-04,Home & Kitchen,South,1,101.03,0.0,101.03,55.57,0
O110292,C04783,2024-09-04,Home & Kitchen,East,2,131.08,0.2,209.73,144.19,0
O106858,C03181,2024-09-04,Fashion,North,1,114.11,0.15,96.99,51.35,0
O111235,C05234,2024-09-04,Beauty,East,3,14.12,0.0,42.36,16.94,0
O108287,C03854,2024-09-04,Home & Kitchen,South,1,116.99,0.2,93.59,64.34,0
O103717,C01711,2024-09-04,Electronics,East,1,391.92,0.0,391.92,282.18,0
O101809,C00844,2024-09-04,Electronics,East,3,364.89,0.0,1094.67,788.16,0
O112880,C05978,2024-09-04,Fashion,West,2,64.13,0.1,115.43,57.72,0
O101564,C00726,2024-09-04,Electronics,East,1,234.09,0.05,222.39,168.54,0
O106066,C02805,2024-09-05,Beauty,East,1,65.2,0.15,55.42,26.08,0
O111349,C05290,2024-09-05,Beauty,North,2,29.33,0.2,46.93,23.46,0
O107705,C03597,2024-09-05,Beauty,North,1,17.49,0.0,17.49,7.0,0
O107539,C03510,2024-09-05,Home & Kitchen,East,2,107.37,0.1,193.27,118.11,0
O109628,C04461,2024-09-05,Fashion,South,2,73.56,0.0,147.12,66.2,1
O112290,C05703,2024-09-05,Beauty,North,1,54.79,0.05,52.05,21.92,0
O105038,C02327,2024-09-05,Books,East,1,29.36,0.0,29.36,14.68,0
O108591,C03996,2024-09-05,Beauty,West,2,42.15,0.2,67.44,33.72,0
O111920,C05549,2024-09-05,Home & Kitchen,East,3,166.36,0.0,499.08,274.49,0
O108098,C03772,2024-09-05,Sports,East,3,193.67,0.3,406.71,336.99,0
O103451,C01596,2024-09-05,Electronics,West,1,334.45,0.0,334.45,240.8,0
O109065,C04218,2024-09-05,Fashion,East,1,64.58,0.0,64.58,29.06,0
O102616,C01216,2024-09-05,Home & Kitchen,North,3,50.43,0.0,151.29,83.21,0
O103842,C01771,2024-09-05,Fashion,East,1,68.33,0.1,61.5,30.75,0
O105515,C02541,2024-09-05,Fashion,West,1,44.63,0.0,44.63,20.08,1
O104045,C01862,2024-09-05,Beauty,West,1,48.47,0.0,48.47,19.39,0
O103900,C01796,2024-09-05,Home & Kitchen,North,1,113.1,0.05,107.44,62.21,0
O109239,C04291,2024-09-05,Sports,South,2,139.46,0.0,278.92,161.77,0
O105398,C02485,2024-09-05,Beauty,West,2,36.64,0.0,73.28,29.31,0
O103880,C01787,2024-09-05,Beauty,South,3,50.74,0.0,152.22,60.89,0
O102087,C00968,2024-09-05,Beauty,North,1,53.17,0.0,53.17,21.27,0
O102895,C01351,2024-09-05,Fashion,North,1,22.78,0.15,19.36,10.25,0
O109150,C04254,2024-09-05,Home & Kitchen,East,1,41.39,0.05,39.32,22.76,0
O105156,C02381,2024-09-05,Books,North,3,21.09,0.0,63.27,31.64,0
O100401,C00197,2024-09-05,Fashion,East,1,76.5,0.05,72.67,34.43,0
O112088,C05621,2024-09-06,Home & Kitchen,West,2,171.97,0.05,326.74,189.17,0
O110806,C05030,2024-09-06,Electronics,East,1,296.88,0.0,296.88,213.75,0
O107976,C03717,2024-09-06,Sports,East,1,106.71,0.0,106.71,61.89,0
O106845,C03174,2024-09-06,Electronics,South,1,255.93,0.05,243.13,184.27,0
O103870,C01782,2024-09-06,Sports,West,3,173.95,0.0,521.85,302.67,0
O105259,C02425,2024-09-06,Fashion,West,3,118.9,0.2,285.36,160.52,0
O107884,C03682,2024-09-06,Home & Kitchen,West,3,45.18,0.0,135.54,74.55,0
O112729,C05912,2024-09-06,Sports,East,1,172.84,0.3,120.99,100.25,0
O108632,C04017,2024-09-06,Beauty,South,3,62.2,0.1,167.94,74.64,0
O109493,C04405,2024-09-06,Beauty,East,3,67.73,0.0,203.19,81.28,0
O112236,C05681,2024-09-06,Fashion,North,1,29.73,0.0,29.73,13.38,0
O100164,C00083,2024-09-06,Home & Kitchen,East,1,169.7,0.1,152.73,93.34,0
O107376,C03434,2024-09-06,Home & Kitchen,West,1,153.25,0.0,153.25,84.29,0
O107560,C03522,2024-09-06,Books,South,2,33.33,0.1,59.99,33.33,0
O110888,C05068,2024-09-06,Books,South,2,17.14,0.05,32.57,17.14,0
O107251,C03373,2024-09-06,Home & Kitchen,West,1,175.05,0.3,122.53,96.28,0
O110612,C04940,2024-09-06,Beauty,East,2,22.6,0.0,45.2,18.08,0
O108622,C04011,2024-09-06,Beauty,North,3,14.53,0.0,43.59,17.44,0
O102113,C00979,2024-09-06,Electronics,South,1,594.72,0.0,594.72,428.2,1
O109181,C04267,2024-09-07,Home & Kitchen,South,1,45.33,0.0,45.33,24.93,0
O107401,C03447,2024-09-07,Electronics,East,3,184.18,0.0,552.54,397.83,1
O109031,C04203,2024-09-07,Electronics,North,2,329.81,0.0,659.62,474.93,0
O110637,C04951,2024-09-07,Fashion,East,2,93.0,0.05,176.7,83.7,0
O102524,C01176,2024-09-07,Fashion,East,1,107.44,0.1,96.7,48.35,0
O105709,C02641,2024-09-07,Fashion,South,3,127.87,0.0,383.61,172.62,0
O111654,C05433,2024-09-07,Home & Kitchen,West,3,111.96,0.05,319.09,184.73,1
O106234,C02885,2024-09-07,Home & Kitchen,South,3,71.06,0.05,202.52,117.25,0
O103903,C01798,2024-09-07,Home & Kitchen,South,2,37.52,0.15,63.78,41.27,0
O106322,C02928,2024-09-07,Beauty,West,3,27.2,0.2,65.28,32.64,0
O110274,C04777,2024-09-07,Electronics,North,2,204.02,0.05,387.64,293.79,0
O111119,C05174,2024-09-07,Sports,East,2,150.48,0.0,300.96,174.56,1
O112291,C05703,2024-09-07,Home & Kitchen,North,1,102.21,0.05,97.1,56.22,1
O104763,C02200,2024-09-07,Fashion,East,3,97.77,0.2,234.65,131.99,1
O104741,C02193,2024-09-07,Electronics,North,1,290.45,0.1,261.4,209.12,0
O103998,C01842,2024-09-07,Fashion,South,1,132.49,0.2,105.99,59.62,0
O112402,C05757,2024-09-07,Fashion,North,1,136.78,0.0,136.78,61.55,0
O107564,C03524,2024-09-07,Fashion,North,2,47.48,0.0,94.96,42.73,0
O104704,C02175,2024-09-08,Home & Kitchen,North,1,61.87,0.3,43.31,34.03,0
O102973,C01383,2024-09-08,Fashion,North,1,30.79,0.15,26.17,13.86,0
O110586,C04925,2024-09-08,Fashion,West,1,124.48,0.0,124.48,56.02,0
O112304,C05711,2024-09-08,Electronics,East,1,324.46,0.0,324.46,233.61,0
O102402,C01114,2024-09-08,Beauty,East,1,46.84,0.1,42.16,18.74,0
O111339,C05287,2024-09-08,Fashion,South,3,48.08,0.05,137.03,64.91,0
O102139,C00989,2024-09-08,Home & Kitchen,West,1,140.97,0.0,140.97,77.53,0
O105125,C02367,2024-09-08,Fashion,South,3,78.58,0.0,235.74,106.08,0
O107959,C03711,2024-09-08,Fashion,North,1,83.13,0.05,78.97,37.41,0
O109962,C04630,2024-09-08,Fashion,West,1,41.03,0.0,41.03,18.46,0
O103574,C01647,2024-09-08,Sports,West,2,110.55,0.2,176.88,128.24,1
O103111,C01451,2024-09-08,Beauty,West,2,29.56,0.0,59.12,23.65,0
O104576,C02110,2024-09-08,Books,West,3,17.96,0.0,53.88,26.94,0
O109288,C04313,2024-09-08,Sports,South,1,56.01,0.0,56.01,32.49,0
O110668,C04966,2024-09-08,Home & Kitchen,West,1,75.14,0.3,52.6,41.33,0
O104717,C02182,2024-09-08,Sports,South,2,84.53,0.0,169.06,98.05,0
O105411,C02491,2024-09-08,Beauty,South,1,12.88,0.1,11.59,5.15,0
O102226,C01030,2024-09-08,Electronics,West,1,409.01,0.0,409.01,294.49,0
O104571,C02108,2024-09-08,Home & Kitchen,South,2,40.68,0.0,81.36,44.75,0
O108749,C04066,2024-09-08,Beauty,West,2,63.31,0.0,126.62,50.65,0
O108280,C03850,2024-09-09,Home & Kitchen,West,1,38.18,0.0,38.18,21.0,0
O101585,C00735,2024-09-09,Home & Kitchen,North,2,133.13,0.3,186.38,146.44,0
O103481,C01609,2024-09-09,Home & Kitchen,North,2,54.72,0.0,109.44,60.19,0
O109367,C04348,2024-09-09,Sports,South,1,239.96,0.1,215.96,139.18,0
O110889,C05068,2024-09-09,Sports,South,3,246.37,0.0,739.11,428.68,1
O105301,C02443,2024-09-09,Beauty,West,1,17.31,0.0,17.31,6.92,0
O109120,C04241,2024-09-09,Fashion,East,2,77.4,0.2,123.84,69.66,0
O106891,C03196,2024-09-09,Fashion,South,2,51.3,0.0,102.6,46.17,0
O108442,C03928,2024-09-09,Fashion,West,3,124.71,0.0,374.13,168.36,0
O106652,C03086,2024-09-09,Fashion,West,2,93.75,0.0,187.5,84.38,0
O110677,C04969,2024-09-09,Beauty,North,3,66.19,0.0,198.57,79.43,0
O100795,C00371,2024-09-09,Beauty,West,1,20.5,0.0,20.5,8.2,0
O104175,C01929,2024-09-09,Electronics,East,2,388.36,0.0,776.72,559.24,0
O103693,C01699,2024-09-10,Electronics,East,2,561.17,0.0,1122.34,808.08,0
O106583,C03052,2024-09-10,Beauty,East,1,60.89,0.0,60.89,24.36,0
O102660,C01236,2024-09-10,Sports,North,1,137.48,0.0,137.48,79.74,0
O101991,C00925,2024-09-10,Sports,North,2,167.72,0.0,335.44,194.56,1
O109835,C04566,2024-09-10,Beauty,West,1,47.16,0.0,47.16,18.86,0
O102014,C00933,2024-09-10,Electronics,East,2,176.54,0.0,353.08,254.22,0
O105553,C02562,2024-09-10,Home & Kitchen,South,2,167.4,0.0,334.8,184.14,0
O108970,C04174,2024-09-10,Books,East,1,20.66,0.1,18.59,10.33,0
O103023,C01407,2024-09-10,Beauty,West,1,31.8,0.3,22.26,12.72,0
O109569,C04439,2024-09-10,Beauty,North,3,65.58,0.05,186.9,78.7,0
O110484,C04875,2024-09-10,Books,East,2,32.53,0.0,65.06,32.53,0
O110672,C04968,2024-09-10,Beauty,West,1,23.83,0.0,23.83,9.53,0
O103390,C01572,2024-09-10,Beauty,West,1,16.67,0.0,16.67,6.67,0
O105375,C02474,2024-09-10,Fashion,North,1,103.99,0.05,98.79,46.8,1
O102968,C01382,2024-09-10,Sports,South,1,194.99,0.0,194.99,113.09,0
O109722,C04509,2024-09-11,Beauty,East,2,42.8,0.15,72.76,34.24,0
O105814,C02687,2024-09-11,Sports,North,2,150.35,0.05,285.66,174.41,0
O111924,C05552,2024-09-11,Sports,East,2,197.07,0.0,394.14,228.6,0
O109494,C04405,2024-09-11,Sports,East,2,86.22,0.0,172.44,100.02,0
O111684,C05446,2024-09-11,Books,North,1,11.28,0.2,9.02,5.64,0
O102942,C01372,2024-09-11,Electronics,North,3,437.02,0.2,1048.85,943.96,0
O110298,C04786,2024-09-11,Electronics,West,1,356.76,0.0,356.76,256.87,0
O102265,C01047,2024-09-11,Sports,North,2,211.47,0.1,380.65,245.31,0
O101602,C00744,2024-09-11,Beauty,East,2,63.25,0.0,126.5,50.6,0
O106426,C02975,2024-09-11,Sports,West,3,170.73,0.0,512.19,297.07,0
O103857,C01776,2024-09-11,Books,North,3,36.67,0.05,104.51,55.0,0
O111353,C05293,2024-09-11,Fashion,South,2,92.55,0.0,185.1,83.3,0
O102312,C01072,2024-09-11,Home & Kitchen,East,3,32.75,0.05,93.34,54.04,0
O106617,C03069,2024-09-11,Sports,South,1,108.17,0.0,108.17,62.74,0
O111956,C05568,2024-09-12,Home & Kitchen,South,1,176.6,0.0,176.6,97.13,0
O111217,C05229,2024-09-12,Home & Kitchen,West,1,72.68,0.0,72.68,39.97,0
O104203,C01944,2024-09-12,Home & Kitchen,West,2,126.79,0.0,253.58,139.47,0
O104900,C02265,2024-09-12,Fashion,South,1,71.99,0.0,71.99,32.4,0
O105598,C02585,2024-09-12,Electronics,East,2,334.97,0.0,669.94,482.36,0
O102419,C01123,2024-09-12,Home & Kitchen,West,1,92.18,0.0,92.18,50.7,0
O111610,C05411,2024-09-12,Fashion,East,3,43.11,0.0,129.33,58.2,0
O109608,C04456,2024-09-12,Books,East,2,13.98,0.0,27.96,13.98,0
O104941,C02282,2024-09-12,Electronics,South,2,339.46,0.1,611.03,488.82,0
O109975,C04635,2024-09-12,Fashion,North,2,91.66,0.0,183.32,82.49,0
O107417,C03454,2024-09-12,Sports,North,1,107.96,0.05,102.56,62.62,0
O104169,C01925,2024-09-12,Sports,South,1,189.32,0.0,189.32,109.81,0
O106116,C02827,2024-09-12,Electronics,East,1,171.16,0.0,171.16,123.24,1
O100947,C00439,2024-09-12,Books,North,1,21.16,0.0,21.16,10.58,0
O107582,C03529,2024-09-12,Fashion,East,1,121.97,0.15,103.67,54.89,0
O102917,C01360,2024-09-12,Beauty,East,1,27.96,0.2,22.37,11.18,0
O110833,C05041,2024-09-12,Fashion,North,1,111.21,0.05,105.65,50.04,0
O109773,C04537,2024-09-12,Electronics,East,1,457.69,0.0,457.69,329.54,0
O110132,C04706,2024-09-13,Home & Kitchen,East,2,150.66,0.15,256.12,165.73,1
O108094,C03770,2024-09-13,Beauty,South,1,19.81,0.0,19.81,7.92,0
O108273,C03848,2024-09-13,Fashion,South,2,87.28,0.0,174.56,78.55,0
O103976,C01831,2024-09-13,Home & Kitchen,East,2,46.01,0.1,82.82,50.61,0
O109656,C04476,2024-09-13,Books,East,3,19.2,0.0,57.6,28.8,0
O104122,C01905,2024-09-13,Home & Kitchen,East,1,170.31,0.2,136.25,93.67,0
O110665,C04964,2024-09-13,Fashion,East,2,115.01,0.05,218.52,103.51,0
O102826,C01312,2024-09-13,Electronics,East,1,317.93,0.0,317.93,228.91,0
O111638,C05424,2024-09-13,Sports,West,1,44.47,0.05,42.25,25.79,0
O103639,C01677,2024-09-13,Fashion,North,3,135.53,0.0,406.59,182.97,0
O103658,C01685,2024-09-13,Electronics,West,1,219.61,0.05,208.63,158.12,0
O111682,C05445,2024-09-13,Books,West,3,34.42,0.1,92.93,51.63,0
O110398,C04831,2024-09-13,Home & Kitchen,West,1,110.02,0.2,88.02,60.51,0
O108293,C03857,2024-09-13,Sports,North,3,165.8,0.2,397.92,288.49,0
O107760,C03620,2024-09-13,Fashion,North,1,123.69,0.0,123.69,55.66,0
O106469,C02998,2024-09-13,Sports,West,1,165.6,0.1,149.04,96.05,0
O110080,C04681,2024-09-13,Home & Kitchen,West,1,141.43,0.0,141.43,77.79,0
O107316,C03407,2024-09-13,Books,West,2,37.94,0.0,75.88,37.94,0
O107012,C03257,2024-09-13,Beauty,East,1,60.52,0.15,51.44,24.21,1
O105611,C02590,2024-09-13,Sports,East,3,244.7,0.0,734.1,425.78,0
O110537,C04901,2024-09-13,Home & Kitchen,South,2,46.94,0.15,79.8,51.63,0
O101834,C00855,2024-09-14,Sports,East,1,37.86,0.15,32.18,21.96,0
O100343,C00169,2024-09-14,Home & Kitchen,North,1,154.65,0.0,154.65,85.06,0
O104484,C02074,2024-09-14,Fashion,East,3,113.15,0.05,322.48,152.75,0
O105833,C02697,2024-09-14,Electronics,North,1,183.27,0.2,146.62,131.95,0
O108976,C04176,2024-09-14,Home & Kitchen,North,2,144.39,0.15,245.46,158.83,0
O100678,C00321,2024-09-14,Beauty,North,2,19.28,0.0,38.56,15.42,0
O109693,C04495,2024-09-14,Home & Kitchen,West,3,84.45,0.2,202.68,139.34,0
O111249,C05245,2024-09-14,Sports,West,2,113.93,0.0,227.86,132.16,0
O102907,C01357,2024-09-14,Fashion,West,1,31.35,0.0,31.35,14.11,0
O101012,C00467,2024-09-14,Books,East,1,27.59,0.2,22.07,13.8,0
O102492,C01160,2024-09-14,Home & Kitchen,North,1,170.99,0.0,170.99,94.04,0
O106080,C02812,2024-09-14,Fashion,North,1,80.49,0.15,68.42,36.22,0
O106707,C03106,2024-09-14,Beauty,West,2,14.74,0.3,20.64,11.79,0
O106587,C03054,2024-09-14,Beauty,North,1,29.24,0.0,29.24,11.7,0
O100339,C00167,2024-09-14,Home & Kitchen,North,1,169.28,0.1,152.35,93.1,0
O109187,C04269,2024-09-14,Electronics,West,2,534.67,0.1,962.41,769.92,0
O107385,C03437,2024-09-14,Beauty,East,1,12.19,0.1,10.97,4.88,0
O110199,C04738,2024-09-15,Fashion,South,2,87.55,0.0,175.1,78.8,1
O108049,C03745,2024-09-15,Beauty,North,1,39.65,0.15,33.7,15.86,0
O107624,C03558,2024-09-15,Fashion,North,1,40.74,0.0,40.74,18.33,0
O102450,C01138,2024-09-15,Beauty,West,1,62.24,0.0,62.24,24.9,0
O109153,C04255,2024-09-15,Books,East,2,36.6,0.2,58.56,36.6,0
O112627,C05859,2024-09-15,Home & Kitchen,North,1,146.3,0.0,146.3,80.47,0
O103299,C01528,2024-09-15,Beauty,East,1,13.02,0.05,12.37,5.21,0
O108988,C04182,2024-09-15,Sports,South,1,93.76,0.0,93.76,54.38,0
O100393,C00194,2024-09-15,Sports,East,2,56.39,0.0,112.78,65.41,0
O106690,C03101,2024-09-15,Fashion,East,1,106.04,0.1,95.44,47.72,0
O105294,C02441,2024-09-15,Fashion,North,1,104.36,0.15,88.71,46.96,0
O110779,C05017,2024-09-15,Home & Kitchen,East,1,178.66,0.0,178.66,98.26,0
O106494,C03011,2024-09-15,Fashion,East,2,61.76,0.0,123.52,55.58,0
O110200,C04739,2024-09-15,Electronics,North,1,206.97,0.0,206.97,149.02,0
O111906,C05543,2024-09-15,Home & Kitchen,South,1,94.86,0.2,75.89,52.17,0
O106943,C03222,2024-09-15,Electronics,North,2,547.91,0.15,931.45,788.99,1
O100017,C00007,2024-09-15,Books,East,1,22.13,0.0,22.13,11.06,0
O106923,C03213,2024-09-15,Electronics,South,3,334.7,0.0,1004.1,722.95,0
O109013,C04192,2024-09-15,Fashion,North,1,126.42,0.0,126.42,56.89,0
O110814,C05033,2024-09-16,Home & Kitchen,East,1,175.05,0.0,175.05,96.28,0
O101937,C00901,2024-09-16,Sports,North,2,206.37,0.0,412.74,239.39,0
O104945,C02283,2024-09-16,Home & Kitchen,West,2,169.95,0.0,339.9,186.94,0
O108507,C03960,2024-09-16,Electronics,West,2,193.55,0.0,387.1,278.71,0
O108684,C04036,2024-09-16,Beauty,East,1,24.86,0.3,17.4,9.94,0
O109090,C04229,2024-09-16,Sports,North,1,179.88,0.0,179.88,104.33,0
O106801,C03152,2024-09-16,Beauty,East,1,13.75,0.2,11.0,5.5,0
O111103,C05165,2024-09-16,Beauty,South,2,15.37,0.0,30.74,12.3,0
O110693,C04978,2024-09-16,Electronics,West,1,548.34,0.1,493.51,394.8,0
O105002,C02309,2024-09-16,Home & Kitchen,North,1,135.43,0.0,135.43,74.49,0
O104736,C02191,2024-09-16,Fashion,East,3,119.25,0.1,321.98,160.99,0
O100087,C00044,2024-09-16,Fashion,South,1,81.25,0.0,81.25,36.56,0
O110844,C05046,2024-09-16,Home & Kitchen,North,2,148.87,0.0,297.74,163.76,0
O106618,C03069,2024-09-16,Electronics,South,1,373.81,0.0,373.81,269.14,1
O106824,C03164,2024-09-17,Beauty,East,3,59.45,0.0,178.35,71.34,0
O105399,C02486,2024-09-17,Fashion,West,2,118.98,0.0,237.96,107.08,0
O106689,C03100,2024-09-17,Home & Kitchen,North,2,147.53,0.1,265.55,162.28,0
O108252,C03835,2024-09-17,Beauty,South,1,35.22,0.2,28.18,14.09,0
O107013,C03257,2024-09-17,Home & Kitchen,East,1,26.97,0.0,26.97,14.83,0
O106726,C03115,2024-09-17,Beauty,South,1,38.43,0.15,32.67,15.37,0
O101957,C00909,2024-09-17,Home & Kitchen,East,1,169.97,0.0,169.97,93.48,0
O100289,C00139,2024-09-17,Beauty,East,2,27.27,0.0,54.54,21.82,0
O103440,C01592,2024-09-17,Home & Kitchen,South,2,109.46,0.1,197.03,120.41,0
O101292,C00593,2024-09-17,Home & Kitchen,West,1,33.55,0.3,23.48,18.45,0
O100554,C00268,2024-09-17,Home & Kitchen,East,2,55.29,0.05,105.05,60.82,0
O110036,C04663,2024-09-17,Fashion,East,2,40.74,0.0,81.48,36.67,0
O111252,C05246,2024-09-17,Fashion,North,1,96.55,0.0,96.55,43.45,0
O101129,C00521,2024-09-18,Books,East,1,33.78,0.0,33.78,16.89,0
O105041,C02328,2024-09-18,Fashion,West,2,106.12,0.1,191.02,95.51,0
O109764,C04532,2024-09-18,Beauty,North,1,69.43,0.0,69.43,27.77,0
O107676,C03584,2024-09-18,Beauty,North,2,14.06,0.1,25.31,11.25,0
O102925,C01363,2024-09-18,Electronics,East,1,548.74,0.0,548.74,395.09,0
O108366,C03888,2024-09-18,Books,North,1,33.9,0.1,30.51,16.95,0
O105137,C02370,2024-09-18,Fashion,South,1,67.9,0.0,67.9,30.56,1
O107692,C03591,2024-09-18,Home & Kitchen,North,1,120.36,0.05,114.34,66.2,0
O109365,C04347,2024-09-18,Home & Kitchen,South,1,104.68,0.0,104.68,57.57,0
O109668,C04482,2024-09-18,Beauty,West,1,43.0,0.0,43.0,17.2,0
O102726,C01271,2024-09-18,Books,West,2,21.36,0.3,29.9,21.36,0
O107402,C03447,2024-09-18,Fashion,East,3,95.2,0.05,271.32,128.52,0
O103234,C01502,2024-09-18,Home & Kitchen,South,2,106.48,0.1,191.66,117.13,0
O100803,C00374,2024-09-19,Home & Kitchen,North,1,158.67,0.0,158.67,87.27,0
O112623,C05858,2024-09-19,Beauty,West,1,52.16,0.0,52.16,20.86,0
O100402,C00197,2024-09-19,Beauty,East,1,27.51,0.05,26.13,11.0,0
O104765,C02201,2024-09-19,Electronics,North,2,404.37,0.0,808.74,582.29,1
O108217,C03821,2024-09-19,Sports,East,2,226.63,0.0,453.26,262.89,0
O112200,C05667,2024-09-19,Beauty,South,1,16.18,0.15,13.75,6.47,0
O109737,C04517,2024-09-19,Electronics,West,2,228.66,0.05,434.45,329.27,0
O108040,C03741,2024-09-19,Books,East,2,13.81,0.0,27.62,13.81,0
O109836,C04566,2024-09-19,Beauty,West,1,18.27,0.0,18.27,7.31,0
O106521,C03025,2024-09-19,Home & Kitchen,West,1,88.29,0.0,88.29,48.56,0
O107479,C03482,2024-09-19,Beauty,South,2,37.57,0.1,67.63,30.06,0
O103812,C01757,2024-09-19,Electronics,South,2,464.66,0.3,650.52,669.11,0
O112515,C05806,2024-09-19,Fashion,East,1,40.12,0.05,38.11,18.05,0
O111204,C05220,2024-09-19,Beauty,West,1,53.73,0.05,51.04,21.49,1
O104959,C02292,2024-09-19,Fashion,South,2,117.47,0.3,164.46,105.72,0
O100050,C00022,2024-09-19,Home & Kitchen,East,2,50.08,0.2,80.13,55.09,0
O107325,C03411,2024-09-20,Books,North,1,30.63,0.0,30.63,15.32,0
O112881,C05978,2024-09-20,Fashion,West,1,135.28,0.0,135.28,60.88,0
O103085,C01435,2024-09-20,Books,East,2,16.7,0.3,23.38,16.7,0
O107439,C03465,2024-09-20,Fashion,East,2,110.16,0.0,220.32,99.14,1
O102258,C01044,2024-09-20,Fashion,West,2,93.12,0.1,167.62,83.81,0
O108851,C04115,2024-09-20,Home & Kitchen,West,1,103.67,0.0,103.67,57.02,0
O101835,C00855,2024-09-20,Home & Kitchen,East,3,64.31,0.0,192.93,106.11,0
O103477,C01607,2024-09-20,Fashion,West,1,117.98,0.1,106.18,53.09,0
O111621,C05417,2024-09-20,Sports,West,1,172.41,0.0,172.41,100.0,0
O112024,C05596,2024-09-20,Home & Kitchen,East,3,136.94,0.0,410.82,225.95,0
O104200,C01942,2024-09-20,Beauty,North,1,35.04,0.0,35.04,14.02,0
O104809,C02220,2024-09-20,Beauty,North,1,46.45,0.15,39.48,18.58,0
O101376,C00630,2024-09-20,Electronics,North,2,366.51,0.0,733.02,527.77,1
O111522,C05373,2024-09-20,Beauty,North,2,24.04,0.0,48.08,19.23,0
O105607,C02588,2024-09-20,Beauty,South,3,41.21,0.1,111.27,49.45,0
O104438,C02053,2024-09-20,Fashion,East,1,87.58,0.15,74.44,39.41,0
O105603,C02587,2024-09-20,Sports,East,1,97.66,0.0,97.66,56.64,0
O100132,C00068,2024-09-20,Electronics,North,1,552.81,0.05,525.17,398.02,0
O108151,C03791,2024-09-20,Electronics,South,2,344.15,0.3,481.81,495.58,1
O109375,C04350,2024-09-20,Sports,North,2,36.27,0.1,65.29,42.07,0
O107315,C03406,2024-09-20,Beauty,East,1,38.73,0.3,27.11,15.49,0
O103848,C01773,2024-09-20,Home & Kitchen,North,2,143.19,0.05,272.06,157.51,0
O106710,C03108,2024-09-20,Fashion,North,2,71.67,0.0,143.34,64.5,0
O106691,C03101,2024-09-20,Home & Kitchen,East,1,58.84,0.0,58.84,32.36,0
O108241,C03830,2024-09-20,Home & Kitchen,East,3,176.15,0.1,475.61,290.65,0
O108785,C04079,2024-09-20,Home & Kitchen,North,1,57.59,0.0,57.59,31.67,0
O101078,C00498,2024-09-20,Sports,East,1,216.78,0.0,216.78,125.73,0
O106146,C02839,2024-09-20,Electronics,South,1,499.69,0.0,499.69,359.78,0
O100413,C00201,2024-09-20,Beauty,East,3,55.75,0.0,167.25,66.9,0
O107551,C03515,2024-09-20,Beauty,North,3,15.14,0.0,45.42,18.17,0
O100022,C00009,2024-09-21,Sports,North,1,77.15,0.05,73.29,44.75,0
O108711,C04048,2024-09-21,Books,South,1,24.66,0.0,24.66,12.33,0
O112871,C05974,2024-09-21,Electronics,North,3,392.54,0.0,1177.62,847.89,1
O110067,C04676,2024-09-21,Books,East,1,19.79,0.15,16.82,9.9,0
O111110,C05169,2024-09-21,Sports,North,2,96.79,0.1,174.22,112.28,0
O106072,C02807,2024-09-21,Sports,East,1,146.48,0.05,139.16,84.96,0
O106992,C03248,2024-09-21,Electronics,West,1,195.78,0.1,176.2,140.96,0
O109551,C04427,2024-09-21,Home & Kitchen,West,1,92.84,0.3,64.99,51.06,0
O102273,C01052,2024-09-21,Beauty,East,1,23.25,0.0,23.25,9.3,0
O101609,C00746,2024-09-21,Sports,East,2,196.85,0.0,393.7,228.35,0
O107174,C03333,2024-09-21,Books,East,3,11.87,0.1,32.05,17.8,0
O108777,C04076,2024-09-21,Home & Kitchen,South,1,119.51,0.3,83.66,65.73,0
O108313,C03863,2024-09-21,Home & Kitchen,North,1,36.93,0.15,31.39,20.31,1
O105971,C02763,2024-09-21,Home & Kitchen,East,2,85.1,0.05,161.69,93.61,1
O102049,C00951,2024-09-21,Home & Kitchen,South,1,113.3,0.05,107.63,62.32,0
O112734,C05914,2024-09-21,Home & Kitchen,South,1,134.57,0.0,134.57,74.01,1
O106825,C03164,2024-09-22,Home & Kitchen,East,1,114.47,0.0,114.47,62.96,1
O106755,C03131,2024-09-22,Home & Kitchen,South,1,161.27,0.0,161.27,88.7,0
O104419,C02045,2024-09-22,Beauty,North,1,42.74,0.0,42.74,17.1,0
O103308,C01531,2024-09-22,Electronics,East,3,191.75,0.05,546.49,414.18,0
O101591,C00738,2024-09-22,Fashion,East,1,137.34,0.15,116.74,61.8,0
O105978,C02767,2024-09-22,Home & Kitchen,South,3,142.06,0.05,404.87,234.4,0
O110269,C04773,2024-09-22,Sports,North,1,192.56,0.0,192.56,111.68,0
O106930,C03216,2024-09-22,Electronics,North,2,157.0,0.2,251.2,226.08,1
O105388,C02480,2024-09-22,Beauty,West,1,43.29,0.05,41.13,17.32,0
O104557,C02103,2024-09-22,Books,North,2,29.63,0.0,59.26,29.63,0
O109573,C04442,2024-09-22,Home & Kitchen,West,2,49.54,0.1,89.17,54.49,0
O109297,C04316,2024-09-22,Electronics,North,2,558.46,0.1,1005.23,804.18,0
O109448,C04383,2024-09-22,Electronics,West,1,138.93,0.0,138.93,100.03,0
O102259,C01044,2024-09-22,Beauty,West,2,47.52,0.1,85.54,38.02,0
O109971,C04634,2024-09-22,Books,East,1,22.68,0.0,22.68,11.34,0
O101484,C00685,2024-09-22,Fashion,North,3,102.15,0.0,306.45,137.9,0
O103659,C01685,2024-09-22,Fashion,West,3,80.39,0.0,241.17,108.53,0
O100836,C00393,2024-09-22,Books,West,2,33.97,0.2,54.35,33.97,0
O108123,C03781,2024-09-22,Home & Kitchen,South,2,154.0,0.15,261.8,169.4,0
O111622,C05417,2024-09-23,Beauty,West,1,29.61,0.1,26.65,11.84,0
O107933,C03699,2024-09-23,Home & Kitchen,East,1,73.6,0.0,73.6,40.48,1
O108654,C04026,2024-09-23,Home & Kitchen,East,2,128.08,0.0,256.16,140.89,0
O100699,C00332,2024-09-23,Electronics,North,1,536.6,0.1,482.94,386.35,0
O106250,C02893,2024-09-23,Fashion,East,2,110.47,0.05,209.89,99.42,0
O109262,C04301,2024-09-23,Sports,South,1,145.71,0.15,123.85,84.51,0
O108076,C03761,2024-09-23,Home & Kitchen,North,2,128.56,0.0,257.12,141.42,0
O108726,C04056,2024-09-23,Fashion,South,1,59.99,0.0,59.99,27.0,0
O100917,C00426,2024-09-23,Beauty,East,2,55.59,0.3,77.83,44.47,0
O112209,C05671,2024-09-23,Books,North,1,19.21,0.0,19.21,9.6,0
O107909,C03690,2024-09-23,Beauty,South,1,36.46,0.0,36.46,14.58,0
O106653,C03086,2024-09-23,Beauty,West,1,51.57,0.0,51.57,20.63,0
O106820,C03163,2024-09-23,Fashion,South,2,114.47,0.1,206.05,103.02,0
O102154,C00998,2024-09-23,Electronics,South,1,306.29,0.1,275.66,220.53,0
O106892,C03196,2024-09-24,Beauty,South,1,16.55,0.05,15.72,6.62,0
O105815,C02687,2024-09-24,Beauty,North,1,20.04,0.05,19.04,8.02,0
O100133,C00068,2024-09-24,Fashion,North,1,97.41,0.1,87.67,43.83,0
O104605,C02126,2024-09-24,Beauty,North,1,21.15,0.0,21.15,8.46,0
O105959,C02759,2024-09-24,Beauty,North,1,13.05,0.1,11.75,5.22,0
O105519,C02544,2024-09-24,Sports,East,2,43.29,0.05,82.25,50.22,0
O103374,C01563,2024-09-24,Fashion,North,2,20.54,0.0,41.08,18.49,0
O101603,C00744,2024-09-24,Electronics,East,1,168.35,0.0,168.35,121.21,0
O101224,C00566,2024-09-24,Home & Kitchen,West,3,54.73,0.0,164.19,90.3,0
O109976,C04635,2024-09-24,Home & Kitchen,North,1,123.28,0.15,104.79,67.8,0
O110653,C04958,2024-09-24,Electronics,North,3,506.61,0.0,1519.83,1094.28,1
O101967,C00913,2024-09-24,Electronics,West,2,142.34,0.0,284.68,204.97,1
O100492,C00239,2024-09-24,Sports,South,1,106.86,0.0,106.86,61.98,0
O110133,C04706,2024-09-24,Sports,East,1,170.11,0.0,170.11,98.66,0
O110547,C04905,2024-09-24,Home & Kitchen,West,1,163.35,0.0,163.35,89.84,0
O101690,C00784,2024-09-24,Books,North,1,29.42,0.0,29.42,14.71,0
O108481,C03948,2024-09-24,Home & Kitchen,East,3,168.68,0.1,455.44,278.32,0
O108617,C04009,2024-09-24,Home & Kitchen,North,3,151.54,0.15,386.43,250.04,0
O111005,C05125,2024-09-25,Books,West,1,31.6,0.0,31.6,15.8,0
O101977,C00919,2024-09-25,Home & Kitchen,East,2,90.42,0.0,180.84,99.46,0
O102718,C01268,2024-09-25,Home & Kitchen,West,2,163.17,0.2,261.07,179.49,0
O102991,C01391,2024-09-25,Beauty,North,2,49.29,0.0,98.58,39.43,0
O104246,C01967,2024-09-25,Sports,South,1,80.8,0.1,72.72,46.86,0
O103237,C01504,2024-09-25,Beauty,South,2,59.39,0.0,118.78,47.51,0
O108758,C04070,2024-09-25,Sports,East,3,142.12,0.0,426.36,247.29,0
O106297,C02920,2024-09-25,Fashion,South,1,80.34,0.0,80.34,36.15,0
O105599,C02585,2024-09-25,Electronics,East,1,418.46,0.0,418.46,301.29,0
O104171,C01927,2024-09-25,Fashion,North,1,31.16,0.0,31.16,14.02,0
O102478,C01151,2024-09-25,Beauty,North,3,24.56,0.0,73.68,29.47,0
O108674,C04033,2024-09-25,Electronics,North,1,277.25,0.2,221.8,199.62,0
O101382,C00634,2024-09-25,Beauty,South,3,27.13,0.05,77.32,32.56,0
O108809,C04093,2024-09-25,Beauty,West,2,52.89,0.0,105.78,42.31,0
O106487,C03006,2024-09-25,Home & Kitchen,South,2,44.16,0.0,88.32,48.58,0
O107869,C03677,2024-09-25,Electronics,South,3,400.62,0.0,1201.86,865.34,0
O109609,C04456,2024-09-25,Beauty,East,1,19.11,0.0,19.11,7.64,0
O106952,C03228,2024-09-25,Home & Kitchen,South,2,166.98,0.1,300.56,183.68,0
O107353,C03424,2024-09-25,Beauty,East,2,29.95,0.0,59.9,23.96,0
O105566,C02569,2024-09-26,Home & Kitchen,North,1,144.25,0.0,144.25,79.34,0
O108025,C03735,2024-09-26,Electronics,North,2,157.95,0.1,284.31,227.45,0
O104645,C02145,2024-09-26,Beauty,South,3,69.17,0.0,207.51,83.0,0
O107503,C03493,2024-09-26,Beauty,West,1,67.79,0.0,67.79,27.12,0
O105407,C02490,2024-09-26,Fashion,East,1,79.25,0.0,79.25,35.66,0
O105208,C02407,2024-09-26,Beauty,South,2,64.07,0.0,128.14,51.26,0
O103008,C01400,2024-09-26,Home & Kitchen,East,2,178.03,0.0,356.06,195.83,0
O110228,C04750,2024-09-26,Sports,West,1,184.84,0.3,129.39,107.21,0
O112241,C05683,2024-09-26,Sports,East,2,81.71,0.05,155.25,94.78,0
O105266,C02428,2024-09-26,Electronics,West,3,169.61,0.0,508.83,366.36,1
O111006,C05125,2024-09-26,Books,West,2,26.89,0.0,53.78,26.89,0
O101110,C00510,2024-09-26,Books,North,1,38.38,0.15,32.62,19.19,0
O100814,C00379,2024-09-26,Sports,South,1,47.17,0.0,47.17,27.36,0
O106968,C03237,2024-09-26,Home & Kitchen,South,1,96.3,0.0,96.3,52.96,0
O106235,C02885,2024-09-26,Sports,South,1,92.8,0.0,92.8,53.82,0
O110119,C04700,2024-09-26,Electronics,East,2,285.78,0.0,571.56,411.52,0
O101659,C00770,2024-09-26,Sports,East,1,44.67,0.0,44.67,25.91,0
O100624,C00301,2024-09-27,Sports,West,3,171.35,0.05,488.35,298.15,0
O110375,C04818,2024-09-27,Fashion,East,1,86.2,0.0,86.2,38.79,0
O109610,C04456,2024-09-27,Home & Kitchen,East,2,96.98,0.05,184.26,106.68,0
O108971,C04174,2024-09-27,Beauty,East,1,56.78,0.05,53.94,22.71,0
O106969,C03237,2024-09-27,Electronics,South,1,401.74,0.3,281.22,289.25,0
O104032,C01857,2024-09-27,Beauty,South,2,26.96,0.0,53.92,21.57,0
O101651,C00765,2024-09-27,Beauty,North,1,55.68,0.1,50.11,22.27,0
O104934,C02279,2024-09-27,Beauty,North,2,46.17,0.0,92.34,36.94,0
O108517,C03964,2024-09-27,Electronics,South,1,353.15,0.15,300.18,254.27,0
O108633,C04017,2024-09-27,Electronics,South,3,343.04,0.1,926.21,740.97,0
O109955,C04626,2024-09-27,Beauty,North,2,14.11,0.0,28.22,11.29,0
O112600,C05851,2024-09-27,Books,South,1,27.03,0.0,27.03,13.52,0
O106165,C02850,2024-09-28,Electronics,East,3,388.04,0.0,1164.12,838.17,0
O102206,C01020,2024-09-28,Beauty,East,2,65.73,0.0,131.46,52.58,0
O112690,C05890,2024-09-28,Home & Kitchen,North,2,65.91,0.15,112.05,72.5,0
O110525,C04893,2024-09-28,Fashion,North,2,63.73,0.0,127.46,57.36,1
O100850,C00397,2024-09-28,Sports,North,2,193.65,0.15,329.2,224.63,0
O103351,C01550,2024-09-28,Sports,South,1,90.81,0.3,63.57,52.67,0
O102227,C01030,2024-09-28,Home & Kitchen,West,1,52.95,0.1,47.66,29.12,0
O109572,C04441,2024-09-28,Electronics,West,2,285.16,0.05,541.8,410.63,0
O105591,C02581,2024-09-28,Sports,East,1,237.13,0.3,165.99,137.54,0
O111154,C05195,2024-09-28,Fashion,West,1,88.45,0.0,88.45,39.8,0
O103991,C01838,2024-09-28,Fashion,North,1,32.35,0.0,32.35,14.56,0
O103946,C01818,2024-09-28,Fashion,East,1,27.7,0.0,27.7,12.46,0
O110037,C04664,2024-09-28,Fashion,West,2,26.44,0.15,44.95,23.8,0
O106605,C03063,2024-09-28,Home & Kitchen,North,3,153.71,0.0,461.13,253.62,0
O107326,C03411,2024-09-28,Fashion,North,2,135.03,0.05,256.56,121.53,0
O111785,C05490,2024-09-28,Sports,East,1,36.62,0.05,34.79,21.24,0
O101225,C00566,2024-09-28,Fashion,West,1,65.26,0.0,65.26,29.37,0
O105764,C02665,2024-09-28,Sports,North,3,120.09,0.3,252.19,208.96,0
O108940,C04159,2024-09-29,Home & Kitchen,North,1,42.01,0.0,42.01,23.11,0
O101372,C00628,2024-09-29,Fashion,East,1,82.62,0.0,82.62,37.18,0
O106678,C03097,2024-09-29,Home & Kitchen,North,2,177.13,0.15,301.12,194.84,0
O103443,C01593,2024-09-29,Fashion,East,1,89.85,0.0,89.85,40.43,0
O109659,C04478,2024-09-29,Electronics,North,1,285.74,0.0,285.74,205.73,0
O110495,C04881,2024-09-29,Home & Kitchen,North,3,146.68,0.0,440.04,242.02,0
O105920,C02740,2024-09-29,Fashion,South,1,72.62,0.05,68.99,32.68,0
O107293,C03394,2024-09-29,Books,North,2,25.52,0.05,48.49,25.52,0
O100379,C00188,2024-09-29,Books,West,1,25.91,0.0,25.91,12.96,0
O102155,C00998,2024-09-29,Fashion,South,3,80.21,0.0,240.63,108.28,0
O102752,C01285,2024-09-29,Electronics,West,1,304.62,0.0,304.62,219.33,0
O107870,C03677,2024-09-29,Sports,South,1,115.73,0.0,115.73,67.12,0
O112259,C05691,2024-09-29,Home & Kitchen,East,2,147.61,0.1,265.7,162.37,0
O109355,C04345,2024-09-29,Books,South,2,30.25,0.05,57.47,30.25,0
O100414,C00201,2024-09-29,Books,East,2,15.29,0.0,30.58,15.29,0
O104393,C02030,2024-09-30,Books,North,1,30.91,0.15,26.27,15.46,0
O111063,C05149,2024-09-30,Fashion,West,1,91.03,0.2,72.82,40.96,1
O105295,C02441,2024-09-30,Home & Kitchen,North,1,53.51,0.0,53.51,29.43,0
O101393,C00638,2024-09-30,Books,North,3,34.71,0.1,93.72,52.06,0
O109590,C04447,2024-09-30,Home & Kitchen,East,2,135.42,0.0,270.84,148.96,0
O100773,C00363,2024-09-30,Home & Kitchen,East,1,113.57,0.05,107.89,62.46,0
O108694,C04040,2024-09-30,Electronics,West,2,212.94,0.1,383.29,306.63,0
O100186,C00094,2024-09-30,Home & Kitchen,West,1,119.09,0.2,95.27,65.5,0
O110681,C04972,2024-09-30,Fashion,North,2,96.62,0.0,193.24,86.96,0
O108490,C03951,2024-09-30,Electronics,East,2,378.31,0.0,756.62,544.77,0
O109412,C04367,2024-09-30,Fashion,North,2,113.98,0.0,227.96,102.58,0
O103988,C01836,2024-09-30,Books,West,1,36.36,0.0,36.36,18.18,0
O107004,C03254,2024-09-30,Fashion,South,1,104.48,0.1,94.03,47.02,0
O105104,C02356,2024-09-30,Home & Kitchen,West,1,68.38,0.15,58.12,37.61,0
O112397,C05754,2024-09-30,Home & Kitchen,West,1,26.16,0.15,22.24,14.39,0
O100105,C00053,2024-09-30,Books,East,1,11.85,0.05,11.26,5.92,0
O109051,C04211,2024-10-01,Home & Kitchen,East,1,107.2,0.2,85.76,58.96,0
O103191,C01483,2024-10-01,Beauty,East,1,65.58,0.0,65.58,26.23,0
O100666,C00315,2024-10-01,Home & Kitchen,South,2,113.72,0.0,227.44,125.09,1
O100834,C00392,2024-10-01,Home & Kitchen,East,2,155.32,0.0,310.64,170.85,0
O106537,C03032,2024-10-01,Books,South,1,16.56,0.0,16.56,8.28,0
O101058,C00487,2024-10-01,Beauty,East,2,30.24,0.0,60.48,24.19,0
O112339,C05728,2024-10-01,Fashion,South,1,74.88,0.1,67.39,33.7,0
O112025,C05596,2024-10-01,Fashion,East,1,29.43,0.1,26.49,13.24,0
O109915,C04607,2024-10-01,Electronics,East,1,513.97,0.0,513.97,370.06,0
O104444,C02056,2024-10-01,Fashion,North,1,135.12,0.0,135.12,60.8,1
O109923,C04612,2024-10-01,Home & Kitchen,East,1,175.94,0.1,158.35,96.77,0
O100124,C00063,2024-10-01,Beauty,North,3,56.94,0.0,170.82,68.33,0
O101331,C00614,2024-10-01,Beauty,West,1,21.05,0.0,21.05,8.42,0
O108029,C03737,2024-10-01,Electronics,North,1,450.7,0.0,450.7,324.5,0
O110939,C05092,2024-10-01,Home & Kitchen,North,3,140.84,0.0,422.52,232.39,0
O111237,C05235,2024-10-01,Home & Kitchen,West,1,152.26,0.0,152.26,83.74,0
O104791,C02210,2024-10-02,Fashion,North,2,81.13,0.0,162.26,73.02,0
O109519,C04413,2024-10-02,Beauty,North,3,14.47,0.0,43.41,17.36,0
O111205,C05220,2024-10-02,Home & Kitchen,West,1,135.46,0.15,115.14,74.5,0
O110636,C04950,2024-10-02,Electronics,West,3,390.94,0.1,1055.54,844.43,0
O110703,C04983,2024-10-02,Sports,West,2,222.27,0.15,377.86,257.83,0
O102897,C01352,2024-10-02,Home & Kitchen,North,1,148.93,0.05,141.48,81.91,0
O110826,C05036,2024-10-02,Beauty,West,1,48.86,0.0,48.86,19.54,1
O109144,C04250,2024-10-02,Fashion,East,2,74.77,0.1,134.59,67.29,0
O103086,C01435,2024-10-02,Fashion,East,1,80.36,0.0,80.36,36.16,0
O110603,C04935,2024-10-02,Electronics,East,1,197.14,0.0,197.14,141.94,0
O103160,C01468,2024-10-02,Fashion,East,2,108.37,0.05,205.9,97.53,0
O102356,C01094,2024-10-02,Beauty,North,2,14.16,0.15,24.07,11.33,0
O103716,C01710,2024-10-02,Fashion,South,1,120.62,0.0,120.62,54.28,1
O109617,C04458,2024-10-02,Sports,West,1,138.33,0.0,138.33,80.23,0
O104558,C02103,2024-10-02,Fashion,North,3,67.89,0.0,203.67,91.65,0
O110428,C04843,2024-10-03,Electronics,North,1,476.81,0.0,476.81,343.3,0
O105574,C02574,2024-10-03,Sports,West,2,155.9,0.0,311.8,180.84,0
O102666,C01237,2024-10-03,Electronics,South,2,197.23,0.0,394.46,284.01,0
O106026,C02787,2024-10-03,Fashion,West,2,135.08,0.1,243.14,121.57,0
O112779,C05934,2024-10-03,Sports,West,2,48.92,0.0,97.84,56.75,0
O103631,C01673,2024-10-03,Fashion,North,3,104.51,0.0,313.53,141.09,0
O109502,C04408,2024-10-03,Electronics,East,1,296.17,0.1,266.55,213.24,0
O110515,C04889,2024-10-03,Home & Kitchen,East,1,86.76,0.3,60.73,47.72,1
O103851,C01774,2024-10-03,Home & Kitchen,South,2,89.1,0.1,160.38,98.01,0
O102642,C01227,2024-10-03,Fashion,East,2,126.19,0.2,201.9,113.57,1
O103733,C01718,2024-10-03,Electronics,East,3,406.19,0.0,1218.57,877.37,0
O109135,C04246,2024-10-03,Fashion,West,3,86.44,0.1,233.39,116.69,0
O110627,C04947,2024-10-03,Electronics,West,3,271.7,0.05,774.34,586.87,0
O106557,C03041,2024-10-03,Home & Kitchen,South,1,61.07,0.15,51.91,33.59,0
O112521,C05810,2024-10-03,Home & Kitchen,West,3,131.38,0.0,394.14,216.78,0
O109548,C04425,2024-10-03,Home & Kitchen,East,1,117.92,0.0,117.92,64.86,0
O111551,C05384,2024-10-03,Fashion,South,2,84.26,0.0,168.52,75.83,1
O109952,C04625,2024-10-03,Books,South,2,19.29,0.2,30.86,19.29,0
O106981,C03242,2024-10-04,Electronics,North,1,240.37,0.0,240.37,173.07,0
O111907,C05543,2024-10-04,Electronics,South,1,158.85,0.2,127.08,114.37,0
O105596,C02583,2024-10-04,Books,South,3,35.74,0.0,107.22,53.61,0
O109675,C04486,2024-10-04,Sports,East,1,135.15,0.0,135.15,78.39,0
O105830,C02696,2024-10-04,Books,South,2,15.94,0.15,27.1,15.94,0
O111323,C05279,2024-10-04,Beauty,West,1,38.13,0.05,36.22,15.25,0
O104082,C01881,2024-10-04,Home & Kitchen,North,3,116.85,0.0,350.55,192.8,0
O111093,C05161,2024-10-04,Books,South,2,21.66,0.1,38.99,21.66,1
O100640,C00307,2024-10-04,Home & Kitchen,North,1,160.74,0.0,160.74,88.41,0
O112222,C05678,2024-10-04,Sports,East,1,121.91,0.0,121.91,70.71,0
O109172,C04262,2024-10-04,Books,West,2,14.72,0.0,29.44,14.72,0
O107585,C03531,2024-10-04,Fashion,North,2,28.72,0.0,57.44,25.85,0
O102357,C01094,2024-10-04,Sports,North,3,32.87,0.0,98.61,57.19,0
O102362,C01095,2024-10-04,Beauty,North,1,53.23,0.0,53.23,21.29,0
O104343,C02008,2024-10-04,Beauty,East,2,41.89,0.0,83.78,33.51,0
O102977,C01385,2024-10-04,Fashion,West,1,28.32,0.05,26.9,12.74,0
O104088,C01883,2024-10-04,Books,East,1,14.58,0.0,14.58,7.29,0
O110319,C04794,2024-10-05,Books,South,2,22.16,0.15,37.67,22.16,0
O104049,C01864,2024-10-05,Home & Kitchen,East,1,160.82,0.0,160.82,88.45,0
O107429,C03460,2024-10-05,Beauty,East,1,31.07,0.15,26.41,12.43,0
O110908,C05076,2024-10-05,Fashion,South,1,114.16,0.0,114.16,51.37,0
O100051,C00022,2024-10-05,Fashion,East,2,20.64,0.0,41.28,18.58,0
O101868,C00873,2024-10-05,Home & Kitchen,North,1,108.22,0.3,75.75,59.52,0
O107787,C03633,2024-10-05,Beauty,West,1,61.17,0.1,55.05,24.47,0
O101148,C00532,2024-10-05,Electronics,North,2,187.71,0.0,375.42,270.3,0
O105675,C02622,2024-10-05,Books,South,2,38.79,0.3,54.31,38.79,0
O108274,C03848,2024-10-05,Home & Kitchen,South,1,137.72,0.15,117.06,75.75,0
O110645,C04955,2024-10-05,Sports,West,3,238.76,0.0,716.28,415.44,0
O110657,C04961,2024-10-05,Home & Kitchen,North,1,112.76,0.0,112.76,62.02,0
O104187,C01937,2024-10-05,Fashion,South,2,70.57,0.05,134.08,63.51,0
O103798,C01748,2024-10-05,Home & Kitchen,East,2,108.28,0.15,184.08,119.11,1
O112682,C05885,2024-10-05,Electronics,South,1,174.03,0.05,165.33,125.3,0
O111398,C05314,2024-10-05,Home & Kitchen,South,1,73.79,0.15,62.72,40.58,0
O111042,C05141,2024-10-06,Fashion,South,1,78.27,0.0,78.27,35.22,0
O105795,C02680,2024-10-06,Electronics,South,2,593.17,0.1,1067.71,854.16,0
O104999,C02308,2024-10-06,Books,South,2,16.06,0.1,28.91,16.06,0
O100214,C00104,2024-10-06,Electronics,East,1,351.42,0.0,351.42,253.02,1
O111706,C05456,2024-10-06,Fashion,North,2,139.49,0.05,265.03,125.54,0
O112534,C05819,2024-10-06,Sports,East,2,72.23,0.0,144.46,83.79,0
O111064,C05149,2024-10-06,Beauty,West,1,57.43,0.1,51.69,22.97,0
O112691,C05890,2024-10-06,Home & Kitchen,North,2,138.99,0.05,264.08,152.89,0
O104801,C02216,2024-10-06,Home & Kitchen,South,1,132.12,0.0,132.12,72.67,0
O111455,C05339,2024-10-06,Home & Kitchen,South,3,105.5,0.0,316.5,174.08,1
O100632,C00303,2024-10-06,Beauty,North,3,49.98,0.0,149.94,59.98,0
O100493,C00239,2024-10-06,Home & Kitchen,South,3,163.79,0.0,491.37,270.25,0
O106137,C02835,2024-10-06,Books,East,1,14.07,0.0,14.07,7.04,0
O110313,C04791,2024-10-06,Books,East,1,17.27,0.1,15.54,8.64,0
O110342,C04803,2024-10-06,Sports,South,1,54.86,0.3,38.4,31.82,0
O100247,C00119,2024-10-06,Fashion,North,2,122.15,0.2,195.44,109.94,0
O105886,C02724,2024-10-06,Electronics,West,2,570.96,0.0,1141.92,822.18,0
O108965,C04171,2024-10-06,Beauty,East,2,43.26,0.0,86.52,34.61,0
O105232,C02415,2024-10-06,Electronics,East,1,337.81,0.2,270.25,243.22,0
O106467,C02997,2024-10-06,Electronics,East,1,352.66,0.05,335.03,253.92,0
O106647,C03084,2024-10-06,Books,North,1,15.81,0.1,14.23,7.9,0
O103845,C01772,2024-10-06,Beauty,South,1,40.79,0.0,40.79,16.32,0
O106162,C02848,2024-10-07,Home & Kitchen,North,1,113.16,0.0,113.16,62.24,0
O109202,C04275,2024-10-07,Sports,East,1,183.45,0.05,174.28,106.4,0
O105735,C02654,2024-10-07,Sports,South,2,154.34,0.15,262.38,179.03,0
O101622,C00749,2024-10-07,Fashion,South,2,124.89,0.0,249.78,112.4,1
O101254,C00576,2024-10-07,Sports,South,1,129.63,0.0,129.63,75.19,0
O102322,C01076,2024-10-07,Home & Kitchen,South,1,159.67,0.0,159.67,87.82,0
O103678,C01694,2024-10-07,Home & Kitchen,West,1,142.94,0.05,135.79,78.62,0
O111711,C05458,2024-10-07,Books,West,1,11.56,0.0,11.56,5.78,0
O108720,C04052,2024-10-07,Beauty,North,1,40.6,0.0,40.6,16.24,0
O101386,C00635,2024-10-07,Electronics,East,1,560.13,0.0,560.13,403.29,0
O104621,C02134,2024-10-07,Fashion,South,1,128.15,0.05,121.74,57.67,0
O100344,C00169,2024-10-07,Sports,North,2,42.06,0.05,79.91,48.79,0
O103009,C01400,2024-10-07,Fashion,East,1,38.88,0.0,38.88,17.5,1
O104774,C02204,2024-10-07,Home & Kitchen,South,3,151.12,0.1,408.02,249.35,0
O111977,C05580,2024-10-07,Beauty,North,1,46.28,0.05,43.97,18.51,0
O110837,C05043,2024-10-07,Fashion,West,3,119.99,0.15,305.97,161.99,0
O110651,C04957,2024-10-07,Fashion,South,3,81.56,0.1,220.21,110.11,0
O109484,C04401,2024-10-07,Sports,East,2,125.63,0.3,175.88,145.73,0
O100623,C00300,2024-10-07,Fashion,North,3,31.6,0.15,80.58,42.66,0
O102739,C01279,2024-10-07,Beauty,South,1,38.95,0.2,31.16,15.58,0
O104354,C02012,2024-10-07,Beauty,East,2,67.69,0.1,121.84,54.15,0
O102506,C01167,2024-10-07,Home & Kitchen,North,2,86.17,0.0,172.34,94.79,0
O110047,C04667,2024-10-08,Books,East,2,21.26,0.0,42.52,21.26,0
O112484,C05793,2024-10-08,Fashion,South,2,57.01,0.0,114.02,51.31,0
O105131,C02369,2024-10-08,Sports,West,1,148.77,0.15,126.45,86.29,0
O112126,C05634,2024-10-08,Fashion,East,2,115.24,0.0,230.48,103.72,0
O107144,C03318,2024-10-08,Fashion,East,1,66.07,0.05,62.77,29.73,0
O103791,C01744,2024-10-08,Books,South,1,21.55,0.2,17.24,10.78,0
O112287,C05702,2024-10-08,Fashion,East,1,41.06,0.2,32.85,18.48,0
O103616,C01666,2024-10-08,Electronics,South,1,448.24,0.1,403.42,322.73,0
O106518,C03023,2024-10-08,Home & Kitchen,North,3,166.16,0.05,473.56,274.16,0
O107440,C03465,2024-10-08,Fashion,East,2,137.55,0.05,261.35,123.8,0
O105614,C02592,2024-10-08,Fashion,East,3,75.73,0.1,204.47,102.24,0
O105186,C02398,2024-10-08,Electronics,South,1,230.42,0.0,230.42,165.9,0
O105086,C02347,2024-10-08,Home & Kitchen,East,1,129.6,0.15,110.16,71.28,0
O103483,C01610,2024-10-08,Fashion,West,2,36.43,0.3,51.0,32.79,0
O111444,C05333,2024-10-08,Home & Kitchen,North,2,139.23,0.0,278.46,153.15,0
O104450,C02059,2024-10-08,Home & Kitchen,East,1,57.76,0.05,54.87,31.77,0
O109520,C04413,2024-10-08,Fashion,North,2,109.6,0.0,219.2,98.64,0
O107313,C03405,2024-10-08,Electronics,North,1,587.0,0.1,528.3,422.64,0
O110013,C04653,2024-10-08,Home & Kitchen,East,2,138.85,0.0,277.7,152.74,0
O102491,C01159,2024-10-08,Fashion,South,2,45.91,0.0,91.82,41.32,0
O106556,C03040,2024-10-08,Home & Kitchen,South,1,177.01,0.05,168.16,97.36,0
O107163,C03329,2024-10-09,Fashion,South,2,138.65,0.0,277.3,124.79,0
O109682,C04490,2024-10-09,Beauty,North,2,43.58,0.15,74.09,34.86,0
O110644,C04954,2024-10-09,Fashion,North,1,37.85,0.0,37.85,17.03,0
O112127,C05634,2024-10-09,Fashion,East,2,74.96,0.0,149.92,67.46,1
O107765,C03623,2024-10-09,Electronics,North,1,491.63,0.0,491.63,353.97,1
O100901,C00419,2024-10-09,Electronics,North,1,270.13,0.15,229.61,194.49,1
O104225,C01956,2024-10-09,Beauty,North,2,22.06,0.0,44.12,17.65,0
O112283,C05700,2024-10-09,Electronics,North,1,486.65,0.05,462.32,350.39,0
O110352,C04809,2024-10-09,Beauty,West,2,11.97,0.05,22.74,9.58,0
O101965,C00912,2024-10-09,Electronics,South,2,265.34,0.2,424.54,382.09,0
O109205,C04277,2024-10-09,Home & Kitchen,South,3,173.72,0.2,416.93,286.64,0
O102298,C01066,2024-10-09,Fashion,East,2,136.96,0.0,273.92,123.26,1
O100394,C00194,2024-10-09,Beauty,East,3,40.74,0.2,97.78,48.89,0
O109147,C04252,2024-10-09,Fashion,East,1,85.0,0.0,85.0,38.25,0
O107298,C03395,2024-10-09,Beauty,East,2,28.44,0.0,56.88,22.75,0
O112810,C05946,2024-10-09,Beauty,East,2,26.74,0.0,53.48,21.39,0
O112331,C05725,2024-10-09,Home & Kitchen,East,1,105.22,0.0,105.22,57.87,0
O104646,C02145,2024-10-09,Home & Kitchen,South,3,128.37,0.0,385.11,211.81,1
O108973,C04175,2024-10-09,Sports,South,2,220.41,0.0,440.82,255.68,0
O103527,C01629,2024-10-09,Beauty,North,1,30.61,0.0,30.61,12.24,0
O108948,C04162,2024-10-09,Books,South,3,16.83,0.1,45.44,25.24,0
O111567,C05391,2024-10-09,Fashion,East,2,116.34,0.0,232.68,104.71,0
O108200,C03815,2024-10-09,Beauty,East,1,69.99,0.0,69.99,28.0,0
O109289,C04313,2024-10-10,Home & Kitchen,South,1,153.31,0.0,153.31,84.32,0
O106830,C03165,2024-10-10,Electronics,West,1,293.99,0.0,293.99,211.67,0
O106832,C03166,2024-10-10,Sports,East,1,74.77,0.0,74.77,43.37,0
O109320,C04326,2024-10-10,Beauty,South,2,42.59,0.0,85.18,34.07,0
O109714,C04506,2024-10-10,Books,East,1,32.74,0.0,32.74,16.37,0
O103734,C01718,2024-10-10,Electronics,East,2,314.35,0.0,628.7,452.66,0
O112508,C05805,2024-10-10,Home & Kitchen,East,3,64.45,0.0,193.35,106.34,0
O103444,C01593,2024-10-10,Home & Kitchen,East,3,95.24,0.3,200.0,157.15,0
O108946,C04161,2024-10-10,Home & Kitchen,East,1,65.1,0.1,58.59,35.8,0
O104813,C02222,2024-10-10,Electronics,East,3,126.74,0.0,380.22,273.76,0
O111354,C05293,2024-10-10,Home & Kitchen,South,1,147.39,0.05,140.02,81.06,0
O112819,C05951,2024-10-10,Fashion,South,2,91.47,0.15,155.5,82.32,0
O103269,C01515,2024-10-10,Sports,North,3,217.11,0.0,651.33,377.77,0
O102183,C01013,2024-10-10,Fashion,West,1,34.5,0.1,31.05,15.52,0
O103079,C01432,2024-10-11,Fashion,West,2,82.29,0.0,164.58,74.06,0
O104690,C02167,2024-10-11,Home & Kitchen,South,1,145.63,0.1,131.07,80.1,0
O104011,C01847,2024-10-11,Sports,North,2,123.25,0.1,221.85,142.97,0
O110976,C05110,2024-10-11,Fashion,East,1,93.27,0.0,93.27,41.97,0
O105748,C02658,2024-10-11,Fashion,East,2,123.02,0.0,246.04,110.72,0
O104204,C01945,2024-10-11,Books,East,2,15.0,0.0,30.0,15.0,0
O112038,C05601,2024-10-11,Fashion,East,1,29.07,0.15,24.71,13.08,0
O105478,C02524,2024-10-11,Sports,East,2,116.81,0.05,221.94,135.5,0
O110652,C04957,2024-10-11,Books,South,1,15.6,0.0,15.6,7.8,0
O110214,C04744,2024-10-11,Beauty,West,1,40.06,0.0,40.06,16.02,0
O111130,C05180,2024-10-11,Home & Kitchen,South,2,105.16,0.0,210.32,115.68,0
O110706,C04984,2024-10-11,Beauty,West,3,25.44,0.0,76.32,30.53,0
O103817,C01761,2024-10-11,Beauty,East,2,27.9,0.05,53.01,22.32,0
O105934,C02746,2024-10-11,Books,North,3,34.36,0.05,97.93,51.54,0
O108518,C03964,2024-10-11,Sports,South,1,77.3,0.0,77.3,44.83,0
O110272,C04775,2024-10-11,Home & Kitchen,East,1,46.46,0.0,46.46,25.55,0
O109298,C04316,2024-10-11,Electronics,North,3,131.66,0.0,394.98,284.39,0
O101637,C00758,2024-10-11,Books,North,3,31.06,0.0,93.18,46.59,0
O109552,C04427,2024-10-12,Home & Kitchen,West,1,43.81,0.05,41.62,24.1,0
O106089,C02816,2024-10-12,Fashion,East,1,130.46,0.0,130.46,58.71,0
O102838,C01320,2024-10-12,Fashion,South,1,135.08,0.1,121.57,60.79,0
O102194,C01017,2024-10-12,Home & Kitchen,North,2,150.45,0.05,285.85,165.5,0
O105635,C02602,2024-10-12,Home & Kitchen,North,2,33.1,0.0,66.2,36.41,0
O107040,C03269,2024-10-12,Sports,North,1,246.73,0.0,246.73,143.1,0
O105385,C02478,2024-10-12,Books,South,2,32.05,0.0,64.1,32.05,0
O108921,C04150,2024-10-12,Home & Kitchen,East,2,80.06,0.0,160.12,88.07,0
O109451,C04385,2024-10-12,Fashion,North,3,52.5,0.1,141.75,70.88,0
O105647,C02608,2024-10-12,Fashion,East,1,63.24,0.0,63.24,28.46,0
O107565,C03524,2024-10-12,Beauty,North,1,40.51,0.1,36.46,16.2,0
O101074,C00495,2024-10-12,Electronics,North,3,328.33,0.1,886.49,709.19,0
O105451,C02509,2024-10-12,Fashion,East,1,121.89,0.2,97.51,54.85,0
O100191,C00096,2024-10-12,Fashion,North,1,68.76,0.0,68.76,30.94,0
O112562,C05832,2024-10-12,Books,East,2,19.1,0.05,36.29,19.1,0
O112498,C05802,2024-10-12,Electronics,South,1,376.71,0.0,376.71,271.23,1
O109066,C04218,2024-10-12,Home & Kitchen,East,2,166.4,0.0,332.8,183.04,0
O107191,C03342,2024-10-12,Books,West,1,37.82,0.15,32.15,18.91,0
O104745,C02194,2024-10-12,Beauty,East,3,60.12,0.1,162.32,72.14,0
O102516,C01173,2024-10-12,Sports,West,2,226.22,0.1,407.2,262.42,0
O111400,C05315,2024-10-13,Books,North,1,30.35,0.0,30.35,15.18,0
O107264,C03380,2024-10-13,Home & Kitchen,South,1,40.13,0.0,40.13,22.07,0
O111458,C05341,2024-10-13,Beauty,North,1,15.25,0.0,15.25,6.1,0
O108763,C04071,2024-10-13,Sports,East,3,83.77,0.05,238.74,145.76,0
O109647,C04471,2024-10-13,Electronics,North,1,143.21,0.0,143.21,103.11,0
O101652,C00765,2024-10-13,Fashion,North,3,54.9,0.0,164.7,74.11,0
O104479,C02073,2024-10-13,Beauty,South,3,34.91,0.1,94.26,41.89,0
O110293,C04783,2024-10-13,Home & Kitchen,East,3,176.21,0.15,449.34,290.75,1
O108412,C03913,2024-10-13,Home & Kitchen,East,1,86.45,0.2,69.16,47.55,0
O106781,C03142,2024-10-13,Fashion,North,3,67.63,0.0,202.89,91.3,0
O102661,C01236,2024-10-14,Home & Kitchen,North,1,69.66,0.05,66.18,38.31,0
O108141,C03787,2024-10-14,Books,South,2,38.41,0.05,72.98,38.41,0
O107488,C03485,2024-10-14,Electronics,West,2,596.76,0.0,1193.52,859.33,0
O106596,C03059,2024-10-14,Electronics,West,2,125.59,0.05,238.62,180.85,0
O105304,C02444,2024-10-14,Beauty,East,1,27.54,0.0,27.54,11.02,0
O106547,C03035,2024-10-14,Home & Kitchen,West,2,78.07,0.05,148.33,85.88,0
O108017,C03733,2024-10-14,Home & Kitchen,West,2,55.07,0.2,88.11,60.58,0
O106005,C02779,2024-10-14,Electronics,East,2,196.8,0.0,393.6,283.39,1
O109488,C04403,2024-10-14,Books,South,2,28.3,0.15,48.11,28.3,0
O112168,C05653,2024-10-14,Beauty,West,1,52.98,0.1,47.68,21.19,0
O105434,C02502,2024-10-14,Electronics,East,1,231.85,0.0,231.85,166.93,0
O105203,C02405,2024-10-14,Sports,East,1,161.66,0.15,137.41,93.76,0
O104267,C01976,2024-10-14,Fashion,South,1,65.87,0.2,52.7,29.64,0
O106168,C02852,2024-10-14,Beauty,West,2,61.0,0.0,122.0,48.8,0
O106214,C02875,2024-10-14,Beauty,North,1,39.86,0.1,35.87,15.94,0
O111832,C05511,2024-10-14,Books,South,1,29.96,0.15,25.47,14.98,0
O107910,C03691,2024-10-15,Sports,South,1,98.86,0.2,79.09,57.34,0
O103445,C01593,2024-10-15,Sports,East,1,188.48,0.0,188.48,109.32,0
O105074,C02342,2024-10-15,Books,North,2,8.96,0.2,14.34,8.96,0
O104613,C02130,2024-10-15,Fashion,West,2,62.87,0.05,119.45,56.58,0
O108068,C03756,2024-10-15,Home & Kitchen,North,1,149.97,0.0,149.97,82.48,0
O111120,C05174,2024-10-15,Beauty,East,1,47.37,0.0,47.37,18.95,0
O105360,C02469,2024-10-15,Beauty,East,2,51.3,0.0,102.6,41.04,0
O104839,C02234,2024-10-15,Books,South,2,29.13,0.15,49.52,29.13,0
O106052,C02800,2024-10-15,Beauty,South,2,57.89,0.0,115.78,46.31,0
O105161,C02384,2024-10-15,Home & Kitchen,North,1,174.13,0.1,156.72,95.77,0
O104957,C02291,2024-10-15,Sports,South,1,70.55,0.0,70.55,40.92,0
O111663,C05437,2024-10-15,Home & Kitchen,South,1,85.32,0.1,76.79,46.93,0
O110360,C04812,2024-10-15,Home & Kitchen,East,1,168.5,0.0,168.5,92.68,1
O110006,C04651,2024-10-15,Home & Kitchen,West,1,75.91,0.0,75.91,41.75,0
O109715,C04506,2024-10-15,Beauty,East,3,30.21,0.0,90.63,36.25,0
O107056,C03275,2024-10-15,Books,North,2,21.61,0.0,43.22,21.61,0
O110299,C04786,2024-10-15,Books,West,1,15.09,0.3,10.56,7.54,0
O105979,C02767,2024-10-15,Beauty,South,2,23.38,0.0,46.76,18.7,0
O102210,C01022,2024-10-15,Electronics,North,1,420.16,0.0,420.16,302.52,0
O111582,C05398,2024-10-15,Beauty,East,1,26.37,0.15,22.41,10.55,0
O110402,C04833,2024-10-15,Beauty,North,2,58.3,0.0,116.6,46.64,0
O106292,C02915,2024-10-15,Home & Kitchen,North,2,164.43,0.0,328.86,180.87,0
O109700,C04498,2024-10-16,Home & Kitchen,East,3,89.32,0.0,267.96,147.38,0
O109321,C04326,2024-10-16,Electronics,South,1,185.26,0.15,157.47,133.39,0
O100332,C00164,2024-10-16,Fashion,East,3,94.72,0.2,227.33,127.87,1
O107087,C03291,2024-10-16,Fashion,East,1,25.54,0.1,22.99,11.49,0
O100248,C00119,2024-10-16,Electronics,North,1,564.16,0.0,564.16,406.2,0
O101565,C00726,2024-10-16,Books,East,2,17.46,0.0,34.92,17.46,0
O106686,C03099,2024-10-16,Home & Kitchen,East,1,125.14,0.15,106.37,68.83,0
O102247,C01038,2024-10-16,Fashion,West,2,44.14,0.0,88.28,39.73,0
O108492,C03952,2024-10-16,Home & Kitchen,West,2,100.16,0.0,200.32,110.18,0
O101095,C00505,2024-10-16,Fashion,East,1,109.95,0.15,93.46,49.48,0
O104363,C02017,2024-10-16,Sports,East,3,76.76,0.15,195.74,133.56,0
O110328,C04799,2024-10-16,Fashion,South,2,139.58,0.0,279.16,125.62,1
O105802,C02683,2024-10-16,Home & Kitchen,North,2,98.5,0.0,197.0,108.35,0
O101514,C00700,2024-10-16,Sports,South,1,46.53,0.0,46.53,26.99,0
O104160,C01921,2024-10-16,Electronics,South,1,444.18,0.2,355.34,319.81,0
O104325,C02003,2024-10-16,Home & Kitchen,East,1,83.09,0.0,83.09,45.7,0
O108887,C04131,2024-10-16,Books,South,1,34.27,0.0,34.27,17.14,0
O111168,C05202,2024-10-16,Beauty,West,2,38.47,0.15,65.4,30.78,1
O105521,C02546,2024-10-17,Home & Kitchen,South,1,54.04,0.0,54.04,29.72,0
O105555,C02564,2024-10-17,Beauty,North,1,12.88,0.05,12.24,5.15,0
O109384,C04354,2024-10-17,Fashion,East,2,28.19,0.0,56.38,25.37,0
O108330,C03872,2024-10-17,Fashion,East,2,51.94,0.05,98.69,46.75,0
O107337,C03416,2024-10-17,Fashion,North,2,65.83,0.0,131.66,59.25,0
O111600,C05406,2024-10-17,Electronics,West,1,191.37,0.0,191.37,137.79,0
O111755,C05474,2024-10-17,Home & Kitchen,North,2,82.67,0.0,165.34,90.94,0
O111470,C05349,2024-10-17,Electronics,North,1,592.03,0.15,503.23,426.26,0
O104487,C02076,2024-10-17,Beauty,North,1,58.29,0.0,58.29,23.32,0
O111534,C05378,2024-10-17,Fashion,West,2,58.62,0.05,111.38,52.76,0
O111548,C05383,2024-10-17,Books,North,2,17.41,0.05,33.08,17.41,0
O102747,C01283,2024-10-17,Sports,East,1,82.87,0.05,78.73,48.06,0
O106346,C02936,2024-10-17,Home & Kitchen,East,1,107.57,0.05,102.19,59.16,0
O105575,C02574,2024-10-17,Fashion,West,1,134.23,0.0,134.23,60.4,0
O103808,C01754,2024-10-17,Electronics,South,2,252.23,0.0,504.46,363.21,0
O111424,C05326,2024-10-17,Home & Kitchen,North,1,50.6,0.0,50.6,27.83,0
O100974,C00450,2024-10-17,Fashion,West,3,97.1,0.0,291.3,131.08,0
O111422,C05324,2024-10-17,Books,West,1,21.67,0.0,21.67,10.84,0
O102798,C01302,2024-10-17,Fashion,East,1,115.36,0.3,80.75,51.91,0
O102459,C01142,2024-10-17,Home & Kitchen,East,1,74.37,0.0,74.37,40.9,0
O109765,C04532,2024-10-17,Sports,North,1,123.7,0.05,117.52,71.75,0
O111466,C05346,2024-10-17,Beauty,East,2,56.03,0.1,100.85,44.82,0
O109699,C04497,2024-10-17,Electronics,South,3,257.07,0.2,616.97,555.27,0
O111131,C05180,2024-10-17,Electronics,South,1,539.17,0.05,512.21,388.2,0
O111308,C05273,2024-10-17,Home & Kitchen,West,1,118.23,0.0,118.23,65.03,0
O102030,C00942,2024-10-17,Fashion,North,2,54.62,0.0,109.24,49.16,0
O103216,C01495,2024-10-17,Home & Kitchen,North,1,164.15,0.15,139.53,90.28,0
O106876,C03188,2024-10-17,Fashion,North,1,40.36,0.0,40.36,18.16,0
O112576,C05839,2024-10-18,Beauty,North,1,52.99,0.0,52.99,21.2,0
O105630,C02600,2024-10-18,Home & Kitchen,South,1,98.7,0.05,93.77,54.28,0
O102358,C01094,2024-10-18,Fashion,North,1,46.04,0.0,46.04,20.72,0
O105522,C02546,2024-10-18,Home & Kitchen,South,2,149.42,0.0,298.84,164.36,0
O101187,C00552,2024-10-18,Home & Kitchen,East,2,32.07,0.0,64.14,35.28,0
O110569,C04916,2024-10-18,Sports,West,2,49.38,0.2,79.01,57.28,0
O109437,C04378,2024-10-18,Fashion,West,3,86.82,0.0,260.46,117.21,0
O103470,C01604,2024-10-18,Beauty,East,1,32.98,0.05,31.33,13.19,0
O106815,C03161,2024-10-18,Fashion,East,2,112.47,0.15,191.2,101.22,0
O104737,C02192,2024-10-18,Fashion,East,3,137.6,0.05,392.16,185.76,0
O111158,C05196,2024-10-18,Sports,East,2,159.0,0.05,302.1,184.44,0
O111023,C05132,2024-10-18,Books,West,1,25.63,0.0,25.63,12.82,0
O112486,C05795,2024-10-18,Sports,East,1,156.17,0.0,156.17,90.58,0
O110162,C04719,2024-10-18,Fashion,East,3,80.8,0.0,242.4,109.08,0
O103860,C01777,2024-10-18,Fashion,South,3,125.14,0.2,300.34,168.94,0
O102063,C00957,2024-10-18,Sports,West,3,239.16,0.1,645.73,416.14,0
O102460,C01142,2024-10-18,Sports,East,1,130.52,0.0,130.52,75.7,0
O112089,C05621,2024-10-18,Sports,West,1,204.25,0.0,204.25,118.46,0
O112531,C05817,2024-10-18,Books,West,1,21.85,0.0,21.85,10.92,0
O111385,C05307,2024-10-18,Fashion,East,2,122.21,0.0,244.42,109.99,0
O110007,C04651,2024-10-18,Home & Kitchen,West,1,165.58,0.0,165.58,91.07,0
O100296,C00144,2024-10-18,Fashion,North,2,124.84,0.0,249.68,112.36,0
O100968,C00447,2024-10-18,Beauty,East,1,18.25,0.1,16.43,7.3,0
O105397,C02484,2024-10-18,Beauty,South,1,23.1,0.15,19.64,9.24,0
O105144,C02374,2024-10-18,Books,East,2,36.67,0.0,73.34,36.67,0
O101742,C00809,2024-10-18,Electronics,West,1,462.05,0.0,462.05,332.68,0
O102430,C01131,2024-10-18,Fashion,East,2,59.59,0.0,119.18,53.63,0
O100329,C00163,2024-10-19,Books,North,2,28.16,0.05,53.5,28.16,0
O111688,C05448,2024-10-19,Fashion,East,2,105.38,0.0,210.76,94.84,0
O103542,C01635,2024-10-19,Home & Kitchen,East,1,69.77,0.15,59.3,38.37,0
O103460,C01601,2024-10-19,Home & Kitchen,East,1,25.37,0.0,25.37,13.95,0
O103035,C01413,2024-10-19,Beauty,East,1,54.28,0.0,54.28,21.71,0
O108429,C03924,2024-10-19,Books,East,1,38.24,0.1,34.42,19.12,0
O105107,C02357,2024-10-19,Books,East,1,35.15,0.0,35.15,17.58,0
O109694,C04495,2024-10-19,Electronics,West,2,410.61,0.3,574.85,591.28,0
O111397,C05313,2024-10-19,Home & Kitchen,North,3,111.07,0.15,283.23,183.27,0
O109471,C04394,2024-10-19,Fashion,East,1,110.67,0.2,88.54,49.8,0
O104681,C02163,2024-10-19,Home & Kitchen,North,3,149.46,0.3,313.87,246.61,0
O109024,C04198,2024-10-19,Fashion,West,2,73.53,0.0,147.06,66.18,0
O109302,C04318,2024-10-19,Home & Kitchen,West,1,145.61,0.0,145.61,80.09,0
O110275,C04777,2024-10-19,Home & Kitchen,North,2,179.62,0.0,359.24,197.58,0
O107285,C03389,2024-10-19,Books,West,2,10.65,0.0,21.3,10.65,0
O102689,C01252,2024-10-19,Home & Kitchen,North,3,72.64,0.0,217.92,119.86,0
O112399,C05756,2024-10-19,Fashion,North,3,125.7,0.0,377.1,169.7,0
O101276,C00585,2024-10-19,Electronics,West,1,508.45,0.0,508.45,366.08,0
O112693,C05892,2024-10-19,Books,East,1,29.72,0.15,25.26,14.86,0
O112341,C05730,2024-10-19,Sports,South,1,73.98,0.0,73.98,42.91,0
O102070,C00960,2024-10-20,Fashion,South,1,95.74,0.05,90.95,43.08,0
O108861,C04120,2024-10-20,Home & Kitchen,East,3,88.2,0.2,211.68,145.53,0
O105852,C02706,2024-10-20,Beauty,South,2,45.11,0.0,90.22,36.09,0
O108932,C04155,2024-10-20,Home & Kitchen,West,3,67.51,0.1,182.28,111.39,0
O100774,C00363,2024-10-20,Fashion,East,3,133.09,0.15,339.38,179.67,0
O108915,C04146,2024-10-20,Beauty,East,1,12.17,0.0,12.17,4.87,0
O105941,C02749,2024-10-20,Beauty,West,1,47.66,0.05,45.28,19.06,0
O105369,C02473,2024-10-20,Home & Kitchen,West,2,146.54,0.0,293.08,161.19,1
O106996,C03250,2024-10-20,Home & Kitchen,South,1,170.83,0.1,153.75,93.96,0
O108764,C04071,2024-10-20,Home & Kitchen,East,1,74.39,0.3,52.07,40.91,0
O108992,C04183,2024-10-20,Sports,East,1,216.13,0.1,194.52,125.36,0
O106668,C03092,2024-10-20,Fashion,North,2,88.9,0.0,177.8,80.01,0
O109657,C04476,2024-10-20,Fashion,East,1,91.96,0.0,91.96,41.38,1
O102820,C01309,2024-10-20,Fashion,West,1,31.01,0.05,29.46,13.95,1
O106803,C03153,2024-10-21,Home & Kitchen,South,3,98.42,0.0,295.26,162.39,0
O109825,C04562,2024-10-21,Beauty,South,2,18.51,0.0,37.02,14.81,0
O107432,C03461,2024-10-21,Sports,North,2,167.32,0.05,317.91,194.09,0
O107045,C03272,2024-10-21,Sports,North,1,243.57,0.05,231.39,141.27,0
O107919,C03695,2024-10-21,Fashion,South,3,107.94,0.15,275.25,145.72,0
O111904,C05542,2024-10-21,Fashion,North,1,109.25,0.0,109.25,49.16,0
O103484,C01610,2024-10-21,Fashion,West,1,55.04,0.3,38.53,24.77,0
O104069,C01875,2024-10-21,Fashion,East,1,128.86,0.15,109.53,57.99,0
O108389,C03899,2024-10-21,Beauty,East,2,38.73,0.2,61.97,30.98,0
O112448,C05777,2024-10-21,Home & Kitchen,South,2,128.85,0.0,257.7,141.74,0
O102485,C01155,2024-10-21,Home & Kitchen,East,1,81.5,0.0,81.5,44.82,1
O109432,C04375,2024-10-21,Electronics,East,2,545.44,0.1,981.79,785.43,0
O109167,C04260,2024-10-21,Home & Kitchen,North,2,174.66,0.0,349.32,192.13,0
O102386,C01105,2024-10-21,Beauty,West,2,52.59,0.0,105.18,42.07,0
O110940,C05092,2024-10-21,Home & Kitchen,North,2,166.01,0.05,315.42,182.61,0
O112611,C05855,2024-10-21,Beauty,East,1,44.34,0.0,44.34,17.74,0
O101786,C00834,2024-10-21,Sports,South,1,99.83,0.3,69.88,57.9,0
O102508,C01168,2024-10-21,Beauty,South,1,44.37,0.0,44.37,17.75,0
O112566,C05834,2024-10-21,Electronics,East,1,225.31,0.0,225.31,162.22,0
O101045,C00483,2024-10-21,Sports,West,2,183.19,0.0,366.38,212.5,0
O104901,C02265,2024-10-21,Sports,South,1,209.08,0.05,198.63,121.27,0
O108242,C03830,2024-10-21,Fashion,East,3,76.81,0.0,230.43,103.69,0
O103179,C01478,2024-10-21,Fashion,North,3,82.63,0.1,223.1,111.55,0
O105615,C02592,2024-10-22,Home & Kitchen,East,1,149.82,0.15,127.35,82.4,0
O110422,C04842,2024-10-22,Fashion,North,1,26.77,0.05,25.43,12.05,0
O100913,C00425,2024-10-22,Beauty,North,2,56.62,0.0,113.24,45.3,0
O105942,C02749,2024-10-22,Electronics,West,3,493.88,0.0,1481.64,1066.78,0
O102195,C01017,2024-10-22,Fashion,North,2,106.88,0.15,181.7,96.19,0
O101577,C00732,2024-10-22,Beauty,West,3,31.63,0.05,90.15,37.96,0
O110574,C04918,2024-10-22,Fashion,North,2,73.52,0.0,147.04,66.17,0
O107134,C03312,2024-10-22,Sports,West,2,105.84,0.15,179.93,122.77,0
O107633,C03563,2024-10-22,Beauty,North,2,19.01,0.0,38.02,15.21,0
O101218,C00564,2024-10-22,Home & Kitchen,North,1,144.15,0.0,144.15,79.28,0
O110320,C04795,2024-10-22,Fashion,East,1,93.35,0.05,88.68,42.01,0
O111316,C05276,2024-10-22,Fashion,South,1,30.85,0.2,24.68,13.88,0
O109935,C04617,2024-10-22,Fashion,South,2,115.42,0.2,184.67,103.88,0
O112735,C05914,2024-10-22,Sports,South,1,158.54,0.0,158.54,91.95,0
O102417,C01122,2024-10-22,Fashion,East,2,120.55,0.0,241.1,108.5,0
O102755,C01286,2024-10-22,Sports,North,1,219.56,0.0,219.56,127.34,0
O108342,C03878,2024-10-23,Fashion,South,2,23.85,0.0,47.7,21.47,1
O100948,C00439,2024-10-23,Electronics,North,1,527.91,0.1,475.12,380.1,0
O110834,C05041,2024-10-23,Sports,North,2,60.53,0.0,121.06,70.21,0
O109620,C04459,2024-10-23,Fashion,North,1,26.98,0.05,25.63,12.14,0
O110405,C04834,2024-10-23,Beauty,East,3,40.03,0.0,120.09,48.04,0
O100127,C00065,2024-10-23,Electronics,South,1,355.61,0.0,355.61,256.04,0
O108751,C04068,2024-10-23,Home & Kitchen,West,3,98.99,0.05,282.12,163.33,0
O107640,C03567,2024-10-23,Electronics,East,2,484.03,0.0,968.06,697.0,0
O105246,C02420,2024-10-23,Beauty,South,2,50.99,0.15,86.68,40.79,0
O102985,C01388,2024-10-23,Electronics,North,2,253.18,0.0,506.36,364.58,0
O112376,C05745,2024-10-23,Books,East,3,31.68,0.0,95.04,47.52,0
O104326,C02003,2024-10-23,Electronics,East,2,251.35,0.0,502.7,361.94,0
O105787,C02674,2024-10-23,Fashion,East,1,41.79,0.0,41.79,18.81,0
O108818,C04098,2024-10-24,Fashion,South,1,75.18,0.0,75.18,33.83,0
O108665,C04030,2024-10-24,Home & Kitchen,West,2,101.51,0.0,203.02,111.66,0
O100949,C00440,2024-10-24,Sports,East,2,165.82,0.0,331.64,192.35,1
O100060,C00027,2024-10-24,Sports,North,1,102.71,0.0,102.71,59.57,0
O104452,C02060,2024-10-24,Home & Kitchen,North,3,123.97,0.0,371.91,204.55,0
O110704,C04983,2024-10-24,Home & Kitchen,West,2,116.16,0.0,232.32,127.78,0
O105676,C02622,2024-10-24,Fashion,South,1,83.2,0.15,70.72,37.44,0
O100800,C00373,2024-10-24,Electronics,West,2,597.07,0.0,1194.14,859.78,0
O103196,C01485,2024-10-24,Home & Kitchen,West,1,48.26,0.0,48.26,26.54,0
O100465,C00224,2024-10-24,Books,East,1,18.88,0.3,13.22,9.44,0
O110588,C04927,2024-10-24,Home & Kitchen,North,1,123.1,0.0,123.1,67.7,0
O111626,C05418,2024-10-24,Sports,West,1,125.31,0.0,125.31,72.68,0
O108086,C03765,2024-10-24,Beauty,South,3,47.2,0.0,141.6,56.64,0
O111668,C05439,2024-10-24,Fashion,West,1,77.89,0.0,77.89,35.05,1
O109873,C04588,2024-10-24,Sports,West,2,67.46,0.0,134.92,78.25,0
O104051,C01866,2024-10-24,Fashion,North,1,131.9,0.05,125.3,59.36,0
O112495,C05800,2024-10-24,Books,South,1,14.89,0.1,13.4,7.44,0
O107441,C03465,2024-10-24,Beauty,East,1,32.49,0.1,29.24,13.0,0
O103183,C01480,2024-10-24,Home & Kitchen,West,1,37.75,0.05,35.86,20.76,0
O104638,C02140,2024-10-24,Sports,West,1,156.82,0.0,156.82,90.96,0
O106944,C03222,2024-10-24,Books,North,2,8.1,0.05,15.39,8.1,0
O109585,C04446,2024-10-24,Sports,East,3,75.7,0.0,227.1,131.72,0
O107050,C03274,2024-10-24,Electronics,North,1,582.74,0.3,407.92,419.57,1
O111683,C05445,2024-10-25,Fashion,West,3,48.07,0.15,122.58,64.89,0
O110285,C04780,2024-10-25,Home & Kitchen,East,2,61.67,0.05,117.17,67.84,0
O103017,C01404,2024-10-25,Sports,North,1,107.29,0.0,107.29,62.23,0
O111655,C05433,2024-10-25,Home & Kitchen,West,2,154.47,0.0,308.94,169.92,0
O111029,C05134,2024-10-25,Sports,West,2,182.03,0.0,364.06,211.15,0
O107927,C03698,2024-10-25,Books,North,2,33.41,0.05,63.48,33.41,0
O101488,C00687,2024-10-25,Sports,South,2,83.7,0.0,167.4,97.09,0
O108288,C03854,2024-10-25,Home & Kitchen,South,1,68.24,0.1,61.42,37.53,0
O100333,C00164,2024-10-25,Electronics,East,3,490.73,0.0,1472.19,1059.98,0
O104820,C02225,2024-10-25,Electronics,South,3,257.18,0.0,771.54,555.51,0
O106285,C02910,2024-10-25,Sports,North,2,141.52,0.0,283.04,164.16,0
O104096,C01888,2024-10-25,Books,East,1,25.87,0.0,25.87,12.94,0
O108459,C03935,2024-10-26,Fashion,East,1,54.69,0.1,49.22,24.61,0
O110321,C04795,2024-10-26,Electronics,East,1,125.58,0.05,119.3,90.42,0
O106468,C02997,2024-10-26,Fashion,East,2,93.33,0.0,186.66,84.0,0
O103820,C01762,2024-10-26,Electronics,East,3,554.44,0.1,1496.99,1197.59,0
O105188,C02399,2024-10-26,Sports,East,1,217.31,0.0,217.31,126.04,0
O110486,C04877,2024-10-26,Electronics,East,2,544.61,0.0,1089.22,784.24,0
O107856,C03669,2024-10-26,Beauty,North,1,29.15,0.15,24.78,11.66,0
O107753,C03618,2024-10-26,Home & Kitchen,West,1,79.6,0.15,67.66,43.78,0
O101441,C00660,2024-10-26,Home & Kitchen,North,3,150.05,0.0,450.15,247.58,0
O101954,C00907,2024-10-26,Books,West,1,38.15,0.05,36.24,19.08,0
O108703,C04045,2024-10-26,Books,West,1,34.76,0.0,34.76,17.38,0
O112439,C05773,2024-10-26,Beauty,East,1,62.26,0.05,59.15,24.9,0
O100620,C00299,2024-10-27,Fashion,South,2,121.94,0.15,207.3,109.75,0
O106315,C02925,2024-10-27,Beauty,East,2,21.04,0.15,35.77,16.83,0
O108916,C04147,2024-10-27,Books,South,2,24.63,0.05,46.8,24.63,0
O110528,C04896,2024-10-27,Sports,East,2,206.64,0.1,371.95,239.7,0
O109055,C04213,2024-10-27,Electronics,East,1,250.6,0.3,175.42,180.43,0
O107139,C03315,2024-10-27,Books,East,1,15.75,0.0,15.75,7.88,0
O102874,C01340,2024-10-27,Sports,West,1,89.86,0.15,76.38,52.12,0
O102949,C01374,2024-10-27,Fashion,North,1,42.01,0.3,29.41,18.9,0
O102821,C01309,2024-10-27,Beauty,West,1,34.45,0.0,34.45,13.78,0
O100334,C00164,2024-10-27,Beauty,East,1,26.53,0.0,26.53,10.61,0
O101332,C00614,2024-10-28,Fashion,West,2,37.62,0.0,75.24,33.86,1
O103985,C01835,2024-10-28,Sports,South,2,100.46,0.05,190.87,116.53,0
O103217,C01495,2024-10-28,Electronics,North,3,384.67,0.0,1154.01,830.89,0
O109774,C04537,2024-10-28,Fashion,East,2,98.58,0.0,197.16,88.72,0
O100641,C00307,2024-10-28,Beauty,North,2,13.65,0.05,25.93,10.92,0
O111253,C05246,2024-10-28,Home & Kitchen,North,1,148.51,0.0,148.51,81.68,0
O103497,C01615,2024-10-28,Home & Kitchen,South,1,118.99,0.3,83.29,65.44,0
O109327,C04329,2024-10-28,Beauty,North,1,50.66,0.15,43.06,20.26,1
O109995,C04646,2024-10-28,Beauty,North,2,68.94,0.0,137.88,55.15,0
O102074,C00962,2024-10-28,Sports,North,1,198.01,0.0,198.01,114.85,0
O107472,C03479,2024-10-28,Fashion,North,2,55.83,0.0,111.66,50.25,0
O103238,C01504,2024-10-28,Fashion,South,1,111.42,0.0,111.42,50.14,1
O108161,C03796,2024-10-28,Fashion,East,3,54.58,0.05,155.55,73.68,0
O104798,C02214,2024-10-28,Beauty,West,2,42.29,0.05,80.35,33.83,0
O108543,C03973,2024-10-29,Fashion,North,1,41.4,0.0,41.4,18.63,0
O100195,C00097,2024-10-29,Fashion,North,1,137.81,0.0,137.81,62.01,0
O110193,C04736,2024-10-29,Sports,South,2,133.71,0.3,187.19,155.1,0
O112806,C05945,2024-10-29,Fashion,East,1,20.5,0.0,20.5,9.22,0
O100511,C00248,2024-10-29,Sports,West,2,33.36,0.0,66.72,38.7,0
O110239,C04755,2024-10-29,Fashion,South,1,38.8,0.0,38.8,17.46,0
O105560,C02566,2024-10-29,Home & Kitchen,North,1,86.48,0.0,86.48,47.56,0
O101670,C00777,2024-10-29,Beauty,East,1,47.85,0.05,45.46,19.14,0
O109908,C04605,2024-10-29,Beauty,West,1,69.53,0.3,48.67,27.81,0
O104420,C02045,2024-10-29,Fashion,North,2,95.34,0.0,190.68,85.81,0
O110386,C04826,2024-10-29,Electronics,North,3,206.98,0.05,589.89,447.08,0
O103666,C01688,2024-10-29,Beauty,South,2,31.65,0.05,60.13,25.32,0
O103441,C01592,2024-10-29,Books,South,2,36.29,0.0,72.58,36.29,0
O106608,C03064,2024-10-29,Home & Kitchen,South,1,62.07,0.0,62.07,34.14,0
O103632,C01673,2024-10-29,Home & Kitchen,North,1,120.37,0.0,120.37,66.2,0
O105516,C02541,2024-10-29,Fashion,West,1,134.43,0.15,114.27,60.49,0
O103994,C01841,2024-10-29,Home & Kitchen,West,1,87.21,0.05,82.85,47.97,0
O103736,C01719,2024-10-30,Sports,East,1,154.35,0.0,154.35,89.52,0
O112558,C05831,2024-10-30,Beauty,North,1,59.35,0.05,56.38,23.74,0
O110895,C05069,2024-10-30,Electronics,North,3,482.61,0.0,1447.83,1042.44,1
O105960,C02760,2024-10-30,Fashion,North,3,87.41,0.15,222.9,118.0,0
O101001,C00464,2024-10-30,Books,South,1,37.71,0.0,37.71,18.86,0
O109489,C04403,2024-10-30,Home & Kitchen,South,1,149.01,0.05,141.56,81.96,0
O102637,C01225,2024-10-30,Beauty,North,1,34.81,0.1,31.33,13.92,1
O110143,C04710,2024-10-30,Books,East,1,16.02,0.15,13.62,8.01,0
O103426,C01586,2024-10-30,Fashion,East,2,119.55,0.3,167.37,107.6,0
O107824,C03653,2024-10-30,Fashion,East,1,138.36,0.1,124.52,62.26,1
O107386,C03437,2024-10-30,Home & Kitchen,East,2,71.21,0.1,128.18,78.33,0
O105380,C02476,2024-10-30,Home & Kitchen,North,3,72.05,0.2,172.92,118.88,0
O101076,C00496,2024-10-30,Home & Kitchen,West,1,25.6,0.0,25.6,14.08,0
O112324,C05722,2024-10-30,Home & Kitchen,South,1,105.98,0.0,105.98,58.29,0
O104956,C02290,2024-10-30,Sports,East,2,50.79,0.3,71.11,58.92,0
O111523,C05373,2024-10-30,Books,North,1,36.29,0.1,32.66,18.14,1
O112820,C05951,2024-10-30,Sports,South,1,83.61,0.0,83.61,48.49,0
O102254,C01043,2024-10-30,Fashion,North,1,98.28,0.3,68.8,44.23,0
O108096,C03771,2024-10-30,Home & Kitchen,South,1,52.61,0.0,52.61,28.94,0
O111265,C05252,2024-10-30,Fashion,North,3,85.17,0.1,229.96,114.98,0
O104531,C02092,2024-10-31,Beauty,East,1,61.4,0.2,49.12,24.56,0
O109347,C04342,2024-10-31,Home & Kitchen,South,1,129.99,0.0,129.99,71.49,0
O112517,C05807,2024-10-31,Beauty,North,2,50.71,0.0,101.42,40.57,0
O112090,C05621,2024-10-31,Fashion,West,3,125.84,0.05,358.64,169.88,0
O109140,C04248,2024-10-31,Sports,North,1,135.56,0.15,115.23,78.62,0
O107074,C03285,2024-10-31,Home & Kitchen,West,1,160.37,0.2,128.3,88.2,0
O105067,C02341,2024-10-31,Fashion,South,3,59.28,0.0,177.84,80.03,0
O100443,C00216,2024-10-31,Books,East,2,10.66,0.0,21.32,10.66,0
O111759,C05475,2024-10-31,Electronics,South,1,531.8,0.2,425.44,382.9,0
O107571,C03526,2024-10-31,Beauty,West,2,38.69,0.1,69.64,30.95,0
O106309,C02923,2024-10-31,Home & Kitchen,East,3,167.53,0.0,502.59,276.42,0
O108088,C03766,2024-10-31,Books,East,2,31.84,0.0,63.68,31.84,0
O103218,C01496,2024-10-31,Sports,South,2,137.94,0.05,262.09,160.01,0
O110215,C04744,2024-10-31,Books,West,1,31.91,0.0,31.91,15.96,0
O108362,C03886,2024-10-31,Fashion,West,3,93.64,0.0,280.92,126.41,0
O107023,C03261,2024-10-31,Home & Kitchen,West,2,64.89,0.0,129.78,71.38,0
O100304,C00147,2024-10-31,Books,East,3,26.68,0.1,72.04,40.02,0
O107018,C03260,2024-10-31,Sports,North,2,245.98,0.0,491.96,285.34,0
O110792,C05024,2024-10-31,Fashion,South,1,43.88,0.0,43.88,19.75,0
O113658,C04030,2024-11-01,Home & Kitchen,West,1,73.69,0.15,62.64,40.53,0
O109010,C04191,2024-11-01,Fashion,East,1,30.98,0.1,27.88,13.94,0
O107123,C03306,2024-11-01,Home & Kitchen,North,1,77.13,0.3,53.99,42.42,0
O110025,C04659,2024-11-01,Home & Kitchen,North,3,97.51,0.2,234.02,160.89,0
O100543,C00262,2024-11-01,Fashion,East,1,34.74,0.15,29.53,15.63,0
O113477,C02808,2024-11-01,Beauty,West,1,29.39,0.3,20.57,11.76,0
O113330,C04336,2024-11-01,Home & Kitchen,West,2,42.13,0.1,75.83,46.34,0
O106074,C02808,2024-11-01,Beauty,West,1,29.39,0.3,20.57,11.76,0
O107731,C03607,2024-11-01,Fashion,West,2,128.65,0.3,180.11,115.79,0
O113248,C03306,2024-11-01,Home & Kitchen,North,1,77.13,0.3,53.99,42.42,0
O114170,C04659,2024-11-01,Home & Kitchen,North,3,97.51,0.2,234.02,160.89,0
O107442,C03465,2024-11-01,Beauty,East,3,49.19,0.3,103.3,59.03,1
O113897,C03547,2024-11-01,Home & Kitchen,North,2,174.18,0.15,296.11,191.6,1
O113508,C00954,2024-11-01,Electronics,East,3,579.85,0.3,1217.68,1252.48,0
O113762,C01545,2024-11-01,Sports,South,1,238.72,0.15,202.91,138.46,0
O112340,C05729,2024-11-01,Beauty,North,1,49.04,0.3,34.33,19.62,0
O108666,C04030,2024-11-01,Home & Kitchen,West,1,73.69,0.15,62.64,40.53,0
O107609,C03547,2024-11-01,Home & Kitchen,North,2,174.18,0.15,296.11,191.6,1
O104818,C02224,2024-11-01,Electronics,North,2,298.01,0.15,506.62,429.13,1
O102059,C00954,2024-11-01,Electronics,East,3,579.85,0.3,1217.68,1252.48,0
O103342,C01545,2024-11-01,Sports,South,1,238.72,0.15,202.91,138.46,0
O109337,C04336,2024-11-01,Home & Kitchen,West,2,42.13,0.1,75.83,46.34,0
O113457,C04040,2024-11-02,Sports,West,1,67.51,0.3,47.26,39.16,0
O113080,C02045,2024-11-02,Beauty,North,1,51.96,0.15,44.17,20.78,0
O101381,C00633,2024-11-02,Books,East,1,12.59,0.1,11.33,6.3,0
O113970,C00624,2024-11-02,Home & Kitchen,West,3,137.21,0.1,370.47,226.4,0
O108695,C04040,2024-11-02,Sports,West,1,67.51,0.3,47.26,39.16,0
O109586,C04446,2024-11-02,Electronics,East,1,553.7,0.3,387.59,398.66,0
O101363,C00624,2024-11-02,Home & Kitchen,West,3,137.21,0.1,370.47,226.4,0
O104421,C02045,2024-11-02,Beauty,North,1,51.96,0.15,44.17,20.78,0
O100010,C00005,2024-11-02,Fashion,North,3,22.47,0.3,47.19,30.33,0
O111712,C05458,2024-11-02,Beauty,West,1,36.37,0.15,30.91,14.55,0
O113754,C00572,2024-11-02,Electronics,North,3,502.78,0.15,1282.09,1086.0,0
O113875,C01185,2024-11-02,Electronics,West,3,218.31,0.3,458.45,471.55,0
O104125,C01907,2024-11-02,Electronics,West,1,475.67,0.2,380.54,342.48,1
O109497,C04407,2024-11-02,Books,West,2,9.98,0.2,15.97,9.98,0
O108301,C03859,2024-11-02,Beauty,North,1,20.84,0.1,18.76,8.34,0
O101243,C00572,2024-11-02,Electronics,North,3,502.78,0.15,1282.09,1086.0,0
O109425,C04373,2024-11-02,Books,East,2,27.97,0.3,39.16,27.97,0
O113870,C03989,2024-11-02,Electronics,North,2,408.97,0.15,695.25,588.92,0
O102323,C01076,2024-11-02,Sports,South,2,92.05,0.2,147.28,106.78,0
O113746,C01076,2024-11-02,Sports,South,2,92.05,0.2,147.28,106.78,0
O103640,C01678,2024-11-02,Beauty,North,2,25.82,0.3,36.15,20.66,0
O102548,C01185,2024-11-02,Electronics,West,3,218.31,0.3,458.45,471.55,0
O113420,C05458,2024-11-02,Beauty,West,1,36.37,0.15,30.91,14.55,0
O108578,C03989,2024-11-02,Electronics,North,2,408.97,0.15,695.25,588.92,0
O113625,C00633,2024-11-02,Books,East,1,12.59,0.1,11.33,6.3,0
O112242,C05684,2024-11-02,Electronics,West,2,387.14,0.2,619.42,557.48,1
O114177,C05734,2024-11-02,Books,South,2,19.39,0.2,31.02,19.39,0
O112351,C05734,2024-11-02,Books,South,2,19.39,0.2,31.02,19.39,0
O113619,C03859,2024-11-02,Beauty,North,1,20.84,0.1,18.76,8.34,0
O104205,C01945,2024-11-02,Home & Kitchen,East,3,62.04,0.15,158.2,102.37,0
O113421,C04446,2024-11-02,Electronics,East,1,553.7,0.3,387.59,398.66,0
O113627,C05684,2024-11-02,Electronics,West,2,387.14,0.2,619.42,557.48,1
O113251,C04373,2024-11-02,Books,East,2,27.97,0.3,39.16,27.97,0
O113858,C04407,2024-11-02,Books,West,2,9.98,0.2,15.97,9.98,0
O105834,C02698,2024-11-02,Beauty,West,2,13.94,0.3,19.52,11.15,0
O113986,C01437,2024-11-03,Books,West,2,31.27,0.1,56.29,31.27,0
O112922,C03325,2024-11-03,Sports,East,1,85.05,0.3,59.53,49.33,0
O102557,C01191,2024-11-03,Home & Kitchen,North,2,28.4,0.1,51.12,31.24,0
O108047,C03744,2024-11-03,Fashion,North,3,44.78,0.2,107.47,60.45,0
O112297,C05707,2024-11-03,Books,North,1,19.27,0.2,15.42,9.64,0
O107620,C03555,2024-11-03,Sports,North,3,95.49,0.1,257.82,166.15,0
O103091,C01437,2024-11-03,Books,West,2,31.27,0.1,56.29,31.27,0
O107154,C03325,2024-11-03,Sports,East,1,85.05,0.3,59.53,49.33,0
O113945,C03744,2024-11-03,Fashion,North,3,44.78,0.2,107.47,60.45,0
O113187,C03555,2024-11-03,Sports,North,3,95.49,0.1,257.82,166.15,0
O103135,C01459,2024-11-03,Fashion,North,1,139.67,0.15,118.72,62.85,0
O108065,C03755,2024-11-03,Fashion,South,2,92.58,0.2,148.13,83.32,0
O113079,C05686,2024-11-03,Fashion,North,2,73.17,0.3,102.44,65.85,1
O106624,C03071,2024-11-03,Beauty,West,2,17.65,0.1,31.77,14.12,0
O114053,C01584,2024-11-03,Sports,West,1,209.1,0.3,146.37,121.28,0
O103422,C01584,2024-11-03,Sports,West,1,209.1,0.3,146.37,121.28,0
O113301,C03071,2024-11-03,Beauty,West,2,17.65,0.1,31.77,14.12,0
O112246,C05686,2024-11-03,Fashion,North,2,73.17,0.3,102.44,65.85,1
O110906,C05075,2024-11-03,Home & Kitchen,West,2,58.99,0.2,94.38,64.89,0
O114014,C05092,2024-11-03,Beauty,North,1,68.09,0.1,61.28,27.24,0
O113334,C03755,2024-11-03,Fashion,South,2,92.58,0.2,148.13,83.32,0
O110941,C05092,2024-11-03,Beauty,North,1,68.09,0.1,61.28,27.24,0
O105204,C02405,2024-11-03,Electronics,East,1,432.06,0.2,345.65,311.08,1
O106666,C03091,2024-11-03,Fashion,North,1,132.55,0.3,92.78,59.65,0
O106698,C03104,2024-11-04,Fashion,West,2,117.77,0.2,188.43,105.99,0
O101253,C00575,2024-11-04,Sports,South,3,209.78,0.1,566.41,365.02,0
O102096,C00972,2024-11-04,Electronics,North,2,571.57,0.1,1028.83,823.06,0
O104476,C02070,2024-11-04,Electronics,East,1,588.97,0.3,412.28,424.06,1
O113404,C04456,2024-11-04,Sports,East,2,189.61,0.3,265.45,219.95,0
O110329,C04799,2024-11-04,Home & Kitchen,South,1,127.16,0.3,89.01,69.94,0
O114157,C02070,2024-11-04,Electronics,East,1,588.97,0.3,412.28,424.06,1
O107377,C03434,2024-11-04,Home & Kitchen,West,2,90.98,0.1,163.76,100.08,0
O113948,C03434,2024-11-04,Home & Kitchen,West,2,90.98,0.1,163.76,100.08,0
O113709,C02405,2024-11-04,Home & Kitchen,East,2,25.43,0.3,35.6,27.97,0
O114098,C02661,2024-11-04,Fashion,South,2,138.08,0.15,234.74,124.27,0
O114232,C03104,2024-11-04,Fashion,West,2,117.77,0.2,188.43,105.99,0
O105422,C02495,2024-11-04,Beauty,West,1,67.5,0.15,57.38,27.0,0
O105753,C02661,2024-11-04,Fashion,South,2,138.08,0.15,234.74,124.27,0
O105205,C02405,2024-11-04,Home & Kitchen,East,2,25.43,0.3,35.6,27.97,0
O114008,C00972,2024-11-04,Electronics,North,2,571.57,0.1,1028.83,823.06,0
O102481,C01153,2024-11-04,Home & Kitchen,South,1,116.29,0.1,104.66,63.96,0
O112563,C05832,2024-11-04,Sports,East,2,192.26,0.3,269.16,223.02,0
O109145,C04251,2024-11-04,Home & Kitchen,East,2,29.23,0.3,40.92,32.15,0
O114006,C04799,2024-11-04,Home & Kitchen,South,1,127.16,0.3,89.01,69.94,0
O113018,C00575,2024-11-04,Sports,South,3,209.78,0.1,566.41,365.02,0
O109611,C04456,2024-11-04,Sports,East,2,189.61,0.3,265.45,219.95,0
O114244,C01153,2024-11-04,Home & Kitchen,South,1,116.29,0.1,104.66,63.96,0
O114191,C00363,2024-11-05,Home & Kitchen,East,1,65.36,0.3,45.75,35.95,0
O100567,C00275,2024-11-05,Home & Kitchen,East,1,27.06,0.15,23.0,14.88,0
O109919,C04610,2024-11-05,Sports,West,1,91.38,0.1,82.24,53.0,0
O111374,C05303,2024-11-05,Electronics,North,3,557.77,0.2,1338.65,1204.78,0
O113215,C00414,2024-11-05,Books,North,1,26.95,0.15,22.91,13.48,0
O113078,C02596,2024-11-05,Home & Kitchen,East,2,63.54,0.2,101.66,69.89,0
O113913,C02565,2024-11-05,Fashion,West,1,76.32,0.15,64.87,34.34,0
O106006,C02779,2024-11-05,Fashion,East,2,78.6,0.2,125.76,70.74,0
O100775,C00363,2024-11-05,Home & Kitchen,East,1,65.36,0.3,45.75,35.95,0
O101671,C00777,2024-11-05,Home & Kitchen,East,1,37.44,0.15,31.82,20.59,0
O105557,C02565,2024-11-05,Fashion,West,1,76.32,0.15,64.87,34.34,0
O103498,C01615,2024-11-05,Books,South,2,27.28,0.15,46.38,27.28,0
O113136,C05560,2024-11-05,Beauty,West,1,57.29,0.3,40.1,22.92,0
O113699,C03503,2024-11-05,Fashion,East,1,112.76,0.1,101.48,50.74,0
O112767,C05930,2024-11-05,Sports,South,1,127.85,0.2,102.28,74.15,0
O113525,C02962,2024-11-05,Home & Kitchen,North,1,35.85,0.2,28.68,19.72,1
O104301,C01992,2024-11-05,Electronics,West,1,482.96,0.2,386.37,347.73,0
O105980,C02767,2024-11-05,Fashion,South,2,73.42,0.3,102.79,66.08,0
O106452,C02990,2024-11-05,Beauty,South,1,33.21,0.2,26.57,13.28,0
O111942,C05560,2024-11-05,Beauty,West,1,57.29,0.3,40.1,22.92,0
O100336,C00165,2024-11-05,Sports,East,3,63.06,0.1,170.26,109.72,0
O109222,C04284,2024-11-05,Fashion,North,1,76.55,0.2,61.24,34.45,0
O105626,C02596,2024-11-05,Home & Kitchen,East,2,63.54,0.2,101.66,69.89,0
O101604,C00744,2024-11-05,Fashion,East,1,110.9,0.2,88.72,49.9,0
O113726,C04610,2024-11-05,Sports,West,1,91.38,0.1,82.24,53.0,0
O107529,C03503,2024-11-05,Fashion,East,1,112.76,0.1,101.48,50.74,0
O103427,C01586,2024-11-05,Home & Kitchen,East,1,54.39,0.2,43.51,29.91,0
O103662,C01687,2024-11-05,Beauty,South,1,20.83,0.2,16.66,8.33,0
O110210,C04743,2024-11-05,Beauty,West,1,39.27,0.15,33.38,15.71,0
O100888,C00414,2024-11-05,Books,North,1,26.95,0.15,22.91,13.48,0
O114230,C05303,2024-11-05,Electronics,North,3,557.77,0.2,1338.65,1204.78,0
O106393,C02962,2024-11-05,Home & Kitchen,North,1,35.85,0.2,28.68,19.72,1
O113609,C02990,2024-11-05,Beauty,South,1,33.21,0.2,26.57,13.28,0
O113963,C01924,2024-11-05,Fashion,West,2,22.75,0.2,36.4,20.48,0
O104168,C01924,2024-11-05,Fashion,West,2,22.75,0.2,36.4,20.48,0
O113041,C01586,2024-11-05,Home & Kitchen,East,1,54.39,0.2,43.51,29.91,0
O110053,C04670,2024-11-05,Sports,East,1,86.26,0.3,60.38,50.03,0
O113605,C04743,2024-11-05,Beauty,West,1,39.27,0.15,33.38,15.71,0
O113499,C01435,2024-11-06,Fashion,East,2,139.06,0.3,194.68,125.15,0
O106561,C03042,2024-11-06,Electronics,North,2,490.04,0.15,833.07,705.66,0
O113712,C05272,2024-11-06,Fashion,North,3,46.34,0.3,97.31,62.56,0
O111399,C05314,2024-11-06,Home & Kitchen,South,2,121.97,0.15,207.35,134.17,0
O110441,C04848,2024-11-06,Fashion,South,1,33.38,0.3,23.37,15.02,0
O107051,C03274,2024-11-06,Books,North,1,25.7,0.3,17.99,12.85,0
O111304,C05272,2024-11-06,Fashion,North,3,46.34,0.3,97.31,62.56,0
O109695,C04495,2024-11-06,Electronics,West,1,551.8,0.1,496.62,397.3,0
O111378,C05304,2024-11-06,Electronics,South,3,181.05,0.15,461.68,391.07,0
O109705,C04500,2024-11-06,Beauty,North,2,53.12,0.2,84.99,42.5,0
O114054,C03274,2024-11-06,Books,North,1,25.7,0.3,17.99,12.85,0
O108018,C03733,2024-11-06,Books,West,1,31.33,0.15,26.63,15.66,0
O109740,C04520,2024-11-06,Fashion,North,3,31.51,0.15,80.35,42.54,0
O113273,C03893,2024-11-06,Books,North,1,17.07,0.3,11.95,8.54,0
O108704,C04045,2024-11-06,Fashion,West,3,133.18,0.1,359.59,179.79,0
O113710,C01094,2024-11-06,Sports,North,1,224.7,0.2,179.76,130.33,0
O113971,C01418,2024-11-06,Fashion,North,3,96.75,0.15,246.71,130.61,0
O113916,C01079,2024-11-06,Books,North,2,30.85,0.3,43.19,30.85,0
O113592,C01482,2024-11-06,Electronics,East,1,506.47,0.2,405.18,364.66,0
O108373,C03893,2024-11-06,Books,North,1,17.07,0.3,11.95,8.54,0
O109933,C04616,2024-11-06,Beauty,West,2,31.39,0.15,53.36,25.11,0
O113765,C05314,2024-11-06,Home & Kitchen,South,2,121.97,0.15,207.35,134.17,0
O102329,C01079,2024-11-06,Books,North,2,30.85,0.3,43.19,30.85,0
O102004,C00929,2024-11-06,Home & Kitchen,North,3,61.93,0.3,130.05,102.18,0
O113587,C00929,2024-11-06,Home & Kitchen,North,3,61.93,0.3,130.05,102.18,0
O109263,C04301,2024-11-06,Home & Kitchen,South,2,174.66,0.3,244.52,192.13,0
O103188,C01482,2024-11-06,Electronics,East,1,506.47,0.2,405.18,364.66,0
O103087,C01435,2024-11-06,Fashion,East,2,139.06,0.3,194.68,125.15,0
O112975,C04848,2024-11-06,Fashion,South,1,33.38,0.3,23.37,15.02,0
O113846,C04338,2024-11-06,Home & Kitchen,South,1,130.56,0.2,104.45,71.81,0
O113030,C04301,2024-11-06,Home & Kitchen,South,2,174.66,0.3,244.52,192.13,0
O113848,C04500,2024-11-06,Beauty,North,2,53.12,0.2,84.99,42.5,0
O100181,C00091,2024-11-06,Fashion,West,2,60.83,0.15,103.41,54.75,0
O110923,C05084,2024-11-06,Beauty,East,2,67.61,0.2,108.18,54.09,0
O107960,C03711,2024-11-06,Home & Kitchen,North,2,81.13,0.3,113.58,89.24,0
O109340,C04338,2024-11-06,Home & Kitchen,South,1,130.56,0.2,104.45,71.81,0
O107075,C03285,2024-11-06,Fashion,West,3,69.23,0.15,176.54,93.46,0
O102359,C01094,2024-11-06,Sports,North,1,224.7,0.2,179.76,130.33,0
O104929,C02276,2024-11-06,Beauty,East,3,22.38,0.2,53.71,26.86,0
O112980,C05084,2024-11-06,Beauty,East,2,67.61,0.2,108.18,54.09,0
O112237,C05681,2024-11-06,Electronics,North,1,575.39,0.2,460.31,414.28,0
O103042,C01418,2024-11-06,Fashion,North,3,96.75,0.15,246.71,130.61,0
O103534,C01630,2024-11-06,Home & Kitchen,North,3,54.69,0.1,147.66,90.24,0
O113121,C03285,2024-11-06,Fashion,West,3,69.23,0.15,176.54,93.46,0
O109574,C04442,2024-11-07,Electronics,West,1,330.26,0.2,264.21,237.79,0
O113479,C01718,2024-11-07,Books,East,2,36.98,0.2,59.17,36.98,0
O106959,C03232,2024-11-07,Home & Kitchen,South,2,46.8,0.15,79.56,51.48,0
O103415,C01581,2024-11-07,Beauty,East,1,32.32,0.2,25.86,12.93,0
O110134,C04706,2024-11-07,Fashion,East,1,107.17,0.2,85.74,48.23,0
O113326,C05627,2024-11-07,Fashion,South,2,97.44,0.15,165.65,87.7,0
O107495,C03489,2024-11-07,Fashion,North,1,35.72,0.1,32.15,16.07,0
O108077,C03761,2024-11-07,Fashion,North,1,135.62,0.3,94.93,61.03,0
O109105,C04235,2024-11-07,Electronics,East,3,599.53,0.15,1528.8,1294.98,0
O113603,C04442,2024-11-07,Electronics,West,1,330.26,0.2,264.21,237.79,0
O106067,C02805,2024-11-07,Fashion,East,1,84.85,0.1,76.36,38.18,0
O113634,C05629,2024-11-07,Electronics,South,3,376.98,0.2,904.75,814.28,0
O113521,C03232,2024-11-07,Home & Kitchen,South,2,46.8,0.15,79.56,51.48,0
O104800,C02215,2024-11-07,Electronics,South,2,472.72,0.2,756.35,680.72,0
O100490,C00238,2024-11-07,Sports,South,2,121.82,0.15,207.09,141.31,0
O109324,C04328,2024-11-07,Electronics,South,2,223.14,0.3,312.4,321.32,0
O114179,C03489,2024-11-07,Fashion,North,1,35.72,0.1,32.15,16.07,0
O111545,C05381,2024-11-07,Fashion,South,1,70.73,0.3,49.51,31.83,0
O103735,C01718,2024-11-07,Books,East,2,36.98,0.2,59.17,36.98,0
O106310,C02923,2024-11-07,Books,East,1,14.53,0.15,12.35,7.26,0
O113891,C03804,2024-11-07,Fashion,South,2,134.44,0.3,188.22,121.0,0
O112102,C05627,2024-11-07,Fashion,South,2,97.44,0.15,165.65,87.7,0
O112109,C05629,2024-11-07,Electronics,South,3,376.98,0.2,904.75,814.28,0
O103143,C01462,2024-11-07,Home & Kitchen,South,1,102.64,0.3,71.85,56.45,0
O113292,C04328,2024-11-07,Electronics,South,2,223.14,0.3,312.4,321.32,0
O108178,C03804,2024-11-07,Fashion,South,2,134.44,0.3,188.22,121.0,0
O114130,C03209,2024-11-08,Sports,North,2,205.37,0.3,287.52,238.23,0
O113532,C03294,2024-11-08,Books,West,3,24.83,0.2,59.59,37.24,0
O110571,C04917,2024-11-08,Fashion,West,1,118.31,0.3,82.82,53.24,1
O102031,C00942,2024-11-08,Home & Kitchen,North,2,124.65,0.3,174.51,137.12,0
O106918,C03209,2024-11-08,Sports,North,2,205.37,0.3,287.52,238.23,0
O102861,C01333,2024-11-08,Electronics,North,1,135.28,0.2,108.22,97.4,0
O100374,C00186,2024-11-08,Electronics,North,1,289.62,0.2,231.7,208.53,0
O102898,C01352,2024-11-08,Beauty,North,2,24.37,0.1,43.87,19.5,0
O113173,C00435,2024-11-08,Fashion,North,1,121.61,0.3,85.13,54.72,0
O104672,C02157,2024-11-08,Fashion,South,1,57.12,0.2,45.7,25.7,0
O104874,C02250,2024-11-08,Beauty,West,2,26.9,0.3,37.66,21.52,0
O106470,C02999,2024-11-08,Beauty,West,1,10.4,0.1,9.36,4.16,0
O100936,C00435,2024-11-08,Fashion,North,1,121.61,0.3,85.13,54.72,0
O108681,C04035,2024-11-08,Electronics,North,2,299.18,0.2,478.69,430.82,0
O113652,C01333,2024-11-08,Electronics,North,1,135.28,0.2,108.22,97.4,0
O100452,C00219,2024-11-08,Electronics,South,3,126.37,0.15,322.24,272.96,0
O114193,C00942,2024-11-08,Home & Kitchen,North,2,124.65,0.3,174.51,137.12,0
O107096,C03294,2024-11-08,Books,West,3,24.83,0.2,59.59,37.24,0
O113642,C02250,2024-11-08,Beauty,West,2,26.9,0.3,37.66,21.52,0
O113084,C04416,2024-11-09,Fashion,West,3,69.54,0.2,166.9,93.88,0
O113661,C00994,2024-11-09,Electronics,South,1,298.82,0.15,254.0,215.15,0
O113684,C00082,2024-11-09,Home & Kitchen,North,2,63.4,0.1,114.12,69.74,0
O103894,C01793,2024-11-09,Books,North,3,8.75,0.3,18.38,13.12,0
O111639,C05424,2024-11-09,Beauty,West,1,24.41,0.3,17.09,9.76,0
O100161,C00082,2024-11-09,Home & Kitchen,North,2,63.4,0.1,114.12,69.74,0
O107634,C03563,2024-11-09,Fashion,North,1,31.27,0.3,21.89,14.07,0
O101354,C00621,2024-11-09,Beauty,East,2,40.86,0.3,57.2,32.69,0
O109454,C04387,2024-11-09,Fashion,East,1,52.55,0.3,36.78,23.65,0
O113670,C05424,2024-11-09,Beauty,West,1,24.41,0.3,17.09,9.76,0
O114211,C05690,2024-11-09,Beauty,West,1,22.22,0.2,17.78,8.89,0
O113225,C03008,2024-11-09,Sports,West,2,154.78,0.1,278.6,179.54,0
O101046,C00483,2024-11-09,Sports,West,1,207.8,0.3,145.46,120.52,0
O113425,C03125,2024-11-09,Home & Kitchen,North,3,108.15,0.3,227.12,178.45,0
O112256,C05690,2024-11-09,Beauty,West,1,22.22,0.2,17.78,8.89,0
O112503,C05803,2024-11-09,Beauty,North,2,16.5,0.1,29.7,13.2,0
O102978,C01385,2024-11-09,Books,West,3,26.28,0.3,55.19,39.42,0
O110253,C04765,2024-11-09,Home & Kitchen,East,3,145.67,0.1,393.31,240.36,0
O105828,C02694,2024-11-09,Electronics,West,2,195.47,0.2,312.75,281.48,0
O114218,C00407,2024-11-09,Beauty,East,3,29.32,0.1,79.16,35.18,0
O106744,C03125,2024-11-09,Home & Kitchen,North,3,108.15,0.3,227.12,178.45,0
O113570,C04752,2024-11-09,Books,North,2,8.87,0.2,14.19,8.87,0
O110232,C04752,2024-11-09,Books,North,2,8.87,0.2,14.19,8.87,0
O110949,C05095,2024-11-09,Home & Kitchen,North,1,106.03,0.3,74.22,58.32,0
O114206,C03563,2024-11-09,Fashion,North,1,31.27,0.3,21.89,14.07,0
O113638,C04387,2024-11-09,Fashion,East,1,52.55,0.3,36.78,23.65,0
O113853,C05803,2024-11-09,Beauty,North,2,16.5,0.1,29.7,13.2,0
O102146,C00994,2024-11-09,Electronics,South,1,298.82,0.15,254.0,215.15,0
O106490,C03008,2024-11-09,Sports,West,2,154.78,0.1,278.6,179.54,0
O113806,C05344,2024-11-09,Home & Kitchen,South,2,63.63,0.1,114.53,69.99,0
O109696,C04495,2024-11-09,Fashion,West,2,35.03,0.3,49.04,31.53,0
O113176,C01385,2024-11-09,Books,West,3,26.28,0.3,55.19,39.42,0
O113352,C00621,2024-11-09,Beauty,East,2,40.86,0.3,57.2,32.69,0
O109526,C04416,2024-11-09,Fashion,West,3,69.54,0.2,166.9,93.88,0
O100872,C00407,2024-11-09,Beauty,East,3,29.32,0.1,79.16,35.18,0
O113235,C02921,2024-11-09,Home & Kitchen,South,1,161.95,0.3,113.36,89.07,1
O111464,C05344,2024-11-09,Home & Kitchen,South,2,63.63,0.1,114.53,69.99,0
O105905,C02734,2024-11-09,Fashion,West,3,35.95,0.2,86.28,48.53,0
O106301,C02921,2024-11-09,Home & Kitchen,South,1,161.95,0.3,113.36,89.07,1
O103461,C01601,2024-11-10,Fashion,East,2,52.42,0.15,89.11,47.18,0
O110809,C05031,2024-11-10,Fashion,East,3,102.22,0.15,260.66,138.0,0
O114254,C00140,2024-11-10,Books,South,1,12.55,0.3,8.79,6.28,0
O113850,C03248,2024-11-10,Home & Kitchen,West,2,89.79,0.3,125.71,98.77,0
O102509,C01168,2024-11-10,Home & Kitchen,South,1,81.97,0.3,57.38,45.08,0
O113711,C00500,2024-11-10,Sports,West,2,125.68,0.15,213.66,145.79,0
O114274,C04410,2024-11-10,Fashion,North,1,20.28,0.1,18.25,9.13,0
O106993,C03248,2024-11-10,Home & Kitchen,West,2,89.79,0.3,125.71,98.77,0
O106199,C02867,2024-11-10,Beauty,West,2,46.71,0.15,79.41,37.37,0
O103641,C01678,2024-11-10,Beauty,North,1,28.21,0.15,23.98,11.28,0
O113617,C01601,2024-11-10,Fashion,East,2,52.42,0.15,89.11,47.18,0
O100290,C00140,2024-11-10,Books,South,1,12.55,0.3,8.79,6.28,0
O112175,C05655,2024-11-10,Fashion,South,2,117.51,0.2,188.02,105.76,0
O103795,C01745,2024-11-10,Beauty,North,2,56.65,0.1,101.97,45.32,0
O112461,C05782,2024-11-10,Beauty,North,2,18.83,0.3,26.36,15.06,0
O113551,C01168,2024-11-10,Home & Kitchen,South,1,81.97,0.3,57.38,45.08,0
O113493,C05704,2024-11-10,Books,South,3,23.52,0.2,56.45,35.28,0
O113424,C01745,2024-11-10,Beauty,North,2,56.65,0.1,101.97,45.32,0
O113730,C00505,2024-11-10,Beauty,East,3,59.01,0.3,123.92,70.81,0
O112292,C05704,2024-11-10,Books,South,3,23.52,0.2,56.45,35.28,0
O109832,C04564,2024-11-10,Fashion,South,1,46.78,0.3,32.75,21.05,0
O104572,C02108,2024-11-10,Beauty,South,1,42.76,0.15,36.35,17.1,0
O101081,C00500,2024-11-10,Sports,West,2,125.68,0.15,213.66,145.79,0
O100625,C00301,2024-11-10,Electronics,West,3,193.99,0.15,494.67,419.02,1
O112812,C05947,2024-11-10,Fashion,North,1,40.18,0.15,34.15,18.08,1
O109507,C04410,2024-11-10,Fashion,North,1,20.28,0.1,18.25,9.13,0
O101096,C00505,2024-11-10,Beauty,East,3,59.01,0.3,123.92,70.81,0
O113975,C05031,2024-11-10,Fashion,East,3,102.22,0.15,260.66,138.0,0
O100559,C00271,2024-11-11,Home & Kitchen,West,1,100.04,0.3,70.03,55.02,0
O109101,C04234,2024-11-11,Electronics,South,1,564.26,0.2,451.41,406.27,0
O113335,C00009,2024-11-11,Home & Kitchen,North,1,122.49,0.1,110.24,67.37,0
O113227,C00756,2024-11-11,Fashion,South,2,108.41,0.3,151.77,97.57,0
O107241,C03369,2024-11-11,Electronics,East,2,550.44,0.3,770.62,792.63,0
O113969,C04130,2024-11-11,Books,South,2,28.65,0.3,40.11,28.65,0
O107713,C03601,2024-11-11,Fashion,North,1,53.19,0.15,45.21,23.94,0
O113771,C04234,2024-11-11,Electronics,South,1,564.26,0.2,451.41,406.27,0
O113808,C03981,2024-11-11,Electronics,West,1,322.81,0.1,290.53,232.42,0
O111852,C05521,2024-11-11,Fashion,East,3,20.74,0.15,52.89,28.0,0
O101024,C00473,2024-11-11,Home & Kitchen,East,1,31.37,0.1,28.23,17.25,0
O113522,C02703,2024-11-11,Beauty,North,3,44.79,0.3,94.06,53.75,0
O113470,C03601,2024-11-11,Fashion,North,1,53.19,0.15,45.21,23.94,0
O114219,C02578,2024-11-11,Books,East,1,12.0,0.3,8.4,6.0,0
O100590,C00285,2024-11-11,Sports,North,1,179.72,0.3,125.8,104.24,0
O105583,C02578,2024-11-11,Books,East,1,12.0,0.3,8.4,6.0,0
O109669,C04482,2024-11-11,Electronics,West,2,187.24,0.2,299.58,269.63,0
O113174,C03616,2024-11-11,Electronics,North,1,123.89,0.15,105.31,89.2,0
O107748,C03616,2024-11-11,Electronics,North,1,123.89,0.15,105.31,89.2,0
O104928,C02275,2024-11-11,Fashion,South,2,35.34,0.3,49.48,31.81,1
O113564,C02053,2024-11-11,Home & Kitchen,East,1,89.46,0.2,71.57,49.2,0
O109561,C04434,2024-11-11,Fashion,North,1,63.81,0.15,54.24,28.71,0
O111690,C05449,2024-11-11,Books,North,1,32.06,0.2,25.65,16.03,0
O112926,C00271,2024-11-11,Home & Kitchen,West,1,100.04,0.3,70.03,55.02,0
O100023,C00009,2024-11-11,Home & Kitchen,North,1,122.49,0.1,110.24,67.37,0
O101635,C00756,2024-11-11,Fashion,South,2,108.41,0.3,151.77,97.57,0
O113123,C04482,2024-11-11,Electronics,West,2,187.24,0.2,299.58,269.63,0
O106172,C02853,2024-11-11,Home & Kitchen,North,2,127.55,0.3,178.57,140.3,0
O113700,C02853,2024-11-11,Home & Kitchen,North,2,127.55,0.3,178.57,140.3,0
O108560,C03981,2024-11-11,Electronics,West,1,322.81,0.1,290.53,232.42,0
O114092,C00744,2024-11-11,Fashion,East,2,58.67,0.1,105.61,52.8,0
O114294,C02135,2024-11-11,Home & Kitchen,West,1,110.02,0.15,93.52,60.51,0
O104439,C02053,2024-11-11,Home & Kitchen,East,1,89.46,0.2,71.57,49.2,0
O108882,C04130,2024-11-11,Books,South,2,28.65,0.3,40.11,28.65,0
O101605,C00744,2024-11-11,Fashion,East,2,58.67,0.1,105.61,52.8,0
O105845,C02703,2024-11-11,Beauty,North,3,44.79,0.3,94.06,53.75,0
O113377,C00285,2024-11-11,Sports,North,1,179.72,0.3,125.8,104.24,0
O101714,C00795,2024-11-11,Fashion,East,2,132.97,0.15,226.05,119.67,0
O105728,C02650,2024-11-11,Books,North,2,20.48,0.1,36.86,20.48,0
O104336,C02007,2024-11-11,Electronics,East,3,477.73,0.3,1003.23,1031.9,1
O105850,C02705,2024-11-11,Sports,East,2,93.36,0.2,149.38,108.3,0
O104627,C02135,2024-11-11,Home & Kitchen,West,1,110.02,0.15,93.52,60.51,0
O113560,C04996,2024-11-12,Fashion,South,1,113.48,0.1,102.13,51.07,0
O105470,C02519,2024-11-12,Home & Kitchen,North,1,57.2,0.3,40.04,31.46,0
O114273,C02412,2024-11-12,Sports,East,2,175.19,0.3,245.27,203.22,0
O107852,C03666,2024-11-12,Fashion,East,1,49.55,0.3,34.68,22.3,0
O113807,C05172,2024-11-12,Sports,East,3,225.41,0.2,540.98,392.21,0
O106471,C02999,2024-11-12,Fashion,West,3,122.08,0.3,256.37,164.81,0
O113919,C00267,2024-11-12,Beauty,North,1,11.3,0.1,10.17,4.52,0
O100065,C00030,2024-11-12,Beauty,South,1,63.2,0.1,56.88,25.28,0
O111116,C05172,2024-11-12,Sports,East,3,225.41,0.2,540.98,392.21,0
O105020,C02318,2024-11-12,Home & Kitchen,West,1,102.06,0.15,86.75,56.13,1
O113530,C00403,2024-11-12,Fashion,East,3,56.97,0.1,153.82,76.91,1
O108302,C03860,2024-11-12,Home & Kitchen,North,1,118.61,0.2,94.89,65.24,0
O105716,C02645,2024-11-12,Beauty,East,1,61.77,0.3,43.24,24.71,0
O113987,C03595,2024-11-12,Sports,West,3,136.69,0.3,287.05,237.84,0
O113137,C01059,2024-11-12,Fashion,South,2,116.15,0.2,185.84,104.54,0
O108191,C03812,2024-11-12,Home & Kitchen,South,2,179.81,0.3,251.73,197.79,0
O114289,C03500,2024-11-12,Sports,East,2,207.06,0.2,331.3,240.19,0
O113506,C03356,2024-11-12,Sports,South,1,248.65,0.3,174.06,144.22,0
O100553,C00267,2024-11-12,Beauty,North,1,11.3,0.1,10.17,4.52,0
O101439,C00659,2024-11-12,Home & Kitchen,West,3,30.29,0.15,77.24,49.98,0
O110733,C04996,2024-11-12,Fashion,South,1,113.48,0.1,102.13,51.07,0
O113608,C05035,2024-11-12,Sports,North,1,128.32,0.15,109.07,74.43,0
O113693,C00659,2024-11-12,Home & Kitchen,West,3,30.29,0.15,77.24,49.98,0
O104025,C01854,2024-11-12,Home & Kitchen,North,2,124.95,0.3,174.93,137.45,0
O113372,C03281,2024-11-12,Fashion,East,2,69.84,0.3,97.78,62.86,0
O104648,C02146,2024-11-12,Electronics,West,1,345.01,0.15,293.26,248.41,1
O107701,C03595,2024-11-12,Sports,West,3,136.69,0.3,287.05,237.84,0
O114228,C00030,2024-11-12,Beauty,South,1,63.2,0.1,56.88,25.28,0
O113383,C02999,2024-11-12,Fashion,West,3,122.08,0.3,256.37,164.81,0
O110821,C05035,2024-11-12,Sports,North,1,128.32,0.15,109.07,74.43,0
O113633,C02762,2024-11-12,Beauty,West,1,47.73,0.2,38.18,19.09,0
O105970,C02762,2024-11-12,Beauty,West,1,47.73,0.2,38.18,19.09,0
O114147,C02318,2024-11-12,Home & Kitchen,West,1,102.06,0.15,86.75,56.13,1
O107521,C03500,2024-11-12,Sports,East,2,207.06,0.2,331.3,240.19,0
O112958,C02519,2024-11-12,Home & Kitchen,North,1,57.2,0.3,40.04,31.46,0
O107755,C03619,2024-11-12,Fashion,North,3,85.84,0.15,218.89,115.88,1
O102285,C01059,2024-11-12,Fashion,South,2,116.15,0.2,185.84,104.54,0
O107067,C03281,2024-11-12,Fashion,East,2,69.84,0.3,97.78,62.86,0
O114260,C01854,2024-11-12,Home & Kitchen,North,2,124.95,0.3,174.93,137.45,0
O107216,C03356,2024-11-12,Sports,South,1,248.65,0.3,174.06,144.22,0
O104344,C02008,2024-11-12,Beauty,East,3,69.54,0.1,187.76,83.45,0
O100862,C00403,2024-11-12,Fashion,East,3,56.97,0.1,153.82,76.91,1
O105242,C02418,2024-11-12,Home & Kitchen,West,2,45.69,0.15,77.67,50.26,0
O113650,C02418,2024-11-12,Home & Kitchen,West,2,45.69,0.15,77.67,50.26,0
O105224,C02412,2024-11-12,Sports,East,2,175.19,0.3,245.27,203.22,0
O112964,C04174,2024-11-13,Home & Kitchen,East,1,131.64,0.15,111.89,72.4,0
O113066,C01629,2024-11-13,Home & Kitchen,North,3,154.92,0.15,395.05,255.62,0
O101718,C00796,2024-11-13,Beauty,East,1,39.17,0.1,35.25,15.67,0
O100381,C00189,2024-11-13,Beauty,North,3,67.2,0.3,141.12,80.64,0
O109385,C04354,2024-11-13,Home & Kitchen,East,1,163.15,0.15,138.68,89.73,0
O100518,C00250,2024-11-13,Fashion,South,1,86.15,0.2,68.92,38.77,0
O108972,C04174,2024-11-13,Home & Kitchen,East,1,131.64,0.15,111.89,72.4,0
O108066,C03755,2024-11-13,Books,South,2,14.05,0.2,22.48,14.05,0
O103782,C01741,2024-11-13,Beauty,North,2,10.9,0.15,18.53,8.72,0
O108197,C03814,2024-11-13,Beauty,North,3,15.97,0.15,40.72,19.16,0
O114209,C00912,2024-11-13,Fashion,South,2,101.42,0.1,182.56,91.28,0
O109309,C04322,2024-11-13,Home & Kitchen,North,3,80.5,0.2,193.2,132.83,0
O105302,C02443,2024-11-13,Sports,West,2,122.34,0.1,220.21,141.91,0
O112978,C03173,2024-11-13,Beauty,South,1,34.59,0.1,31.13,13.84,0
O113689,C03814,2024-11-13,Beauty,North,3,15.97,0.15,40.72,19.16,0
O102255,C01043,2024-11-13,Home & Kitchen,North,2,107.77,0.2,172.43,118.55,0
O113015,C01263,2024-11-13,Beauty,South,1,32.26,0.3,22.58,12.9,0
O106841,C03173,2024-11-13,Beauty,South,1,34.59,0.1,31.13,13.84,0
O109634,C04465,2024-11-13,Sports,West,2,231.81,0.2,370.9,268.9,0
O113088,C02443,2024-11-13,Sports,West,2,122.34,0.1,220.21,141.91,0
O108108,C03775,2024-11-13,Beauty,East,2,41.62,0.1,74.92,33.3,0
O113667,C03755,2024-11-13,Books,South,2,14.05,0.2,22.48,14.05,0
O103528,C01629,2024-11-13,Home & Kitchen,North,3,154.92,0.15,395.05,255.62,0
O113572,C01741,2024-11-13,Beauty,North,2,10.9,0.15,18.53,8.72,0
O101180,C00547,2024-11-13,Fashion,South,2,81.35,0.15,138.29,73.22,0
O101966,C00912,2024-11-13,Fashion,South,2,101.42,0.1,182.56,91.28,0
O114263,C01043,2024-11-13,Home & Kitchen,North,2,107.77,0.2,172.43,118.55,0
O102706,C01263,2024-11-13,Beauty,South,1,32.26,0.3,22.58,12.9,0
O113750,C04322,2024-11-13,Home & Kitchen,North,3,80.5,0.2,193.2,132.83,0
O113371,C03257,2024-11-14,Electronics,East,3,301.4,0.15,768.57,651.02,0
O110838,C05043,2024-11-14,Electronics,West,2,201.51,0.15,342.57,290.17,0
O114047,C03218,2024-11-14,Books,East,2,30.38,0.3,42.53,30.38,0
O104046,C01862,2024-11-14,Beauty,West,1,37.71,0.2,30.17,15.08,0
O102018,C00935,2024-11-14,Sports,South,1,223.65,0.3,156.56,129.72,0
O114119,C01391,2024-11-14,Home & Kitchen,North,1,156.16,0.1,140.54,85.89,0
O113999,C03062,2024-11-14,Home & Kitchen,South,1,33.13,0.1,29.82,18.22,0
O106293,C02916,2024-11-14,Home & Kitchen,East,2,124.16,0.3,173.82,136.58,0
O104628,C02135,2024-11-14,Home & Kitchen,West,2,166.4,0.1,299.52,183.04,0
O106934,C03218,2024-11-14,Books,East,2,30.38,0.3,42.53,30.38,0
O114217,C05043,2024-11-14,Electronics,West,2,201.51,0.15,342.57,290.17,0
O104682,C02163,2024-11-14,Books,North,1,20.87,0.2,16.7,10.44,0
O110243,C04759,2024-11-14,Home & Kitchen,South,2,62.45,0.1,112.41,68.7,1
O110947,C05093,2024-11-14,Fashion,North,1,67.25,0.2,53.8,30.26,0
O102371,C01100,2024-11-14,Home & Kitchen,West,3,59.76,0.3,125.5,98.6,0
O101491,C00689,2024-11-14,Electronics,East,2,300.65,0.1,541.17,432.94,0
O113673,C02916,2024-11-14,Home & Kitchen,East,2,124.16,0.3,173.82,136.58,0
O107368,C03430,2024-11-14,Sports,North,1,130.94,0.15,111.3,75.95,0
O106602,C03062,2024-11-14,Home & Kitchen,South,1,33.13,0.1,29.82,18.22,0
O101355,C00621,2024-11-14,Home & Kitchen,East,1,102.18,0.2,81.74,56.2,0
O101707,C00792,2024-11-14,Fashion,South,2,129.91,0.2,207.86,116.92,0
O106338,C02934,2024-11-14,Fashion,North,2,57.04,0.3,79.86,51.34,0
O112965,C02934,2024-11-14,Fashion,North,2,57.04,0.3,79.86,51.34,0
O104775,C02205,2024-11-14,Home & Kitchen,North,3,113.36,0.3,238.06,187.04,0
O114278,C01100,2024-11-14,Home & Kitchen,West,3,59.76,0.3,125.5,98.6,0
O110852,C05051,2024-11-14,Fashion,South,1,131.34,0.2,105.07,59.1,0
O105736,C02654,2024-11-14,Fashion,South,1,76.15,0.1,68.54,34.27,1
O107014,C03257,2024-11-14,Electronics,East,3,301.4,0.15,768.57,651.02,0
O113247,C00689,2024-11-14,Electronics,East,2,300.65,0.1,541.17,432.94,0
O102992,C01391,2024-11-14,Home & Kitchen,North,1,156.16,0.1,140.54,85.89,0
O112312,C05716,2024-11-15,Home & Kitchen,North,2,63.19,0.1,113.74,69.51,0
O109498,C04407,2024-11-15,Electronics,West,3,394.81,0.2,947.54,852.79,0
O113785,C05607,2024-11-15,Home & Kitchen,North,3,114.13,0.2,273.91,188.31,0
O113374,C05716,2024-11-15,Home & Kitchen,North,2,63.19,0.1,113.74,69.51,0
O113727,C03584,2024-11-15,Electronics,North,2,259.87,0.2,415.79,374.21,1
O103809,C01754,2024-11-15,Sports,South,3,179.14,0.15,456.81,311.7,0
O110538,C04901,2024-11-15,Books,South,2,23.02,0.1,41.44,23.02,0
O108696,C04040,2024-11-15,Fashion,West,1,34.4,0.3,24.08,15.48,0
O113967,C04901,2024-11-15,Books,South,2,23.02,0.1,41.44,23.02,0
O105472,C02521,2024-11-15,Books,South,2,12.4,0.3,17.36,12.4,0
O108206,C03817,2024-11-15,Books,East,1,29.11,0.15,24.74,14.56,0
O114080,C03817,2024-11-15,Books,East,1,29.11,0.15,24.74,14.56,0
O114291,C02802,2024-11-15,Fashion,East,3,75.74,0.1,204.5,102.25,0
O114239,C05747,2024-11-15,Beauty,East,1,60.81,0.15,51.69,24.32,0
O100061,C00027,2024-11-15,Fashion,North,1,21.79,0.2,17.43,9.81,0
O112382,C05747,2024-11-15,Beauty,East,1,60.81,0.15,51.69,24.32,0
O102352,C01092,2024-11-15,Electronics,East,1,256.65,0.15,218.15,184.79,0
O106058,C02802,2024-11-15,Fashion,East,3,75.74,0.1,204.5,102.25,0
O113181,C00901,2024-11-15,Home & Kitchen,North,1,120.45,0.1,108.41,66.25,0
O105075,C02342,2024-11-15,Electronics,North,1,366.69,0.3,256.68,264.02,0
O100498,C00241,2024-11-15,Electronics,West,3,260.64,0.15,664.63,562.98,0
O107677,C03584,2024-11-15,Electronics,North,2,259.87,0.2,415.79,374.21,1
O113081,C04040,2024-11-15,Fashion,West,1,34.4,0.3,24.08,15.48,0
O113540,C04407,2024-11-15,Electronics,West,3,394.81,0.2,947.54,852.79,0
O106286,C02910,2024-11-15,Sports,North,3,238.45,0.15,608.05,414.9,0
O113857,C02342,2024-11-15,Electronics,North,1,366.69,0.3,256.68,264.02,0
O113061,C02146,2024-11-15,Electronics,West,1,472.29,0.15,401.45,340.05,0
O114227,C00027,2024-11-15,Fashion,North,1,21.79,0.2,17.43,9.81,0
O104649,C02146,2024-11-15,Electronics,West,1,472.29,0.15,401.45,340.05,0
O101938,C00901,2024-11-15,Home & Kitchen,North,1,120.45,0.1,108.41,66.25,0
O112053,C05607,2024-11-15,Home & Kitchen,North,3,114.13,0.2,273.91,188.31,0
O102559,C01192,2024-11-16,Electronics,East,2,587.92,0.3,823.09,846.6,0
O107249,C03372,2024-11-16,Home & Kitchen,North,1,168.85,0.2,135.08,92.87,0
O102482,C01153,2024-11-16,Beauty,South,1,63.58,0.2,50.86,25.43,0
O113622,C00155,2024-11-16,Home & Kitchen,North,1,65.7,0.2,52.56,36.14,0
O105061,C02339,2024-11-16,Electronics,West,1,341.83,0.3,239.28,246.12,0
O114236,C03676,2024-11-16,Home & Kitchen,North,1,84.16,0.3,58.91,46.29,0
O112275,C05697,2024-11-16,Home & Kitchen,North,1,36.99,0.2,29.59,20.34,0
O103010,C01400,2024-11-16,Fashion,East,2,58.26,0.3,81.56,52.43,0
O109544,C04424,2024-11-16,Home & Kitchen,South,2,117.05,0.3,163.87,128.76,0
O100313,C00155,2024-11-16,Home & Kitchen,North,1,65.7,0.2,52.56,36.14,0
O113841,C01473,2024-11-16,Books,East,2,18.46,0.15,31.38,18.46,0
O103197,C01485,2024-11-16,Books,West,1,34.13,0.2,27.3,17.07,0
O113596,C01400,2024-11-16,Fashion,East,2,58.26,0.3,81.56,52.43,0
O106641,C03081,2024-11-16,Sports,North,3,146.28,0.15,373.01,254.53,0
O109635,C04465,2024-11-16,Home & Kitchen,West,3,39.86,0.15,101.64,65.77,0
O103168,C01473,2024-11-16,Books,East,2,18.46,0.15,31.38,18.46,0
O102147,C00994,2024-11-16,Books,South,3,34.84,0.3,73.16,52.26,0
O109253,C04297,2024-11-16,Home & Kitchen,East,1,33.2,0.3,23.24,18.26,0
O107766,C03624,2024-11-16,Fashion,South,1,55.55,0.2,44.44,25.0,0
O114288,C01153,2024-11-16,Beauty,South,1,63.58,0.2,50.86,25.43,0
O113466,C03372,2024-11-16,Home & Kitchen,North,1,168.85,0.2,135.08,92.87,0
O105754,C02661,2024-11-16,Beauty,South,2,38.33,0.15,65.16,30.66,0
O107868,C03676,2024-11-16,Home & Kitchen,North,1,84.16,0.3,58.91,46.29,0
O110942,C05092,2024-11-16,Books,North,2,21.91,0.15,37.25,21.91,1
O113160,C03081,2024-11-16,Sports,North,3,146.28,0.15,373.01,254.53,0
O114237,C01485,2024-11-16,Books,West,1,34.13,0.2,27.3,17.07,0
O113729,C05092,2024-11-16,Books,North,2,21.91,0.15,37.25,21.91,1
O113164,C03624,2024-11-16,Fashion,South,1,55.55,0.2,44.44,25.0,0
O102837,C01319,2024-11-16,Sports,West,1,87.07,0.15,74.01,50.5,0
O114132,C00572,2024-11-16,Beauty,North,1,25.63,0.3,17.94,10.25,0
O112941,C04465,2024-11-16,Home & Kitchen,West,3,39.86,0.15,101.64,65.77,0
O106376,C02954,2024-11-16,Fashion,North,3,27.72,0.15,70.69,37.42,0
O101244,C00572,2024-11-16,Beauty,North,1,25.63,0.3,17.94,10.25,0
O113350,C05697,2024-11-16,Home & Kitchen,North,1,36.99,0.2,29.59,20.34,0
O109790,C04545,2024-11-17,Sports,East,1,112.8,0.2,90.24,65.42,0
O100438,C00214,2024-11-17,Fashion,East,2,91.54,0.3,128.16,82.39,0
O113440,C02507,2024-11-17,Electronics,North,1,346.18,0.1,311.56,249.25,0
O113022,C01643,2024-11-17,Fashion,South,1,22.28,0.2,17.82,10.03,0
O105108,C02357,2024-11-17,Electronics,East,2,280.15,0.3,392.21,403.42,1
O111627,C05418,2024-11-17,Electronics,West,2,331.79,0.3,464.51,477.78,0
O114074,C05664,2024-11-17,Beauty,West,2,33.4,0.15,56.78,26.72,0
O113910,C05726,2024-11-17,Beauty,West,1,38.85,0.2,31.08,15.54,0
O104942,C02282,2024-11-17,Electronics,South,3,583.25,0.3,1224.82,1259.82,0
O109762,C04531,2024-11-17,Home & Kitchen,North,2,35.73,0.1,64.31,39.3,0
O113381,C03551,2024-11-17,Fashion,West,3,56.99,0.3,119.68,76.94,0
O113353,C03397,2024-11-17,Beauty,East,2,60.36,0.2,96.58,48.29,0
O106159,C02846,2024-11-17,Electronics,West,1,411.03,0.3,287.72,295.94,0
O113880,C05418,2024-11-17,Electronics,West,2,331.79,0.3,464.51,477.78,0
O103294,C01526,2024-11-17,Fashion,East,2,62.41,0.15,106.1,56.17,0
O113175,C03220,2024-11-17,Home & Kitchen,South,2,56.67,0.1,102.01,62.34,0
O112991,C02357,2024-11-17,Electronics,East,2,280.15,0.3,392.21,403.42,1
O108019,C03733,2024-11-17,Beauty,West,1,59.33,0.2,47.46,23.73,0
O110488,C04878,2024-11-17,Books,East,2,34.56,0.2,55.3,34.56,0
O113309,C01078,2024-11-17,Electronics,East,2,229.19,0.1,412.54,330.03,0
O106937,C03220,2024-11-17,Home & Kitchen,South,2,56.67,0.1,102.01,62.34,0
O107622,C03556,2024-11-17,Home & Kitchen,South,1,66.9,0.15,56.87,36.8,0
O102328,C01078,2024-11-17,Electronics,East,2,229.19,0.1,412.54,330.03,0
O113195,C04531,2024-11-17,Home & Kitchen,North,2,35.73,0.1,64.31,39.3,0
O112333,C05726,2024-11-17,Beauty,West,1,38.85,0.2,31.08,15.54,0
O112193,C05664,2024-11-17,Beauty,West,2,33.4,0.15,56.78,26.72,0
O114076,C03733,2024-11-17,Beauty,West,1,59.33,0.2,47.46,23.73,0
O114199,C00214,2024-11-17,Fashion,East,2,91.54,0.3,128.16,82.39,0
O103561,C01643,2024-11-17,Fashion,South,1,22.28,0.2,17.82,10.03,0
O105448,C02507,2024-11-17,Electronics,North,1,346.18,0.1,311.56,249.25,0
O113610,C03556,2024-11-17,Home & Kitchen,South,1,66.9,0.15,56.87,36.8,0
O107300,C03397,2024-11-17,Beauty,East,2,60.36,0.2,96.58,48.29,0
O107613,C03551,2024-11-17,Fashion,West,3,56.99,0.3,119.68,76.94,0
O111559,C05387,2024-11-18,Fashion,West,2,91.68,0.1,165.02,82.51,0
O103098,C01444,2024-11-18,Sports,West,2,54.84,0.1,98.71,63.61,0
O113472,C02717,2024-11-18,Home & Kitchen,West,3,99.82,0.2,239.57,164.7,0
O109200,C04274,2024-11-18,Books,North,1,28.74,0.15,24.43,14.37,0
O113565,C00758,2024-11-18,Books,North,1,33.11,0.15,28.14,16.56,0
O113912,C00111,2024-11-18,Electronics,South,2,131.05,0.1,235.89,188.71,1
O106708,C03106,2024-11-18,Books,West,1,37.98,0.2,30.38,18.99,0
O107219,C03357,2024-11-18,Home & Kitchen,South,1,56.41,0.3,39.49,31.03,0
O113312,C03260,2024-11-18,Electronics,North,2,551.19,0.3,771.67,793.71,0
O112977,C01978,2024-11-18,Beauty,North,1,26.23,0.2,20.98,10.49,0
O111034,C05137,2024-11-18,Electronics,East,1,145.82,0.1,131.24,104.99,0
O110933,C05088,2024-11-18,Fashion,North,1,131.12,0.3,91.78,59.0,0
O104033,C01857,2024-11-18,Fashion,South,2,24.11,0.3,33.75,21.7,0
O113922,C03683,2024-11-18,Fashion,East,2,97.59,0.15,165.9,87.83,0
O100228,C00111,2024-11-18,Electronics,South,2,131.05,0.1,235.89,188.71,1
O113034,C03106,2024-11-18,Books,West,1,37.98,0.2,30.38,18.99,0
O105872,C02717,2024-11-18,Home & Kitchen,West,3,99.82,0.2,239.57,164.7,0
O102054,C00952,2024-11-18,Sports,West,2,48.34,0.15,82.18,56.07,0
O113156,C05137,2024-11-18,Electronics,East,1,145.82,0.1,131.24,104.99,0
O113602,C01444,2024-11-18,Sports,West,2,54.84,0.1,98.71,63.61,0
O113116,C03249,2024-11-18,Books,East,3,31.92,0.1,86.18,47.88,0
O107574,C03527,2024-11-18,Books,South,2,39.97,0.15,67.95,39.97,0
O100855,C00399,2024-11-18,Fashion,East,3,78.99,0.2,189.58,106.64,0
O114285,C03527,2024-11-18,Books,South,2,39.97,0.15,67.95,39.97,0
O101638,C00758,2024-11-18,Books,North,1,33.11,0.15,28.14,16.56,0
O104270,C01978,2024-11-18,Beauty,North,1,26.23,0.2,20.98,10.49,0
O114181,C00833,2024-11-18,Electronics,South,3,375.41,0.3,788.36,810.89,0
O113409,C05387,2024-11-18,Fashion,West,2,91.68,0.1,165.02,82.51,0
O101783,C00833,2024-11-18,Electronics,South,3,375.41,0.3,788.36,810.89,0
O106995,C03249,2024-11-18,Books,East,3,31.92,0.1,86.18,47.88,0
O107889,C03683,2024-11-18,Fashion,East,2,97.59,0.15,165.9,87.83,0
O104807,C02219,2024-11-18,Sports,South,1,186.87,0.3,130.81,108.38,0
O112142,C05638,2024-11-18,Beauty,South,1,16.58,0.3,11.61,6.63,0
O107019,C03260,2024-11-18,Electronics,North,2,551.19,0.3,771.67,793.71,0
O107480,C03482,2024-11-19,Home & Kitchen,South,1,114.55,0.2,91.64,63.0,0
O104410,C02040,2024-11-19,Beauty,East,2,19.33,0.3,27.06,15.46,0
O105701,C02637,2024-11-19,Home & Kitchen,North,2,167.38,0.3,234.33,184.12,0
O100748,C00354,2024-11-19,Books,South,1,14.88,0.2,11.9,7.44,0
O100453,C00219,2024-11-19,Electronics,South,2,196.22,0.3,274.71,282.56,0
O104493,C02078,2024-11-19,Fashion,North,1,112.99,0.1,101.69,50.85,0
O109087,C04227,2024-11-19,Books,North,1,29.7,0.15,25.24,14.85,0
O113782,C02040,2024-11-19,Beauty,East,2,19.33,0.3,27.06,15.46,0
O107217,C03356,2024-11-19,Books,South,1,18.76,0.1,16.88,9.38,0
O111229,C05233,2024-11-19,Fashion,West,1,122.46,0.1,110.21,55.11,0
O111991,C05585,2024-11-19,Books,West,1,36.58,0.3,25.61,18.29,0
O114109,C03132,2024-11-19,Fashion,East,2,139.76,0.3,195.66,125.78,0
O102025,C00939,2024-11-19,Sports,South,1,36.31,0.15,30.86,21.06,0
O113065,C05233,2024-11-19,Fashion,West,1,122.46,0.1,110.21,55.11,0
O108051,C03747,2024-11-19,Electronics,East,3,460.16,0.1,1242.43,993.95,0
O114159,C00354,2024-11-19,Books,South,1,14.88,0.2,11.9,7.44,0
O111159,C05196,2024-11-19,Books,East,1,20.72,0.3,14.5,10.36,0
O111167,C05201,2024-11-19,Fashion,North,2,109.36,0.1,196.85,98.42,0
O114153,C05196,2024-11-19,Books,East,1,20.72,0.3,14.5,10.36,0
O113232,C00219,2024-11-19,Electronics,South,2,196.22,0.3,274.71,282.56,0
O113238,C05201,2024-11-19,Fashion,North,2,109.36,0.1,196.85,98.42,0
O113496,C05585,2024-11-19,Books,West,1,36.58,0.3,25.61,18.29,0
O113240,C00939,2024-11-19,Sports,South,1,36.31,0.15,30.86,21.06,0
O106756,C03132,2024-11-19,Fashion,East,2,139.76,0.3,195.66,125.78,0
O103511,C01619,2024-11-19,Sports,South,3,165.38,0.2,396.91,287.76,0
O101002,C00464,2024-11-20,Books,South,3,27.97,0.15,71.32,41.96,0
O100706,C00335,2024-11-20,Beauty,South,1,45.18,0.3,31.63,18.07,0
O112257,C05690,2024-11-20,Home & Kitchen,West,1,117.55,0.3,82.28,64.65,0
O105057,C02337,2024-11-20,Fashion,East,1,114.11,0.3,79.88,51.35,0
O112949,C02243,2024-11-20,Books,South,1,12.02,0.3,8.41,6.01,0
O105981,C02767,2024-11-20,Sports,South,1,125.97,0.15,107.07,73.06,0
O106186,C02860,2024-11-20,Home & Kitchen,North,1,38.46,0.2,30.77,21.15,0
O113469,C01293,2024-11-20,Electronics,North,1,227.73,0.3,159.41,163.97,1
O105209,C02407,2024-11-20,Sports,South,1,131.58,0.1,118.42,76.32,0
O114242,C05713,2024-11-20,Home & Kitchen,East,2,172.48,0.15,293.22,189.73,0
O100008,C00004,2024-11-20,Sports,East,1,206.5,0.3,144.55,119.77,0
O112197,C05666,2024-11-20,Home & Kitchen,East,1,135.83,0.2,108.66,74.71,0
O113047,C01070,2024-11-20,Beauty,North,3,51.6,0.1,139.32,61.92,0
O112306,C05713,2024-11-20,Home & Kitchen,East,2,172.48,0.15,293.22,189.73,0
O113104,C04972,2024-11-20,Sports,North,1,153.8,0.2,123.04,89.2,0
O110682,C04972,2024-11-20,Sports,North,1,153.8,0.2,123.04,89.2,0
O102308,C01070,2024-11-20,Beauty,North,3,51.6,0.1,139.32,61.92,0
O113582,C00031,2024-11-20,Sports,East,2,42.77,0.3,59.88,49.61,0
O102773,C01293,2024-11-20,Electronics,North,1,227.73,0.3,159.41,163.97,1
O104860,C02243,2024-11-20,Books,South,1,12.02,0.3,8.41,6.01,0
O111189,C05213,2024-11-20,Home & Kitchen,East,2,35.16,0.2,56.26,38.68,0
O104321,C02000,2024-11-20,Beauty,East,1,26.69,0.2,21.35,10.68,0
O114040,C05206,2024-11-20,Home & Kitchen,South,2,94.36,0.15,160.41,103.8,0
O113936,C00004,2024-11-20,Sports,East,1,206.5,0.3,144.55,119.77,0
O114149,C05690,2024-11-20,Home & Kitchen,West,1,117.55,0.3,82.28,64.65,0
O106544,C03034,2024-11-20,Sports,North,3,222.63,0.1,601.1,387.38,0
O100067,C00031,2024-11-20,Sports,East,2,42.77,0.3,59.88,49.61,0
O109684,C04491,2024-11-20,Beauty,West,3,46.81,0.1,126.39,56.17,0
O108097,C03771,2024-11-20,Books,South,1,12.66,0.2,10.13,6.33,0
O113657,C02767,2024-11-20,Sports,South,1,125.97,0.15,107.07,73.06,0
O102248,C01039,2024-11-20,Fashion,South,2,129.94,0.1,233.89,116.95,0
O113939,C00335,2024-11-20,Beauty,South,1,45.18,0.3,31.63,18.07,0
O113698,C02000,2024-11-20,Beauty,East,1,26.69,0.2,21.35,10.68,0
O111176,C05206,2024-11-20,Home & Kitchen,South,2,94.36,0.15,160.41,103.8,0
O109754,C04529,2024-11-21,Fashion,South,1,113.97,0.1,102.57,51.29,0
O100140,C00073,2024-11-21,Fashion,West,2,89.37,0.3,125.12,80.43,0
O114058,C04942,2024-11-21,Fashion,South,1,104.84,0.2,83.87,47.18,0
O108095,C03770,2024-11-21,Beauty,South,3,10.36,0.15,26.42,12.43,0
O101724,C00800,2024-11-21,Sports,North,2,100.68,0.1,181.22,116.79,0
O114035,C01551,2024-11-21,Books,North,2,25.08,0.2,40.13,25.08,0
O110026,C04659,2024-11-21,Fashion,North,1,23.54,0.1,21.19,10.59,0
O110617,C04942,2024-11-21,Fashion,South,1,104.84,0.2,83.87,47.18,0
O109579,C04444,2024-11-21,Fashion,North,2,122.79,0.1,221.02,110.51,0
O102682,C01248,2024-11-21,Beauty,North,1,32.92,0.3,23.04,13.17,0
O113152,C04529,2024-11-21,Fashion,South,1,113.97,0.1,102.57,51.29,0
O102799,C01302,2024-11-21,Fashion,East,3,21.02,0.3,44.14,28.38,0
O106682,C03098,2024-11-21,Electronics,East,2,131.21,0.1,236.18,188.94,0
O108811,C04094,2024-11-21,Home & Kitchen,East,3,164.22,0.2,394.13,270.96,0
O113192,C00800,2024-11-21,Sports,North,2,100.68,0.1,181.22,116.79,0
O113579,C04025,2024-11-21,Sports,North,1,97.14,0.15,82.57,56.34,0
O106148,C02841,2024-11-21,Electronics,South,2,201.04,0.3,281.46,289.5,0
O103353,C01551,2024-11-21,Books,North,2,25.08,0.2,40.13,25.08,0
O113973,C02841,2024-11-21,Electronics,South,2,201.04,0.3,281.46,289.5,0
O103362,C01555,2024-11-21,Electronics,North,1,342.61,0.3,239.83,246.68,0
O114107,C00923,2024-11-21,Beauty,South,1,59.99,0.2,47.99,24.0,0
O113027,C03098,2024-11-21,Electronics,East,2,131.21,0.1,236.18,188.94,0
O109680,C04488,2024-11-21,Fashion,North,2,48.32,0.3,67.65,43.49,0
O108661,C04028,2024-11-21,Beauty,North,1,35.15,0.2,28.12,14.06,0
O113629,C04659,2024-11-21,Fashion,North,1,23.54,0.1,21.19,10.59,0
O111886,C05534,2024-11-21,Fashion,West,1,47.18,0.3,33.03,21.23,0
O113314,C00073,2024-11-21,Fashion,West,2,89.37,0.3,125.12,80.43,0
O105871,C02716,2024-11-21,Home & Kitchen,North,1,88.16,0.2,70.53,48.49,0
O113723,C01302,2024-11-21,Fashion,East,3,21.02,0.3,44.14,28.38,0
O100790,C00368,2024-11-21,Books,East,1,8.02,0.3,5.61,4.01,0
O113283,C01248,2024-11-21,Beauty,North,1,32.92,0.3,23.04,13.17,0
O108649,C04025,2024-11-21,Sports,North,1,97.14,0.15,82.57,56.34,0
O110323,C04796,2024-11-21,Electronics,East,2,561.38,0.2,898.21,808.39,0
O114059,C01555,2024-11-21,Electronics,North,1,342.61,0.3,239.83,246.68,0
O112962,C04488,2024-11-21,Fashion,North,2,48.32,0.3,67.65,43.49,0
O113838,C04094,2024-11-21,Home & Kitchen,East,3,164.22,0.2,394.13,270.96,0
O111272,C05255,2024-11-21,Fashion,East,2,138.46,0.3,193.84,124.61,0
O101982,C00923,2024-11-21,Beauty,South,1,59.99,0.2,47.99,24.0,0
O112960,C05580,2024-11-22,Electronics,North,3,252.4,0.3,530.04,545.18,0
O101860,C00871,2024-11-22,Electronics,South,1,450.01,0.3,315.01,324.01,0
O113780,C00871,2024-11-22,Electronics,South,1,450.01,0.3,315.01,324.01,0
O112554,C05830,2024-11-22,Fashion,West,1,93.66,0.15,79.61,42.15,0
O106157,C02845,2024-11-22,Sports,South,3,157.21,0.2,377.3,273.55,0
O102944,C01373,2024-11-22,Beauty,East,1,49.2,0.15,41.82,19.68,0
O103787,C01743,2024-11-22,Electronics,East,3,536.4,0.15,1367.82,1158.62,0
O114079,C01743,2024-11-22,Electronics,East,3,536.4,0.15,1367.82,1158.62,0
O100616,C00298,2024-11-22,Beauty,South,3,56.82,0.3,119.32,68.18,0
O113320,C03800,2024-11-22,Sports,North,1,181.66,0.2,145.33,105.36,0
O105474,C02522,2024-11-22,Books,North,2,18.35,0.15,31.2,18.35,0
O100250,C00121,2024-11-22,Beauty,North,2,61.58,0.1,110.84,49.26,0
O102026,C00939,2024-11-22,Beauty,South,2,38.68,0.3,54.15,30.94,0
O103131,C01458,2024-11-22,Sports,East,2,163.64,0.2,261.82,189.82,0
O114024,C02522,2024-11-22,Books,North,2,18.35,0.15,31.2,18.35,0
O113016,C00298,2024-11-22,Beauty,South,3,56.82,0.3,119.32,68.18,0
O111978,C05580,2024-11-22,Electronics,North,3,252.4,0.3,530.04,545.18,0
O113827,C00939,2024-11-22,Beauty,South,2,38.68,0.3,54.15,30.94,0
O108171,C03800,2024-11-22,Sports,North,1,181.66,0.2,145.33,105.36,0
O109315,C04324,2024-11-22,Fashion,West,3,58.54,0.15,149.28,79.03,1
O113040,C00121,2024-11-22,Beauty,North,2,61.58,0.1,110.84,49.26,0
O100093,C00047,2024-11-22,Electronics,South,2,411.82,0.1,741.28,593.02,0
O114150,C01772,2024-11-23,Books,South,2,36.82,0.1,66.28,36.82,0
O101890,C00883,2024-11-23,Fashion,East,2,32.46,0.15,55.18,29.21,0
O103846,C01772,2024-11-23,Books,South,2,36.82,0.1,66.28,36.82,0
O103757,C01729,2024-11-23,Electronics,East,2,420.97,0.3,589.36,606.2,0
O102330,C01079,2024-11-23,Fashion,North,3,65.78,0.15,167.74,88.8,0
O105158,C02382,2024-11-23,Sports,East,2,77.95,0.15,132.52,90.42,1
O113310,C05573,2024-11-23,Electronics,West,2,209.37,0.15,355.93,301.49,0
O101489,C00687,2024-11-23,Beauty,South,2,34.7,0.3,48.58,27.76,0
O107119,C03305,2024-11-23,Home & Kitchen,East,2,102.03,0.15,173.45,112.23,0
O102624,C01220,2024-11-23,Home & Kitchen,East,3,47.48,0.3,99.71,78.34,0
O113628,C04927,2024-11-23,Electronics,North,2,197.36,0.3,276.3,284.2,0
O113956,C03071,2024-11-23,Beauty,West,2,60.52,0.1,108.94,48.42,0
O102560,C01192,2024-11-23,Fashion,East,2,126.15,0.1,227.07,113.54,0
O106625,C03071,2024-11-23,Beauty,West,2,60.52,0.1,108.94,48.42,0
O101646,C00761,2024-11-23,Books,West,2,13.88,0.3,19.43,13.88,0
O112948,C04896,2024-11-23,Books,East,3,14.53,0.1,39.23,21.8,0
O110529,C04896,2024-11-23,Books,East,3,14.53,0.1,39.23,21.8,0
O113446,C00883,2024-11-23,Fashion,East,2,32.46,0.15,55.18,29.21,0
O110589,C04927,2024-11-23,Electronics,North,2,197.36,0.3,276.3,284.2,0
O113636,C00687,2024-11-23,Beauty,South,2,34.7,0.3,48.58,27.76,0
O113826,C02815,2024-11-23,Fashion,East,1,136.75,0.1,123.08,61.54,0
O109444,C04379,2024-11-23,Beauty,South,3,60.72,0.1,163.94,72.86,0
O111965,C05573,2024-11-23,Electronics,West,2,209.37,0.15,355.93,301.49,0
O113548,C01192,2024-11-23,Fashion,East,2,126.15,0.1,227.07,113.54,0
O106087,C02815,2024-11-23,Fashion,East,1,136.75,0.1,123.08,61.54,0
O103783,C01741,2024-11-23,Beauty,North,2,54.51,0.15,92.67,43.61,0
O113933,C00761,2024-11-23,Books,West,2,13.88,0.3,19.43,13.88,0
O113178,C04379,2024-11-23,Beauty,South,3,60.72,0.1,163.94,72.86,0
O108982,C04179,2024-11-24,Electronics,West,1,300.16,0.3,210.11,216.12,0
O113789,C04144,2024-11-24,Electronics,North,3,493.58,0.2,1184.59,1066.13,0
O113037,C01363,2024-11-24,Beauty,East,2,21.16,0.1,38.09,16.93,0
O114270,C02550,2024-11-24,Sports,South,1,127.5,0.15,108.38,73.95,0
O102097,C00972,2024-11-24,Beauty,North,1,43.14,0.3,30.2,17.26,0
O113028,C05995,2024-11-24,Fashion,South,2,128.05,0.15,217.69,115.25,0
O102858,C01331,2024-11-24,Beauty,North,3,14.6,0.2,35.04,17.52,0
O112373,C05744,2024-11-24,Home & Kitchen,East,2,113.37,0.1,204.07,124.71,0
O107678,C03584,2024-11-24,Fashion,North,3,69.95,0.2,167.88,94.43,0
O102372,C01100,2024-11-24,Fashion,West,1,101.88,0.2,81.5,45.85,1
O102281,C01057,2024-11-24,Fashion,South,1,32.07,0.3,22.45,14.43,0
O101042,C00481,2024-11-24,Beauty,South,2,67.17,0.15,114.19,53.74,0
O112911,C05995,2024-11-24,Fashion,South,2,128.05,0.15,217.69,115.25,0
O112722,C05907,2024-11-24,Fashion,South,1,35.14,0.15,29.87,15.81,0
O113095,C01531,2024-11-24,Beauty,East,1,10.25,0.2,8.2,4.1,0
O102926,C01363,2024-11-24,Beauty,East,2,21.16,0.1,38.09,16.93,0
O113528,C02004,2024-11-24,Home & Kitchen,North,3,120.91,0.2,290.18,199.5,1
O113188,C00758,2024-11-24,Electronics,North,2,496.81,0.1,894.26,715.41,0
O104327,C02004,2024-11-24,Home & Kitchen,North,3,120.91,0.2,290.18,199.5,1
O113692,C05744,2024-11-24,Home & Kitchen,East,2,113.37,0.1,204.07,124.71,0
O108647,C04024,2024-11-24,Home & Kitchen,South,1,96.6,0.15,82.11,53.13,0
O107395,C03443,2024-11-24,Books,West,1,33.32,0.1,29.99,16.66,0
O101639,C00758,2024-11-24,Electronics,North,2,496.81,0.1,894.26,715.41,0
O103309,C01531,2024-11-24,Beauty,East,1,10.25,0.2,8.2,4.1,0
O113905,C04045,2024-11-24,Electronics,West,2,250.04,0.15,425.07,360.06,0
O108575,C03987,2024-11-24,Home & Kitchen,East,2,115.56,0.2,184.9,127.12,0
O108705,C04045,2024-11-24,Electronics,West,2,250.04,0.15,425.07,360.06,0
O113863,C04179,2024-11-24,Electronics,West,1,300.16,0.3,210.11,216.12,0
O113527,C05806,2024-11-24,Books,East,3,29.69,0.3,62.35,44.54,0
O113906,C02327,2024-11-24,Home & Kitchen,East,2,113.77,0.3,159.28,125.15,0
O113439,C00096,2024-11-24,Books,North,1,28.79,0.2,23.03,14.4,0
O114207,C03987,2024-11-24,Home & Kitchen,East,2,115.56,0.2,184.9,127.12,0
O113324,C03143,2024-11-24,Fashion,North,2,103.67,0.3,145.14,93.3,0
O113697,C05907,2024-11-24,Fashion,South,1,35.14,0.15,29.87,15.81,0
O101756,C00817,2024-11-24,Fashion,South,1,46.72,0.1,42.05,21.02,0
O105531,C02550,2024-11-24,Sports,South,1,127.5,0.15,108.38,73.95,0
O106783,C03143,2024-11-24,Fashion,North,2,103.67,0.3,145.14,93.3,0
O111195,C05216,2024-11-24,Sports,North,3,206.11,0.15,525.58,358.63,0
O105039,C02327,2024-11-24,Home & Kitchen,East,2,113.77,0.3,159.28,125.15,0
O100192,C00096,2024-11-24,Books,North,1,28.79,0.2,23.03,14.4,0
O110078,C04680,2024-11-24,Books,West,1,8.1,0.3,5.67,4.05,0
O113859,C03443,2024-11-24,Books,West,1,33.32,0.1,29.99,16.66,0
O113674,C01057,2024-11-24,Fashion,South,1,32.07,0.3,22.45,14.43,0
O112516,C05806,2024-11-24,Books,East,3,29.69,0.3,62.35,44.54,0
O108907,C04144,2024-11-24,Electronics,North,3,493.58,0.2,1184.59,1066.13,0
O105212,C02409,2024-11-25,Beauty,North,2,10.86,0.2,17.38,8.69,0
O114164,C01954,2024-11-25,Sports,West,3,196.2,0.2,470.88,341.39,0
O109151,C04254,2024-11-25,Home & Kitchen,East,1,52.7,0.15,44.8,28.99,0
O106316,C02925,2024-11-25,Electronics,East,2,459.46,0.15,781.08,661.62,0
O114090,C00506,2024-11-25,Home & Kitchen,East,2,25.92,0.3,36.29,28.51,0
O113210,C01528,2024-11-25,Home & Kitchen,East,3,69.81,0.3,146.6,115.19,1
O114073,C02180,2024-11-25,Fashion,East,2,80.97,0.3,113.36,72.87,0
O112400,C05756,2024-11-25,Fashion,North,2,48.31,0.1,86.96,43.48,0
O107433,C03461,2024-11-25,Books,North,1,37.09,0.2,29.67,18.55,0
O106504,C03016,2024-11-25,Books,North,2,17.04,0.2,27.26,17.04,0
O112940,C00869,2024-11-25,Sports,East,2,58.74,0.15,99.86,68.14,1
O100461,C00222,2024-11-25,Fashion,West,2,105.98,0.15,180.17,95.38,0
O102318,C01075,2024-11-25,Sports,North,1,237.88,0.2,190.3,137.97,0
O105972,C02763,2024-11-25,Electronics,East,2,247.53,0.15,420.8,356.44,0
O112418,C05765,2024-11-25,Home & Kitchen,South,2,167.97,0.3,235.16,184.77,0
O104802,C02217,2024-11-25,Fashion,South,2,99.38,0.1,178.88,89.44,0
O113988,C02763,2024-11-25,Electronics,East,2,247.53,0.15,420.8,356.44,0
O113941,C00957,2024-11-25,Home & Kitchen,West,1,115.73,0.2,92.58,63.65,0
O113620,C00554,2024-11-25,Sports,East,1,131.73,0.3,92.21,76.4,0
O103914,C01803,2024-11-25,Books,North,3,9.11,0.1,24.6,13.66,0
O110083,C04682,2024-11-25,Electronics,East,2,258.96,0.3,362.54,372.9,1
O105361,C02469,2024-11-25,Sports,East,2,240.33,0.2,384.53,278.78,0
O113117,C02925,2024-11-25,Electronics,East,2,459.46,0.15,781.08,661.62,0
O113392,C02217,2024-11-25,Fashion,South,2,99.38,0.1,178.88,89.44,0
O113052,C00510,2024-11-25,Fashion,North,2,106.25,0.2,170.0,95.62,0
O113346,C03016,2024-11-25,Books,North,2,17.04,0.2,27.26,17.04,0
O102064,C00957,2024-11-25,Home & Kitchen,West,1,115.73,0.2,92.58,63.65,0
O103300,C01528,2024-11-25,Home & Kitchen,East,3,69.81,0.3,146.6,115.19,1
O101195,C00554,2024-11-25,Sports,East,1,131.73,0.3,92.21,76.4,0
O109748,C04526,2024-11-25,Electronics,North,1,413.4,0.3,289.38,297.65,0
O104712,C02180,2024-11-25,Fashion,East,2,80.97,0.3,113.36,72.87,0
O113886,C00222,2024-11-25,Fashion,West,2,105.98,0.15,180.17,95.38,0
O108831,C04106,2024-11-25,Books,North,2,14.95,0.3,20.93,14.95,0
O113550,C03461,2024-11-25,Books,North,1,37.09,0.2,29.67,18.55,0
O113191,C05756,2024-11-25,Fashion,North,2,48.31,0.1,86.96,43.48,0
O113430,C01075,2024-11-25,Sports,North,1,237.88,0.2,190.3,137.97,0
O104220,C01954,2024-11-25,Sports,West,3,196.2,0.2,470.88,341.39,0
O114127,C02409,2024-11-25,Beauty,North,2,10.86,0.2,17.38,8.69,0
O114124,C04682,2024-11-25,Electronics,East,2,258.96,0.3,362.54,372.9,1
O101098,C00506,2024-11-25,Home & Kitchen,East,2,25.92,0.3,36.29,28.51,0
O101855,C00869,2024-11-25,Sports,East,2,58.74,0.15,99.86,68.14,1
O102186,C01014,2024-11-25,Electronics,North,1,316.81,0.15,269.29,228.1,0
O101105,C00508,2024-11-25,Fashion,West,1,29.31,0.3,20.52,13.19,0
O101111,C00510,2024-11-25,Fashion,North,2,106.25,0.2,170.0,95.62,0
O108714,C04050,2024-11-25,Home & Kitchen,South,1,46.82,0.3,32.77,25.75,0
O102547,C01184,2024-11-26,Electronics,South,3,596.11,0.1,1609.5,1287.6,0
O112672,C05881,2024-11-26,Books,East,1,35.39,0.3,24.77,17.7,0
O105906,C02735,2024-11-26,Fashion,North,2,131.27,0.2,210.03,118.14,1
O114256,C00109,2024-11-26,Home & Kitchen,North,1,104.44,0.15,88.77,57.44,0
O104098,C01890,2024-11-26,Beauty,West,1,58.6,0.15,49.81,23.44,0
O113647,C04838,2024-11-26,Home & Kitchen,East,2,54.46,0.1,98.03,59.91,0
O107294,C03394,2024-11-26,Electronics,North,2,515.24,0.2,824.38,741.95,0
O114041,C00623,2024-11-26,Electronics,South,2,301.22,0.15,512.07,433.76,0
O107885,C03682,2024-11-26,Books,West,1,32.92,0.3,23.04,16.46,0
O102935,C01368,2024-11-26,Home & Kitchen,East,3,87.8,0.3,184.38,144.87,0
O113578,C02735,2024-11-26,Fashion,North,2,131.27,0.2,210.03,118.14,1
O101948,C00905,2024-11-26,Beauty,South,2,36.31,0.1,65.36,29.05,0
O114276,C03780,2024-11-26,Home & Kitchen,East,2,172.3,0.3,241.22,189.53,0
O113862,C03278,2024-11-26,Electronics,East,3,540.56,0.3,1135.18,1167.61,0
O100223,C00109,2024-11-26,Home & Kitchen,North,1,104.44,0.15,88.77,57.44,0
O113549,C00259,2024-11-26,Sports,East,2,32.95,0.3,46.13,38.22,0
O105636,C02602,2024-11-26,Home & Kitchen,North,1,65.69,0.1,59.12,36.13,0
O108717,C04051,2024-11-26,Sports,West,3,182.38,0.3,383.0,317.34,0
O101255,C00576,2024-11-26,Fashion,South,2,42.22,0.3,59.11,38.0,0
O100421,C00205,2024-11-26,Home & Kitchen,West,2,131.3,0.3,183.82,144.43,0
O103226,C01499,2024-11-26,Books,West,1,26.29,0.2,21.03,13.14,0
O105624,C02595,2024-11-26,Books,East,3,16.81,0.3,35.3,25.21,0
O108120,C03780,2024-11-26,Home & Kitchen,East,2,172.3,0.3,241.22,189.53,0
O113255,C01890,2024-11-26,Beauty,West,1,58.6,0.15,49.81,23.44,0
O113257,C01499,2024-11-26,Books,West,1,26.29,0.2,21.03,13.14,0
O106298,C02920,2024-11-26,Books,South,1,11.35,0.3,7.94,5.68,0
O101362,C00623,2024-11-26,Electronics,South,2,301.22,0.15,512.07,433.76,0
O108605,C04004,2024-11-26,Electronics,East,1,203.39,0.15,172.88,146.44,0
O113303,C03698,2024-11-26,Fashion,North,2,133.9,0.2,214.24,120.51,0
O113304,C03570,2024-11-26,Fashion,West,1,63.33,0.1,57.0,28.5,1
O100538,C00259,2024-11-26,Sports,East,2,32.95,0.3,46.13,38.22,0
O106430,C02976,2024-11-26,Beauty,North,3,55.3,0.3,116.13,66.36,0
O108708,C04047,2024-11-26,Home & Kitchen,South,3,71.22,0.2,170.93,117.51,0
O113414,C01184,2024-11-26,Electronics,South,3,596.11,0.1,1609.5,1287.6,0
O108883,C04130,2024-11-26,Sports,South,1,92.06,0.3,64.44,53.39,0
O107928,C03698,2024-11-26,Fashion,North,2,133.9,0.2,214.24,120.51,0
O114225,C02920,2024-11-26,Books,South,1,11.35,0.3,7.94,5.68,0
O113828,C04051,2024-11-26,Sports,West,3,182.38,0.3,383.0,317.34,0
O102065,C00957,2024-11-26,Sports,West,2,65.49,0.1,117.88,75.97,0
O113832,C01368,2024-11-26,Home & Kitchen,East,3,87.8,0.3,184.38,144.87,0
O114146,C04047,2024-11-26,Home & Kitchen,South,3,71.22,0.2,170.93,117.51,0
O110414,C04838,2024-11-26,Home & Kitchen,East,2,54.46,0.1,98.03,59.91,0
O113332,C00957,2024-11-26,Sports,West,2,65.49,0.1,117.88,75.97,0
O100045,C00020,2024-11-26,Beauty,North,2,13.63,0.15,23.17,10.9,0
O107061,C03278,2024-11-26,Electronics,East,3,540.56,0.3,1135.18,1167.61,0
O113641,C00576,2024-11-26,Fashion,South,2,42.22,0.3,59.11,38.0,0
O107645,C03570,2024-11-26,Fashion,West,1,63.33,0.1,57.0,28.5,1
O113985,C00205,2024-11-26,Home & Kitchen,West,2,131.3,0.3,183.82,144.43,0
O103698,C01701,2024-11-27,Beauty,West,2,39.16,0.3,54.82,31.33,0
O113952,C01823,2024-11-27,Home & Kitchen,East,1,74.14,0.15,63.02,40.78,0
O108467,C03938,2024-11-27,Electronics,East,2,182.69,0.3,255.77,263.07,0
O114002,C05769,2024-11-27,Electronics,East,1,448.28,0.3,313.8,322.76,0
O107749,C03616,2024-11-27,Electronics,North,1,580.94,0.1,522.85,418.28,0
O112972,C02328,2024-11-27,Beauty,West,2,27.77,0.1,49.99,22.22,1
O109088,C04227,2024-11-27,Electronics,North,1,263.26,0.2,210.61,189.55,0
O108121,C03780,2024-11-27,Home & Kitchen,East,2,66.12,0.2,105.79,72.73,1
O103960,C01823,2024-11-27,Home & Kitchen,East,1,74.14,0.15,63.02,40.78,0
O100241,C00117,2024-11-27,Home & Kitchen,North,1,122.5,0.15,104.12,67.38,0
O108026,C03735,2024-11-27,Electronics,North,3,586.49,0.3,1231.63,1266.82,0
O108985,C04180,2024-11-27,Home & Kitchen,South,3,91.23,0.1,246.32,150.53,0
O113716,C01358,2024-11-27,Home & Kitchen,South,3,137.42,0.1,371.03,226.74,0
O103911,C01802,2024-11-27,Electronics,North,2,162.45,0.15,276.16,233.93,0
O113146,C03735,2024-11-27,Electronics,North,3,586.49,0.3,1231.63,1266.82,0
O102913,C01358,2024-11-27,Home & Kitchen,South,3,137.42,0.1,371.03,226.74,0
O109673,C04485,2024-11-27,Sports,South,2,41.73,0.3,58.42,48.41,0
O113006,C04485,2024-11-27,Sports,South,2,41.73,0.3,58.42,48.41,0
O114249,C05279,2024-11-27,Electronics,West,1,142.32,0.15,120.97,102.47,0
O111750,C05472,2024-11-27,Home & Kitchen,West,1,131.42,0.2,105.14,72.28,1
O113395,C04227,2024-11-27,Electronics,North,1,263.26,0.2,210.61,189.55,0
O101812,C00845,2024-11-27,Beauty,West,1,31.25,0.1,28.12,12.5,0
O113536,C04180,2024-11-27,Home & Kitchen,South,3,91.23,0.1,246.32,150.53,0
O105042,C02328,2024-11-27,Beauty,West,2,27.77,0.1,49.99,22.22,1
O113385,C03205,2024-11-27,Fashion,North,1,35.6,0.1,32.04,16.02,0
O114168,C03780,2024-11-27,Home & Kitchen,East,2,66.12,0.2,105.79,72.73,1
O111324,C05279,2024-11-27,Electronics,West,1,142.32,0.15,120.97,102.47,0
O106910,C03205,2024-11-27,Fashion,North,1,35.6,0.1,32.04,16.02,0
O107140,C03315,2024-11-27,Home & Kitchen,East,1,35.77,0.3,25.04,19.67,0
O113402,C00485,2024-11-27,Books,East,3,29.97,0.15,76.42,44.96,0
O110646,C04955,2024-11-27,Beauty,West,1,21.15,0.3,14.8,8.46,0
O113651,C00117,2024-11-27,Home & Kitchen,North,1,122.5,0.15,104.12,67.38,0
O112431,C05769,2024-11-27,Electronics,East,1,448.28,0.3,313.8,322.76,0
O101412,C00647,2024-11-27,Electronics,South,2,141.08,0.3,197.51,203.16,0
O101048,C00485,2024-11-27,Books,East,3,29.97,0.15,76.42,44.96,0
O113148,C05178,2024-11-28,Home & Kitchen,East,2,143.99,0.2,230.38,158.39,0
O105285,C02435,2024-11-28,Fashion,East,3,101.1,0.3,212.31,136.48,0
O101970,C00916,2024-11-28,Beauty,South,3,49.43,0.2,118.63,59.32,0
O108958,C04167,2024-11-28,Fashion,East,1,34.09,0.15,28.98,15.34,1
O102993,C01391,2024-11-28,Sports,North,2,82.71,0.15,140.61,95.94,0
O113979,C02435,2024-11-28,Fashion,East,3,101.1,0.3,212.31,136.48,0
O109169,C04261,2024-11-28,Home & Kitchen,West,1,107.79,0.3,75.45,59.28,1
O101003,C00464,2024-11-28,Sports,South,1,203.43,0.15,172.92,117.99,1
O113839,C03080,2024-11-28,Home & Kitchen,West,2,37.45,0.3,52.43,41.2,1
O112986,C04947,2024-11-28,Fashion,West,2,57.49,0.3,80.49,51.74,1
O100382,C00189,2024-11-28,Beauty,North,1,39.39,0.2,31.51,15.76,0
O100700,C00332,2024-11-28,Books,North,2,15.19,0.2,24.3,15.19,1
O110469,C04867,2024-11-28,Beauty,North,2,34.61,0.2,55.38,27.69,1
O110628,C04947,2024-11-28,Fashion,West,2,57.49,0.3,80.49,51.74,1
O114265,C04570,2024-11-28,Electronics,West,3,509.75,0.2,1223.4,1101.06,0
O102376,C01102,2024-11-28,Home & Kitchen,East,2,112.53,0.1,202.55,123.78,0
O113728,C05103,2024-11-28,Beauty,East,2,30.07,0.2,48.11,24.06,0
O113071,C02391,2024-11-28,Fashion,East,1,24.63,0.3,17.24,11.08,0
O109844,C04570,2024-11-28,Electronics,West,3,509.75,0.2,1223.4,1101.06,0
O102687,C01251,2024-11-28,Home & Kitchen,South,1,69.74,0.2,55.79,38.36,0
O110965,C05103,2024-11-28,Beauty,East,2,30.07,0.2,48.11,24.06,0
O104248,C01968,2024-11-28,Home & Kitchen,South,1,88.25,0.2,70.6,48.54,0
O113690,C02527,2024-11-28,Home & Kitchen,South,2,63.2,0.2,101.12,69.52,0
O105488,C02527,2024-11-28,Home & Kitchen,South,2,63.2,0.2,101.12,69.52,0
O113558,C01391,2024-11-28,Sports,North,2,82.71,0.15,140.61,95.94,0
O113520,C00916,2024-11-28,Beauty,South,3,49.43,0.2,118.63,59.32,0
O106472,C02999,2024-11-28,Home & Kitchen,West,1,76.91,0.3,53.84,42.3,0
O112617,C05857,2024-11-28,Beauty,West,1,52.88,0.1,47.59,21.15,0
O113949,C01102,2024-11-28,Home & Kitchen,East,2,112.53,0.1,202.55,123.78,0
O106603,C03062,2024-11-28,Electronics,South,1,346.99,0.3,242.89,249.83,0
O113524,C00593,2024-11-28,Electronics,West,3,472.91,0.1,1276.86,1021.49,0
O113695,C04261,2024-11-28,Home & Kitchen,West,1,107.79,0.3,75.45,59.28,1
O114101,C01968,2024-11-28,Home & Kitchen,South,1,88.25,0.2,70.6,48.54,0
O105173,C02391,2024-11-28,Fashion,East,1,24.63,0.3,17.24,11.08,0
O101293,C00593,2024-11-28,Electronics,West,3,472.91,0.1,1276.86,1021.49,0
O106640,C03080,2024-11-28,Home & Kitchen,West,2,37.45,0.3,52.43,41.2,1
O111127,C05178,2024-11-28,Home & Kitchen,East,2,143.99,0.2,230.38,158.39,0
O101720,C00798,2024-11-28,Beauty,East,3,43.82,0.3,92.02,52.58,0
O103720,C01712,2024-11-28,Sports,North,1,173.67,0.2,138.94,100.73,0
O102319,C01075,2024-11-29,Books,North,1,14.68,0.2,11.74,7.34,0
O111870,C05528,2024-11-29,Home & Kitchen,East,1,111.86,0.2,89.49,61.52,0
O107089,C03292,2024-11-29,Home & Kitchen,West,3,86.58,0.3,181.82,142.86,0
O104012,C01847,2024-11-29,Fashion,North,2,40.63,0.15,69.07,36.57,0
O100545,C00263,2024-11-29,Fashion,North,2,135.27,0.2,216.43,121.74,0
O104424,C02047,2024-11-29,Books,North,2,11.72,0.15,19.92,11.72,0
O104857,C02241,2024-11-29,Sports,North,1,43.3,0.15,36.8,25.11,0
O103843,C01771,2024-11-29,Electronics,East,3,484.51,0.15,1235.5,1046.54,0
O107780,C03631,2024-11-29,Fashion,East,2,112.02,0.2,179.23,100.82,0
O113333,C02241,2024-11-29,Sports,North,1,43.3,0.15,36.8,25.11,0
O100433,C00211,2024-11-29,Fashion,South,1,74.31,0.3,52.02,33.44,0
O113957,C00211,2024-11-29,Fashion,South,1,74.31,0.3,52.02,33.44,0
O111327,C05280,2024-11-29,Fashion,South,2,130.39,0.15,221.66,117.35,0
O103144,C01462,2024-11-29,Sports,South,1,146.7,0.2,117.36,85.09,0
O104977,C02299,2024-11-29,Books,North,1,17.73,0.3,12.41,8.86,0
O113976,C01771,2024-11-29,Electronics,East,3,484.51,0.15,1235.5,1046.54,0
O106757,C03132,2024-11-29,Home & Kitchen,East,2,131.95,0.1,237.51,145.15,0
O113895,C03132,2024-11-29,Home & Kitchen,East,2,131.95,0.1,237.51,145.15,0
O105101,C02354,2024-11-29,Electronics,East,1,248.29,0.1,223.46,178.77,0
O113278,C01890,2024-11-29,Fashion,West,1,76.28,0.2,61.02,34.33,0
O104614,C02130,2024-11-29,Sports,West,1,65.46,0.15,55.64,37.97,0
O109438,C04378,2024-11-29,Fashion,West,2,121.78,0.3,170.49,109.6,0
O114267,C04625,2024-11-29,Fashion,South,1,82.67,0.15,70.27,37.2,0
O106027,C02787,2024-11-29,Home & Kitchen,West,3,159.32,0.1,430.16,262.88,0
O113733,C03631,2024-11-29,Fashion,East,2,112.02,0.2,179.23,100.82,0
O109953,C04625,2024-11-29,Fashion,South,1,82.67,0.15,70.27,37.2,0
O104099,C01890,2024-11-29,Fashion,West,1,76.28,0.2,61.02,34.33,0
O113704,C02787,2024-11-29,Home & Kitchen,West,3,159.32,0.1,430.16,262.88,0
O111975,C05579,2024-11-30,Home & Kitchen,East,1,166.64,0.3,116.65,91.65,0
O107418,C03454,2024-11-30,Beauty,North,1,69.44,0.15,59.02,27.78,0
O110370,C04816,2024-11-30,Beauty,South,2,28.07,0.2,44.91,22.46,0
O108482,C03948,2024-11-30,Sports,East,1,178.18,0.1,160.36,103.34,0
O107683,C03587,2024-11-30,Electronics,North,1,132.49,0.2,105.99,95.39,0
O109996,C04646,2024-11-30,Fashion,North,2,50.65,0.15,86.1,45.58,0
O113943,C03587,2024-11-30,Electronics,North,1,132.49,0.2,105.99,95.39,0
O112288,C05702,2024-11-30,Home & Kitchen,East,2,71.91,0.2,115.06,79.1,0
O113354,C03454,2024-11-30,Beauty,North,1,69.44,0.15,59.02,27.78,0
O109909,C04606,2024-11-30,Electronics,West,1,309.73,0.15,263.27,223.01,1
O114114,C01881,2024-11-30,Fashion,North,1,71.44,0.2,57.15,32.15,0
O109701,C04498,2024-11-30,Fashion,East,2,110.97,0.15,188.65,99.87,0
O112994,C01520,2024-11-30,Beauty,North,1,26.02,0.2,20.82,10.41,0
O100103,C00052,2024-11-30,Electronics,North,3,532.5,0.3,1118.25,1150.2,0
O108579,C03990,2024-11-30,Beauty,North,3,30.85,0.1,83.3,37.02,0
O113005,C05579,2024-11-30,Home & Kitchen,East,1,166.64,0.3,116.65,91.65,0
O103279,C01520,2024-11-30,Beauty,North,1,26.02,0.2,20.82,10.41,0
O113869,C00052,2024-11-30,Electronics,North,3,532.5,0.3,1118.25,1150.2,0
O111104,C05165,2024-11-30,Fashion,South,2,119.34,0.15,202.88,107.41,0
O104083,C01881,2024-11-30,Fashion,North,1,71.44,0.2,57.15,32.15,0
O113871,C05165,2024-11-30,Fashion,South,2,119.34,0.15,202.88,107.41,0
O113170,C04646,2024-11-30,Fashion,North,2,50.65,0.15,86.1,45.58,0
O113114,C03948,2024-11-30,Sports,East,1,178.18,0.1,160.36,103.34,0
O111456,C05340,2024-12-01,Electronics,East,3,326.32,0.1,881.06,704.85,0
O105897,C02730,2024-12-01,Home & Kitchen,South,1,146.99,0.15,124.94,80.84,0
O112321,C05720,2024-12-01,Home & Kitchen,North,2,91.38,0.2,146.21,100.52,0
O101939,C00901,2024-12-01,Beauty,North,2,52.06,0.15,88.5,41.65,0
O112653,C05872,2024-12-01,Beauty,West,1,16.55,0.2,13.24,6.62,0
O101856,C00869,2024-12-01,Sports,East,1,144.92,0.2,115.94,84.05,0
O113182,C00869,2024-12-01,Sports,East,1,144.92,0.2,115.94,84.05,0
O113575,C05777,2024-12-01,Fashion,South,3,88.31,0.1,238.44,119.22,0
O113656,C05252,2024-12-01,Home & Kitchen,North,2,140.44,0.1,252.79,154.48,0
O104155,C01919,2024-12-01,Books,West,1,29.21,0.3,20.45,14.6,0
O113448,C02504,2024-12-01,Electronics,East,2,455.91,0.15,775.05,656.51,0
O113045,C00054,2024-12-01,Home & Kitchen,East,1,107.5,0.2,86.0,59.13,0
O105441,C02504,2024-12-01,Electronics,East,2,455.91,0.15,775.05,656.51,0
O110816,C05034,2024-12-01,Books,South,2,29.25,0.15,49.73,29.25,0
O101159,C00537,2024-12-01,Home & Kitchen,North,2,92.47,0.15,157.2,101.72,0
O100106,C00054,2024-12-01,Home & Kitchen,East,1,107.5,0.2,86.0,59.13,0
O111266,C05252,2024-12-01,Home & Kitchen,North,2,140.44,0.1,252.79,154.48,0
O108648,C04024,2024-12-01,Fashion,South,2,56.45,0.15,95.97,50.81,0
O104606,C02126,2024-12-01,Books,North,1,38.36,0.1,34.52,19.18,0
O106821,C03163,2024-12-01,Home & Kitchen,South,1,162.44,0.1,146.2,89.34,0
O111943,C05561,2024-12-01,Home & Kitchen,South,3,149.97,0.15,382.42,247.45,0
O111390,C05310,2024-12-01,Fashion,West,2,85.29,0.2,136.46,76.76,1
O110115,C04699,2024-12-01,Home & Kitchen,North,1,140.81,0.3,98.57,77.45,0
O101055,C00486,2024-12-01,Fashion,East,1,69.5,0.3,48.65,31.28,0
O112449,C05777,2024-12-01,Fashion,South,3,88.31,0.1,238.44,119.22,0
O113398,C05561,2024-12-01,Home & Kitchen,South,3,149.97,0.15,382.42,247.45,0
O113503,C00486,2024-12-01,Fashion,East,1,69.5,0.3,48.65,31.28,0
O113624,C04024,2024-12-01,Fashion,South,2,56.45,0.15,95.97,50.81,0
O113347,C05340,2024-12-01,Electronics,East,3,326.32,0.1,881.06,704.85,0
O114190,C00537,2024-12-01,Home & Kitchen,North,2,92.47,0.15,157.2,101.72,0
O113621,C01919,2024-12-01,Books,West,1,29.21,0.3,20.45,14.6,0
O107415,C03453,2024-12-01,Sports,South,1,148.94,0.1,134.05,86.39,0
O109312,C04323,2024-12-01,Beauty,South,2,39.82,0.15,67.69,31.86,1
O114297,C05034,2024-12-01,Books,South,2,29.25,0.15,49.73,29.25,0
O108343,C03878,2024-12-02,Beauty,South,2,63.6,0.15,108.12,50.88,0
O111612,C05412,2024-12-02,Fashion,East,2,45.43,0.15,77.23,40.89,0
O107220,C03357,2024-12-02,Home & Kitchen,South,2,122.44,0.3,171.42,134.68,0
O113646,C05412,2024-12-02,Fashion,East,2,45.43,0.15,77.23,40.89,0
O108536,C03971,2024-12-02,Fashion,East,2,71.57,0.3,100.2,64.41,0
O113202,C02374,2024-12-02,Fashion,East,3,129.47,0.1,349.57,174.78,0
O113128,C03174,2024-12-02,Beauty,South,1,58.41,0.15,49.65,23.36,0
O103884,C01789,2024-12-02,Beauty,North,2,46.5,0.3,65.1,37.2,0
O103180,C01478,2024-12-02,Home & Kitchen,North,1,90.4,0.1,81.36,49.72,0
O103381,C01566,2024-12-02,Fashion,East,3,72.69,0.15,185.36,98.13,1
O113427,C01478,2024-12-02,Home & Kitchen,North,1,90.4,0.1,81.36,49.72,0
O100732,C00346,2024-12-02,Beauty,East,1,49.65,0.15,42.2,19.86,0
O113145,C01363,2024-12-02,Electronics,East,1,285.06,0.1,256.55,205.24,1
O109601,C04453,2024-12-02,Books,South,2,33.53,0.2,53.65,33.53,0
O113576,C00231,2024-12-02,Home & Kitchen,South,1,58.35,0.3,40.84,32.09,0
O113426,C01566,2024-12-02,Fashion,East,3,72.69,0.15,185.36,98.13,1
O100479,C00231,2024-12-02,Home & Kitchen,South,1,58.35,0.3,40.84,32.09,0
O102927,C01363,2024-12-02,Electronics,East,1,285.06,0.1,256.55,205.24,1
O100182,C00091,2024-12-02,Fashion,West,2,39.1,0.3,54.74,35.19,0
O106846,C03174,2024-12-02,Beauty,South,1,58.41,0.15,49.65,23.36,0
O105145,C02374,2024-12-02,Fashion,East,3,129.47,0.1,349.57,174.78,0
O105225,C02412,2024-12-02,Sports,East,2,50.02,0.1,90.04,58.02,0
O108359,C03884,2024-12-02,Fashion,West,2,68.88,0.2,110.21,61.99,0
O111254,C05246,2024-12-02,Electronics,North,2,304.59,0.2,487.34,438.61,0
O112276,C05697,2024-12-02,Beauty,North,1,52.49,0.3,36.74,21.0,0
O113770,C00091,2024-12-02,Fashion,West,2,39.1,0.3,54.74,35.19,0
O113683,C05246,2024-12-02,Electronics,North,2,304.59,0.2,487.34,438.61,0
O107710,C03599,2024-12-02,Fashion,North,2,52.82,0.2,84.51,47.54,0
O113280,C01789,2024-12-02,Beauty,North,2,46.5,0.3,65.1,37.2,0
O113286,C03357,2024-12-02,Home & Kitchen,South,2,122.44,0.3,171.42,134.68,0
O104252,C01970,2024-12-02,Home & Kitchen,East,1,50.1,0.1,45.09,27.56,0
O113252,C03971,2024-12-02,Fashion,East,2,71.57,0.3,100.2,64.41,0
O105323,C02454,2024-12-02,Electronics,North,2,163.91,0.15,278.65,236.03,0
O113908,C05587,2024-12-03,Books,North,3,35.69,0.3,74.95,53.54,0
O103688,C01697,2024-12-03,Electronics,South,1,385.38,0.15,327.57,277.47,0
O113793,C00647,2024-12-03,Home & Kitchen,South,2,26.51,0.1,47.72,29.16,0
O100398,C00196,2024-12-03,Books,South,1,15.44,0.15,13.12,7.72,0
O113184,C01697,2024-12-03,Electronics,South,1,385.38,0.15,327.57,277.47,0
O113747,C02787,2024-12-03,Beauty,West,1,46.95,0.2,37.56,18.78,0
O113139,C05739,2024-12-03,Beauty,East,1,18.84,0.3,13.19,7.54,0
O103835,C01768,2024-12-03,Fashion,East,3,44.2,0.1,119.34,59.67,0
O111007,C05125,2024-12-03,Books,West,3,29.02,0.3,60.94,43.53,0
O103075,C01431,2024-12-03,Sports,South,2,52.29,0.3,73.21,60.66,0
O111788,C05491,2024-12-03,Home & Kitchen,North,1,50.2,0.2,40.16,27.61,0
O113408,C05125,2024-12-03,Books,West,3,29.02,0.3,60.94,43.53,0
O113896,C03043,2024-12-03,Fashion,East,2,85.23,0.15,144.89,76.71,0
O112363,C05739,2024-12-03,Beauty,East,1,18.84,0.3,13.19,7.54,0
O113120,C04343,2024-12-03,Fashion,West,3,53.15,0.3,111.61,71.75,0
O106566,C03043,2024-12-03,Fashion,East,2,85.23,0.15,144.89,76.71,0
O112000,C05587,2024-12-03,Books,North,3,35.69,0.3,74.95,53.54,0
O101413,C00647,2024-12-03,Home & Kitchen,South,2,26.51,0.1,47.72,29.16,0
O104023,C01853,2024-12-03,Fashion,West,3,24.35,0.2,58.44,32.87,1
O110206,C04742,2024-12-03,Beauty,South,1,28.87,0.2,23.1,11.55,0
O113058,C00196,2024-12-03,Books,South,1,15.44,0.15,13.12,7.72,0
O106028,C02787,2024-12-03,Beauty,West,1,46.95,0.2,37.56,18.78,0
O110194,C04736,2024-12-03,Beauty,South,2,69.99,0.3,97.99,55.99,0
O109351,C04343,2024-12-03,Fashion,West,3,53.15,0.3,111.61,71.75,0
O113940,C01512,2024-12-04,Beauty,East,1,36.96,0.3,25.87,14.78,0
O113177,C01786,2024-12-04,Home & Kitchen,West,1,35.62,0.2,28.5,19.59,0
O104923,C02274,2024-12-04,Home & Kitchen,West,1,126.94,0.15,107.9,69.82,0
O108765,C04071,2024-12-04,Sports,East,3,151.49,0.15,386.3,263.59,0
O106455,C02991,2024-12-04,Beauty,North,1,26.56,0.15,22.58,10.62,0
O103663,C01687,2024-12-04,Beauty,South,1,43.53,0.2,34.82,17.41,0
O102536,C01179,2024-12-04,Beauty,East,2,53.0,0.2,84.8,42.4,0
O113185,C04417,2024-12-04,Fashion,North,2,88.39,0.3,123.75,79.55,0
O114065,C04444,2024-12-04,Beauty,North,3,63.08,0.2,151.39,75.7,1
O113715,C00251,2024-12-04,Electronics,West,2,364.97,0.2,583.95,525.56,1
O113545,C04345,2024-12-04,Fashion,South,1,32.2,0.3,22.54,14.49,0
O100593,C00287,2024-12-04,Home & Kitchen,East,2,173.74,0.3,243.24,191.11,0
O113300,C05001,2024-12-04,Home & Kitchen,East,2,149.44,0.2,239.1,164.38,0
O113488,C05437,2024-12-04,Fashion,South,2,124.66,0.2,199.46,112.19,0
O111664,C05437,2024-12-04,Fashion,South,2,124.66,0.2,199.46,112.19,0
O109356,C04345,2024-12-04,Fashion,South,1,32.2,0.3,22.54,14.49,0
O107412,C03451,2024-12-04,Home & Kitchen,South,3,133.1,0.15,339.4,219.61,0
O103227,C01499,2024-12-04,Beauty,West,1,46.61,0.15,39.62,18.64,0
O103262,C01512,2024-12-04,Beauty,East,1,36.96,0.3,25.87,14.78,0
O100642,C00307,2024-12-04,Home & Kitchen,North,3,27.22,0.3,57.16,44.91,1
O113119,C02644,2024-12-04,Beauty,South,1,18.22,0.1,16.4,7.29,0
O109580,C04444,2024-12-04,Beauty,North,3,63.08,0.2,151.39,75.7,1
O112798,C05942,2024-12-04,Beauty,North,1,21.59,0.1,19.43,8.64,0
O110742,C05001,2024-12-04,Home & Kitchen,East,2,149.44,0.2,239.1,164.38,0
O113741,C02459,2024-12-04,Fashion,North,1,109.78,0.2,87.82,49.4,0
O107160,C03328,2024-12-04,Books,East,1,10.55,0.2,8.44,5.28,0
O103878,C01786,2024-12-04,Home & Kitchen,West,1,35.62,0.2,28.5,19.59,0
O109218,C04281,2024-12-04,Sports,East,2,219.04,0.15,372.37,254.09,0
O114277,C03451,2024-12-04,Home & Kitchen,South,3,133.1,0.15,339.4,219.61,0
O114110,C02274,2024-12-04,Home & Kitchen,West,1,126.94,0.15,107.9,69.82,0
O107076,C03286,2024-12-04,Home & Kitchen,East,3,28.25,0.3,59.32,46.61,0
O113155,C04281,2024-12-04,Sports,East,2,219.04,0.15,372.37,254.09,0
O105713,C02644,2024-12-04,Beauty,South,1,18.22,0.1,16.4,7.29,0
O109528,C04417,2024-12-04,Fashion,North,2,88.39,0.3,123.75,79.55,0
O100520,C00251,2024-12-04,Electronics,West,2,364.97,0.2,583.95,525.56,1
O100999,C00462,2024-12-04,Books,East,1,34.09,0.2,27.27,17.05,0
O113162,C04071,2024-12-04,Sports,East,3,151.49,0.15,386.3,263.59,0
O105336,C02459,2024-12-04,Fashion,North,1,109.78,0.2,87.82,49.4,0
O103125,C01456,2024-12-05,Electronics,South,3,402.94,0.3,846.17,870.35,0
O101126,C00519,2024-12-05,Books,East,1,36.67,0.1,33.0,18.34,0
O109775,C04537,2024-12-05,Home & Kitchen,East,3,151.19,0.3,317.5,249.46,0
O107481,C03482,2024-12-05,Fashion,South,2,112.94,0.2,180.7,101.65,0
O100801,C00373,2024-12-05,Books,West,1,28.61,0.2,22.89,14.3,0
O103961,C01823,2024-12-05,Home & Kitchen,East,1,41.19,0.1,37.07,22.65,1
O105329,C02456,2024-12-05,Fashion,East,1,99.25,0.3,69.47,44.66,0
O108146,C03790,2024-12-05,Books,West,2,18.47,0.15,31.4,18.47,0
O113007,C00519,2024-12-05,Books,East,1,36.67,0.1,33.0,18.34,0
O111478,C05354,2024-12-05,Beauty,North,2,47.41,0.3,66.37,37.93,0
O113932,C03790,2024-12-05,Books,West,2,18.47,0.15,31.4,18.47,0
O104489,C02077,2024-12-05,Sports,South,3,220.36,0.3,462.76,383.43,0
O102950,C01374,2024-12-05,Home & Kitchen,North,1,165.58,0.15,140.74,91.07,0
O112942,C00114,2024-12-05,Home & Kitchen,East,2,119.53,0.15,203.2,131.48,0
O113397,C04726,2024-12-05,Beauty,South,1,12.05,0.15,10.24,4.82,0
O102918,C01360,2024-12-05,Electronics,East,1,456.7,0.3,319.69,328.82,0
O114015,C02456,2024-12-05,Fashion,East,1,99.25,0.3,69.47,44.66,0
O112657,C05874,2024-12-05,Books,East,2,37.45,0.15,63.67,37.45,0
O113961,C05354,2024-12-05,Beauty,North,2,47.41,0.3,66.37,37.93,0
O113542,C01360,2024-12-05,Electronics,East,1,456.7,0.3,319.69,328.82,0
O113872,C05874,2024-12-05,Books,East,2,37.45,0.15,63.67,37.45,0
O103363,C01555,2024-12-05,Beauty,North,1,24.43,0.15,20.77,9.77,0
O110176,C04726,2024-12-05,Beauty,South,1,12.05,0.15,10.24,4.82,0
O108800,C04087,2024-12-05,Books,East,1,26.89,0.15,22.86,13.44,0
O113538,C01555,2024-12-05,Beauty,North,1,24.43,0.15,20.77,9.77,0
O102033,C00944,2024-12-05,Fashion,East,1,97.87,0.3,68.51,44.04,0
O114221,C00944,2024-12-05,Fashion,East,1,97.87,0.3,68.51,44.04,0
O113140,C00373,2024-12-05,Books,West,1,28.61,0.2,22.89,14.3,0
O100236,C00114,2024-12-05,Home & Kitchen,East,2,119.53,0.15,203.2,131.48,0
O113450,C04537,2024-12-05,Home & Kitchen,East,3,151.19,0.3,317.5,249.46,0
O113720,C02077,2024-12-05,Sports,South,3,220.36,0.3,462.76,383.43,0
O109916,C04608,2024-12-06,Home & Kitchen,North,1,29.71,0.3,20.8,16.34,0
O100107,C00054,2024-12-06,Sports,East,1,139.38,0.2,111.5,80.84,0
O113921,C05684,2024-12-06,Fashion,West,3,48.93,0.3,102.75,66.06,0
O113860,C03089,2024-12-06,Electronics,South,1,468.26,0.3,327.78,337.15,0
O104367,C02020,2024-12-06,Books,South,1,31.0,0.2,24.8,15.5,0
O100576,C00277,2024-12-06,Beauty,South,1,23.77,0.3,16.64,9.51,0
O113995,C02020,2024-12-06,Books,South,1,31.0,0.2,24.8,15.5,0
O113767,C01514,2024-12-06,Home & Kitchen,North,1,88.7,0.2,70.96,48.78,0
O106660,C03089,2024-12-06,Electronics,South,1,468.26,0.3,327.78,337.15,0
O109803,C04552,2024-12-06,Sports,East,2,207.28,0.3,290.19,240.44,0
O114158,C02819,2024-12-06,Electronics,South,1,358.01,0.15,304.31,257.77,0
O108294,C03857,2024-12-06,Books,North,2,28.54,0.1,51.37,28.54,0
O107628,C03560,2024-12-06,Home & Kitchen,North,1,74.61,0.2,59.69,41.04,0
O105526,C02549,2024-12-06,Books,East,2,37.97,0.1,68.35,37.97,0
O109354,C04344,2024-12-06,Books,North,3,15.88,0.1,42.88,23.82,0
O107025,C03262,2024-12-06,Beauty,North,2,54.55,0.15,92.73,43.64,0
O104679,C02162,2024-12-06,Books,West,1,33.23,0.15,28.25,16.61,0
O103331,C01541,2024-12-06,Beauty,North,1,19.14,0.3,13.4,7.66,0
O111477,C05353,2024-12-06,Sports,West,1,176.94,0.3,123.86,102.63,1
O113100,C03560,2024-12-06,Home & Kitchen,North,1,74.61,0.2,59.69,41.04,0
O106099,C02819,2024-12-06,Electronics,South,1,358.01,0.15,304.31,257.77,0
O113688,C00971,2024-12-06,Beauty,West,2,31.51,0.3,44.11,25.21,0
O113597,C03262,2024-12-06,Beauty,North,2,54.55,0.15,92.73,43.64,0
O113707,C01541,2024-12-06,Beauty,North,1,19.14,0.3,13.4,7.66,0
O101326,C00612,2024-12-06,Electronics,South,2,175.58,0.2,280.93,252.84,1
O113454,C02549,2024-12-06,Books,East,2,37.97,0.1,68.35,37.97,0
O113246,C02162,2024-12-06,Books,West,1,33.23,0.15,28.25,16.61,0
O102092,C00971,2024-12-06,Beauty,West,2,31.51,0.3,44.11,25.21,0
O102102,C00974,2024-12-06,Books,North,3,28.3,0.3,59.43,42.45,0
O105593,C02582,2024-12-06,Books,South,2,8.5,0.15,14.45,8.5,1
O112243,C05684,2024-12-06,Fashion,West,3,48.93,0.3,102.75,66.06,0
O103266,C01514,2024-12-06,Home & Kitchen,North,1,88.7,0.2,70.96,48.78,0
O113981,C02463,2024-12-07,Beauty,North,2,12.48,0.15,21.22,9.98,0
O113738,C01105,2024-12-07,Beauty,West,1,66.59,0.1,59.93,26.64,0
O114194,C03123,2024-12-07,Electronics,East,2,435.43,0.1,783.77,627.02,0
O110788,C05022,2024-12-07,Sports,North,1,75.75,0.15,64.39,43.93,0
O114282,C01101,2024-12-07,Electronics,South,1,416.35,0.15,353.9,299.77,0
O112935,C00644,2024-12-07,Sports,North,1,118.4,0.1,106.56,68.67,0
O113244,C05700,2024-12-07,Fashion,North,1,115.18,0.3,80.63,51.83,0
O109386,C04355,2024-12-07,Home & Kitchen,South,1,151.88,0.15,129.1,83.53,0
O110349,C04807,2024-12-07,Home & Kitchen,East,2,143.89,0.15,244.61,158.28,0
O110992,C05118,2024-12-07,Fashion,South,1,104.79,0.3,73.35,47.16,0
O108786,C04079,2024-12-07,Beauty,North,1,11.31,0.2,9.05,4.52,0
O113845,C03427,2024-12-07,Home & Kitchen,North,3,160.63,0.3,337.32,265.04,0
O109650,C04473,2024-12-07,Books,South,1,36.04,0.1,32.44,18.02,0
O107362,C03427,2024-12-07,Home & Kitchen,North,3,160.63,0.3,337.32,265.04,0
O112284,C05700,2024-12-07,Fashion,North,1,115.18,0.3,80.63,51.83,0
O113517,C04079,2024-12-07,Beauty,North,1,11.31,0.2,9.05,4.52,0
O114143,C02524,2024-12-07,Home & Kitchen,East,2,44.45,0.2,71.12,48.9,1
O106740,C03123,2024-12-07,Electronics,East,2,435.43,0.1,783.77,627.02,0
O112938,C04473,2024-12-07,Books,South,1,36.04,0.1,32.44,18.02,0
O113282,C04355,2024-12-07,Home & Kitchen,South,1,151.88,0.15,129.1,83.53,0
O114302,C00044,2024-12-07,Books,South,1,14.5,0.1,13.05,7.25,0
O105479,C02524,2024-12-07,Home & Kitchen,East,2,44.45,0.2,71.12,48.9,1
O101407,C00644,2024-12-07,Sports,North,1,118.4,0.1,106.56,68.67,0
O104732,C02189,2024-12-07,Beauty,West,1,41.42,0.3,28.99,16.57,0
O101025,C00474,2024-12-07,Fashion,South,1,39.85,0.2,31.88,17.93,0
O100088,C00044,2024-12-07,Books,South,1,14.5,0.1,13.05,7.25,0
O102605,C01213,2024-12-07,Books,South,3,25.15,0.3,52.81,37.72,0
O102374,C01101,2024-12-07,Electronics,South,1,416.35,0.15,353.9,299.77,0
O102387,C01105,2024-12-07,Beauty,West,1,66.59,0.1,59.93,26.64,0
O105345,C02463,2024-12-07,Beauty,North,2,12.48,0.15,21.22,9.98,0
O110039,C04665,2024-12-08,Sports,North,2,248.61,0.2,397.78,288.39,0
O106436,C02980,2024-12-08,Beauty,East,1,24.19,0.2,19.35,9.68,0
O111468,C05348,2024-12-08,Sports,North,3,216.24,0.1,583.85,376.26,0
O107120,C03305,2024-12-08,Home & Kitchen,East,1,127.38,0.1,114.64,70.06,0
O112170,C05654,2024-12-08,Fashion,North,2,66.64,0.2,106.62,59.98,0
O114174,C04116,2024-12-08,Sports,West,2,114.58,0.3,160.41,132.91,0
O114030,C00704,2024-12-08,Beauty,East,1,64.08,0.3,44.86,25.63,0
O114197,C02369,2024-12-08,Beauty,West,1,54.11,0.15,45.99,21.64,0
O101523,C00704,2024-12-08,Beauty,East,1,64.08,0.3,44.86,25.63,0
O108499,C03954,2024-12-08,Home & Kitchen,East,2,86.49,0.3,121.09,95.14,1
O105132,C02369,2024-12-08,Beauty,West,1,54.11,0.15,45.99,21.64,0
O101532,C00710,2024-12-08,Home & Kitchen,East,2,142.78,0.3,199.89,157.06,1
O107516,C03498,2024-12-08,Sports,South,1,108.91,0.1,98.02,63.17,0
O105351,C02465,2024-12-08,Beauty,North,1,26.07,0.3,18.25,10.43,0
O113854,C04665,2024-12-08,Sports,North,2,248.61,0.2,397.78,288.39,0
O108852,C04116,2024-12-08,Sports,West,2,114.58,0.3,160.41,132.91,0
O100358,C00176,2024-12-08,Sports,North,1,187.17,0.2,149.74,108.56,0
O113817,C02465,2024-12-08,Beauty,North,1,26.07,0.3,18.25,10.43,0
O106661,C03090,2024-12-08,Beauty,East,1,52.22,0.1,47.0,20.89,0
O110516,C04890,2024-12-08,Fashion,East,3,74.79,0.3,157.06,100.97,0
O109666,C04481,2024-12-08,Fashion,East,3,74.58,0.3,156.62,100.68,0
O112946,C02776,2024-12-08,Beauty,North,2,20.36,0.1,36.65,16.29,0
O100598,C00290,2024-12-08,Fashion,South,1,105.86,0.15,89.98,47.64,0
O112933,C03090,2024-12-08,Beauty,East,1,52.22,0.1,47.0,20.89,0
O113751,C00176,2024-12-08,Sports,North,1,187.17,0.2,149.74,108.56,0
O106001,C02776,2024-12-08,Beauty,North,2,20.36,0.1,36.65,16.29,0
O113199,C04890,2024-12-08,Fashion,East,3,74.79,0.3,157.06,100.97,0
O113983,C01031,2024-12-08,Home & Kitchen,East,2,102.21,0.15,173.76,112.43,1
O102228,C01031,2024-12-08,Home & Kitchen,East,2,102.21,0.15,173.76,112.43,1
O113316,C05132,2024-12-09,Sports,West,1,170.84,0.2,136.67,99.09,1
O103046,C01420,2024-12-09,Home & Kitchen,East,1,174.86,0.1,157.37,96.17,1
O113541,C03489,2024-12-09,Books,North,1,31.27,0.15,26.58,15.64,0
O107496,C03489,2024-12-09,Books,North,1,31.27,0.15,26.58,15.64,0
O111024,C05132,2024-12-09,Sports,West,1,170.84,0.2,136.67,99.09,1
O112723,C05907,2024-12-09,Fashion,South,1,51.53,0.2,41.22,23.19,0
O113600,C00367,2024-12-09,Fashion,East,2,35.98,0.15,61.17,32.38,1
O109874,C04588,2024-12-09,Sports,West,3,67.17,0.1,181.36,116.88,0
O107295,C03394,2024-12-09,Electronics,North,3,373.37,0.2,896.09,806.48,0
O100787,C00367,2024-12-09,Fashion,East,2,35.98,0.15,61.17,32.38,1
O113604,C02473,2024-12-09,Fashion,West,1,74.13,0.3,51.89,33.36,1
O113800,C00070,2024-12-09,Fashion,South,1,126.58,0.2,101.26,56.96,0
O113101,C03394,2024-12-09,Electronics,North,3,373.37,0.2,896.09,806.48,0
O100135,C00070,2024-12-09,Fashion,South,1,126.58,0.2,101.26,56.96,0
O110943,C05092,2024-12-09,Electronics,North,1,572.1,0.3,400.47,411.91,0
O109602,C04453,2024-12-09,Home & Kitchen,South,1,88.56,0.3,61.99,48.71,0
O105163,C02385,2024-12-09,Beauty,North,3,37.44,0.3,78.62,44.93,0
O112936,C01420,2024-12-09,Home & Kitchen,East,1,174.86,0.1,157.37,96.17,1
O105370,C02473,2024-12-09,Fashion,West,1,74.13,0.3,51.89,33.36,1
O102466,C01146,2024-12-09,Beauty,North,1,45.89,0.15,39.01,18.36,0
O110909,C05076,2024-12-09,Books,South,1,36.91,0.2,29.53,18.45,0
O113662,C05092,2024-12-09,Electronics,North,1,572.1,0.3,400.47,411.91,0
O112945,C04068,2024-12-09,Sports,West,1,173.87,0.15,147.79,100.84,0
O108752,C04068,2024-12-09,Sports,West,1,173.87,0.15,147.79,100.84,0
O110822,C05035,2024-12-09,Electronics,North,2,305.67,0.3,427.94,440.16,0
O100258,C00124,2024-12-09,Beauty,South,1,17.85,0.3,12.5,7.14,0
O113190,C02385,2024-12-09,Beauty,North,3,37.44,0.3,78.62,44.93,0
O113821,C00124,2024-12-09,Beauty,South,1,17.85,0.3,12.5,7.14,0
O113573,C01146,2024-12-09,Beauty,North,1,45.89,0.15,39.01,18.36,0
O103871,C01782,2024-12-09,Beauty,West,1,31.92,0.15,27.13,12.77,0
O111310,C05274,2024-12-09,Home & Kitchen,East,2,124.69,0.3,174.57,137.16,0
O113996,C05455,2024-12-10,Sports,North,1,155.67,0.2,124.54,90.29,0
O111703,C05455,2024-12-10,Sports,North,1,155.67,0.2,124.54,90.29,0
O104480,C02073,2024-12-10,Sports,South,1,235.96,0.3,165.17,136.86,0
O111098,C05162,2024-12-10,Home & Kitchen,East,2,89.46,0.1,161.03,98.41,0
O102914,C01358,2024-12-10,Books,South,1,22.92,0.3,16.04,11.46,0
O113393,C02395,2024-12-10,Fashion,South,3,60.18,0.2,144.43,81.24,0
O113849,C02958,2024-12-10,Sports,North,3,233.18,0.15,594.61,405.73,0
O113219,C05162,2024-12-10,Home & Kitchen,East,2,89.46,0.1,161.03,98.41,0
O103912,C01802,2024-12-10,Home & Kitchen,North,1,28.63,0.3,20.04,15.75,0
O107899,C03687,2024-12-10,Books,West,2,28.92,0.3,40.49,28.92,0
O107090,C03292,2024-12-10,Sports,West,1,249.02,0.3,174.31,144.43,0
O103112,C01451,2024-12-10,Books,West,1,35.29,0.2,28.23,17.64,0
O112618,C05857,2024-12-10,Beauty,West,1,10.52,0.2,8.42,4.21,0
O105180,C02395,2024-12-10,Fashion,South,3,60.18,0.2,144.43,81.24,0
O113342,C02073,2024-12-10,Sports,South,1,235.96,0.3,165.17,136.86,0
O105961,C02760,2024-12-10,Fashion,North,1,69.15,0.1,62.24,31.12,0
O100742,C00350,2024-12-10,Sports,South,1,55.16,0.15,46.89,31.99,0
O112519,C05809,2024-12-10,Beauty,West,2,34.53,0.3,48.34,27.62,1
O112998,C01358,2024-12-10,Books,South,1,22.92,0.3,16.04,11.46,0
O113924,C01451,2024-12-10,Books,West,1,35.29,0.2,28.23,17.64,0
O113441,C01802,2024-12-10,Home & Kitchen,North,1,28.63,0.3,20.04,15.75,0
O114089,C00091,2024-12-10,Beauty,West,1,36.17,0.15,30.74,14.47,0
O107791,C03636,2024-12-10,Fashion,North,3,127.85,0.1,345.19,172.6,0
O114248,C03138,2024-12-10,Fashion,North,3,136.12,0.3,285.85,183.76,0
O106384,C02958,2024-12-10,Sports,North,3,233.18,0.15,594.61,405.73,0
O113150,C01227,2024-12-10,Books,East,1,16.61,0.15,14.12,8.3,0
O112956,C02816,2024-12-10,Home & Kitchen,East,1,114.37,0.15,97.21,62.9,0
O112993,C05809,2024-12-10,Beauty,West,2,34.53,0.3,48.34,27.62,1
O106090,C02816,2024-12-10,Home & Kitchen,East,1,114.37,0.15,97.21,62.9,0
O113813,C03687,2024-12-10,Books,West,2,28.92,0.3,40.49,28.92,0
O100183,C00091,2024-12-10,Beauty,West,1,36.17,0.15,30.74,14.47,0
O106770,C03138,2024-12-10,Fashion,North,3,136.12,0.3,285.85,183.76,0
O102643,C01227,2024-12-10,Books,East,1,16.61,0.15,14.12,8.3,0
O104924,C02274,2024-12-11,Books,West,2,26.18,0.3,36.65,26.18,0
O100586,C00284,2024-12-11,Fashion,North,1,113.92,0.3,79.74,51.26,0
O107320,C03410,2024-12-11,Home & Kitchen,North,1,30.05,0.1,27.05,16.53,0
O103198,C01485,2024-12-11,Fashion,West,2,129.76,0.3,181.66,116.78,0
O103272,C01517,2024-12-11,Beauty,South,2,29.55,0.15,50.23,23.64,0
O108427,C03923,2024-12-11,Beauty,South,1,55.94,0.3,39.16,22.38,0
O103210,C01491,2024-12-11,Home & Kitchen,East,1,25.19,0.3,17.63,13.85,0
O108430,C03924,2024-12-11,Home & Kitchen,East,3,96.09,0.1,259.44,158.55,0
O113809,C02239,2024-12-11,Sports,South,1,148.17,0.1,133.35,85.94,0
O108917,C04147,2024-12-11,Home & Kitchen,South,2,135.38,0.3,189.53,148.92,0
O103228,C01499,2024-12-11,Fashion,West,2,29.72,0.15,50.52,26.75,0
O110136,C04707,2024-12-11,Sports,North,1,212.03,0.2,169.62,122.98,0
O113220,C02990,2024-12-11,Beauty,South,2,31.02,0.15,52.73,24.82,0
O103219,C01496,2024-12-11,Sports,South,1,155.28,0.1,139.75,90.06,0
O113204,C03924,2024-12-11,Home & Kitchen,East,3,96.09,0.1,259.44,158.55,0
O114012,C05782,2024-12-11,Fashion,North,2,123.72,0.2,197.95,111.35,1
O112462,C05782,2024-12-11,Fashion,North,2,123.72,0.2,197.95,111.35,1
O114169,C03662,2024-12-11,Home & Kitchen,West,3,84.38,0.1,227.83,139.23,0
O106669,C03092,2024-12-11,Fashion,North,1,98.01,0.3,68.61,44.1,0
O113701,C03923,2024-12-11,Beauty,South,1,55.94,0.3,39.16,22.38,0
O113302,C03846,2024-12-11,Fashion,North,2,99.97,0.2,159.95,89.97,0
O112959,C03333,2024-12-11,Beauty,East,2,67.72,0.3,94.81,54.18,0
O106774,C03139,2024-12-11,Sports,North,1,92.12,0.2,73.7,53.43,1
O106780,C03141,2024-12-11,Electronics,North,2,351.0,0.15,596.7,505.44,0
O107080,C03287,2024-12-11,Sports,East,1,101.72,0.1,91.55,59.0,0
O113824,C04147,2024-12-11,Home & Kitchen,South,2,135.38,0.3,189.53,148.92,0
O107843,C03662,2024-12-11,Home & Kitchen,West,3,84.38,0.1,227.83,139.23,0
O106203,C02868,2024-12-11,Sports,East,1,179.41,0.1,161.47,104.06,0
O113171,C03287,2024-12-11,Sports,East,1,101.72,0.1,91.55,59.0,0
O107175,C03333,2024-12-11,Beauty,East,2,67.72,0.3,94.81,54.18,0
O106453,C02990,2024-12-11,Beauty,South,2,31.02,0.15,52.73,24.82,0
O113593,C01491,2024-12-11,Home & Kitchen,East,1,25.19,0.3,17.63,13.85,0
O108270,C03846,2024-12-11,Fashion,North,2,99.97,0.2,159.95,89.97,0
O109062,C04217,2024-12-11,Home & Kitchen,East,1,84.72,0.1,76.25,46.6,0
O113706,C01499,2024-12-11,Fashion,West,2,29.72,0.15,50.52,26.75,0
O104851,C02239,2024-12-11,Sports,South,1,148.17,0.1,133.35,85.94,0
O100914,C00425,2024-12-11,Beauty,North,1,44.82,0.15,38.1,17.93,0
O102412,C01120,2024-12-12,Electronics,South,3,214.42,0.3,450.28,463.15,1
O101692,C00785,2024-12-12,Home & Kitchen,East,2,36.0,0.3,50.4,39.6,0
O100667,C00315,2024-12-12,Beauty,South,2,23.14,0.15,39.34,18.51,0
O114176,C01519,2024-12-12,Sports,East,2,202.37,0.2,323.79,234.75,0
O103278,C01519,2024-12-12,Sports,East,2,202.37,0.2,323.79,234.75,0
O113505,C02913,2024-12-12,Home & Kitchen,East,1,58.74,0.3,41.12,32.31,0
O106390,C02960,2024-12-12,Books,South,1,31.21,0.2,24.97,15.6,1
O103021,C01406,2024-12-12,Fashion,East,1,47.27,0.15,40.18,21.27,0
O113937,C05992,2024-12-12,Fashion,North,1,82.39,0.3,57.67,37.08,0
O112907,C05992,2024-12-12,Fashion,North,1,82.39,0.3,57.67,37.08,0
O113659,C02639,2024-12-12,Electronics,North,1,274.3,0.15,233.16,197.5,0
O113804,C00785,2024-12-12,Home & Kitchen,East,2,36.0,0.3,50.4,39.6,0
O105705,C02639,2024-12-12,Electronics,North,1,274.3,0.15,233.16,197.5,0
O102100,C00973,2024-12-12,Sports,East,2,132.03,0.1,237.65,153.15,1
O114201,C02960,2024-12-12,Books,South,1,31.21,0.2,24.97,15.6,1
O107321,C03410,2024-12-12,Home & Kitchen,North,2,72.67,0.1,130.81,79.94,0
O113829,C00315,2024-12-12,Beauty,South,2,23.14,0.15,39.34,18.51,0
O106289,C02913,2024-12-12,Home & Kitchen,East,1,58.74,0.3,41.12,32.31,0
O104974,C02298,2024-12-12,Fashion,North,1,54.85,0.1,49.37,24.68,0
O107517,C03498,2024-12-12,Beauty,South,1,14.12,0.3,9.88,5.65,1
O113205,C04428,2024-12-13,Beauty,North,1,11.67,0.2,9.34,4.67,0
O110255,C04766,2024-12-13,Fashion,North,3,80.42,0.3,168.88,108.57,0
O113062,C03056,2024-12-13,Fashion,North,3,87.35,0.3,183.43,117.92,0
O111808,C05498,2024-12-13,Sports,West,2,123.17,0.15,209.39,142.88,0
O113802,C00408,2024-12-13,Home & Kitchen,North,1,147.84,0.1,133.06,81.31,0
O113403,C04019,2024-12-13,Sports,North,2,37.59,0.1,67.66,43.6,0
O100149,C00076,2024-12-13,Fashion,West,1,64.39,0.1,57.95,28.98,0
O109206,C04277,2024-12-13,Fashion,South,3,50.68,0.2,121.63,68.42,0
O111008,C05125,2024-12-13,Home & Kitchen,West,3,141.78,0.3,297.74,233.94,1
O105143,C02373,2024-12-13,Books,North,1,37.23,0.15,31.65,18.61,0
O113271,C04766,2024-12-13,Fashion,North,3,80.42,0.3,168.88,108.57,0
O106590,C03056,2024-12-13,Fashion,North,3,87.35,0.3,183.43,117.92,0
O109553,C04428,2024-12-13,Beauty,North,1,11.67,0.2,9.34,4.67,0
O106584,C03052,2024-12-13,Beauty,East,1,50.78,0.3,35.55,20.31,0
O114063,C02664,2024-12-13,Home & Kitchen,North,2,90.02,0.2,144.03,99.02,0
O114283,C02373,2024-12-13,Books,North,1,37.23,0.15,31.65,18.61,0
O114243,C05125,2024-12-13,Home & Kitchen,West,3,141.78,0.3,297.74,233.94,1
O114266,C04277,2024-12-13,Fashion,South,3,50.68,0.2,121.63,68.42,0
O113626,C03052,2024-12-13,Beauty,East,1,50.78,0.3,35.55,20.31,0
O108636,C04019,2024-12-13,Sports,North,2,37.59,0.1,67.66,43.6,0
O112927,C05498,2024-12-13,Sports,West,2,123.17,0.15,209.39,142.88,0
O100876,C00408,2024-12-13,Home & Kitchen,North,1,147.84,0.1,133.06,81.31,0
O102256,C01043,2024-12-13,Home & Kitchen,North,2,101.79,0.1,183.22,111.97,0
O105760,C02664,2024-12-13,Home & Kitchen,North,2,90.02,0.2,144.03,99.02,0
O103277,C01518,2024-12-14,Fashion,South,3,36.15,0.15,92.18,48.8,0
O105921,C02740,2024-12-14,Home & Kitchen,South,2,94.57,0.1,170.23,104.03,0
O110048,C04667,2024-12-14,Electronics,East,2,395.96,0.3,554.34,570.18,0
O111537,C05379,2024-12-14,Home & Kitchen,South,1,131.04,0.3,91.73,72.07,0
O114134,C04048,2024-12-14,Sports,South,2,246.27,0.15,418.66,285.67,0
O113085,C02740,2024-12-14,Home & Kitchen,South,2,94.57,0.1,170.23,104.03,0
O113725,C01225,2024-12-14,Home & Kitchen,North,3,68.95,0.1,186.17,113.77,0
O105737,C02654,2024-12-14,Beauty,South,3,67.84,0.3,142.46,81.41,0
O109141,C04248,2024-12-14,Fashion,North,2,50.51,0.1,90.92,45.46,1
O112961,C05379,2024-12-14,Home & Kitchen,South,1,131.04,0.3,91.73,72.07,0
O113974,C04248,2024-12-14,Fashion,North,2,50.51,0.1,90.92,45.46,1
O113087,C01518,2024-12-14,Fashion,South,3,36.15,0.15,92.18,48.8,0
O113423,C04667,2024-12-14,Electronics,East,2,395.96,0.3,554.34,570.18,0
O110502,C04883,2024-12-14,Fashion,South,3,65.74,0.3,138.05,88.75,0
O106431,C02976,2024-12-14,Fashion,North,2,24.58,0.3,34.41,22.12,0
O113359,C04883,2024-12-14,Fashion,South,3,65.74,0.3,138.05,88.75,0
O102579,C01202,2024-12-14,Sports,West,1,178.59,0.2,142.87,103.58,0
O100707,C00335,2024-12-14,Fashion,South,1,80.45,0.1,72.41,36.2,0
O114246,C04895,2024-12-14,Books,South,1,13.72,0.2,10.98,6.86,0
O113994,C01202,2024-12-14,Sports,West,1,178.59,0.2,142.87,103.58,0
O108712,C04048,2024-12-14,Sports,South,2,246.27,0.15,418.66,285.67,0
O111218,C05229,2024-12-14,Home & Kitchen,West,1,75.64,0.2,60.51,41.6,0
O102274,C01052,2024-12-14,Books,East,2,37.29,0.1,67.12,37.29,0
O114033,C02654,2024-12-14,Beauty,South,3,67.84,0.3,142.46,81.41,0
O106503,C03015,2024-12-14,Electronics,North,3,334.25,0.15,852.34,721.98,1
O103741,C01721,2024-12-14,Home & Kitchen,South,1,166.31,0.1,149.68,91.47,0
O113682,C01052,2024-12-14,Books,East,2,37.29,0.1,67.12,37.29,0
O110527,C04895,2024-12-14,Books,South,1,13.72,0.2,10.98,6.86,0
O102638,C01225,2024-12-14,Home & Kitchen,North,3,68.95,0.1,186.17,113.77,0
O113272,C01721,2024-12-14,Home & Kitchen,South,1,166.31,0.1,149.68,91.47,0
O113461,C05229,2024-12-14,Home & Kitchen,West,1,75.64,0.2,60.51,41.6,0
O114281,C03824,2024-12-15,Fashion,North,2,38.39,0.2,61.42,34.55,0
O113203,C00252,2024-12-15,Home & Kitchen,East,1,75.65,0.2,60.52,41.61,0
O113329,C02026,2024-12-15,Beauty,East,2,26.83,0.3,37.56,21.46,0
O111513,C05370,2024-12-15,Home & Kitchen,North,1,52.2,0.2,41.76,28.71,0
O113313,C05370,2024-12-15,Home & Kitchen,North,1,52.2,0.2,41.76,28.71,0
O105234,C02416,2024-12-15,Books,South,1,12.74,0.3,8.92,6.37,0
O113026,C02958,2024-12-15,Home & Kitchen,North,1,85.33,0.1,76.8,46.93,0
O109575,C04442,2024-12-15,Fashion,West,1,63.89,0.2,51.11,28.75,0
O104383,C02026,2024-12-15,Beauty,East,2,26.83,0.3,37.56,21.46,0
O105489,C02527,2024-12-15,Fashion,South,3,68.87,0.3,144.63,92.97,0
O114112,C05618,2024-12-15,Home & Kitchen,East,1,178.86,0.15,152.03,98.37,0
O113365,C04291,2024-12-15,Beauty,South,1,18.57,0.1,16.71,7.43,0
O113866,C00646,2024-12-15,Beauty,East,1,57.67,0.15,49.02,23.07,0
O114183,C05664,2024-12-15,Sports,West,2,135.7,0.15,230.69,157.41,0
O106385,C02958,2024-12-15,Home & Kitchen,North,1,85.33,0.1,76.8,46.93,0
O102093,C00971,2024-12-15,Sports,West,1,170.52,0.1,153.47,98.9,0
O114001,C04714,2024-12-15,Fashion,North,1,20.63,0.3,14.44,9.28,0
O113928,C02369,2024-12-15,Electronics,West,1,543.0,0.3,380.1,390.96,1
O100521,C00252,2024-12-15,Home & Kitchen,East,1,75.65,0.2,60.52,41.61,0
O101411,C00646,2024-12-15,Beauty,East,1,57.67,0.15,49.02,23.07,0
O112076,C05618,2024-12-15,Home & Kitchen,East,1,178.86,0.15,152.03,98.37,0
O105133,C02369,2024-12-15,Electronics,West,1,543.0,0.3,380.1,390.96,1
O110153,C04714,2024-12-15,Fashion,North,1,20.63,0.3,14.44,9.28,0
O107956,C03709,2024-12-15,Books,East,3,14.12,0.3,29.65,21.18,0
O101421,C00651,2024-12-15,Electronics,South,1,571.68,0.15,485.93,411.61,1
O113111,C02527,2024-12-15,Fashion,South,3,68.87,0.3,144.63,92.97,0
O112194,C05664,2024-12-15,Sports,West,2,135.7,0.15,230.69,157.41,0
O105986,C02769,2024-12-15,Fashion,South,2,39.62,0.15,67.35,35.66,1
O110739,C05000,2024-12-15,Fashion,West,2,24.02,0.15,40.83,21.62,0
O109240,C04291,2024-12-15,Beauty,South,1,18.57,0.1,16.71,7.43,0
O108227,C03824,2024-12-15,Fashion,North,2,38.39,0.2,61.42,34.55,0
O113798,C00971,2024-12-15,Sports,West,1,170.52,0.1,153.47,98.9,0
O113495,C01508,2024-12-16,Books,North,3,22.81,0.1,61.59,34.21,0
O113820,C02585,2024-12-16,Electronics,East,1,538.28,0.1,484.45,387.56,0
O114205,C03410,2024-12-16,Fashion,North,1,114.06,0.3,79.84,51.33,0
O113125,C05246,2024-12-16,Books,North,3,15.09,0.1,40.74,22.64,0
O112116,C05631,2024-12-16,Books,East,2,34.13,0.3,47.78,34.13,0
O109503,C04408,2024-12-16,Sports,East,1,84.28,0.1,75.85,48.88,0
O103947,C01818,2024-12-16,Books,East,3,33.17,0.2,79.61,49.76,0
O111026,C05133,2024-12-16,Fashion,West,3,65.05,0.2,156.12,87.82,0
O113456,C01477,2024-12-16,Electronics,East,2,429.5,0.3,601.3,618.48,0
O111255,C05246,2024-12-16,Books,North,3,15.09,0.1,40.74,22.64,0
O111058,C05147,2024-12-16,Electronics,North,1,489.34,0.2,391.47,352.32,0
O103897,C01795,2024-12-16,Electronics,South,2,284.65,0.2,455.44,409.9,0
O113108,C01629,2024-12-16,Home & Kitchen,North,2,75.48,0.2,120.77,83.03,0
O113810,C05133,2024-12-16,Fashion,West,3,65.05,0.2,156.12,87.82,0
O103977,C01831,2024-12-16,Beauty,East,1,40.93,0.1,36.84,16.37,0
O114085,C00203,2024-12-16,Books,West,1,20.63,0.3,14.44,10.32,0
O110835,C05041,2024-12-16,Beauty,North,3,23.06,0.1,62.26,27.67,0
O106154,C02844,2024-12-16,Beauty,East,1,25.44,0.2,20.35,10.18,0
O103529,C01629,2024-12-16,Home & Kitchen,North,2,75.48,0.2,120.77,83.03,0
O100418,C00203,2024-12-16,Books,West,1,20.63,0.3,14.44,10.32,0
O107322,C03410,2024-12-16,Fashion,North,1,114.06,0.3,79.84,51.33,0
O113165,C01492,2024-12-16,Fashion,West,2,77.86,0.3,109.0,70.07,0
O112128,C05634,2024-12-16,Home & Kitchen,East,2,126.15,0.15,214.46,138.77,0
O109848,C04573,2024-12-16,Home & Kitchen,North,1,60.19,0.15,51.16,33.1,0
O103251,C01508,2024-12-16,Books,North,3,22.81,0.1,61.59,34.21,0
O114056,C04573,2024-12-16,Home & Kitchen,North,1,60.19,0.15,51.16,33.1,0
O114200,C01831,2024-12-16,Beauty,East,1,40.93,0.1,36.84,16.37,0
O114018,C05631,2024-12-16,Books,East,2,34.13,0.3,47.78,34.13,0
O105600,C02585,2024-12-16,Electronics,East,1,538.28,0.1,484.45,387.56,0
O103178,C01477,2024-12-16,Electronics,East,2,429.5,0.3,601.3,618.48,0
O103211,C01492,2024-12-16,Fashion,West,2,77.86,0.3,109.0,70.07,0
O101655,C00768,2024-12-16,Books,South,1,34.2,0.3,23.94,17.1,0
O112932,C02844,2024-12-16,Beauty,East,1,25.44,0.2,20.35,10.18,0
O102906,C01356,2024-12-17,Home & Kitchen,East,2,130.36,0.2,208.58,143.4,0
O106626,C03072,2024-12-17,Beauty,North,2,20.43,0.1,36.77,16.34,0
O101530,C00709,2024-12-17,Beauty,South,2,50.55,0.2,80.88,40.44,0
O104180,C01932,2024-12-17,Fashion,East,3,83.89,0.2,201.34,113.25,1
O114226,C04085,2024-12-17,Beauty,East,3,35.68,0.15,90.98,42.82,0
O112985,C05684,2024-12-17,Electronics,West,2,482.26,0.15,819.84,694.45,0
O109348,C04342,2024-12-17,Home & Kitchen,South,2,38.53,0.1,69.35,42.38,0
O113955,C04112,2024-12-17,Beauty,East,2,67.47,0.1,121.45,53.98,0
O105584,C02578,2024-12-17,Books,East,1,35.75,0.1,32.18,17.88,0
O104149,C01918,2024-12-17,Fashion,East,2,114.49,0.2,183.18,103.04,0
O109359,C04346,2024-12-17,Books,East,1,8.66,0.3,6.06,4.33,0
O112974,C02574,2024-12-17,Fashion,West,2,95.0,0.3,133.0,85.5,0
O113289,C04175,2024-12-17,Electronics,South,2,445.21,0.2,712.34,641.1,0
O113543,C02178,2024-12-17,Beauty,North,1,44.69,0.3,31.28,17.88,0
O105576,C02574,2024-12-17,Fashion,West,2,95.0,0.3,133.0,85.5,0
O100959,C00444,2024-12-17,Beauty,South,1,16.97,0.3,11.88,6.79,0
O105110,C02358,2024-12-17,Electronics,South,1,316.24,0.3,221.37,227.69,0
O109316,C04324,2024-12-17,Home & Kitchen,West,1,102.74,0.15,87.33,56.51,0
O113942,C03072,2024-12-17,Beauty,North,2,20.43,0.1,36.77,16.34,0
O114082,C00338,2024-12-17,Fashion,West,2,25.11,0.3,35.15,22.6,0
O108111,C03776,2024-12-17,Home & Kitchen,South,3,46.42,0.1,125.33,76.59,0
O100387,C00190,2024-12-17,Beauty,South,3,42.45,0.15,108.25,50.94,0
O100715,C00338,2024-12-17,Fashion,West,2,25.11,0.3,35.15,22.6,0
O104709,C02178,2024-12-17,Beauty,North,1,44.69,0.3,31.28,17.88,0
O113029,C03874,2024-12-17,Books,South,2,33.43,0.15,56.83,33.43,0
O101357,C00622,2024-12-17,Fashion,North,2,34.27,0.2,54.83,30.84,0
O114118,C02578,2024-12-17,Books,East,1,35.75,0.1,32.18,17.88,0
O113714,C00190,2024-12-17,Beauty,South,3,42.45,0.15,108.25,50.94,0
O111425,C05326,2024-12-17,Fashion,North,3,102.77,0.2,246.65,138.74,0
O103310,C01531,2024-12-17,Home & Kitchen,East,1,43.53,0.3,30.47,23.94,0
O107410,C03450,2024-12-17,Fashion,East,2,93.62,0.2,149.79,84.26,0
O106435,C02979,2024-12-17,Books,North,3,27.06,0.2,64.94,40.59,0
O109130,C04245,2024-12-17,Home & Kitchen,South,2,179.84,0.15,305.73,197.82,0
O113822,C01932,2024-12-17,Fashion,East,3,83.89,0.2,201.34,113.25,1
O108974,C04175,2024-12-17,Electronics,South,2,445.21,0.2,712.34,641.1,0
O114007,C03776,2024-12-17,Home & Kitchen,South,3,46.42,0.1,125.33,76.59,0
O113840,C04342,2024-12-17,Home & Kitchen,South,2,38.53,0.1,69.35,42.38,0
O113614,C01918,2024-12-17,Fashion,East,2,114.49,0.2,183.18,103.04,0
O108333,C03874,2024-12-17,Books,South,2,33.43,0.15,56.83,33.43,0
O108796,C04085,2024-12-17,Beauty,East,3,35.68,0.15,90.98,42.82,0
O112065,C05614,2024-12-17,Home & Kitchen,North,2,85.92,0.15,146.06,94.51,0
O107917,C03693,2024-12-17,Beauty,West,1,40.22,0.1,36.2,16.09,0
O113039,C04304,2024-12-17,Electronics,South,2,389.57,0.1,701.23,560.98,0
O109274,C04304,2024-12-17,Electronics,South,2,389.57,0.1,701.23,560.98,0
O113823,C01531,2024-12-17,Home & Kitchen,East,1,43.53,0.3,30.47,23.94,0
O113102,C03693,2024-12-17,Beauty,West,1,40.22,0.1,36.2,16.09,0
O108843,C04112,2024-12-17,Beauty,East,2,67.47,0.1,121.45,53.98,0
O108640,C04021,2024-12-17,Books,West,1,9.85,0.2,7.88,4.92,0
O113742,C04021,2024-12-17,Books,West,1,9.85,0.2,7.88,4.92,0
O112244,C05684,2024-12-17,Electronics,West,2,482.26,0.15,819.84,694.45,0
O112628,C05859,2024-12-18,Fashion,North,2,64.15,0.3,89.81,57.74,0
O103184,C01480,2024-12-18,Beauty,West,1,63.73,0.3,44.61,25.49,0
O107077,C03286,2024-12-18,Beauty,East,1,33.51,0.15,28.48,13.4,0
O100851,C00397,2024-12-18,Beauty,North,3,15.39,0.1,41.55,18.47,0
O106432,C02977,2024-12-18,Fashion,East,2,68.79,0.3,96.31,61.91,0
O110324,C04797,2024-12-18,Electronics,North,1,581.01,0.2,464.81,418.33,0
O113214,C00199,2024-12-18,Sports,North,1,31.25,0.2,25.0,18.12,0
O113297,C01047,2024-12-18,Books,North,2,20.81,0.1,37.46,20.81,0
O103905,C01799,2024-12-18,Books,West,2,27.32,0.2,43.71,27.32,0
O100410,C00199,2024-12-18,Sports,North,1,31.25,0.2,25.0,18.12,0
O114247,C02977,2024-12-18,Fashion,East,2,68.79,0.3,96.31,61.91,0
O103847,C01772,2024-12-18,Electronics,South,2,514.96,0.1,926.93,741.54,0
O109837,C04566,2024-12-18,Fashion,West,2,66.34,0.2,106.14,59.71,0
O112983,C01480,2024-12-18,Beauty,West,1,63.73,0.3,44.61,25.49,0
O102383,C01104,2024-12-18,Fashion,South,3,93.87,0.3,197.13,126.72,0
O107005,C03254,2024-12-18,Sports,South,1,120.67,0.3,84.47,69.99,0
O102266,C01047,2024-12-18,Books,North,2,20.81,0.1,37.46,20.81,0
O113717,C04566,2024-12-18,Fashion,West,2,66.34,0.2,106.14,59.71,0
O100193,C00096,2024-12-18,Electronics,North,1,287.83,0.3,201.48,207.24,0
O113211,C01799,2024-12-18,Books,West,2,27.32,0.2,43.71,27.32,0
O113581,C04561,2024-12-19,Beauty,West,3,28.93,0.2,69.43,34.72,0
O107257,C03376,2024-12-19,Books,North,1,36.47,0.3,25.53,18.24,0
O107141,C03315,2024-12-19,Electronics,East,1,231.45,0.3,162.01,166.64,0
O109821,C04561,2024-12-19,Beauty,West,3,28.93,0.2,69.43,34.72,0
O109706,C04500,2024-12-19,Home & Kitchen,North,2,117.26,0.2,187.62,128.99,0
O111436,C05330,2024-12-19,Home & Kitchen,South,2,122.77,0.2,196.43,135.05,0
O100583,C00282,2024-12-19,Sports,North,2,213.98,0.3,299.57,248.22,0
O105558,C02565,2024-12-19,Fashion,West,3,27.04,0.1,73.01,36.5,1
O113501,C05933,2024-12-19,Beauty,North,1,36.59,0.3,25.61,14.64,0
O113777,C00055,2024-12-19,Home & Kitchen,East,2,71.28,0.3,99.79,78.41,0
O102707,C01263,2024-12-19,Electronics,South,2,354.71,0.2,567.54,510.78,0
O100108,C00055,2024-12-19,Home & Kitchen,East,2,71.28,0.3,99.79,78.41,0
O112775,C05933,2024-12-19,Beauty,North,1,36.59,0.3,25.61,14.64,0
O113482,C03376,2024-12-19,Books,North,1,36.47,0.3,25.53,18.24,0
O112955,C01814,2024-12-19,Home & Kitchen,West,3,61.3,0.2,147.12,101.14,0
O113734,C04500,2024-12-19,Home & Kitchen,North,2,117.26,0.2,187.62,128.99,0
O110756,C05007,2024-12-19,Fashion,East,2,138.99,0.2,222.38,125.09,0
O108182,C03807,2024-12-19,Home & Kitchen,East,3,98.01,0.2,235.22,161.72,0
O105812,C02686,2024-12-19,Books,North,1,22.52,0.15,19.14,11.26,0
O103935,C01814,2024-12-19,Home & Kitchen,West,3,61.3,0.2,147.12,101.14,0
O101247,C00573,2024-12-19,Fashion,South,1,70.56,0.3,49.39,31.75,1
O110027,C04660,2024-12-19,Beauty,East,1,20.19,0.15,17.16,8.08,0
O103925,C01808,2024-12-19,Books,East,1,27.65,0.1,24.88,13.82,0
O104848,C02238,2024-12-19,Home & Kitchen,North,2,144.12,0.3,201.77,158.53,0
O106683,C03098,2024-12-19,Home & Kitchen,East,1,39.95,0.1,35.96,21.97,1
O108289,C03855,2024-12-19,Fashion,North,1,56.43,0.3,39.5,25.39,0
O114000,C02238,2024-12-19,Home & Kitchen,North,2,144.12,0.3,201.77,158.53,0
O112923,C03098,2024-12-19,Home & Kitchen,East,1,39.95,0.1,35.96,21.97,1
O102350,C01091,2024-12-19,Home & Kitchen,North,3,100.81,0.15,257.07,166.34,0
O113911,C01263,2024-12-19,Electronics,South,2,354.71,0.2,567.54,510.78,0
O113147,C02565,2024-12-19,Fashion,West,3,27.04,0.1,73.01,36.5,1
O105507,C02538,2024-12-19,Sports,East,2,119.79,0.15,203.64,138.96,0
O113433,C05193,2024-12-20,Fashion,North,1,59.59,0.3,41.71,26.82,1
O110144,C04710,2024-12-20,Fashion,East,1,99.73,0.15,84.77,44.88,0
O100626,C00301,2024-12-20,Home & Kitchen,West,1,64.36,0.3,45.05,35.4,0
O109979,C04638,2024-12-20,Electronics,West,2,325.58,0.1,586.04,468.84,0
O100486,C00235,2024-12-20,Books,North,2,14.91,0.3,20.87,14.91,0
O101049,C00485,2024-12-20,Electronics,East,1,318.92,0.3,223.24,229.62,0
O110159,C04716,2024-12-20,Fashion,North,1,127.16,0.2,101.73,57.22,1
O100370,C00185,2024-12-20,Books,North,3,29.28,0.15,74.66,43.92,0
O111150,C05193,2024-12-20,Fashion,North,1,59.59,0.3,41.71,26.82,1
O113637,C04716,2024-12-20,Fashion,North,1,127.16,0.2,101.73,57.22,1
O114275,C04638,2024-12-20,Electronics,West,2,325.58,0.1,586.04,468.84,0
O113442,C04710,2024-12-20,Fashion,East,1,99.73,0.15,84.77,44.88,0
O103485,C01610,2024-12-20,Books,West,2,20.3,0.3,28.42,20.3,1
O113519,C05543,2024-12-20,Sports,South,2,159.62,0.3,223.47,185.16,0
O111908,C05543,2024-12-20,Sports,South,2,159.62,0.3,223.47,185.16,0
O100573,C00276,2024-12-21,Fashion,West,3,103.91,0.3,218.21,140.28,0
O113213,C01057,2024-12-21,Fashion,South,1,48.7,0.3,34.09,21.92,0
O104881,C02254,2024-12-21,Books,West,1,12.65,0.15,10.75,6.32,0
O105093,C02350,2024-12-21,Sports,North,1,69.39,0.15,58.98,40.25,0
O102282,C01057,2024-12-21,Fashion,South,1,48.7,0.3,34.09,21.92,0
O100048,C00021,2024-12-21,Electronics,South,2,417.3,0.2,667.68,600.91,0
O113879,C01265,2024-12-21,Home & Kitchen,East,3,28.89,0.2,69.34,47.67,0
O113894,C04529,2024-12-21,Home & Kitchen,South,1,129.99,0.2,103.99,71.49,0
O102678,C01244,2024-12-21,Sports,East,1,162.22,0.2,129.78,94.09,0
O112403,C05757,2024-12-21,Fashion,North,1,61.27,0.15,52.08,27.57,0
O105260,C02425,2024-12-21,Fashion,West,1,83.87,0.3,58.71,37.74,0
O102711,C01265,2024-12-21,Home & Kitchen,East,3,28.89,0.2,69.34,47.67,0
O113357,C00021,2024-12-21,Electronics,South,2,417.3,0.2,667.68,600.91,0
O112177,C05656,2024-12-21,Books,North,1,16.89,0.3,11.82,8.44,0
O114057,C05757,2024-12-21,Fashion,North,1,61.27,0.15,52.08,27.57,0
O105512,C02540,2024-12-21,Fashion,North,3,107.51,0.15,274.15,145.14,0
O113677,C00276,2024-12-21,Fashion,West,3,103.91,0.3,218.21,140.28,0
O106933,C03217,2024-12-21,Books,East,1,33.53,0.3,23.47,16.76,0
O103473,C01605,2024-12-21,Beauty,East,2,38.89,0.1,70.0,31.11,0
O113837,C01605,2024-12-21,Beauty,East,2,38.89,0.1,70.0,31.11,0
O109741,C04520,2024-12-21,Fashion,North,2,113.14,0.15,192.34,101.83,0
O109755,C04529,2024-12-21,Home & Kitchen,South,1,129.99,0.2,103.99,71.49,0
O100867,C00406,2024-12-21,Books,West,1,39.93,0.1,35.94,19.96,0
O114135,C03034,2024-12-22,Home & Kitchen,North,1,100.79,0.2,80.63,55.43,0
O112129,C05634,2024-12-22,Electronics,East,3,199.58,0.15,508.93,431.09,0
O113429,C05209,2024-12-22,Electronics,East,1,241.87,0.3,169.31,174.15,0
O100664,C00314,2024-12-22,Sports,East,1,107.94,0.1,97.15,62.61,0
O100512,C00248,2024-12-22,Home & Kitchen,West,2,53.43,0.3,74.8,58.77,0
O113258,C00871,2024-12-22,Home & Kitchen,South,1,69.58,0.3,48.71,38.27,0
O113315,C04881,2024-12-22,Beauty,North,2,52.11,0.1,93.8,41.69,0
O107830,C03656,2024-12-22,Beauty,South,1,67.07,0.15,57.01,26.83,0
O101992,C00925,2024-12-22,Home & Kitchen,North,1,153.6,0.2,122.88,84.48,0
O103428,C01586,2024-12-22,Electronics,East,2,407.23,0.15,692.29,586.41,0
O111280,C05258,2024-12-22,Electronics,North,3,501.01,0.3,1052.12,1082.18,0
O110496,C04881,2024-12-22,Beauty,North,2,52.11,0.1,93.8,41.69,0
O106776,C03140,2024-12-22,Fashion,South,1,132.2,0.15,112.37,59.49,1
O113447,C00314,2024-12-22,Sports,East,1,107.94,0.1,97.15,62.61,0
O113445,C02739,2024-12-22,Electronics,West,3,383.23,0.2,919.75,827.78,0
O111179,C05209,2024-12-22,Electronics,East,1,241.87,0.3,169.31,174.15,0
O105918,C02739,2024-12-22,Electronics,West,3,383.23,0.2,919.75,827.78,0
O112567,C05834,2024-12-22,Sports,East,1,219.45,0.3,153.61,127.28,0
O113612,C01586,2024-12-22,Electronics,East,2,407.23,0.15,692.29,586.41,0
O106545,C03034,2024-12-22,Home & Kitchen,North,1,100.79,0.2,80.63,55.43,0
O113380,C05258,2024-12-22,Electronics,North,3,501.01,0.3,1052.12,1082.18,0
O101606,C00744,2024-12-22,Fashion,East,2,22.94,0.3,32.12,20.65,1
O104368,C02020,2024-12-22,Electronics,South,2,305.76,0.3,428.06,440.29,0
O102712,C01265,2024-12-22,Electronics,East,2,532.65,0.15,905.5,767.02,0
O113773,C03656,2024-12-22,Beauty,South,1,67.07,0.15,57.01,26.83,0
O108009,C03729,2024-12-22,Home & Kitchen,East,1,156.76,0.3,109.73,86.22,1
O101861,C00871,2024-12-22,Home & Kitchen,South,1,69.58,0.3,48.71,38.27,0
O103347,C01549,2024-12-23,Home & Kitchen,East,3,114.14,0.1,308.18,188.33,0
O102520,C01174,2024-12-23,Home & Kitchen,South,1,139.72,0.15,118.76,76.85,0
O112619,C05857,2024-12-23,Home & Kitchen,West,2,154.06,0.2,246.5,169.47,0
O110394,C04830,2024-12-23,Beauty,North,2,50.48,0.3,70.67,40.38,0
O106213,C02874,2024-12-23,Books,North,1,38.03,0.3,26.62,19.02,0
O101026,C00474,2024-12-23,Books,South,1,18.98,0.15,16.13,9.49,0
O114144,C04830,2024-12-23,Beauty,North,2,50.48,0.3,70.67,40.38,0
O109173,C04262,2024-12-23,Fashion,West,2,79.13,0.1,142.43,71.22,0
O113526,C03927,2024-12-23,Beauty,North,3,44.57,0.3,93.6,53.48,0
O100864,C00405,2024-12-23,Beauty,West,2,41.38,0.2,66.21,33.1,0
O112654,C05872,2024-12-23,Fashion,West,3,126.44,0.3,265.52,170.69,0
O113485,C00474,2024-12-23,Books,South,1,18.98,0.15,16.13,9.49,0
O113432,C01357,2024-12-23,Sports,West,2,156.58,0.2,250.53,181.63,0
O102537,C01179,2024-12-23,Fashion,East,2,48.19,0.2,77.1,43.37,0
O107807,C03644,2024-12-23,Electronics,South,2,570.44,0.15,969.75,821.43,0
O113262,C00629,2024-12-23,Sports,East,2,134.07,0.15,227.92,155.52,0
O113307,C01179,2024-12-23,Fashion,East,2,48.19,0.2,77.1,43.37,0
O113574,C05380,2024-12-23,Books,South,1,38.32,0.2,30.66,19.16,0
O102908,C01357,2024-12-23,Sports,West,2,156.58,0.2,250.53,181.63,0
O113020,C01549,2024-12-23,Home & Kitchen,East,3,114.14,0.1,308.18,188.33,0
O101373,C00629,2024-12-23,Sports,East,2,134.07,0.15,227.92,155.52,0
O113410,C01382,2024-12-23,Books,South,3,15.15,0.1,40.91,22.72,0
O108438,C03927,2024-12-23,Beauty,North,3,44.57,0.3,93.6,53.48,0
O102662,C01236,2024-12-23,Home & Kitchen,North,2,134.63,0.3,188.48,148.09,0
O113686,C05857,2024-12-23,Home & Kitchen,West,2,154.06,0.2,246.5,169.47,0
O111540,C05380,2024-12-23,Books,South,1,38.32,0.2,30.66,19.16,0
O102969,C01382,2024-12-23,Books,South,3,15.15,0.1,40.91,22.72,0
O112989,C02874,2024-12-23,Books,North,1,38.03,0.3,26.62,19.02,0
O102171,C01008,2024-12-24,Home & Kitchen,North,1,149.49,0.15,127.07,82.22,0
O101213,C00563,2024-12-24,Fashion,West,1,121.99,0.2,97.59,54.9,0
O100823,C00384,2024-12-24,Fashion,East,2,127.2,0.3,178.08,114.48,1
O102619,C01217,2024-12-24,Sports,East,2,104.91,0.1,188.84,121.7,0
O114301,C02747,2024-12-24,Home & Kitchen,North,1,114.04,0.15,96.93,62.72,0
O114178,C00729,2024-12-24,Sports,East,1,90.53,0.1,81.48,52.51,0
O113606,C05193,2024-12-24,Fashion,North,1,29.85,0.1,26.87,13.43,0
O113275,C04196,2024-12-24,Beauty,West,2,15.28,0.3,21.39,12.22,0
O111740,C05468,2024-12-24,Sports,East,1,155.8,0.15,132.43,90.36,0
O105938,C02747,2024-12-24,Home & Kitchen,North,1,114.04,0.15,96.93,62.72,0
O113144,C01915,2024-12-24,Sports,South,3,191.22,0.15,487.61,332.72,0
O111151,C05193,2024-12-24,Fashion,North,1,29.85,0.1,26.87,13.43,0
O114032,C00563,2024-12-24,Fashion,West,1,121.99,0.2,97.59,54.9,0
O114084,C05448,2024-12-24,Books,East,3,23.26,0.2,55.82,34.89,0
O101569,C00729,2024-12-24,Sports,East,1,90.53,0.1,81.48,52.51,0
O113002,C05468,2024-12-24,Sports,East,1,155.8,0.15,132.43,90.36,0
O104144,C01915,2024-12-24,Sports,South,3,191.22,0.15,487.61,332.72,0
O104935,C02279,2024-12-24,Home & Kitchen,North,1,40.79,0.3,28.55,22.43,0
O105759,C02663,2024-12-24,Sports,East,2,158.21,0.1,284.78,183.52,0
O112422,C05767,2024-12-24,Fashion,East,2,89.18,0.15,151.61,80.26,0
O113109,C05389,2024-12-24,Fashion,South,2,122.57,0.15,208.37,110.31,0
O112083,C05620,2024-12-24,Fashion,East,3,131.76,0.15,335.99,177.88,0
O113669,C00384,2024-12-24,Fashion,East,2,127.2,0.3,178.08,114.48,1
O101672,C00777,2024-12-24,Home & Kitchen,East,1,90.35,0.3,63.24,49.69,0
O103169,C01473,2024-12-24,Sports,East,2,213.11,0.15,362.29,247.21,0
O113179,C00445,2024-12-24,Books,West,1,29.3,0.15,24.91,14.65,0
O100963,C00445,2024-12-24,Books,West,1,29.3,0.15,24.91,14.65,0
O114165,C01217,2024-12-24,Sports,East,2,104.91,0.1,188.84,121.7,0
O100733,C00346,2024-12-24,Electronics,East,2,377.98,0.15,642.57,544.29,0
O111689,C05448,2024-12-24,Books,East,3,23.26,0.2,55.82,34.89,0
O113864,C01008,2024-12-24,Home & Kitchen,North,1,149.49,0.15,127.07,82.22,0
O113547,C00777,2024-12-24,Home & Kitchen,East,1,90.35,0.3,63.24,49.69,0
O109020,C04196,2024-12-24,Beauty,West,2,15.28,0.3,21.39,12.22,0
O107797,C03638,2024-12-24,Fashion,East,1,87.66,0.3,61.36,39.45,0
O111561,C05389,2024-12-24,Fashion,South,2,122.57,0.15,208.37,110.31,0
O104384,C02026,2024-12-24,Beauty,East,1,16.18,0.3,11.33,6.47,0
O114241,C02882,2024-12-25,Books,North,1,20.82,0.2,16.66,10.41,0
O114049,C05104,2024-12-25,Home & Kitchen,East,1,81.88,0.3,57.32,45.03,0
O102406,C01116,2024-12-25,Fashion,North,2,45.39,0.1,81.7,40.85,0
O113778,C05040,2024-12-25,Home & Kitchen,West,1,118.59,0.1,106.73,65.22,0
O111213,C05226,2024-12-25,Fashion,North,2,106.0,0.15,180.2,95.4,1
O110163,C04719,2024-12-25,Beauty,East,1,62.39,0.15,53.03,24.96,0
O110201,C04739,2024-12-25,Home & Kitchen,North,2,27.59,0.15,46.9,30.35,0
O104271,C01978,2024-12-25,Sports,North,1,72.68,0.2,58.14,42.15,0
O106368,C02948,2024-12-25,Fashion,East,1,36.77,0.15,31.25,16.55,0
O110832,C05040,2024-12-25,Home & Kitchen,West,1,118.59,0.1,106.73,65.22,0
O105087,C02347,2024-12-25,Sports,East,2,182.58,0.1,328.64,211.79,0
O104810,C02220,2024-12-25,Beauty,North,2,61.62,0.1,110.92,49.3,0
O114255,C01178,2024-12-25,Electronics,West,1,532.46,0.15,452.59,383.37,0
O114125,C01978,2024-12-25,Sports,North,1,72.68,0.2,58.14,42.15,0
O104670,C02156,2024-12-25,Books,North,1,13.16,0.3,9.21,6.58,0
O112044,C05604,2024-12-25,Home & Kitchen,West,1,41.09,0.3,28.76,22.6,0
O113459,C04291,2024-12-25,Electronics,South,1,183.89,0.3,128.72,132.4,1
O101547,C00718,2024-12-25,Electronics,West,1,261.34,0.3,182.94,188.16,0
O105975,C02765,2024-12-25,Books,South,1,11.48,0.15,9.76,5.74,0
O110966,C05104,2024-12-25,Home & Kitchen,East,1,81.88,0.3,57.32,45.03,0
O102532,C01178,2024-12-25,Electronics,West,1,532.46,0.15,452.59,383.37,0
O109243,C04293,2024-12-25,Beauty,West,2,31.05,0.2,49.68,24.84,0
O105807,C02685,2024-12-25,Beauty,South,2,12.74,0.1,22.93,10.19,0
O109241,C04291,2024-12-25,Electronics,South,1,183.89,0.3,128.72,132.4,1
O113997,C02156,2024-12-25,Books,North,1,13.16,0.3,9.21,6.58,0
O114009,C00036,2024-12-25,Fashion,East,1,47.58,0.2,38.06,21.41,0
O106227,C02882,2024-12-25,Books,North,1,20.82,0.2,16.66,10.41,0
O113736,C02685,2024-12-25,Beauty,South,2,12.74,0.1,22.93,10.19,0
O109771,C04536,2024-12-25,Fashion,West,3,115.63,0.1,312.2,156.1,0
O113243,C01116,2024-12-25,Fashion,North,2,45.39,0.1,81.7,40.85,0
O114083,C05226,2024-12-25,Fashion,North,2,106.0,0.15,180.2,95.4,1
O114028,C02220,2024-12-25,Beauty,North,2,61.62,0.1,110.92,49.3,0
O100074,C00036,2024-12-25,Fashion,East,1,47.58,0.2,38.06,21.41,0
O111289,C05264,2024-12-26,Sports,West,2,37.39,0.3,52.35,43.37,0
O113718,C00487,2024-12-26,Fashion,East,2,110.69,0.1,199.24,99.62,0
O105009,C02313,2024-12-26,Sports,South,1,135.94,0.3,95.16,78.85,0
O102229,C01031,2024-12-26,Home & Kitchen,East,2,79.52,0.2,127.23,87.47,0
O110384,C04825,2024-12-26,Beauty,West,2,38.77,0.1,69.79,31.02,0
O102275,C01053,2024-12-26,Fashion,East,1,70.57,0.15,59.98,31.76,0
O101059,C00487,2024-12-26,Fashion,East,2,110.69,0.1,199.24,99.62,0
O113449,C05775,2024-12-26,Sports,East,3,97.54,0.2,234.1,169.72,0
O112444,C05775,2024-12-26,Sports,East,3,97.54,0.2,234.1,169.72,0
O113158,C05231,2024-12-26,Home & Kitchen,North,2,110.17,0.3,154.24,121.19,0
O113640,C05950,2024-12-26,Fashion,North,2,116.88,0.3,163.63,105.19,0
O113577,C01053,2024-12-26,Fashion,East,1,70.57,0.15,59.98,31.76,0
O103076,C01431,2024-12-26,Fashion,South,1,101.21,0.3,70.85,45.54,0
O108395,C03903,2024-12-26,Books,East,2,12.69,0.3,17.77,12.69,0
O113552,C02313,2024-12-26,Sports,South,1,135.94,0.3,95.16,78.85,0
O109188,C04270,2024-12-26,Home & Kitchen,South,2,135.02,0.1,243.04,148.52,0
O113035,C00637,2024-12-26,Fashion,West,1,49.62,0.2,39.7,22.33,0
O113387,C05411,2024-12-26,Sports,East,1,167.76,0.15,142.6,97.3,0
O112816,C05950,2024-12-26,Fashion,North,2,116.88,0.3,163.63,105.19,0
O103416,C01581,2024-12-26,Beauty,East,1,35.79,0.15,30.42,14.32,0
O111611,C05411,2024-12-26,Sports,East,1,167.76,0.15,142.6,97.3,0
O107259,C03377,2024-12-26,Books,South,1,29.0,0.3,20.3,14.5,0
O103348,C01549,2024-12-26,Fashion,East,1,42.12,0.1,37.91,18.95,0
O108655,C04026,2024-12-26,Beauty,East,2,63.44,0.2,101.5,50.75,0
O101391,C00637,2024-12-26,Fashion,West,1,49.62,0.2,39.7,22.33,0
O113959,C01031,2024-12-26,Home & Kitchen,East,2,79.52,0.2,127.23,87.47,0
O113964,C00957,2024-12-26,Sports,West,1,173.05,0.3,121.14,100.37,0
O102066,C00957,2024-12-26,Sports,West,1,173.05,0.3,121.14,100.37,0
O111225,C05231,2024-12-26,Home & Kitchen,North,2,110.17,0.3,154.24,121.19,0
O114257,C05441,2024-12-27,Electronics,East,1,364.5,0.3,255.15,262.44,0
O109826,C04562,2024-12-27,Home & Kitchen,South,1,115.87,0.3,81.11,63.73,0
O111658,C05434,2024-12-27,Books,East,1,35.2,0.15,29.92,17.6,0
O113818,C00209,2024-12-27,Fashion,North,2,52.58,0.3,73.61,47.32,1
O109523,C04415,2024-12-27,Fashion,East,3,100.23,0.15,255.59,135.31,0
O113036,C01652,2024-12-27,Beauty,West,2,25.22,0.1,45.4,20.18,0
O111673,C05441,2024-12-27,Electronics,East,1,364.5,0.3,255.15,262.44,0
O113644,C01789,2024-12-27,Sports,North,3,235.75,0.3,495.07,410.2,0
O112504,C05803,2024-12-27,Fashion,North,1,74.49,0.2,59.59,33.52,0
O113290,C04014,2024-12-27,Electronics,East,2,507.73,0.3,710.82,731.13,0
O103885,C01789,2024-12-27,Sports,North,3,235.75,0.3,495.07,410.2,0
O100429,C00209,2024-12-27,Fashion,North,2,52.58,0.3,73.61,47.32,1
O102019,C00935,2024-12-27,Books,South,1,35.14,0.3,24.6,17.57,0
O113197,C02282,2024-12-27,Electronics,South,2,558.93,0.1,1006.07,804.86,0
O103586,C01652,2024-12-27,Beauty,West,2,25.22,0.1,45.4,20.18,0
O105717,C02645,2024-12-27,Fashion,East,1,65.49,0.2,52.39,29.47,0
O110707,C04984,2024-12-27,Beauty,West,1,42.08,0.2,33.66,16.83,0
O100494,C00239,2024-12-27,Beauty,South,2,15.5,0.2,24.8,12.4,0
O104943,C02282,2024-12-27,Electronics,South,2,558.93,0.1,1006.07,804.86,0
O104996,C02307,2024-12-27,Sports,West,2,122.3,0.3,171.22,141.87,0
O113234,C02307,2024-12-27,Sports,West,2,122.3,0.3,171.22,141.87,0
O104196,C01941,2024-12-27,Beauty,West,1,69.43,0.2,55.54,27.77,0
O108625,C04014,2024-12-27,Electronics,East,2,507.73,0.3,710.82,731.13,0
O113833,C00239,2024-12-27,Beauty,South,2,15.5,0.2,24.8,12.4,0
O114261,C02645,2024-12-27,Fashion,East,1,65.49,0.2,52.39,29.47,0
O108080,C03762,2024-12-27,Fashion,East,1,50.89,0.15,43.26,22.9,0
O111760,C05475,2024-12-27,Sports,South,1,192.37,0.15,163.51,111.57,0
O114069,C04562,2024-12-27,Home & Kitchen,South,1,115.87,0.3,81.11,63.73,0
O113680,C05434,2024-12-27,Books,East,1,35.2,0.15,29.92,17.6,0
O104350,C02011,2024-12-27,Electronics,North,2,522.31,0.2,835.7,752.13,0
O106339,C02934,2024-12-28,Electronics,North,1,206.81,0.3,144.77,148.9,1
O104819,C02224,2024-12-28,Sports,North,1,230.1,0.3,161.07,133.46,0
O113126,C02934,2024-12-28,Electronics,North,1,206.81,0.3,144.77,148.9,1
O107372,C03431,2024-12-28,Electronics,South,1,302.27,0.3,211.59,217.63,0
O108142,C03787,2024-12-28,Books,South,2,15.2,0.15,25.84,15.2,0
O103096,C01442,2024-12-28,Home & Kitchen,South,3,124.57,0.15,317.65,205.54,0
O107837,C03660,2024-12-28,Beauty,South,1,24.33,0.1,21.9,9.73,0
O113978,C01442,2024-12-28,Home & Kitchen,South,3,124.57,0.15,317.65,205.54,0
O106826,C03164,2024-12-28,Beauty,East,1,48.94,0.2,39.15,19.58,0
O102899,C01353,2024-12-28,Home & Kitchen,East,1,94.58,0.1,85.12,52.02,0
O106377,C02954,2024-12-28,Sports,North,1,191.39,0.3,133.97,111.01,0
O103962,C01823,2024-12-28,Books,East,1,8.35,0.2,6.68,4.18,0
O113745,C02954,2024-12-28,Sports,North,1,191.39,0.3,133.97,111.01,0
O113766,C03164,2024-12-28,Beauty,East,1,48.94,0.2,39.15,19.58,0
O114088,C02537,2024-12-28,Electronics,South,1,178.96,0.1,161.06,128.85,0
O104876,C02251,2024-12-28,Sports,South,1,232.64,0.3,162.85,134.93,0
O114003,C03660,2024-12-28,Beauty,South,1,24.33,0.1,21.9,9.73,0
O100139,C00072,2024-12-28,Home & Kitchen,West,1,137.15,0.3,96.0,75.43,0
O109475,C04396,2024-12-28,Electronics,West,1,368.33,0.2,294.66,265.2,0
O112216,C05675,2024-12-28,Books,North,1,27.69,0.3,19.38,13.84,1
O109910,C04606,2024-12-28,Home & Kitchen,West,1,124.82,0.3,87.37,68.65,0
O101876,C00876,2024-12-28,Home & Kitchen,South,2,55.51,0.15,94.37,61.06,0
O110934,C05088,2024-12-28,Fashion,North,1,88.59,0.15,75.3,39.87,0
O105505,C02537,2024-12-28,Electronics,South,1,178.96,0.1,161.06,128.85,0
O101949,C00905,2024-12-28,Home & Kitchen,South,1,34.17,0.2,27.34,18.79,1
O113360,C00115,2024-12-28,Beauty,South,2,19.51,0.3,27.31,15.61,0
O113217,C05088,2024-12-28,Fashion,North,1,88.59,0.15,75.3,39.87,0
O113413,C03787,2024-12-28,Books,South,2,15.2,0.15,25.84,15.2,0
O100237,C00115,2024-12-28,Beauty,South,2,19.51,0.3,27.31,15.61,0
O113284,C00791,2024-12-29,Books,North,1,14.49,0.3,10.14,7.24,0
O114050,C03123,2024-12-29,Fashion,East,1,47.41,0.1,42.67,21.33,0
O111226,C05232,2024-12-29,Fashion,North,1,86.62,0.15,73.63,38.98,0
O112509,C05805,2024-12-29,Electronics,East,3,486.43,0.1,1313.36,1050.69,0
O102199,C01018,2024-12-29,Books,South,2,21.54,0.15,36.62,21.54,1
O113748,C03016,2024-12-29,Sports,North,2,120.37,0.1,216.67,139.63,0
O102272,C01051,2024-12-29,Sports,West,2,89.63,0.1,161.33,103.97,0
O106505,C03016,2024-12-29,Sports,North,2,120.37,0.1,216.67,139.63,0
O113198,C05805,2024-12-29,Electronics,East,3,486.43,0.1,1313.36,1050.69,0
O100035,C00017,2024-12-29,Home & Kitchen,West,2,159.36,0.2,254.98,175.3,1
O102503,C01165,2024-12-29,Home & Kitchen,East,1,123.5,0.15,104.97,67.93,0
O113825,C01771,2024-12-29,Beauty,East,1,52.82,0.15,44.9,21.13,0
O113055,C05232,2024-12-29,Fashion,North,1,86.62,0.15,73.63,38.98,0
O107161,C03328,2024-12-29,Beauty,East,2,24.96,0.2,39.94,19.97,0
O103844,C01771,2024-12-29,Beauty,East,1,52.82,0.15,44.9,21.13,0
O106741,C03123,2024-12-29,Fashion,East,1,47.41,0.1,42.67,21.33,0
O112950,C00017,2024-12-29,Home & Kitchen,West,2,159.36,0.2,254.98,175.3,1
O102079,C00964,2024-12-29,Books,North,1,19.33,0.15,16.43,9.66,0
O114011,C00964,2024-12-29,Books,North,1,19.33,0.15,16.43,9.66,0
O101704,C00791,2024-12-29,Books,North,1,14.49,0.3,10.14,7.24,0
O112868,C05973,2024-12-29,Fashion,West,1,133.6,0.3,93.52,60.12,0
O113233,C01018,2024-12-29,Books,South,2,21.54,0.15,36.62,21.54,1
O108471,C03940,2024-12-30,Sports,North,3,75.92,0.2,182.21,132.1,0
O112954,C05080,2024-12-30,Fashion,West,2,69.09,0.3,96.73,62.18,0
O113453,C05638,2024-12-30,Sports,South,1,208.73,0.15,177.42,121.06,0
O105796,C02680,2024-12-30,Home & Kitchen,South,1,80.07,0.2,64.06,44.04,0
O102027,C00940,2024-12-30,Fashion,North,3,120.23,0.15,306.59,162.31,0
O113367,C03374,2024-12-30,Home & Kitchen,East,1,85.09,0.3,59.56,46.8,0
O114240,C05352,2024-12-30,Home & Kitchen,West,3,122.97,0.2,295.13,202.9,0
O100903,C00420,2024-12-30,Books,West,2,32.93,0.3,46.1,32.93,0
O113944,C05385,2024-12-30,Home & Kitchen,North,1,77.85,0.3,54.49,42.82,0
O104619,C02133,2024-12-30,Electronics,North,1,201.18,0.3,140.83,144.85,0
O113535,C02265,2024-12-30,Electronics,South,1,508.67,0.3,356.07,366.24,0
O107825,C03654,2024-12-30,Sports,East,2,214.44,0.15,364.55,248.75,0
O102670,C01241,2024-12-30,Home & Kitchen,East,2,139.15,0.2,222.64,153.07,0
O112143,C05638,2024-12-30,Sports,South,1,208.73,0.15,177.42,121.06,0
O113885,C04363,2024-12-30,Electronics,West,2,511.39,0.2,818.22,736.4,0
O107253,C03374,2024-12-30,Home & Kitchen,East,1,85.09,0.3,59.56,46.8,0
O105585,C02578,2024-12-30,Fashion,East,1,84.22,0.15,71.59,37.9,0
O113890,C05861,2024-12-30,Sports,North,3,172.43,0.15,439.7,300.03,0
O104467,C02066,2024-12-30,Home & Kitchen,East,2,104.4,0.1,187.92,114.84,0
O100321,C00159,2024-12-30,Electronics,West,1,567.15,0.3,397.0,408.35,0
O110915,C05080,2024-12-30,Fashion,West,2,69.09,0.3,96.73,62.18,0
O111473,C05352,2024-12-30,Home & Kitchen,West,3,122.97,0.2,295.13,202.9,0
O110202,C04739,2024-12-30,Fashion,North,1,53.25,0.2,42.6,23.96,0
O113649,C03940,2024-12-30,Sports,North,3,75.92,0.2,182.21,132.1,0
O113031,C03654,2024-12-30,Sports,East,2,214.44,0.15,364.55,248.75,0
O113011,C02133,2024-12-30,Electronics,North,1,201.18,0.3,140.83,144.85,0
O106822,C03163,2024-12-30,Sports,South,1,243.81,0.1,219.43,141.41,1
O108262,C03842,2024-12-30,Electronics,West,1,495.2,0.3,346.64,356.54,0
O100368,C00183,2024-12-30,Fashion,South,1,50.24,0.2,40.19,22.61,0
O106827,C03164,2024-12-30,Fashion,East,1,20.23,0.2,16.18,9.1,0
O111467,C05347,2024-12-30,Beauty,East,3,25.23,0.1,68.12,30.28,0
O100627,C00301,2024-12-30,Beauty,West,2,20.71,0.2,33.14,16.57,0
O104902,C02265,2024-12-30,Electronics,South,1,508.67,0.3,356.07,366.24,0
O111554,C05385,2024-12-30,Home & Kitchen,North,1,77.85,0.3,54.49,42.82,0
O109406,C04363,2024-12-30,Electronics,West,2,511.39,0.2,818.22,736.4,0
O112632,C05861,2024-12-30,Sports,North,3,172.43,0.15,439.7,300.03,0
O107131,C03311,2024-12-30,Books,North,1,14.28,0.2,11.42,7.14,0
O113513,C02597,2024-12-30,Sports,West,1,144.75,0.1,130.28,83.96,0
O114198,C02680,2024-12-30,Home & Kitchen,South,1,80.07,0.2,64.06,44.04,0
O113418,C03842,2024-12-30,Electronics,West,1,495.2,0.3,346.64,356.54,0
O113516,C00159,2024-12-30,Electronics,West,1,567.15,0.3,397.0,408.35,0
O114286,C03163,2024-12-30,Sports,South,1,243.81,0.1,219.43,141.41,1
O105627,C02597,2024-12-30,Sports,West,1,144.75,0.1,130.28,83.96,0
O113025,C00420,2024-12-30,Books,West,2,32.93,0.3,46.1,32.93,0
O113676,C04739,2024-12-30,Fashion,North,1,53.25,0.2,42.6,23.96,0
O114156,C01241,2024-12-30,Home & Kitchen,East,2,139.15,0.2,222.64,153.07,0
O105043,C02328,2024-12-31,Electronics,West,2,411.05,0.15,698.78,591.91,0
O100816,C00380,2024-12-31,Fashion,West,1,51.26,0.3,35.88,23.07,0
O106627,C03072,2024-12-31,Sports,North,2,34.47,0.1,62.05,39.99,0
O100980,C00453,2024-12-31,Books,North,1,13.96,0.3,9.77,6.98,0
O103349,C01549,2024-12-31,Fashion,East,3,33.34,0.15,85.02,45.01,1
O113819,C01737,2024-12-31,Home & Kitchen,East,1,118.94,0.15,101.1,65.42,0
O113057,C05082,2024-12-31,Home & Kitchen,East,1,173.05,0.3,121.14,95.18,0
O108112,C03776,2024-12-31,Fashion,South,1,22.1,0.3,15.47,9.94,0
O107848,C03665,2024-12-31,Beauty,North,3,32.47,0.2,77.93,38.96,0
O113443,C05321,2024-12-31,Electronics,North,2,471.69,0.1,849.04,679.23,0
O112971,C03776,2024-12-31,Fashion,South,1,22.1,0.3,15.47,9.94,0
O113091,C04614,2024-12-31,Books,South,1,11.09,0.1,9.98,5.54,0
O113412,C04340,2024-12-31,Home & Kitchen,West,3,179.99,0.2,431.98,296.98,0
O113434,C03901,2024-12-31,Sports,South,3,62.29,0.1,168.18,108.38,0
O106730,C03116,2024-12-31,Fashion,East,1,70.75,0.2,56.6,31.84,1
O113311,C03072,2024-12-31,Sports,North,2,34.47,0.1,62.05,39.99,0
O111414,C05321,2024-12-31,Electronics,North,2,471.69,0.1,849.04,679.23,0
O110920,C05082,2024-12-31,Home & Kitchen,East,1,173.05,0.3,121.14,95.18,0
O113557,C03665,2024-12-31,Beauty,North,3,32.47,0.2,77.93,38.96,0
O100187,C00094,2024-12-31,Home & Kitchen,West,1,42.31,0.3,29.62,23.27,0
O102644,C01227,2024-12-31,Fashion,East,2,42.64,0.1,76.75,38.38,0
O113498,C03603,2024-12-31,Sports,North,1,42.53,0.2,34.02,24.67,0
O114081,C03116,2024-12-31,Fashion,East,1,70.75,0.2,56.6,31.84,1
O101454,C00667,2024-12-31,Beauty,North,3,55.99,0.2,134.38,67.19,0
O109075,C04222,2024-12-31,Fashion,North,2,70.42,0.3,98.59,63.38,0
O113881,C00453,2024-12-31,Books,North,1,13.96,0.3,9.77,6.98,0
O110387,C04826,2024-12-31,Books,North,3,22.08,0.1,59.62,33.12,0
O105915,C02738,2024-12-31,Electronics,East,1,547.99,0.2,438.39,394.55,0
O103774,C01737,2024-12-31,Home & Kitchen,East,1,118.94,0.15,101.1,65.42,0
O106002,C02777,2024-12-31,Sports,East,2,150.12,0.3,210.17,174.14,0
O109344,C04340,2024-12-31,Home & Kitchen,West,3,179.99,0.2,431.98,296.98,0
O113218,C04222,2024-12-31,Fashion,North,2,70.42,0.3,98.59,63.38,0
O107721,C03603,2024-12-31,Sports,North,1,42.53,0.2,34.02,24.67,0
O105901,C02732,2024-12-31,Electronics,West,2,431.67,0.15,733.84,621.6,0
O109927,C04614,2024-12-31,Books,South,1,11.09,0.1,9.98,5.54,0
O108392,C03901,2024-12-31,Sports,South,3,62.29,0.1,168.18,108.38,0
O106374,C02952,2025-01-01,Home & Kitchen,South,1,66.98,0.0,66.98,36.84,0
O112727,C05910,2025-01-01,Beauty,North,2,53.07,0.0,106.14,42.46,1
O109285,C04311,2025-01-01,Home & Kitchen,South,3,173.47,0.0,520.41,286.23,0
O111704,C05455,2025-01-01,Electronics,North,1,427.03,0.05,405.68,307.46,0
O105277,C02432,2025-01-01,Beauty,South,3,65.56,0.15,167.18,78.67,0
O105556,C02564,2025-01-01,Books,North,1,34.41,0.0,34.41,17.2,0
O105710,C02642,2025-01-01,Beauty,East,1,30.74,0.0,30.74,12.3,0
O102496,C01162,2025-01-01,Fashion,South,1,122.96,0.0,122.96,55.33,0
O110722,C04992,2025-01-01,Fashion,West,1,31.23,0.0,31.23,14.05,0
O103821,C01762,2025-01-01,Electronics,East,1,469.78,0.05,446.29,338.24,0
O107617,C03552,2025-01-01,Home & Kitchen,North,2,70.61,0.1,127.1,77.67,0
O100363,C00180,2025-01-01,Electronics,East,3,416.04,0.0,1248.12,898.65,0
O103311,C01531,2025-01-01,Sports,East,3,204.12,0.0,612.36,355.17,0
O108125,C03782,2025-01-01,Fashion,South,2,99.07,0.0,198.14,89.16,0
O106924,C03213,2025-01-01,Books,South,1,22.01,0.1,19.81,11.0,0
O109148,C04252,2025-01-01,Beauty,East,1,27.51,0.0,27.51,11.0,0
O105868,C02715,2025-01-01,Sports,North,1,135.94,0.15,115.55,78.85,0
O112520,C05809,2025-01-01,Books,West,1,31.87,0.15,27.09,15.94,0
O101787,C00834,2025-01-01,Books,South,1,28.96,0.05,27.51,14.48,0
O104519,C02089,2025-01-01,Fashion,West,2,88.11,0.2,140.98,79.3,0
O110658,C04962,2025-01-01,Fashion,North,1,71.54,0.2,57.23,32.19,0
O111691,C05449,2025-01-01,Beauty,North,1,64.08,0.05,60.88,25.63,0
O103061,C01425,2025-01-01,Books,East,1,38.22,0.3,26.75,19.11,0
O105453,C02510,2025-01-01,Beauty,East,1,64.1,0.05,60.89,25.64,0
O112838,C05961,2025-01-01,Fashion,North,2,80.63,0.0,161.26,72.57,0
O104362,C02016,2025-01-01,Home & Kitchen,South,2,32.69,0.0,65.38,35.96,0
O101929,C00898,2025-01-01,Beauty,South,1,19.23,0.0,19.23,7.69,0
O106495,C03012,2025-01-01,Beauty,East,1,27.78,0.15,23.61,11.11,0
O108502,C03957,2025-01-01,Home & Kitchen,South,1,178.45,0.2,142.76,98.15,0
O110669,C04966,2025-01-01,Sports,West,1,91.67,0.2,73.34,53.17,0
O103861,C01777,2025-01-01,Electronics,South,1,189.72,0.1,170.75,136.6,0
O110487,C04877,2025-01-01,Home & Kitchen,East,3,178.08,0.0,534.24,293.83,0
O103442,C01592,2025-01-02,Electronics,South,2,256.28,0.0,512.56,369.04,0
O110020,C04656,2025-01-02,Fashion,East,3,116.96,0.0,350.88,157.9,0
O111382,C05305,2025-01-02,Home & Kitchen,East,1,82.52,0.0,82.52,45.39,0
O100653,C00310,2025-01-02,Fashion,North,1,39.93,0.1,35.94,17.97,0
O111674,C05442,2025-01-02,Home & Kitchen,South,2,83.61,0.05,158.86,91.97,0
O100002,C00001,2025-01-02,Fashion,West,2,72.99,0.0,145.98,65.69,0
O103918,C01804,2025-01-02,Sports,South,1,138.09,0.15,117.38,80.09,0
O108670,C04032,2025-01-02,Sports,North,3,50.82,0.0,152.46,88.43,0
O109510,C04411,2025-01-02,Fashion,East,3,45.23,0.0,135.69,61.06,0
O109154,C04255,2025-01-02,Home & Kitchen,East,2,150.49,0.0,300.98,165.54,0
O100297,C00144,2025-01-02,Beauty,North,1,13.93,0.1,12.54,5.57,0
O107950,C03706,2025-01-02,Home & Kitchen,South,1,128.86,0.15,109.53,70.87,0
O102316,C01074,2025-01-02,Home & Kitchen,North,2,129.82,0.15,220.69,142.8,0
O102958,C01379,2025-01-02,Electronics,West,1,528.85,0.15,449.52,380.77,0
O103644,C01680,2025-01-02,Home & Kitchen,West,1,139.92,0.05,132.92,76.96,0
O102497,C01162,2025-01-02,Books,South,2,32.3,0.0,64.6,32.3,0
O109472,C04395,2025-01-02,Fashion,West,2,118.32,0.0,236.64,106.49,0
O112121,C05633,2025-01-02,Sports,North,1,107.89,0.0,107.89,62.58,0
O108331,C03872,2025-01-02,Home & Kitchen,East,2,142.55,0.0,285.1,156.81,0
O112171,C05654,2025-01-02,Electronics,North,2,477.83,0.1,860.09,688.08,0
O108869,C04126,2025-01-02,Fashion,West,1,45.28,0.0,45.28,20.38,0
O111190,C05213,2025-01-02,Home & Kitchen,East,1,70.87,0.05,67.33,38.98,0
O110878,C05065,2025-01-02,Beauty,West,2,39.77,0.0,79.54,31.82,0
O111013,C05128,2025-01-02,Fashion,East,1,41.55,0.05,39.47,18.7,1
O105408,C02490,2025-01-02,Home & Kitchen,East,1,93.33,0.05,88.66,51.33,0
O111059,C05147,2025-01-03,Fashion,North,2,83.88,0.0,167.76,75.49,0
O112488,C05796,2025-01-03,Fashion,East,3,111.56,0.0,334.68,150.61,0
O102094,C00971,2025-01-03,Sports,West,3,195.81,0.0,587.43,340.71,0
O110050,C04668,2025-01-03,Electronics,South,2,350.05,0.1,630.09,504.07,1
O109797,C04549,2025-01-03,Fashion,North,3,83.59,0.15,213.15,112.85,0
O104391,C02029,2025-01-03,Fashion,East,2,130.06,0.0,260.12,117.05,0
O109636,C04465,2025-01-03,Fashion,West,2,23.96,0.0,47.92,21.56,0
O102592,C01207,2025-01-03,Home & Kitchen,North,2,176.73,0.15,300.44,194.4,0
O102921,C01361,2025-01-03,Electronics,North,1,500.96,0.2,400.77,360.69,0
O109290,C04313,2025-01-03,Sports,South,1,219.53,0.0,219.53,127.33,0
O104145,C01916,2025-01-03,Fashion,West,3,38.78,0.0,116.34,52.35,0
O101545,C00717,2025-01-03,Home & Kitchen,East,2,74.33,0.05,141.23,81.76,0
O103898,C01795,2025-01-03,Electronics,South,2,233.85,0.0,467.7,336.74,0
O103206,C01490,2025-01-03,Sports,East,3,224.71,0.1,606.72,391.0,0
O104849,C02238,2025-01-03,Beauty,North,1,56.35,0.15,47.9,22.54,0
O100446,C00217,2025-01-03,Beauty,South,2,69.32,0.0,138.64,55.46,1
O110575,C04918,2025-01-03,Home & Kitchen,North,1,172.41,0.0,172.41,94.83,0
O107088,C03291,2025-01-04,Beauty,East,1,67.67,0.0,67.67,27.07,0
O105014,C02315,2025-01-04,Fashion,South,1,60.14,0.0,60.14,27.06,0
O105105,C02356,2025-01-04,Fashion,West,1,69.22,0.0,69.22,31.15,0
O101197,C00556,2025-01-04,Fashion,East,1,44.68,0.05,42.45,20.11,0
O111426,C05326,2025-01-04,Sports,North,3,249.23,0.0,747.69,433.66,0
O111884,C05533,2025-01-04,Fashion,North,2,46.79,0.0,93.58,42.11,0
O108891,C04134,2025-01-04,Fashion,South,2,114.12,0.15,194.0,102.71,0
O100950,C00440,2025-01-04,Fashion,East,1,105.87,0.0,105.87,47.64,0
O103907,C01800,2025-01-04,Beauty,East,2,36.24,0.05,68.86,28.99,0
O106387,C02959,2025-01-04,Books,East,1,25.12,0.15,21.35,12.56,0
O100415,C00201,2025-01-04,Sports,East,1,146.24,0.0,146.24,84.82,1
O101504,C00696,2025-01-04,Beauty,South,2,56.44,0.0,112.88,45.15,0
O101149,C00532,2025-01-04,Fashion,North,2,77.15,0.0,154.3,69.44,0
O101321,C00607,2025-01-04,Home & Kitchen,North,2,76.77,0.0,153.54,84.45,0
O102377,C01102,2025-01-04,Fashion,East,2,104.17,0.2,166.67,93.75,1
O106082,C02813,2025-01-04,Beauty,East,2,52.53,0.0,105.06,42.02,0
O108838,C04109,2025-01-04,Fashion,South,1,63.66,0.05,60.48,28.65,0
O110925,C05085,2025-01-04,Books,North,1,10.18,0.2,8.14,5.09,0
O111311,C05274,2025-01-04,Books,East,2,37.12,0.3,51.97,37.12,0
O110630,C04948,2025-01-04,Beauty,South,1,28.4,0.0,28.4,11.36,0
O106751,C03129,2025-01-04,Electronics,East,2,122.69,0.0,245.38,176.67,1
O110014,C04653,2025-01-04,Fashion,East,2,108.81,0.0,217.62,97.93,1
O108589,C03995,2025-01-04,Beauty,East,1,39.26,0.0,39.26,15.7,0
O103567,C01645,2025-01-04,Sports,North,1,157.85,0.0,157.85,91.55,0
O106078,C02811,2025-01-04,Books,East,1,37.78,0.05,35.89,18.89,0
O107226,C03360,2025-01-04,Sports,South,1,77.61,0.15,65.97,45.01,0
O104181,C01932,2025-01-04,Beauty,East,2,42.69,0.0,85.38,34.15,0
O112219,C05677,2025-01-04,Books,East,1,30.78,0.3,21.55,15.39,0
O101741,C00808,2025-01-05,Fashion,East,1,84.08,0.15,71.47,37.84,0
O108612,C04007,2025-01-05,Beauty,West,2,66.35,0.0,132.7,53.08,0
O107722,C03603,2025-01-05,Sports,North,1,101.97,0.15,86.67,59.14,0
O107121,C03305,2025-01-05,Books,East,3,38.43,0.1,103.76,57.64,0
O102157,C01000,2025-01-05,Books,North,1,15.38,0.0,15.38,7.69,0
O100104,C00052,2025-01-05,Beauty,North,1,65.55,0.0,65.55,26.22,0
O105490,C02527,2025-01-05,Books,South,1,10.82,0.05,10.28,5.41,0
O103833,C01767,2025-01-05,Fashion,East,1,125.58,0.05,119.3,56.51,0
O108899,C04140,2025-01-05,Electronics,North,1,462.13,0.0,462.13,332.73,0
O106983,C03244,2025-01-05,Home & Kitchen,East,1,127.88,0.0,127.88,70.33,0
O108334,C03874,2025-01-05,Sports,South,2,55.73,0.2,89.17,64.65,0
O112807,C05945,2025-01-05,Electronics,East,2,443.71,0.0,887.42,638.94,0
O102684,C01249,2025-01-05,Beauty,North,1,40.14,0.0,40.14,16.06,0
O102451,C01138,2025-01-05,Home & Kitchen,West,1,44.74,0.3,31.32,24.61,0
O108184,C03809,2025-01-05,Fashion,South,1,96.55,0.2,77.24,43.45,0
O108295,C03857,2025-01-05,Electronics,North,1,388.24,0.0,388.24,279.53,0
O105159,C02382,2025-01-05,Home & Kitchen,East,3,45.59,0.0,136.77,75.22,0
O110743,C05001,2025-01-05,Fashion,East,2,38.87,0.3,54.42,34.98,0
O108961,C04169,2025-01-06,Home & Kitchen,East,2,52.2,0.1,93.96,57.42,0
O111840,C05515,2025-01-06,Fashion,South,1,80.33,0.15,68.28,36.15,0
O110744,C05001,2025-01-06,Home & Kitchen,East,1,81.77,0.0,81.77,44.97,0
O108968,C04173,2025-01-06,Electronics,East,3,183.0,0.3,384.3,395.28,0
O108493,C03952,2025-01-06,Electronics,West,1,474.24,0.2,379.39,341.45,1
O111845,C05517,2025-01-06,Electronics,West,1,491.18,0.0,491.18,353.65,0
O103572,C01646,2025-01-06,Home & Kitchen,West,1,71.9,0.1,64.71,39.55,0
O107540,C03510,2025-01-06,Fashion,East,3,64.62,0.0,193.86,87.24,0
O106828,C03164,2025-01-06,Books,East,1,15.37,0.0,15.37,7.68,1
O107831,C03657,2025-01-06,Fashion,East,2,111.63,0.05,212.1,100.47,1
O101924,C00897,2025-01-06,Home & Kitchen,South,3,168.88,0.0,506.64,278.65,0
O103503,C01618,2025-01-06,Sports,East,2,248.25,0.0,496.5,287.97,0
O110361,C04813,2025-01-06,Books,East,2,28.48,0.0,56.96,28.48,0
O109521,C04413,2025-01-06,Fashion,North,1,86.87,0.3,60.81,39.09,0
O103792,C01744,2025-01-07,Books,South,1,29.46,0.05,27.99,14.73,0
O103062,C01425,2025-01-07,Electronics,East,2,491.58,0.2,786.53,707.88,0
O108465,C03937,2025-01-07,Books,West,1,28.32,0.0,28.32,14.16,0
O100251,C00121,2025-01-07,Home & Kitchen,North,2,29.33,0.0,58.66,32.26,0
O110203,C04740,2025-01-07,Beauty,South,1,63.5,0.05,60.32,25.4,0
O107511,C03496,2025-01-07,Books,North,1,16.13,0.0,16.13,8.06,0
O102479,C01152,2025-01-07,Books,East,1,38.78,0.05,36.84,19.39,0
O105442,C02504,2025-01-07,Sports,East,2,93.6,0.0,187.2,108.58,0
O102283,C01057,2025-01-07,Electronics,South,1,354.18,0.15,301.05,255.01,0
O107767,C03624,2025-01-07,Sports,South,3,179.59,0.0,538.77,312.49,0
O111615,C05413,2025-01-07,Fashion,East,2,75.12,0.0,150.24,67.61,0
O105508,C02539,2025-01-07,Home & Kitchen,South,3,85.51,0.2,205.22,141.09,0
O102945,C01373,2025-01-07,Beauty,East,3,64.41,0.15,164.25,77.29,0
O105648,C02609,2025-01-07,Books,South,3,33.25,0.0,99.75,49.88,0
O107345,C03420,2025-01-07,Home & Kitchen,East,2,166.58,0.2,266.53,183.24,0
O104742,C02193,2025-01-07,Home & Kitchen,North,1,59.61,0.0,59.61,32.79,0
O102317,C01074,2025-01-07,Electronics,North,2,332.67,0.0,665.34,479.04,0
O112709,C05902,2025-01-08,Fashion,West,1,75.27,0.3,52.69,33.87,0
O102149,C00995,2025-01-08,Beauty,North,1,44.34,0.0,44.34,17.74,0
O111230,C05233,2025-01-08,Electronics,West,2,438.27,0.2,701.23,631.11,1
O105383,C02477,2025-01-08,Fashion,North,2,53.24,0.0,106.48,47.92,0
O107029,C03265,2025-01-08,Home & Kitchen,South,2,124.4,0.1,223.92,136.84,0
O111300,C05270,2025-01-08,Electronics,South,1,357.28,0.0,357.28,257.24,0
O111935,C05556,2025-01-08,Electronics,North,1,303.23,0.0,303.23,218.33,0
O112404,C05758,2025-01-08,Fashion,North,1,29.89,0.0,29.89,13.45,0
O106742,C03123,2025-01-08,Sports,East,2,117.31,0.0,234.62,136.08,0
O107265,C03380,2025-01-08,Books,South,2,12.24,0.05,23.26,12.24,0
O108731,C04058,2025-01-08,Home & Kitchen,North,3,114.27,0.15,291.39,188.55,0
O109264,C04301,2025-01-08,Beauty,South,2,58.19,0.3,81.47,46.55,0
O111713,C05459,2025-01-08,Home & Kitchen,East,1,51.54,0.0,51.54,28.35,0
O105586,C02578,2025-01-08,Home & Kitchen,East,2,107.06,0.15,182.0,117.77,0
O109417,C04370,2025-01-08,Fashion,West,2,70.59,0.1,127.06,63.53,0
O109791,C04545,2025-01-09,Sports,East,1,67.3,0.0,67.3,39.03,0
O101615,C00747,2025-01-09,Beauty,North,1,64.22,0.0,64.22,25.69,0
O106662,C03090,2025-01-09,Electronics,East,3,183.83,0.0,551.49,397.07,1
O110937,C05090,2025-01-09,Home & Kitchen,North,3,158.16,0.0,474.48,260.96,0
O100784,C00366,2025-01-09,Books,South,2,34.52,0.3,48.33,34.52,0
O106266,C02901,2025-01-09,Home & Kitchen,West,3,88.03,0.15,224.48,145.25,0
O110631,C04948,2025-01-09,Fashion,South,1,64.11,0.05,60.9,28.85,0
O101184,C00549,2025-01-09,Sports,North,1,122.31,0.0,122.31,70.94,0
O110928,C05086,2025-01-09,Electronics,West,2,157.46,0.3,220.44,226.74,0
O108396,C03903,2025-01-09,Fashion,East,1,44.58,0.05,42.35,20.06,0
O101432,C00656,2025-01-09,Fashion,North,1,123.71,0.1,111.34,55.67,0
O110757,C05007,2025-01-09,Books,East,1,32.79,0.0,32.79,16.4,0
O101322,C00608,2025-01-09,Books,North,3,26.05,0.0,78.15,39.08,0
O109648,C04471,2025-01-09,Sports,North,3,209.61,0.0,628.83,364.72,0
O111191,C05213,2025-01-09,Home & Kitchen,East,1,95.19,0.3,66.63,52.35,0
O103420,C01583,2025-01-09,Electronics,West,1,473.77,0.0,473.77,341.11,0
O107704,C03596,2025-01-09,Electronics,South,2,415.04,0.2,664.06,597.66,0
O102397,C01112,2025-01-10,Electronics,West,1,447.71,0.05,425.32,322.35,0
O102780,C01296,2025-01-10,Home & Kitchen,South,3,44.38,0.0,133.14,73.23,0
O106371,C02950,2025-01-10,Electronics,East,1,578.69,0.0,578.69,416.66,0
O112544,C05825,2025-01-10,Electronics,West,2,192.23,0.1,346.01,276.81,0
O105907,C02735,2025-01-10,Sports,North,2,109.5,0.0,219.0,127.02,0
O100788,C00367,2025-01-10,Home & Kitchen,East,3,48.99,0.0,146.97,80.83,1
O107468,C03478,2025-01-10,Home & Kitchen,South,1,87.0,0.05,82.65,47.85,0
O110577,C04920,2025-01-10,Books,South,3,20.37,0.2,48.89,30.56,0
O112445,C05775,2025-01-10,Beauty,East,1,11.58,0.0,11.58,4.63,0
O111211,C05225,2025-01-10,Books,North,1,13.1,0.15,11.13,6.55,0
O104118,C01902,2025-01-10,Books,South,1,28.91,0.1,26.02,14.46,0
O112545,C05826,2025-01-10,Sports,West,3,232.53,0.1,627.83,404.6,0
O107512,C03496,2025-01-10,Home & Kitchen,North,1,147.95,0.2,118.36,81.37,0
O109265,C04301,2025-01-10,Electronics,South,1,390.71,0.05,371.17,281.31,0
O105146,C02374,2025-01-10,Fashion,East,2,115.34,0.0,230.68,103.81,0
O112181,C05659,2025-01-10,Beauty,East,1,56.51,0.0,56.51,22.6,0
O101930,C00898,2025-01-10,Books,South,1,24.94,0.1,22.45,12.47,0
O108745,C04064,2025-01-10,Sports,North,2,69.14,0.15,117.54,80.2,0
O106649,C03085,2025-01-11,Sports,North,1,69.65,0.0,69.65,40.4,0
O101730,C00803,2025-01-11,Beauty,South,2,67.33,0.0,134.66,53.86,0
O104351,C02011,2025-01-11,Fashion,North,1,64.73,0.0,64.73,29.13,0
O108322,C03867,2025-01-11,Sports,East,2,157.34,0.0,314.68,182.51,0
O107504,C03493,2025-01-11,Electronics,West,1,317.64,0.05,301.76,228.7,0
O106507,C03017,2025-01-11,Fashion,North,1,84.59,0.05,80.36,38.07,0
O108637,C04019,2025-01-11,Fashion,North,3,23.23,0.15,59.24,31.36,0
O104426,C02048,2025-01-11,Books,West,1,36.34,0.0,36.34,18.17,0
O110407,C04836,2025-01-11,Beauty,South,1,14.38,0.1,12.94,5.75,0
O105928,C02743,2025-01-11,Beauty,East,2,69.85,0.3,97.79,55.88,0
O105404,C02489,2025-01-11,Books,South,1,37.87,0.0,37.87,18.93,0
O104898,C02264,2025-01-11,Books,West,2,18.95,0.3,26.53,18.95,0
O107180,C03337,2025-01-11,Electronics,South,3,344.43,0.1,929.96,743.97,0
O108114,C03777,2025-01-11,Home & Kitchen,South,2,168.57,0.0,337.14,185.43,0
O111592,C05404,2025-01-11,Books,West,2,37.44,0.0,74.88,37.44,0
O102994,C01392,2025-01-11,Sports,East,1,151.89,0.0,151.89,88.1,0
O107346,C03421,2025-01-11,Sports,South,1,221.59,0.0,221.59,128.52,0
O110040,C04665,2025-01-11,Sports,North,3,237.82,0.0,713.46,413.81,0
O105932,C02745,2025-01-11,Beauty,East,1,37.1,0.0,37.1,14.84,0
O103836,C01768,2025-01-11,Beauty,East,3,27.01,0.15,68.88,32.41,0
O105865,C02714,2025-01-11,Books,East,2,17.09,0.05,32.47,17.09,0
O102823,C01311,2025-01-11,Fashion,East,2,38.79,0.05,73.7,34.91,0
O108812,C04094,2025-01-11,Beauty,East,1,22.83,0.0,22.83,9.13,0
O106022,C02786,2025-01-11,Fashion,East,1,52.34,0.0,52.34,23.55,0
O103737,C01720,2025-01-11,Books,North,2,34.54,0.2,55.26,34.54,0
O111173,C05205,2025-01-11,Beauty,South,1,51.71,0.05,49.12,20.68,0
O100643,C00307,2025-01-12,Sports,North,1,31.5,0.0,31.5,18.27,0
O105465,C02518,2025-01-12,Home & Kitchen,North,1,178.24,0.0,178.24,98.03,0
O108597,C04000,2025-01-12,Books,East,1,36.36,0.0,36.36,18.18,0
O109744,C04523,2025-01-12,Home & Kitchen,South,1,68.44,0.0,68.44,37.64,0
O112559,C05831,2025-01-12,Home & Kitchen,North,2,142.0,0.0,284.0,156.2,0
O112336,C05727,2025-01-12,Fashion,West,1,106.58,0.0,106.58,47.96,0
O110762,C05010,2025-01-12,Beauty,East,1,49.62,0.0,49.62,19.85,0
O109299,C04316,2025-01-12,Books,North,1,13.55,0.0,13.55,6.78,0
O106091,C02816,2025-01-12,Fashion,East,1,96.45,0.0,96.45,43.4,0
O111871,C05528,2025-01-12,Fashion,East,2,68.72,0.1,123.7,61.85,0
O105394,C02483,2025-01-12,Home & Kitchen,South,2,42.2,0.0,84.4,46.42,0
O106488,C03006,2025-01-12,Electronics,South,3,438.5,0.1,1183.95,947.16,0
O109328,C04329,2025-01-12,Fashion,North,2,50.8,0.0,101.6,45.72,1
O105096,C02351,2025-01-12,Electronics,West,1,529.42,0.05,502.95,381.18,0
O112673,C05881,2025-01-12,Home & Kitchen,East,2,164.36,0.1,295.85,180.8,0
O111219,C05229,2025-01-12,Electronics,West,2,140.03,0.1,252.05,201.64,0
O109499,C04407,2025-01-12,Electronics,West,2,435.71,0.05,827.85,627.42,0
O104637,C02139,2025-01-12,Electronics,North,2,391.12,0.05,743.13,563.21,1
O109244,C04293,2025-01-13,Beauty,West,1,11.18,0.1,10.06,4.47,0
O100726,C00344,2025-01-13,Fashion,North,3,67.95,0.15,173.27,91.73,0
O109303,C04318,2025-01-13,Fashion,West,2,76.21,0.1,137.18,68.59,0
O109911,C04606,2025-01-13,Home & Kitchen,West,1,162.52,0.0,162.52,89.39,0
O108033,C03738,2025-01-13,Fashion,East,2,129.49,0.0,258.98,116.54,0
O110780,C05018,2025-01-13,Electronics,East,1,529.61,0.15,450.17,381.32,0
O110174,C04725,2025-01-13,Fashion,West,1,26.55,0.3,18.59,11.95,0
O104016,C01849,2025-01-13,Beauty,North,1,41.54,0.1,37.39,16.62,0
O110767,C05012,2025-01-13,Home & Kitchen,East,3,59.76,0.0,179.28,98.6,0
O102375,C01101,2025-01-13,Beauty,South,1,57.3,0.15,48.7,22.92,0
O103775,C01737,2025-01-13,Electronics,East,1,544.43,0.15,462.77,391.99,0
O102055,C00952,2025-01-13,Beauty,West,1,13.77,0.0,13.77,5.51,0
O100277,C00133,2025-01-13,Electronics,North,2,378.19,0.1,680.74,544.59,0
O101476,C00679,2025-01-13,Electronics,North,1,337.07,0.0,337.07,242.69,0
O110054,C04670,2025-01-13,Sports,East,1,183.31,0.0,183.31,106.32,0
O105174,C02391,2025-01-13,Electronics,East,2,439.38,0.0,878.76,632.71,1
O109728,C04512,2025-01-13,Fashion,East,2,29.27,0.3,40.98,26.34,0
O101705,C00791,2025-01-13,Home & Kitchen,North,2,80.74,0.0,161.48,88.81,0
O110673,C04968,2025-01-14,Beauty,West,2,37.06,0.0,74.12,29.65,0
O107188,C03341,2025-01-14,Beauty,West,2,28.34,0.1,51.01,22.67,0
O106370,C02949,2025-01-14,Books,South,2,10.81,0.0,21.62,10.81,0
O107194,C03343,2025-01-14,Fashion,West,1,70.18,0.05,66.67,31.58,0
O110145,C04710,2025-01-14,Fashion,East,2,114.14,0.0,228.28,102.73,0
O106215,C02876,2025-01-14,Fashion,South,2,130.99,0.3,183.39,117.89,0
O103679,C01694,2025-01-14,Sports,West,3,166.92,0.0,500.76,290.44,0
O108668,C04031,2025-01-14,Beauty,North,2,68.79,0.2,110.06,55.03,0
O101516,C00701,2025-01-14,Electronics,West,2,176.79,0.0,353.58,254.58,0
O101546,C00717,2025-01-14,Fashion,East,2,125.42,0.0,250.84,112.88,0
O102493,C01160,2025-01-14,Electronics,North,1,244.51,0.0,244.51,176.05,0
O105283,C02433,2025-01-14,Fashion,East,2,56.89,0.2,91.02,51.2,0
O103399,C01576,2025-01-14,Electronics,North,1,497.88,0.05,472.99,358.47,0
O111514,C05370,2025-01-14,Electronics,North,3,491.12,0.1,1326.02,1060.82,1
O109349,C04342,2025-01-14,Home & Kitchen,South,1,102.91,0.05,97.76,56.6,0
O108855,C04118,2025-01-14,Beauty,East,3,34.31,0.0,102.93,41.17,0
O111555,C05385,2025-01-14,Fashion,North,3,44.64,0.05,127.22,60.26,0
O103357,C01553,2025-01-14,Home & Kitchen,North,2,29.55,0.0,59.1,32.51,0
O105594,C02582,2025-01-14,Home & Kitchen,South,2,45.73,0.0,91.46,50.3,0
O101162,C00539,2025-01-14,Beauty,North,2,63.8,0.05,121.22,51.04,0
O111775,C05485,2025-01-14,Beauty,East,1,42.98,0.0,42.98,17.19,0
O103136,C01460,2025-01-14,Fashion,West,1,80.18,0.2,64.14,36.08,0
O106043,C02794,2025-01-14,Home & Kitchen,North,1,142.27,0.0,142.27,78.25,0
O112110,C05629,2025-01-14,Sports,South,1,185.27,0.0,185.27,107.46,0
O108099,C03773,2025-01-15,Fashion,South,2,94.69,0.15,160.97,85.22,0
O103231,C01501,2025-01-15,Electronics,North,1,364.92,0.0,364.92,262.74,0
O102606,C01213,2025-01-15,Fashion,South,2,115.84,0.05,220.1,104.26,0
O107289,C03392,2025-01-15,Books,East,1,19.12,0.0,19.12,9.56,0
O112066,C05614,2025-01-15,Fashion,North,2,39.01,0.1,70.22,35.11,0
O101101,C00507,2025-01-15,Home & Kitchen,South,2,131.15,0.2,209.84,144.27,0
O102152,C00997,2025-01-15,Beauty,North,3,34.04,0.2,81.7,40.85,0
O106716,C03111,2025-01-15,Beauty,North,1,44.39,0.0,44.39,17.76,0
O110087,C04685,2025-01-15,Sports,North,1,102.99,0.05,97.84,59.73,0
O102105,C00975,2025-01-15,Books,North,1,30.27,0.0,30.27,15.14,0
O100298,C00144,2025-01-15,Fashion,North,2,25.15,0.1,45.27,22.64,0
O110195,C04736,2025-01-15,Fashion,South,2,71.54,0.0,143.08,64.39,0
O104229,C01957,2025-01-15,Electronics,West,2,490.19,0.0,980.38,705.87,0
O110870,C05061,2025-01-15,Beauty,East,2,21.47,0.0,42.94,17.18,0
O108759,C04070,2025-01-15,Beauty,East,1,20.03,0.3,14.02,8.01,0
O101996,C00927,2025-01-15,Books,East,3,36.46,0.0,109.38,54.69,0
O105616,C02593,2025-01-15,Home & Kitchen,East,1,55.63,0.0,55.63,30.6,0
O101925,C00897,2025-01-15,Fashion,South,1,42.65,0.2,34.12,19.19,0
O101061,C00488,2025-01-15,Fashion,East,1,39.19,0.3,27.43,17.64,0
O103175,C01476,2025-01-15,Home & Kitchen,East,1,30.82,0.0,30.82,16.95,0
O104156,C01920,2025-01-15,Home & Kitchen,South,1,157.35,0.0,157.35,86.54,0
O104084,C01881,2025-01-15,Home & Kitchen,North,1,102.56,0.0,102.56,56.41,0
O111574,C05395,2025-01-15,Books,North,2,9.34,0.2,14.94,9.34,0
O100613,C00296,2025-01-15,Books,West,1,8.29,0.0,8.29,4.14,0
O107103,C03297,2025-01-15,Beauty,West,1,28.6,0.15,24.31,11.44,0
O107934,C03699,2025-01-15,Home & Kitchen,East,1,119.72,0.1,107.75,65.85,0
O104978,C02299,2025-01-15,Home & Kitchen,North,1,133.76,0.1,120.38,73.57,0
O111849,C05520,2025-01-15,Fashion,North,2,37.73,0.0,75.46,33.96,0
O106925,C03213,2025-01-16,Beauty,South,1,59.67,0.1,53.7,23.87,0
O109067,C04219,2025-01-16,Home & Kitchen,North,1,146.86,0.05,139.52,80.77,0
O110935,C05088,2025-01-16,Home & Kitchen,North,3,162.67,0.0,488.01,268.41,0
O111065,C05150,2025-01-16,Fashion,North,1,55.27,0.2,44.22,24.87,0
O100229,C00111,2025-01-16,Fashion,South,1,68.03,0.15,57.83,30.61,0
O104587,C02118,2025-01-16,Beauty,East,2,42.52,0.0,85.04,34.02,0
O111944,C05561,2025-01-16,Electronics,South,1,565.56,0.0,565.56,407.2,0
O104037,C01859,2025-01-16,Books,North,3,20.0,0.0,60.0,30.0,0
O102189,C01015,2025-01-16,Home & Kitchen,East,1,128.92,0.0,128.92,70.91,0
O101538,C00712,2025-01-16,Sports,East,1,232.86,0.2,186.29,135.06,0
O105134,C02369,2025-01-16,Electronics,West,1,514.43,0.0,514.43,370.39,0
O104922,C02273,2025-01-16,Sports,West,2,248.01,0.15,421.62,287.69,0
O106379,C02955,2025-01-16,Fashion,South,3,95.48,0.1,257.8,128.9,0
O110408,C04836,2025-01-16,Beauty,South,3,10.42,0.0,31.26,12.5,0
O108537,C03971,2025-01-16,Beauty,East,2,37.63,0.3,52.68,30.1,0
O106237,C02886,2025-01-16,Home & Kitchen,North,3,128.89,0.0,386.67,212.67,0
O102456,C01140,2025-01-16,Fashion,East,3,121.31,0.15,309.34,163.77,0
O107702,C03595,2025-01-16,Sports,West,2,210.8,0.3,295.12,244.53,0
O102533,C01178,2025-01-17,Sports,West,1,62.37,0.0,62.37,36.17,0
O109193,C04272,2025-01-17,Home & Kitchen,West,2,107.97,0.3,151.16,118.77,0
O110175,C04725,2025-01-17,Fashion,West,1,108.5,0.0,108.5,48.82,0
O100568,C00275,2025-01-17,Sports,East,2,247.13,0.05,469.55,286.67,0
O100475,C00229,2025-01-17,Fashion,East,1,37.5,0.3,26.25,16.88,0
O110376,C04819,2025-01-17,Books,West,2,9.69,0.3,13.57,9.69,0
O103661,C01686,2025-01-17,Home & Kitchen,South,2,38.1,0.1,68.58,41.91,1
O112233,C05680,2025-01-17,Beauty,East,2,37.74,0.0,75.48,30.19,0
O112736,C05915,2025-01-17,Books,South,1,20.03,0.0,20.03,10.02,0
O100348,C00171,2025-01-17,Home & Kitchen,West,1,81.25,0.0,81.25,44.69,0
O108732,C04058,2025-01-17,Sports,North,3,227.58,0.15,580.33,395.99,0
O101914,C00893,2025-01-17,Books,East,2,13.52,0.0,27.04,13.52,0
O111819,C05505,2025-01-17,Fashion,East,1,66.79,0.2,53.43,30.06,0
O103291,C01524,2025-01-17,Fashion,West,2,56.65,0.1,101.97,50.98,0
O100971,C00449,2025-01-17,Fashion,South,2,125.57,0.0,251.14,113.01,0
O102774,C01293,2025-01-17,Electronics,North,1,217.4,0.0,217.4,156.53,1
O104650,C02146,2025-01-17,Electronics,West,1,210.79,0.0,210.79,151.77,0
O102790,C01299,2025-01-17,Fashion,East,1,129.99,0.05,123.49,58.5,0
O112700,C05895,2025-01-17,Electronics,South,2,468.79,0.0,937.58,675.06,0
O108290,C03855,2025-01-17,Home & Kitchen,North,1,154.44,0.05,146.72,84.94,0
O102565,C01195,2025-01-17,Fashion,North,1,139.97,0.0,139.97,62.99,0
O103613,C01665,2025-01-17,Home & Kitchen,East,1,25.68,0.05,24.4,14.12,0
O106567,C03044,2025-01-17,Beauty,West,2,37.21,0.0,74.42,29.77,0
O107450,C03469,2025-01-17,Home & Kitchen,West,1,57.22,0.0,57.22,31.47,0
O107597,C03539,2025-01-18,Home & Kitchen,East,1,137.33,0.15,116.73,75.53,0
O111403,C05317,2025-01-18,Beauty,West,2,53.72,0.2,85.95,42.98,0
O105976,C02766,2025-01-18,Sports,South,1,247.76,0.0,247.76,143.7,0
O111970,C05576,2025-01-18,Home & Kitchen,East,1,168.59,0.0,168.59,92.72,0
O101258,C00578,2025-01-18,Books,North,2,16.84,0.0,33.68,16.84,0
O108003,C03728,2025-01-18,Beauty,North,3,19.22,0.15,49.01,23.06,0
O102833,C01316,2025-01-18,Electronics,East,1,461.19,0.0,461.19,332.06,0
O100063,C00029,2025-01-18,Books,East,2,27.7,0.0,55.4,27.7,0
O105217,C02411,2025-01-18,Fashion,North,3,119.85,0.0,359.55,161.8,0
O109798,C04549,2025-01-18,Sports,North,1,164.43,0.1,147.99,95.37,0
O111796,C05493,2025-01-18,Fashion,South,2,58.99,0.1,106.18,53.09,0
O107164,C03329,2025-01-18,Home & Kitchen,South,2,153.87,0.1,276.97,169.26,0
O108305,C03861,2025-01-18,Home & Kitchen,North,1,57.07,0.0,57.07,31.39,0
O104882,C02254,2025-01-18,Beauty,West,3,11.98,0.0,35.94,14.38,0
O104574,C02109,2025-01-18,Home & Kitchen,East,2,137.86,0.0,275.72,151.65,0
O102175,C01010,2025-01-18,Home & Kitchen,East,1,126.12,0.0,126.12,69.37,0
O105765,C02666,2025-01-19,Fashion,East,2,45.33,0.0,90.66,40.8,0
O103137,C01460,2025-01-19,Beauty,West,1,53.63,0.0,53.63,21.45,0
O106135,C02834,2025-01-19,Books,East,1,35.91,0.15,30.52,17.95,0
O100026,C00011,2025-01-19,Fashion,South,1,46.92,0.15,39.88,21.11,0
O101691,C00784,2025-01-19,Beauty,North,1,38.9,0.0,38.9,15.56,0
O104931,C02277,2025-01-19,Sports,East,2,193.63,0.2,309.81,224.61,0
O110189,C04734,2025-01-19,Electronics,North,1,347.7,0.05,330.31,250.34,1
O104667,C02154,2025-01-19,Beauty,North,1,63.49,0.3,44.44,25.4,0
O109080,C04224,2025-01-19,Books,North,2,22.21,0.0,44.42,22.21,0
O108519,C03964,2025-01-19,Electronics,South,1,144.87,0.2,115.9,104.31,1
O108709,C04047,2025-01-19,Sports,South,1,132.84,0.05,126.2,77.05,1
O103872,C01782,2025-01-19,Home & Kitchen,West,3,58.22,0.05,165.93,96.06,0
O107961,C03711,2025-01-19,Sports,North,1,84.89,0.0,84.89,49.24,0
O101708,C00792,2025-01-19,Home & Kitchen,South,1,45.03,0.15,38.28,24.77,0
O100749,C00354,2025-01-19,Books,South,1,21.39,0.2,17.11,10.7,0
O110885,C05067,2025-01-19,Home & Kitchen,North,1,173.12,0.15,147.15,95.22,0
O105381,C02476,2025-01-19,Home & Kitchen,North,1,139.65,0.0,139.65,76.81,0
O107197,C03345,2025-01-19,Fashion,South,1,46.83,0.15,39.81,21.07,0
O107810,C03646,2025-01-19,Fashion,North,1,77.38,0.0,77.38,34.82,0
O103956,C01821,2025-01-19,Electronics,East,2,168.33,0.05,319.83,242.4,1
O105509,C02539,2025-01-19,Electronics,South,1,354.58,0.05,336.85,255.3,0
O107430,C03460,2025-01-20,Fashion,East,1,126.55,0.0,126.55,56.95,0
O108879,C04129,2025-01-20,Books,West,3,16.31,0.0,48.93,24.46,0
O108380,C03897,2025-01-20,Home & Kitchen,West,3,178.26,0.3,374.35,294.13,0
O104013,C01848,2025-01-20,Home & Kitchen,East,3,37.64,0.0,112.92,62.11,0
O103546,C01636,2025-01-20,Home & Kitchen,North,1,79.39,0.0,79.39,43.66,0
O111094,C05161,2025-01-20,Fashion,South,2,46.81,0.1,84.26,42.13,0
O108918,C04147,2025-01-20,Fashion,South,1,63.34,0.0,63.34,28.5,0
O102800,C01302,2025-01-20,Fashion,East,3,105.63,0.05,301.05,142.6,0
O104231,C01958,2025-01-20,Books,North,3,31.46,0.0,94.38,47.19,0
O108718,C04051,2025-01-20,Sports,West,1,218.75,0.0,218.75,126.87,0
O106139,C02836,2025-01-20,Books,North,2,18.97,0.0,37.94,18.97,0
O105157,C02381,2025-01-20,Sports,North,1,140.18,0.0,140.18,81.3,0
O104161,C01922,2025-01-20,Home & Kitchen,North,1,119.48,0.3,83.64,65.71,0
O102143,C00992,2025-01-20,Fashion,South,2,37.61,0.0,75.22,33.85,1
O104114,C01901,2025-01-20,Sports,South,1,236.44,0.0,236.44,137.14,1
O109357,C04345,2025-01-20,Electronics,South,1,507.15,0.0,507.15,365.15,0
O109822,C04561,2025-01-20,Fashion,West,1,125.65,0.0,125.65,56.54,0
O100743,C00351,2025-01-20,Beauty,North,1,52.66,0.0,52.66,21.06,0
O107445,C03467,2025-01-20,Fashion,North,2,108.89,0.0,217.78,98.0,0
O112329,C05724,2025-01-20,Fashion,East,2,64.54,0.0,129.08,58.09,1
O100892,C00415,2025-01-20,Fashion,South,2,109.1,0.0,218.2,98.19,0
O105908,C02735,2025-01-20,Books,North,1,38.15,0.15,32.43,19.08,0
O101319,C00606,2025-01-21,Sports,North,2,56.83,0.05,107.98,65.92,0
O106023,C02786,2025-01-21,Sports,East,2,51.7,0.0,103.4,59.97,0
O105244,C02419,2025-01-21,Books,North,1,38.29,0.2,30.63,19.14,0
O109660,C04478,2025-01-21,Fashion,North,1,71.96,0.05,68.36,32.38,0
O110110,C04697,2025-01-21,Beauty,South,2,34.55,0.15,58.73,27.64,0
O105617,C02593,2025-01-21,Beauty,East,2,54.58,0.0,109.16,43.66,0
O111887,C05534,2025-01-21,Beauty,West,1,54.98,0.0,54.98,21.99,0
O102095,C00971,2025-01-21,Electronics,West,3,320.66,0.15,817.68,692.63,0
O100476,C00229,2025-01-21,Home & Kitchen,East,1,128.99,0.0,128.99,70.94,0
O100964,C00445,2025-01-21,Sports,West,3,159.78,0.1,431.41,278.02,0
O106083,C02813,2025-01-21,Home & Kitchen,East,2,132.63,0.0,265.26,145.89,0
O107795,C03637,2025-01-21,Home & Kitchen,North,2,177.04,0.15,300.97,194.74,0
O108983,C04179,2025-01-21,Fashion,West,3,80.58,0.05,229.65,108.78,0
O108926,C04152,2025-01-21,Beauty,East,3,35.88,0.0,107.64,43.06,0
O103623,C01669,2025-01-21,Fashion,West,1,67.14,0.15,57.07,30.21,0
O111659,C05435,2025-01-21,Fashion,East,3,20.87,0.3,43.83,28.17,0
O103978,C01831,2025-01-21,Electronics,East,2,282.92,0.0,565.84,407.4,0
O103375,C01563,2025-01-21,Books,North,2,20.47,0.05,38.89,20.47,0
O107782,C03632,2025-01-21,Sports,North,1,183.41,0.0,183.41,106.38,0
O101097,C00505,2025-01-21,Electronics,East,1,241.47,0.0,241.47,173.86,0
O100111,C00057,2025-01-21,Fashion,East,2,45.84,0.0,91.68,41.26,1
O105202,C02404,2025-01-22,Home & Kitchen,North,2,105.76,0.15,179.79,116.34,0
O105412,C02491,2025-01-22,Home & Kitchen,South,3,67.23,0.05,191.61,110.93,0
O102781,C01296,2025-01-22,Fashion,South,2,128.7,0.05,244.53,115.83,0
O112419,C05766,2025-01-22,Fashion,South,1,120.25,0.15,102.21,54.11,0
O111938,C05559,2025-01-22,Home & Kitchen,South,1,124.05,0.0,124.05,68.23,0
O109529,C04417,2025-01-22,Home & Kitchen,North,1,103.36,0.0,103.36,56.85,1
O104639,C02140,2025-01-22,Fashion,West,2,89.85,0.1,161.73,80.86,0
O112045,C05604,2025-01-22,Fashion,West,2,123.59,0.05,234.82,111.23,0
O102125,C00983,2025-01-22,Books,East,3,31.1,0.1,83.97,46.65,0
O110962,C05102,2025-01-22,Fashion,North,1,50.74,0.15,43.13,22.83,0
O107655,C03574,2025-01-22,Sports,East,1,188.41,0.0,188.41,109.28,0
O102008,C00931,2025-01-22,Beauty,East,1,54.54,0.15,46.36,21.82,0
O109885,C04592,2025-01-22,Fashion,West,1,42.58,0.0,42.58,19.16,1
O111743,C05469,2025-01-22,Beauty,East,2,14.36,0.0,28.72,11.49,0
O107030,C03265,2025-01-22,Electronics,South,2,561.76,0.0,1123.52,808.93,0
O100522,C00252,2025-01-22,Home & Kitchen,East,2,129.25,0.0,258.5,142.18,0
O105053,C02335,2025-01-22,Home & Kitchen,South,1,157.13,0.3,109.99,86.42,0
O103758,C01729,2025-01-22,Beauty,East,3,28.2,0.0,84.6,33.84,0
O101231,C00568,2025-01-22,Home & Kitchen,South,3,117.67,0.0,353.01,194.16,0
O104746,C02194,2025-01-22,Sports,East,1,175.76,0.05,166.97,101.94,0
O108815,C04097,2025-01-22,Beauty,South,1,66.4,0.1,59.76,26.56,0
O104297,C01991,2025-01-22,Home & Kitchen,North,3,99.11,0.2,237.86,163.53,0
O102501,C01164,2025-01-22,Beauty,South,1,29.84,0.0,29.84,11.94,0
O112427,C05768,2025-01-22,Fashion,West,1,49.15,0.0,49.15,22.12,0
O103822,C01762,2025-01-22,Books,East,1,13.88,0.2,11.1,6.94,0
O102469,C01147,2025-01-22,Electronics,North,1,182.91,0.0,182.91,131.7,1
O100708,C00335,2025-01-22,Beauty,South,3,46.71,0.15,119.11,56.05,0
O111541,C05380,2025-01-22,Home & Kitchen,South,1,83.98,0.0,83.98,46.19,0
O102037,C00946,2025-01-23,Fashion,West,2,74.23,0.0,148.46,66.81,0
O103514,C01621,2025-01-23,Fashion,North,3,76.13,0.15,194.13,102.78,0
O111909,C05543,2025-01-23,Electronics,South,1,192.8,0.0,192.8,138.82,0
O109004,C04188,2025-01-23,Home & Kitchen,South,1,62.36,0.05,59.24,34.3,0
O108830,C04105,2025-01-23,Books,North,2,31.26,0.0,62.52,31.26,0
O109709,C04502,2025-01-23,Sports,East,1,141.41,0.0,141.41,82.02,0
O112013,C05593,2025-01-23,Beauty,West,3,18.84,0.0,56.52,22.61,0
O103610,C01663,2025-01-23,Fashion,South,1,23.22,0.0,23.22,10.45,0
O106568,C03044,2025-01-23,Home & Kitchen,West,3,51.97,0.0,155.91,85.75,0
O109485,C04401,2025-01-23,Electronics,East,2,281.38,0.2,450.21,405.19,0
O109972,C04634,2025-01-23,Electronics,East,3,503.4,0.1,1359.18,1087.34,0
O112300,C05709,2025-01-23,Books,North,1,27.35,0.1,24.62,13.68,0
O103404,C01577,2025-01-23,Sports,West,2,113.53,0.05,215.71,131.69,0
O110325,C04797,2025-01-23,Electronics,North,1,455.27,0.0,455.27,327.79,0
O110331,C04800,2025-01-23,Home & Kitchen,North,1,150.78,0.1,135.7,82.93,0
O111761,C05476,2025-01-23,Fashion,North,1,35.78,0.0,35.78,16.1,0
O109618,C04458,2025-01-23,Home & Kitchen,West,1,109.76,0.15,93.3,60.37,0
O112195,C05665,2025-01-23,Fashion,North,2,77.07,0.0,154.14,69.36,0
O105077,C02343,2025-01-23,Electronics,West,1,375.84,0.3,263.09,270.6,1
O109381,C04353,2025-01-23,Home & Kitchen,West,1,124.88,0.1,112.39,68.68,0
O109393,C04358,2025-01-24,Beauty,North,1,12.43,0.05,11.81,4.97,0
O105068,C02341,2025-01-24,Fashion,South,1,96.72,0.0,96.72,43.52,1
O109827,C04562,2025-01-24,Books,South,2,8.27,0.0,16.54,8.27,1
O101205,C00561,2025-01-24,Beauty,East,3,46.27,0.0,138.81,55.52,0
O101277,C00585,2025-01-24,Beauty,West,3,21.23,0.3,44.58,25.48,0
O101883,C00879,2025-01-24,Books,North,1,36.51,0.1,32.86,18.26,0
O101415,C00648,2025-01-24,Beauty,South,3,48.28,0.0,144.84,57.94,0
O104148,C01917,2025-01-24,Beauty,East,2,46.37,0.2,74.19,37.1,0
O102867,C01335,2025-01-24,Electronics,West,3,475.07,0.0,1425.21,1026.15,0
O102494,C01160,2025-01-24,Home & Kitchen,North,1,138.37,0.0,138.37,76.1,0
O103462,C01601,2025-01-24,Beauty,East,2,29.42,0.0,58.84,23.54,0
O110979,C05111,2025-01-24,Fashion,South,1,23.46,0.05,22.29,10.56,0
O109155,C04255,2025-01-24,Sports,East,2,167.53,0.0,335.06,194.33,0
O105003,C02309,2025-01-24,Fashion,North,1,40.76,0.0,40.76,18.34,0
O101099,C00506,2025-01-24,Fashion,East,1,65.75,0.1,59.18,29.59,0
O112077,C05618,2025-01-24,Home & Kitchen,East,2,148.38,0.0,296.76,163.22,0
O108675,C04033,2025-01-24,Fashion,North,3,73.61,0.15,187.71,99.37,0
O105998,C02775,2025-01-24,Books,North,1,19.47,0.05,18.5,9.74,0
O105644,C02607,2025-01-24,Sports,North,1,65.07,0.2,52.06,37.74,0
O108997,C04185,2025-01-24,Electronics,North,2,499.04,0.0,998.08,718.62,0
O112624,C05858,2025-01-24,Fashion,West,3,88.17,0.0,264.51,119.03,0
O110512,C04888,2025-01-24,Fashion,North,2,110.67,0.0,221.34,99.6,0
O110081,C04681,2025-01-24,Sports,West,1,194.77,0.1,175.29,112.97,0
O112476,C05789,2025-01-24,Fashion,South,1,97.89,0.0,97.89,44.05,0
O111415,C05321,2025-01-24,Fashion,North,1,71.11,0.0,71.11,32.0,1
O111286,C05262,2025-01-24,Home & Kitchen,North,1,30.09,0.0,30.09,16.55,0
O103547,C01636,2025-01-24,Home & Kitchen,North,2,101.33,0.0,202.66,111.46,0
O112581,C05843,2025-01-24,Home & Kitchen,North,3,123.04,0.1,332.21,203.02,0
O100070,C00034,2025-01-24,Home & Kitchen,North,2,163.94,0.1,295.09,180.33,1
O105774,C02667,2025-01-24,Fashion,North,2,31.83,0.1,57.29,28.65,0
O103088,C01435,2025-01-25,Home & Kitchen,East,1,68.23,0.2,54.58,37.53,0
O110828,C05038,2025-01-25,Books,South,3,33.59,0.0,100.77,50.39,0
O102960,C01380,2025-01-25,Electronics,North,1,207.64,0.0,207.64,149.5,0
O104298,C01991,2025-01-25,Beauty,North,1,55.52,0.15,47.19,22.21,0
O112245,C05685,2025-01-25,Beauty,North,3,22.83,0.3,47.94,27.4,0
O107873,C03679,2025-01-25,Electronics,North,1,221.64,0.3,155.15,159.58,0
O101971,C00917,2025-01-25,Electronics,East,2,146.65,0.05,278.63,211.18,0
O109807,C04554,2025-01-25,Home & Kitchen,North,3,83.82,0.0,251.46,138.3,0
O110177,C04726,2025-01-25,Books,South,2,22.16,0.0,44.32,22.16,0
O112902,C05988,2025-01-25,Home & Kitchen,West,3,169.8,0.15,432.99,280.17,0
O108590,C03995,2025-01-25,Fashion,East,2,128.23,0.1,230.81,115.41,0
O102373,C01100,2025-01-25,Beauty,West,2,64.47,0.05,122.49,51.58,0
O105004,C02310,2025-01-25,Electronics,South,1,350.99,0.0,350.99,252.71,0
O104190,C01938,2025-01-25,Home & Kitchen,East,2,100.67,0.2,161.07,110.74,1
O112405,C05759,2025-01-25,Fashion,South,2,39.39,0.2,63.02,35.45,0
O104634,C02137,2025-01-25,Fashion,North,1,130.87,0.0,130.87,58.89,0
O101884,C00879,2025-01-25,Fashion,North,2,101.44,0.0,202.88,91.3,0
O110513,C04888,2025-01-25,Beauty,North,3,40.69,0.1,109.86,48.83,1
O110723,C04992,2025-01-25,Home & Kitchen,West,1,47.29,0.0,47.29,26.01,0
O111981,C05581,2025-01-26,Home & Kitchen,East,2,97.9,0.0,195.8,107.69,0
O108472,C03941,2025-01-26,Beauty,East,2,46.32,0.0,92.64,37.06,0
O103749,C01725,2025-01-26,Home & Kitchen,North,1,100.9,0.05,95.86,55.5,0
O107826,C03654,2025-01-26,Beauty,East,1,25.34,0.0,25.34,10.14,0
O102875,C01341,2025-01-26,Electronics,North,3,460.51,0.0,1381.53,994.7,0
O103221,C01497,2025-01-26,Fashion,South,1,85.94,0.05,81.64,38.67,0
O109480,C04398,2025-01-26,Fashion,South,3,51.84,0.1,139.97,69.98,0
O104664,C02152,2025-01-26,Home & Kitchen,North,1,94.83,0.05,90.09,52.16,0
O102331,C01079,2025-01-26,Sports,North,2,116.64,0.2,186.62,135.3,0
O110916,C05080,2025-01-26,Home & Kitchen,West,1,122.72,0.2,98.18,67.5,0
O103993,C01840,2025-01-26,Home & Kitchen,North,1,31.08,0.0,31.08,17.09,0
O107798,C03638,2025-01-26,Beauty,East,1,51.43,0.0,51.43,20.57,0
O106997,C03250,2025-01-27,Books,South,1,32.62,0.0,32.62,16.31,0
O102428,C01129,2025-01-27,Beauty,East,2,15.07,0.0,30.14,12.06,0
O110559,C04912,2025-01-27,Beauty,North,1,45.8,0.05,43.51,18.32,0
O103024,C01407,2025-01-27,Sports,West,2,116.67,0.1,210.01,135.34,0
O110613,C04940,2025-01-27,Home & Kitchen,East,1,157.57,0.0,157.57,86.66,0
O100597,C00289,2025-01-27,Home & Kitchen,North,2,88.27,0.05,167.71,97.1,0
O106259,C02896,2025-01-27,Home & Kitchen,East,1,163.6,0.0,163.6,89.98,0
O111930,C05555,2025-01-27,Fashion,East,2,56.84,0.0,113.68,51.16,1
O112026,C05597,2025-01-27,Books,East,2,23.99,0.0,47.98,23.99,0
O104877,C02252,2025-01-27,Home & Kitchen,North,1,51.68,0.1,46.51,28.42,0
O108523,C03965,2025-01-27,Beauty,North,1,21.86,0.0,21.86,8.74,0
O104589,C02119,2025-01-27,Fashion,North,1,92.91,0.05,88.26,41.81,0
O100868,C00406,2025-01-27,Electronics,West,1,190.9,0.0,190.9,137.45,0
O100607,C00294,2025-01-27,Beauty,South,1,36.14,0.0,36.14,14.46,0
O109275,C04304,2025-01-27,Sports,South,3,223.15,0.05,635.98,388.28,0
O103776,C01737,2025-01-27,Home & Kitchen,East,3,78.67,0.15,200.61,129.81,0
O107162,C03328,2025-01-27,Fashion,East,1,83.97,0.0,83.97,37.79,0
O103881,C01787,2025-01-27,Beauty,South,2,42.82,0.0,85.64,34.26,0
O108941,C04159,2025-01-27,Home & Kitchen,North,1,105.19,0.0,105.19,57.85,0
O111628,C05419,2025-01-27,Sports,South,1,120.41,0.2,96.33,69.84,0
O106103,C02821,2025-01-27,Home & Kitchen,East,1,100.26,0.05,95.25,55.14,0
O102791,C01299,2025-01-27,Beauty,East,3,29.53,0.0,88.59,35.44,0
O104126,C01907,2025-01-27,Fashion,West,1,97.72,0.0,97.72,43.97,0
O100695,C00331,2025-01-28,Electronics,West,3,465.77,0.0,1397.31,1006.06,1
O108643,C04023,2025-01-28,Fashion,South,3,39.27,0.2,94.25,53.01,0
O109677,C04487,2025-01-28,Electronics,North,3,539.68,0.0,1619.04,1165.71,0
O109387,C04355,2025-01-28,Beauty,South,2,34.98,0.0,69.96,27.98,0
O102378,C01102,2025-01-28,Beauty,East,1,44.12,0.05,41.91,17.65,0
O108413,C03914,2025-01-28,Home & Kitchen,East,1,32.71,0.0,32.71,17.99,1
O111734,C05466,2025-01-28,Sports,East,2,82.36,0.0,164.72,95.54,0
O107900,C03687,2025-01-28,Home & Kitchen,West,3,44.43,0.2,106.63,73.31,0
O111236,C05234,2025-01-28,Fashion,East,1,57.29,0.0,57.29,25.78,0
O110380,C04821,2025-01-28,Sports,East,2,32.79,0.0,65.58,38.04,0
O112357,C05736,2025-01-28,Home & Kitchen,North,3,177.48,0.3,372.71,292.84,0
O102974,C01383,2025-01-28,Home & Kitchen,North,1,138.69,0.05,131.76,76.28,0
O100988,C00456,2025-01-28,Beauty,East,2,50.13,0.2,80.21,40.1,0
O101879,C00877,2025-01-28,Electronics,North,1,394.74,0.05,375.0,284.21,0
O106928,C03215,2025-01-28,Home & Kitchen,North,2,153.54,0.0,307.08,168.89,0
O111979,C05580,2025-01-28,Fashion,North,1,116.8,0.0,116.8,52.56,0
O112769,C05932,2025-01-28,Beauty,South,3,65.92,0.0,197.76,79.1,0
O110390,C04828,2025-01-28,Home & Kitchen,North,1,77.73,0.1,69.96,42.75,0
O105639,C02604,2025-01-28,Fashion,West,1,73.02,0.15,62.07,32.86,1
O108303,C03860,2025-01-29,Fashion,North,1,34.0,0.0,34.0,15.3,0
O112392,C05752,2025-01-29,Beauty,South,2,51.2,0.3,71.68,40.96,0
O110008,C04651,2025-01-29,Home & Kitchen,West,2,121.3,0.2,194.08,133.43,1
O107403,C03448,2025-01-29,Fashion,South,3,31.87,0.05,90.83,43.02,0
O111294,C05267,2025-01-29,Sports,West,1,77.93,0.0,77.93,45.2,1
O105054,C02336,2025-01-29,Sports,East,3,240.31,0.2,576.74,418.14,0
O109022,C04197,2025-01-29,Sports,North,1,77.98,0.05,74.08,45.23,0
O104651,C02146,2025-01-29,Books,West,2,32.53,0.2,52.05,32.53,0
O104022,C01852,2025-01-29,Home & Kitchen,East,3,43.5,0.0,130.5,71.78,0
O107145,C03318,2025-01-29,Electronics,East,1,558.07,0.0,558.07,401.81,0
O102792,C01299,2025-01-29,Fashion,East,1,48.59,0.0,48.59,21.87,0
O106604,C03062,2025-01-29,Fashion,South,1,89.23,0.0,89.23,40.15,0
O102597,C01209,2025-01-29,Fashion,South,2,28.29,0.15,48.09,25.46,1
O103852,C01774,2025-01-29,Home & Kitchen,South,1,166.59,0.0,166.59,91.62,0
O102900,C01353,2025-01-29,Books,East,1,39.81,0.0,39.81,19.9,0
O110123,C04703,2025-01-29,Fashion,East,3,31.91,0.0,95.73,43.08,0
O103082,C01434,2025-01-29,Electronics,South,1,597.74,0.2,478.19,430.37,0
O104316,C01997,2025-01-29,Books,North,1,16.07,0.0,16.07,8.04,0
O102507,C01167,2025-01-29,Home & Kitchen,North,3,95.93,0.1,259.01,158.28,0
O109419,C04371,2025-01-29,Sports,South,3,125.58,0.0,376.74,218.51,0
O102631,C01222,2025-01-29,Fashion,North,3,115.95,0.0,347.85,156.53,1
O103421,C01583,2025-01-30,Beauty,West,1,34.45,0.0,34.45,13.78,0
O109131,C04245,2025-01-30,Fashion,South,2,108.95,0.0,217.9,98.06,0
O100155,C00079,2025-01-30,Beauty,East,1,25.27,0.0,25.27,10.11,0
O110659,C04962,2025-01-30,Books,North,2,15.93,0.15,27.08,15.93,0
O101731,C00803,2025-01-30,Beauty,South,2,34.16,0.0,68.32,27.33,1
O107737,C03611,2025-01-30,Fashion,East,2,81.4,0.0,162.8,73.26,1
O109664,C04480,2025-01-30,Books,West,1,19.29,0.0,19.29,9.64,0
O107473,C03479,2025-01-30,Beauty,North,2,33.55,0.2,53.68,26.84,0
O103499,C01615,2025-01-30,Home & Kitchen,South,2,146.2,0.0,292.4,160.82,0
O101294,C00593,2025-01-30,Home & Kitchen,West,1,34.55,0.05,32.82,19.0,0
O106849,C03176,2025-01-30,Sports,West,1,164.73,0.0,164.73,95.54,0
O103904,C01798,2025-01-30,Fashion,South,1,129.48,0.15,110.06,58.27,0
O102700,C01259,2025-01-30,Fashion,West,1,110.92,0.2,88.74,49.91,0
O107106,C03299,2025-01-30,Home & Kitchen,North,2,106.57,0.0,213.14,117.23,0
O104262,C01975,2025-01-30,Home & Kitchen,East,2,56.25,0.2,90.0,61.88,0
O102961,C01380,2025-01-30,Fashion,North,1,125.38,0.0,125.38,56.42,0
O103617,C01666,2025-01-30,Fashion,South,2,119.27,0.0,238.54,107.34,0
O111549,C05383,2025-01-30,Beauty,North,2,44.58,0.15,75.79,35.66,0
O102126,C00983,2025-01-30,Books,East,3,8.5,0.0,25.5,12.75,0
O112875,C05976,2025-01-30,Home & Kitchen,North,2,172.7,0.3,241.78,189.97,0
O110560,C04912,2025-01-31,Home & Kitchen,North,1,131.31,0.0,131.31,72.22,0
O111325,C05279,2025-01-31,Fashion,West,1,31.28,0.0,31.28,14.08,0
O111401,C05316,2025-01-31,Home & Kitchen,East,1,65.26,0.2,52.21,35.89,0
O101630,C00755,2025-01-31,Fashion,South,1,56.71,0.1,51.04,25.52,0
O110211,C04743,2025-01-31,Sports,West,3,208.39,0.05,593.91,362.6,0
O106788,C03146,2025-01-31,Home & Kitchen,East,2,124.76,0.0,249.52,137.24,0
O100009,C00004,2025-01-31,Books,East,2,25.43,0.0,50.86,25.43,0
O112182,C05659,2025-01-31,Fashion,East,2,47.48,0.0,94.96,42.73,0
O110582,C04923,2025-01-31,Fashion,West,1,89.4,0.0,89.4,40.23,0
O104394,C02031,2025-01-31,Books,North,2,37.9,0.0,75.8,37.9,0
O109904,C04603,2025-01-31,Home & Kitchen,East,3,46.67,0.0,140.01,77.01,0
O100644,C00308,2025-01-31,Beauty,North,1,47.72,0.0,47.72,19.09,0
O108814,C04096,2025-01-31,Fashion,North,2,70.71,0.0,141.42,63.64,0
O104680,C02162,2025-01-31,Home & Kitchen,West,1,32.68,0.0,32.68,17.97,0
O106314,C02924,2025-01-31,Electronics,South,2,409.63,0.2,655.41,589.87,1
O105982,C02767,2025-01-31,Fashion,South,1,98.58,0.1,88.72,44.36,0
O110069,C04677,2025-01-31,Electronics,North,2,175.63,0.05,333.7,252.91,0
O110711,C04985,2025-01-31,Fashion,East,2,22.37,0.0,44.74,20.13,0
O108949,C04163,2025-01-31,Home & Kitchen,East,1,56.11,0.05,53.3,30.86,0
O101414,C00647,2025-01-31,Books,South,2,39.69,0.15,67.47,39.69,0
O111438,C05331,2025-01-31,Home & Kitchen,North,3,159.75,0.0,479.25,263.59,0
O109473,C04395,2025-01-31,Sports,West,2,44.52,0.0,89.04,51.64,0
O101163,C00539,2025-02-01,Beauty,North,1,53.53,0.2,42.82,21.41,0
O108074,C03760,2025-02-01,Beauty,North,1,16.91,0.0,16.91,6.76,0
O110113,C04698,2025-02-01,Home & Kitchen,West,1,134.13,0.15,114.01,73.77,0
O107489,C03485,2025-02-01,Books,West,2,12.29,0.0,24.58,12.29,0
O102525,C01176,2025-02-01,Fashion,East,1,38.67,0.0,38.67,17.4,0
O106679,C03097,2025-02-01,Fashion,North,3,90.46,0.0,271.38,122.12,0
O112432,C05770,2025-02-01,Sports,North,3,53.12,0.05,151.39,92.43,0
O103031,C01412,2025-02-01,Books,North,2,38.6,0.0,77.2,38.6,0
O102002,C00928,2025-02-01,Beauty,West,1,16.48,0.0,16.48,6.59,0
O104490,C02077,2025-02-01,Fashion,South,3,60.09,0.0,180.27,81.12,0
O100375,C00186,2025-02-01,Home & Kitchen,North,1,77.77,0.0,77.77,42.77,0
O104565,C02106,2025-02-01,Home & Kitchen,South,1,151.98,0.0,151.98,83.59,0
O103520,C01625,2025-02-01,Electronics,North,1,595.72,0.0,595.72,428.92,0
O108933,C04155,2025-02-01,Sports,West,1,37.25,0.05,35.39,21.6,0
O105513,C02540,2025-02-01,Beauty,North,3,12.3,0.3,25.83,14.76,0
O110330,C04799,2025-02-01,Beauty,South,1,25.66,0.0,25.66,10.26,0
O100635,C00305,2025-02-01,Home & Kitchen,East,2,77.39,0.0,154.78,85.13,0
O101700,C00789,2025-02-01,Beauty,South,1,33.76,0.0,33.76,13.5,0
O111180,C05209,2025-02-01,Books,East,1,31.72,0.0,31.72,15.86,1
O109439,C04378,2025-02-01,Sports,West,1,165.46,0.15,140.64,95.97,0
O107706,C03598,2025-02-01,Books,North,1,39.27,0.05,37.31,19.64,0
O107465,C03477,2025-02-01,Beauty,East,2,36.66,0.0,73.32,29.33,0
O111980,C05580,2025-02-01,Home & Kitchen,North,3,151.36,0.05,431.38,249.74,0
O111618,C05415,2025-02-01,Fashion,North,1,113.92,0.0,113.92,51.26,0
O102338,C01084,2025-02-01,Books,South,1,24.37,0.05,23.15,12.18,0
O102841,C01323,2025-02-01,Home & Kitchen,East,3,102.5,0.3,215.25,169.12,0
O101455,C00667,2025-02-01,Fashion,North,1,96.75,0.1,87.08,43.54,1
O112119,C05632,2025-02-01,Home & Kitchen,East,1,120.13,0.1,108.12,66.07,0
O111829,C05509,2025-02-02,Books,West,2,16.37,0.0,32.74,16.37,0
O112641,C05866,2025-02-02,Beauty,South,3,58.4,0.2,140.16,70.08,0
O110817,C05034,2025-02-02,Home & Kitchen,South,1,39.3,0.2,31.44,21.62,0
O111462,C05343,2025-02-02,Fashion,East,3,99.23,0.2,238.15,133.96,0
O102923,C01362,2025-02-02,Home & Kitchen,East,1,121.27,0.0,121.27,66.7,0
O107849,C03665,2025-02-02,Fashion,North,1,117.46,0.0,117.46,52.86,0
O111048,C05144,2025-02-02,Books,South,2,16.83,0.05,31.98,16.83,0
O111959,C05569,2025-02-02,Sports,East,3,71.63,0.0,214.89,124.64,1
O108556,C03979,2025-02-02,Home & Kitchen,East,3,162.86,0.0,488.58,268.72,0
O100235,C00113,2025-02-02,Fashion,East,1,82.01,0.15,69.71,36.9,0
O103611,C01664,2025-02-02,Fashion,North,1,88.23,0.0,88.23,39.7,0
O107006,C03254,2025-02-02,Sports,South,1,55.44,0.0,55.44,32.16,0
O100942,C00437,2025-02-02,Books,South,1,32.55,0.2,26.04,16.27,0
O109413,C04367,2025-02-02,Beauty,North,3,23.5,0.0,70.5,28.2,0
O112388,C05750,2025-02-02,Books,East,1,22.49,0.05,21.37,11.24,0
O105816,C02688,2025-02-02,Home & Kitchen,North,2,48.82,0.0,97.64,53.7,0
O111270,C05254,2025-02-02,Electronics,West,3,538.48,0.0,1615.44,1163.12,0
O109019,C04195,2025-02-03,Home & Kitchen,East,3,169.16,0.0,507.48,279.11,0
O103032,C01412,2025-02-03,Books,North,1,16.3,0.0,16.3,8.15,0
O107890,C03684,2025-02-03,Home & Kitchen,West,1,25.5,0.05,24.22,14.02,0
O110961,C05101,2025-02-03,Sports,North,1,61.1,0.15,51.94,35.44,0
O110839,C05044,2025-02-03,Books,South,1,31.01,0.2,24.81,15.5,0
O107792,C03636,2025-02-03,Sports,North,3,181.73,0.05,517.93,316.21,0
O112905,C05990,2025-02-03,Home & Kitchen,South,1,25.9,0.3,18.13,14.24,0
O109545,C04424,2025-02-03,Home & Kitchen,South,3,98.04,0.3,205.88,161.77,0
O102116,C00980,2025-02-03,Fashion,East,1,82.34,0.0,82.34,37.05,0
O100954,C00442,2025-02-03,Fashion,North,1,139.03,0.0,139.03,62.56,0
O111670,C05440,2025-02-03,Electronics,North,1,451.96,0.05,429.36,325.41,0
O100610,C00295,2025-02-03,Sports,South,1,236.7,0.1,213.03,137.29,0
O105088,C02347,2025-02-03,Home & Kitchen,East,1,95.45,0.15,81.13,52.5,0
O105250,C02421,2025-02-03,Fashion,South,1,88.79,0.2,71.03,39.96,0
O106714,C03110,2025-02-03,Sports,East,3,234.66,0.05,668.78,408.31,0
O102931,C01365,2025-02-03,Fashion,East,1,114.98,0.05,109.23,51.74,0
O103122,C01455,2025-02-04,Home & Kitchen,East,1,25.24,0.0,25.24,13.88,0
O107041,C03269,2025-02-04,Home & Kitchen,North,1,76.98,0.1,69.28,42.34,0
O106538,C03033,2025-02-04,Home & Kitchen,North,2,165.59,0.0,331.18,182.15,0
O103755,C01728,2025-02-04,Sports,North,3,235.74,0.05,671.86,410.19,0
O109595,C04449,2025-02-04,Electronics,South,1,411.08,0.2,328.86,295.98,0
O111479,C05354,2025-02-04,Fashion,North,3,22.61,0.0,67.83,30.52,0
O109674,C04485,2025-02-04,Fashion,South,1,33.0,0.0,33.0,14.85,0
O112314,C05717,2025-02-04,Electronics,North,2,506.49,0.15,861.03,729.35,0
O109931,C04615,2025-02-04,Home & Kitchen,South,2,49.35,0.0,98.7,54.28,0
O110096,C04689,2025-02-04,Beauty,South,2,27.98,0.0,55.96,22.38,0
O102452,C01138,2025-02-04,Electronics,West,2,404.93,0.0,809.86,583.1,0
O111848,C05519,2025-02-04,Home & Kitchen,East,2,55.36,0.0,110.72,60.9,0
O109159,C04257,2025-02-04,Books,South,2,21.5,0.05,40.85,21.5,0
O101737,C00807,2025-02-04,Fashion,East,2,20.68,0.0,41.36,18.61,1
O105065,C02340,2025-02-04,Electronics,North,1,157.89,0.0,157.89,113.68,0
O102223,C01029,2025-02-04,Electronics,South,1,153.69,0.1,138.32,110.66,0
O101885,C00879,2025-02-04,Home & Kitchen,North,2,47.41,0.0,94.82,52.15,0
O112899,C05986,2025-02-05,Sports,East,1,238.12,0.0,238.12,138.11,0
O111804,C05496,2025-02-05,Electronics,East,2,449.06,0.0,898.12,646.65,1
O110745,C05001,2025-02-05,Home & Kitchen,East,2,162.68,0.0,325.36,178.95,0
O103252,C01508,2025-02-05,Fashion,North,1,80.8,0.0,80.8,36.36,0
O108220,C03823,2025-02-05,Books,South,2,38.04,0.05,72.28,38.04,0
O112791,C05938,2025-02-05,Beauty,North,3,69.5,0.3,145.95,83.4,0
O103628,C01672,2025-02-05,Beauty,South,3,11.35,0.0,34.05,13.62,0
O100960,C00444,2025-02-05,Electronics,South,2,493.17,0.05,937.02,710.16,0
O105947,C02752,2025-02-05,Fashion,South,2,116.42,0.0,232.84,104.78,0
O105741,C02656,2025-02-05,Home & Kitchen,North,1,70.48,0.0,70.48,38.76,0
O108969,C04173,2025-02-05,Fashion,East,1,132.87,0.15,112.94,59.79,0
O100403,C00197,2025-02-05,Sports,East,2,209.66,0.0,419.32,243.21,0
O102981,C01387,2025-02-05,Electronics,South,2,323.32,0.3,452.65,465.58,0
O106611,C03066,2025-02-05,Home & Kitchen,West,1,86.97,0.0,86.97,47.83,0
O110635,C04949,2025-02-05,Books,South,1,14.31,0.05,13.59,7.16,0
O110256,C04767,2025-02-05,Home & Kitchen,East,2,62.75,0.0,125.5,69.03,0
O104590,C02119,2025-02-05,Books,North,1,24.06,0.0,24.06,12.03,0
O104747,C02194,2025-02-05,Beauty,East,1,48.54,0.3,33.98,19.42,0
O103951,C01819,2025-02-05,Home & Kitchen,East,2,52.26,0.1,94.07,57.49,0
O104973,C02297,2025-02-05,Home & Kitchen,West,1,111.21,0.0,111.21,61.17,0
O108236,C03828,2025-02-06,Sports,West,2,119.12,0.1,214.42,138.18,0
O108071,C03758,2025-02-06,Fashion,West,1,75.52,0.15,64.19,33.98,0
O111383,C05305,2025-02-06,Electronics,East,3,188.17,0.0,564.51,406.45,0
O109676,C04486,2025-02-06,Beauty,East,3,69.51,0.0,208.53,83.41,0
O101531,C00709,2025-02-06,Beauty,South,1,54.85,0.0,54.85,21.94,0
O110364,C04814,2025-02-06,Electronics,North,1,151.22,0.05,143.66,108.88,0
O111305,C05272,2025-02-06,Beauty,North,1,49.2,0.0,49.2,19.68,0
O103253,C01508,2025-02-06,Electronics,North,2,124.04,0.0,248.08,178.62,0
O106179,C02857,2025-02-06,Home & Kitchen,East,1,32.85,0.1,29.57,18.07,0
O104987,C02303,2025-02-06,Home & Kitchen,East,1,48.03,0.0,48.03,26.42,0
O112420,C05766,2025-02-06,Sports,South,2,199.9,0.0,399.8,231.88,0
O110300,C04787,2025-02-06,Home & Kitchen,East,1,109.96,0.0,109.96,60.48,0
O110614,C04940,2025-02-06,Fashion,East,1,50.5,0.0,50.5,22.72,0
O109756,C04530,2025-02-06,Fashion,North,1,100.51,0.1,90.46,45.23,0
O109637,C04465,2025-02-06,Home & Kitchen,West,1,111.25,0.0,111.25,61.19,0
O112555,C05830,2025-02-06,Sports,West,3,83.38,0.05,237.63,145.08,0
O111653,C05432,2025-02-06,Fashion,North,2,132.91,0.0,265.82,119.62,0
O107469,C03478,2025-02-06,Electronics,South,1,382.44,0.05,363.32,275.36,0
O110071,C04678,2025-02-06,Electronics,West,2,182.37,0.0,364.74,262.61,0
O110139,C04708,2025-02-06,Home & Kitchen,South,1,179.89,0.1,161.9,98.94,0
O109723,C04509,2025-02-06,Home & Kitchen,East,1,116.81,0.0,116.81,64.25,0
O101374,C00629,2025-02-06,Home & Kitchen,East,1,99.39,0.0,99.39,54.66,0
O110728,C04994,2025-02-06,Books,West,3,31.37,0.05,89.4,47.06,0
O108677,C04034,2025-02-06,Beauty,North,2,46.56,0.0,93.12,37.25,0
O105742,C02656,2025-02-06,Books,North,2,9.14,0.1,16.45,9.14,0
O100865,C00405,2025-02-06,Fashion,West,1,133.59,0.0,133.59,60.12,0
O100066,C00030,2025-02-06,Home & Kitchen,South,3,80.43,0.1,217.16,132.71,0
O105723,C02647,2025-02-06,Fashion,East,1,114.92,0.0,114.92,51.71,0
O100454,C00219,2025-02-06,Sports,South,1,177.46,0.0,177.46,102.93,0
O101647,C00762,2025-02-06,Beauty,South,1,30.51,0.0,30.51,12.2,0
O106249,C02892,2025-02-06,Fashion,East,1,39.08,0.05,37.13,17.59,0
O109630,C04462,2025-02-07,Electronics,East,2,530.28,0.15,901.48,763.6,1
O110168,C04721,2025-02-07,Home & Kitchen,North,2,64.76,0.2,103.62,71.24,0
O100691,C00330,2025-02-07,Books,North,2,27.8,0.0,55.6,27.8,0
O101430,C00655,2025-02-07,Home & Kitchen,South,2,57.27,0.0,114.54,63.0,0
O103405,C01577,2025-02-07,Fashion,West,1,30.69,0.0,30.69,13.81,0
O103335,C01544,2025-02-07,Books,South,2,24.03,0.0,48.06,24.03,0
O111515,C05370,2025-02-07,Sports,North,1,211.62,0.05,201.04,122.74,0
O104157,C01920,2025-02-07,Fashion,South,2,29.31,0.3,41.03,26.38,0
O111239,C05237,2025-02-07,Books,West,1,13.01,0.0,13.01,6.5,0
O109964,C04631,2025-02-07,Fashion,East,1,50.17,0.0,50.17,22.58,0
O109106,C04235,2025-02-07,Fashion,East,2,71.36,0.0,142.72,64.22,0
O104455,C02062,2025-02-07,Home & Kitchen,North,1,91.84,0.0,91.84,50.51,1
O112585,C05844,2025-02-07,Sports,East,1,179.56,0.15,152.63,104.14,0
O101526,C00706,2025-02-07,Fashion,North,3,87.72,0.0,263.16,118.42,1
O105602,C02586,2025-02-07,Books,West,2,15.81,0.1,28.46,15.81,0
O105286,C02436,2025-02-07,Electronics,North,1,417.24,0.15,354.65,300.41,0
O111075,C05153,2025-02-07,Home & Kitchen,East,2,69.25,0.15,117.72,76.18,0
O105010,C02313,2025-02-07,Fashion,South,3,103.79,0.05,295.8,140.12,0
O105588,C02580,2025-02-07,Fashion,East,2,27.61,0.2,44.18,24.85,0
O106048,C02798,2025-02-07,Fashion,West,2,118.57,0.0,237.14,106.71,0
O103535,C01631,2025-02-08,Books,North,2,31.78,0.15,54.03,31.78,0
O105218,C02411,2025-02-08,Beauty,North,1,60.26,0.1,54.23,24.1,0
O111570,C05392,2025-02-08,Sports,South,2,99.04,0.05,188.18,114.89,0
O105532,C02550,2025-02-08,Home & Kitchen,South,1,30.85,0.0,30.85,16.97,0
O100089,C00044,2025-02-08,Home & Kitchen,South,1,139.88,0.0,139.88,76.93,0
O110070,C04677,2025-02-08,Home & Kitchen,North,2,119.51,0.05,227.07,131.46,0
O111605,C05409,2025-02-08,Electronics,West,3,149.87,0.0,449.61,323.72,0
O106053,C02800,2025-02-08,Electronics,South,3,471.77,0.0,1415.31,1019.02,0
O106337,C02933,2025-02-08,Beauty,South,1,58.13,0.2,46.5,23.25,0
O108678,C04034,2025-02-08,Home & Kitchen,North,2,27.01,0.05,51.32,29.71,0
O105483,C02525,2025-02-08,Fashion,South,2,131.33,0.0,262.66,118.2,0
O108727,C04056,2025-02-08,Fashion,South,3,64.67,0.1,174.61,87.3,1
O103378,C01565,2025-02-08,Electronics,North,1,213.73,0.1,192.36,153.89,0
O100177,C00088,2025-02-08,Electronics,South,1,515.06,0.15,437.8,370.84,1
O100279,C00134,2025-02-08,Fashion,North,1,78.47,0.0,78.47,35.31,0
O104263,C01975,2025-02-08,Beauty,East,1,35.15,0.2,28.12,14.06,0
O111910,C05543,2025-02-08,Fashion,South,2,87.54,0.1,157.57,78.79,0
O100273,C00132,2025-02-08,Sports,West,2,159.8,0.3,223.72,185.37,0
O108201,C03815,2025-02-08,Fashion,East,1,39.0,0.0,39.0,17.55,0
O102881,C01344,2025-02-08,Beauty,North,3,17.85,0.0,53.55,21.42,0
O111273,C05255,2025-02-08,Beauty,East,1,10.3,0.0,10.3,4.12,0
O105801,C02682,2025-02-08,Fashion,South,1,65.2,0.1,58.68,29.34,0
O100270,C00131,2025-02-08,Electronics,South,1,120.66,0.0,120.66,86.88,0
O109380,C04352,2025-02-08,Books,North,2,19.87,0.0,39.74,19.87,0
O112536,C05820,2025-02-08,Fashion,West,3,138.74,0.0,416.22,187.3,0
O107841,C03661,2025-02-08,Books,South,1,14.59,0.0,14.59,7.3,0
O100419,C00203,2025-02-08,Fashion,West,1,57.19,0.15,48.61,25.74,0
O109310,C04322,2025-02-09,Electronics,North,3,366.22,0.15,933.86,791.04,1
O100411,C00199,2025-02-09,Beauty,North,2,53.93,0.3,75.5,43.14,0
O111429,C05327,2025-02-09,Fashion,East,2,44.65,0.0,89.3,40.18,0
O107017,C03259,2025-02-09,Electronics,South,2,370.43,0.05,703.82,533.42,0
O105196,C02402,2025-02-09,Beauty,North,2,56.28,0.3,78.79,45.02,0
O106869,C03184,2025-02-09,Books,East,2,37.76,0.0,75.52,37.76,0
O103815,C01759,2025-02-09,Fashion,North,2,132.5,0.15,225.25,119.25,0
O112770,C05932,2025-02-09,Home & Kitchen,South,3,124.43,0.3,261.3,205.31,0
O100569,C00275,2025-02-09,Fashion,East,3,112.49,0.0,337.47,151.86,0
O107711,C03599,2025-02-09,Fashion,North,3,23.56,0.0,70.68,31.81,0
O112001,C05587,2025-02-09,Beauty,North,2,17.66,0.0,35.32,14.13,0
O103317,C01534,2025-02-09,Electronics,South,2,321.54,0.0,643.08,463.02,0
O111022,C05131,2025-02-09,Home & Kitchen,East,2,83.1,0.0,166.2,91.41,0
O100129,C00066,2025-02-09,Home & Kitchen,South,1,124.63,0.0,124.63,68.55,0
O102453,C01138,2025-02-09,Home & Kitchen,West,1,129.04,0.0,129.04,70.97,0
O100785,C00366,2025-02-09,Fashion,South,2,89.7,0.05,170.43,80.73,0
O108135,C03786,2025-02-09,Books,East,1,15.75,0.0,15.75,7.88,0
O105898,C02730,2025-02-09,Fashion,South,1,126.18,0.1,113.56,56.78,1
O102698,C01258,2025-02-09,Home & Kitchen,South,2,125.92,0.2,201.47,138.51,0
O104488,C02076,2025-02-10,Electronics,North,2,227.67,0.0,455.34,327.84,0
O110241,C04757,2025-02-10,Fashion,North,1,82.86,0.0,82.86,37.29,0
O101511,C00699,2025-02-10,Home & Kitchen,North,2,45.52,0.3,63.73,50.07,1
O105711,C02642,2025-02-10,Electronics,East,2,522.99,0.0,1045.98,753.11,0
O112792,C05938,2025-02-10,Beauty,North,1,66.64,0.05,63.31,26.66,0
O111815,C05502,2025-02-10,Electronics,East,1,161.63,0.2,129.3,116.37,0
O105618,C02593,2025-02-10,Books,East,1,36.16,0.0,36.16,18.08,0
O102163,C01003,2025-02-10,Electronics,West,1,559.26,0.0,559.26,402.67,1
O105696,C02634,2025-02-10,Beauty,North,3,35.0,0.1,94.5,42.0,0
O107431,C03460,2025-02-10,Fashion,East,2,136.13,0.2,217.81,122.52,0
O108264,C03843,2025-02-10,Home & Kitchen,East,1,167.66,0.1,150.89,92.21,0
O112423,C05767,2025-02-10,Fashion,East,2,129.6,0.05,246.24,116.64,0
O110521,C04892,2025-02-10,Electronics,West,2,461.35,0.0,922.7,664.34,1
O108434,C03926,2025-02-10,Home & Kitchen,North,1,156.03,0.2,124.82,85.82,0
O110689,C04977,2025-02-10,Electronics,West,1,192.75,0.1,173.47,138.78,1
O111550,C05383,2025-02-10,Home & Kitchen,North,2,140.8,0.0,281.6,154.88,0
O106246,C02889,2025-02-11,Sports,West,2,217.11,0.3,303.95,251.85,0
O102502,C01164,2025-02-11,Home & Kitchen,South,2,102.8,0.0,205.6,113.08,0
O103837,C01768,2025-02-11,Electronics,East,2,408.24,0.0,816.48,587.87,0
O111972,C05577,2025-02-11,Fashion,North,1,27.03,0.0,27.03,12.16,0
O100335,C00164,2025-02-11,Fashion,East,1,107.63,0.2,86.1,48.43,0
O101100,C00506,2025-02-11,Books,East,1,11.46,0.0,11.46,5.73,0
O100739,C00349,2025-02-11,Home & Kitchen,East,2,40.72,0.1,73.3,44.79,1
O108370,C03891,2025-02-11,Beauty,East,1,37.44,0.1,33.7,14.98,0
O105896,C02729,2025-02-11,Fashion,West,2,127.85,0.1,230.13,115.06,0
O100835,C00392,2025-02-11,Electronics,East,1,396.07,0.0,396.07,285.17,0
O110033,C04662,2025-02-11,Electronics,West,1,568.14,0.15,482.92,409.06,0
O108081,C03763,2025-02-11,Sports,West,1,129.34,0.0,129.34,75.02,0
O103121,C01454,2025-02-11,Home & Kitchen,East,1,34.6,0.0,34.6,19.03,0
O106619,C03069,2025-02-11,Beauty,South,3,41.91,0.0,125.73,50.29,0
O112817,C05950,2025-02-11,Sports,North,2,39.59,0.0,79.18,45.92,0
O103830,C01765,2025-02-11,Books,South,1,9.25,0.0,9.25,4.62,0
O109854,C04577,2025-02-11,Beauty,West,1,57.58,0.3,40.31,23.03,0
O100224,C00109,2025-02-11,Beauty,North,2,29.88,0.0,59.76,23.9,0
O100318,C00158,2025-02-11,Beauty,North,1,47.25,0.0,47.25,18.9,0
O106569,C03044,2025-02-12,Fashion,West,2,77.42,0.0,154.84,69.68,0
O102176,C01010,2025-02-12,Electronics,East,1,232.92,0.0,232.92,167.7,0
O101813,C00845,2025-02-12,Books,West,1,20.37,0.05,19.35,10.18,0
O101529,C00708,2025-02-12,Electronics,East,1,468.58,0.1,421.72,337.38,0
O102353,C01092,2025-02-12,Home & Kitchen,East,3,34.2,0.1,92.34,56.43,0
O103504,C01618,2025-02-12,Fashion,East,1,109.72,0.15,93.26,49.37,0
O103888,C01791,2025-02-12,Home & Kitchen,South,1,104.04,0.0,104.04,57.22,0
O101891,C00883,2025-02-12,Fashion,East,3,100.54,0.1,271.46,135.73,0
O101301,C00597,2025-02-12,Fashion,West,1,24.8,0.0,24.8,11.16,0
O106609,C03064,2025-02-12,Fashion,South,2,81.77,0.1,147.19,73.59,0
O105684,C02626,2025-02-12,Electronics,East,1,268.22,0.0,268.22,193.12,0
O100260,C00126,2025-02-12,Electronics,North,1,196.89,0.0,196.89,141.76,0
O106230,C02883,2025-02-12,Sports,East,3,193.45,0.0,580.35,336.6,0
O112446,C05775,2025-02-12,Beauty,East,1,22.14,0.0,22.14,8.86,0
O102299,C01066,2025-02-12,Home & Kitchen,East,2,178.75,0.0,357.5,196.63,0
O100911,C00424,2025-02-12,Sports,South,1,216.44,0.15,183.97,125.54,0
O108721,C04052,2025-02-12,Beauty,North,1,35.06,0.2,28.05,14.02,0
O109875,C04588,2025-02-12,Books,West,2,32.26,0.0,64.52,32.26,0
O109449,C04384,2025-02-13,Fashion,North,2,129.79,0.0,259.58,116.81,0
O101302,C00597,2025-02-13,Beauty,West,2,13.06,0.15,22.2,10.45,0
O101993,C00925,2025-02-13,Books,North,1,12.68,0.0,12.68,6.34,0
O112636,C05863,2025-02-13,Sports,West,1,120.0,0.0,120.0,69.6,0
O105262,C02426,2025-02-13,Sports,East,1,69.0,0.0,69.0,40.02,0
O111471,C05350,2025-02-13,Beauty,North,1,28.02,0.1,25.22,11.21,0
O102555,C01189,2025-02-13,Electronics,North,2,571.06,0.0,1142.12,822.33,1
O110365,C04814,2025-02-13,Fashion,North,1,41.3,0.0,41.3,18.58,0
O106699,C03104,2025-02-13,Home & Kitchen,West,1,102.83,0.05,97.69,56.56,0
O106964,C03235,2025-02-13,Electronics,South,1,169.83,0.3,118.88,122.28,0
O105601,C02585,2025-02-13,Sports,East,1,237.83,0.0,237.83,137.94,0
O106508,C03017,2025-02-13,Home & Kitchen,North,1,149.44,0.1,134.5,82.19,0
O112352,C05734,2025-02-13,Electronics,South,2,246.34,0.05,468.05,354.73,0
O100238,C00116,2025-02-13,Home & Kitchen,East,1,146.75,0.0,146.75,80.71,0
O111089,C05159,2025-02-13,Sports,North,2,109.8,0.1,197.64,127.37,0
O107698,C03594,2025-02-13,Electronics,West,1,397.42,0.0,397.42,286.14,0
O111162,C05199,2025-02-14,Home & Kitchen,South,2,117.09,0.0,234.18,128.8,0
O112612,C05855,2025-02-14,Books,East,1,33.59,0.3,23.51,16.8,0
O104622,C02134,2025-02-14,Beauty,South,1,33.98,0.1,30.58,13.59,0
O110638,C04951,2025-02-14,Electronics,East,2,147.72,0.3,206.81,212.72,0
O103522,C01627,2025-02-14,Home & Kitchen,West,2,67.91,0.2,108.66,74.7,0
O103999,C01842,2025-02-14,Fashion,South,2,89.6,0.0,179.2,80.64,0
O102946,C01373,2025-02-14,Books,East,1,10.65,0.0,10.65,5.32,0
O103858,C01776,2025-02-14,Books,North,2,18.12,0.0,36.24,18.12,0
O112494,C05799,2025-02-14,Fashion,North,1,113.59,0.0,113.59,51.12,0
O110497,C04881,2025-02-14,Fashion,North,1,31.77,0.0,31.77,14.3,0
O104607,C02126,2025-02-14,Electronics,North,3,514.88,0.0,1544.64,1112.14,0
O105794,C02679,2025-02-14,Sports,East,3,187.12,0.05,533.29,325.59,0
O105106,C02356,2025-02-14,Sports,West,1,212.75,0.0,212.75,123.4,0
O100527,C00254,2025-02-14,Electronics,South,1,548.25,0.2,438.6,394.74,0
O105581,C02576,2025-02-14,Sports,North,1,43.24,0.0,43.24,25.08,0
O103568,C01645,2025-02-14,Electronics,North,2,185.32,0.0,370.64,266.86,0
O112466,C05785,2025-02-14,Fashion,East,1,24.73,0.0,24.73,11.13,0
O102549,C01185,2025-02-14,Fashion,West,3,31.32,0.15,79.87,42.28,0
O109008,C04189,2025-02-14,Books,North,1,38.88,0.05,36.94,19.44,0
O111301,C05270,2025-02-14,Fashion,South,1,64.47,0.0,64.47,29.01,0
O102801,C01302,2025-02-14,Fashion,East,1,55.83,0.2,44.66,25.12,0
O100245,C00118,2025-02-14,Beauty,East,3,14.52,0.0,43.56,17.42,0
O105948,C02753,2025-02-14,Books,East,2,19.07,0.15,32.42,19.07,0
O101869,C00873,2025-02-14,Sports,North,1,87.07,0.3,60.95,50.5,0
O107104,C03297,2025-02-14,Home & Kitchen,West,2,42.58,0.0,85.16,46.84,0
O111454,C05338,2025-02-15,Sports,North,1,233.98,0.15,198.88,135.71,0
O106967,C03236,2025-02-15,Sports,North,1,229.35,0.1,206.41,133.02,0
O104236,C01960,2025-02-15,Sports,East,3,163.53,0.1,441.53,284.54,0
O112510,C05805,2025-02-15,Fashion,East,2,124.75,0.0,249.5,112.28,0
O111379,C05304,2025-02-15,Fashion,South,1,34.0,0.05,32.3,15.3,0
O103915,C01803,2025-02-15,Home & Kitchen,North,1,86.29,0.0,86.29,47.46,0
O105443,C02504,2025-02-15,Home & Kitchen,East,1,133.07,0.0,133.07,73.19,0
O110443,C04849,2025-02-15,Fashion,North,2,106.87,0.0,213.74,96.18,0
O110632,C04948,2025-02-15,Fashion,South,1,65.54,0.05,62.26,29.49,0
O110207,C04742,2025-02-15,Sports,South,2,196.91,0.05,374.13,228.42,0
O100528,C00254,2025-02-15,Home & Kitchen,South,1,132.14,0.0,132.14,72.68,0
O111746,C05470,2025-02-15,Beauty,South,1,50.9,0.0,50.9,20.36,0
O112869,C05973,2025-02-15,Electronics,West,1,213.32,0.0,213.32,153.59,0
O104113,C01900,2025-02-15,Fashion,East,2,82.54,0.2,132.06,74.29,0
O107929,C03698,2025-02-15,Beauty,North,1,25.85,0.05,24.56,10.34,0
O105494,C02530,2025-02-15,Home & Kitchen,West,1,89.68,0.1,80.71,49.32,0
O104713,C02180,2025-02-15,Home & Kitchen,East,1,143.84,0.0,143.84,79.11,0
O110481,C04874,2025-02-15,Books,North,1,30.18,0.0,30.18,15.09,0
O107838,C03660,2025-02-16,Fashion,South,1,54.62,0.0,54.62,24.58,1
O100299,C00144,2025-02-16,Fashion,North,3,138.48,0.0,415.44,186.95,0
O103980,C01833,2025-02-16,Home & Kitchen,East,3,34.04,0.0,102.12,56.17,0
O109928,C04614,2025-02-16,Beauty,South,3,24.59,0.0,73.77,29.51,0
O105055,C02336,2025-02-16,Home & Kitchen,East,1,115.59,0.0,115.59,63.57,0
O102868,C01335,2025-02-16,Home & Kitchen,West,1,36.73,0.05,34.89,20.2,0
O103831,C01765,2025-02-16,Beauty,South,1,14.2,0.0,14.2,5.68,0
O104495,C02079,2025-02-16,Fashion,South,1,37.42,0.1,33.68,16.84,0
O108531,C03969,2025-02-16,Beauty,East,1,55.07,0.0,55.07,22.03,0
O104566,C02106,2025-02-16,Beauty,South,1,56.73,0.15,48.22,22.69,0
O112092,C05622,2025-02-16,Books,East,1,39.72,0.15,33.76,19.86,0
O100242,C00117,2025-02-16,Home & Kitchen,North,2,150.37,0.2,240.59,165.41,0
O111900,C05541,2025-02-16,Beauty,North,1,15.96,0.1,14.36,6.38,0
O100266,C00129,2025-02-16,Sports,East,3,64.34,0.0,193.02,111.95,0
O105550,C02560,2025-02-16,Home & Kitchen,North,2,36.51,0.0,73.02,40.16,0
O100696,C00331,2025-02-16,Fashion,West,3,139.59,0.1,376.89,188.45,0
O106251,C02893,2025-02-16,Sports,East,2,224.88,0.1,404.78,260.86,0
O109612,C04456,2025-02-16,Beauty,East,2,50.3,0.1,90.54,40.24,1
O111227,C05232,2025-02-16,Fashion,North,2,104.45,0.0,208.9,94.01,0
O101082,C00500,2025-02-16,Fashion,West,1,90.63,0.0,90.63,40.78,0
O110385,C04825,2025-02-16,Beauty,West,1,63.09,0.0,63.09,25.24,0
O108344,C03878,2025-02-17,Beauty,South,2,49.54,0.15,84.22,39.63,0
O108989,C04182,2025-02-17,Beauty,South,3,10.91,0.0,32.73,13.09,0
O104567,C02106,2025-02-17,Home & Kitchen,South,1,59.83,0.0,59.83,32.91,0
O100912,C00424,2025-02-17,Beauty,South,2,65.13,0.05,123.75,52.1,0
O107986,C03722,2025-02-17,Beauty,South,2,18.92,0.1,34.06,15.14,0
O101232,C00568,2025-02-17,Home & Kitchen,South,1,57.0,0.0,57.0,31.35,0
O107774,C03628,2025-02-17,Sports,East,1,191.13,0.05,181.57,110.86,0
O102487,C01156,2025-02-17,Fashion,North,2,65.81,0.15,111.88,59.23,0
O110660,C04962,2025-02-17,Beauty,North,2,21.31,0.05,40.49,17.05,0
O104759,C02199,2025-02-17,Sports,East,2,188.39,0.0,376.78,218.53,0
O111660,C05435,2025-02-17,Sports,East,3,72.3,0.0,216.9,125.8,0
O105247,C02420,2025-02-17,Home & Kitchen,South,1,81.33,0.0,81.33,44.73,0
O102020,C00935,2025-02-17,Books,South,3,15.96,0.0,47.88,23.94,0
O109433,C04376,2025-02-18,Books,North,1,39.12,0.05,37.16,19.56,0
O100824,C00384,2025-02-18,Beauty,East,1,34.35,0.05,32.63,13.74,0
O105346,C02463,2025-02-18,Home & Kitchen,North,1,150.19,0.2,120.15,82.6,0
O104451,C02059,2025-02-18,Fashion,East,2,116.41,0.0,232.82,104.77,0
O112334,C05726,2025-02-18,Home & Kitchen,West,1,176.27,0.0,176.27,96.95,0
O103913,C01802,2025-02-18,Home & Kitchen,North,3,45.92,0.2,110.21,75.77,0
O103525,C01628,2025-02-18,Beauty,South,2,44.88,0.05,85.27,35.9,0
O101259,C00578,2025-02-18,Sports,North,1,141.12,0.0,141.12,81.85,0
O111459,C05341,2025-02-18,Electronics,North,1,573.67,0.0,573.67,413.04,0
O111427,C05326,2025-02-18,Electronics,North,1,184.4,0.2,147.52,132.77,0
O110705,C04983,2025-02-18,Sports,West,1,180.7,0.0,180.7,104.81,0
O112374,C05744,2025-02-18,Home & Kitchen,East,2,116.53,0.0,233.06,128.18,1
O109587,C04446,2025-02-18,Sports,East,2,220.81,0.0,441.62,256.14,0
O104671,C02156,2025-02-18,Fashion,North,1,29.28,0.0,29.28,13.18,0
O110041,C04665,2025-02-18,Home & Kitchen,North,1,43.69,0.0,43.69,24.03,0
O104598,C02123,2025-02-18,Home & Kitchen,South,2,101.57,0.0,203.14,111.73,0
O111509,C05368,2025-02-18,Home & Kitchen,East,1,40.06,0.0,40.06,22.03,0
O101137,C00526,2025-02-18,Sports,South,1,73.61,0.0,73.61,42.69,0
O107347,C03421,2025-02-18,Home & Kitchen,South,1,156.42,0.0,156.42,86.03,0
O109368,C04348,2025-02-18,Home & Kitchen,South,2,51.69,0.0,103.38,56.86,1
O108267,C03844,2025-02-18,Fashion,South,3,27.93,0.0,83.79,37.71,0
O108839,C04109,2025-02-18,Beauty,South,1,32.06,0.05,30.46,12.82,0
O106785,C03144,2025-02-19,Sports,East,3,146.24,0.15,372.91,254.46,0
O111261,C05250,2025-02-19,Fashion,North,1,23.32,0.05,22.15,10.49,0
O112589,C05846,2025-02-19,Home & Kitchen,East,1,172.98,0.0,172.98,95.14,0
O102112,C00978,2025-02-19,Home & Kitchen,North,3,27.04,0.2,64.9,44.62,0
O102083,C00966,2025-02-19,Books,North,1,12.71,0.0,12.71,6.36,0
O101154,C00535,2025-02-19,Home & Kitchen,East,1,168.66,0.05,160.23,92.76,0
O107854,C03667,2025-02-19,Electronics,West,3,330.32,0.0,990.96,713.49,0
O105330,C02456,2025-02-19,Home & Kitchen,East,1,119.06,0.05,113.11,65.48,0
O102580,C01202,2025-02-19,Electronics,West,1,204.96,0.3,143.47,147.57,0
O101533,C00710,2025-02-19,Electronics,East,1,255.07,0.0,255.07,183.65,0
O108825,C04103,2025-02-19,Electronics,East,1,527.3,0.0,527.3,379.66,0
O100556,C00270,2025-02-19,Home & Kitchen,North,1,113.9,0.15,96.81,62.65,0
O110611,C04939,2025-02-19,Beauty,North,3,48.6,0.0,145.8,58.32,0
O105019,C02317,2025-02-19,Beauty,North,1,62.45,0.0,62.45,24.98,0
O105089,C02347,2025-02-19,Fashion,East,1,110.62,0.0,110.62,49.78,0
O104150,C01918,2025-02-19,Electronics,East,1,439.29,0.15,373.4,316.29,0
O112067,C05615,2025-02-19,Books,North,2,39.01,0.05,74.12,39.01,0
O102688,C01251,2025-02-20,Fashion,South,3,116.02,0.05,330.66,156.63,0
O104936,C02279,2025-02-20,Fashion,North,1,69.08,0.0,69.08,31.09,0
O100444,C00216,2025-02-20,Sports,East,2,220.67,0.1,397.21,255.98,0
O108357,C03883,2025-02-20,Books,South,2,8.65,0.0,17.3,8.65,0
O111430,C05327,2025-02-20,Fashion,East,2,46.46,0.0,92.92,41.81,0
O104352,C02011,2025-02-20,Home & Kitchen,North,1,141.58,0.1,127.42,77.87,0
O104407,C02038,2025-02-20,Home & Kitchen,North,1,148.99,0.0,148.99,81.94,0
O111931,C05555,2025-02-20,Home & Kitchen,East,2,53.49,0.0,106.98,58.84,0
O111317,C05276,2025-02-20,Sports,South,2,99.96,0.2,159.94,115.95,0
O110950,C05095,2025-02-20,Sports,North,1,31.75,0.0,31.75,18.42,0
O104221,C01954,2025-02-20,Fashion,West,2,115.15,0.0,230.3,103.64,0
O102625,C01220,2025-02-20,Fashion,East,2,44.74,0.2,71.58,40.27,0
O107260,C03378,2025-02-20,Beauty,West,3,26.28,0.05,74.9,31.54,1
O102620,C01217,2025-02-20,Beauty,East,1,19.89,0.0,19.89,7.96,0
O102129,C00985,2025-02-20,Fashion,South,1,125.82,0.1,113.24,56.62,0
O108737,C04060,2025-02-20,Electronics,South,1,367.06,0.3,256.94,264.28,0
O112394,C05753,2025-02-21,Books,East,2,27.51,0.1,49.52,27.51,0
O107348,C03421,2025-02-21,Home & Kitchen,South,3,44.58,0.1,120.37,73.56,0
O111257,C05247,2025-02-21,Electronics,North,1,266.13,0.0,266.13,191.61,0
O107602,C03542,2025-02-21,Books,North,1,37.22,0.3,26.05,18.61,0
O100943,C00437,2025-02-21,Fashion,South,2,117.83,0.15,200.31,106.05,0
O107671,C03583,2025-02-21,Electronics,East,1,472.29,0.0,472.29,340.05,0
O108927,C04152,2025-02-21,Beauty,East,1,46.99,0.1,42.29,18.8,0
O104464,C02065,2025-02-21,Beauty,West,2,34.1,0.0,68.2,27.28,0
O108986,C04180,2025-02-21,Sports,South,3,116.97,0.1,315.82,203.53,0
O106768,C03137,2025-02-21,Fashion,West,1,37.38,0.15,31.77,16.82,0
O103953,C01820,2025-02-21,Fashion,East,2,123.37,0.0,246.74,111.03,0
O100225,C00109,2025-02-21,Electronics,North,1,580.9,0.0,580.9,418.25,1
O110900,C05072,2025-02-21,Fashion,East,1,30.89,0.0,30.89,13.9,0
O101980,C00922,2025-02-21,Electronics,West,1,547.97,0.2,438.38,394.54,0
O111516,C05370,2025-02-21,Fashion,North,1,114.14,0.15,97.02,51.36,0
O104404,C02037,2025-02-21,Electronics,West,2,339.06,0.1,610.31,488.25,1
O102007,C00930,2025-02-21,Beauty,West,2,22.51,0.0,45.02,18.01,1
O105233,C02415,2025-02-21,Fashion,East,1,56.0,0.0,56.0,25.2,0
O105876,C02719,2025-02-21,Electronics,North,1,231.77,0.0,231.77,166.87,0
O101506,C00698,2025-02-21,Books,North,1,9.82,0.3,6.87,4.91,0
O111789,C05491,2025-02-21,Sports,North,1,58.83,0.05,55.89,34.12,0
O106400,C02966,2025-02-21,Beauty,North,1,68.96,0.0,68.96,27.58,0
O111756,C05474,2025-02-21,Books,North,1,12.39,0.0,12.39,6.2,0
O110289,C04782,2025-02-21,Beauty,South,1,23.55,0.0,23.55,9.42,0
O110608,C04938,2025-02-21,Beauty,North,1,63.82,0.0,63.82,25.53,0
O110023,C04658,2025-02-21,Books,East,1,31.02,0.0,31.02,15.51,0
O101490,C00688,2025-02-21,Beauty,West,2,13.36,0.05,25.38,10.69,0
O111865,C05527,2025-02-22,Electronics,West,2,436.54,0.0,873.08,628.62,0
O104408,C02038,2025-02-22,Beauty,North,3,62.32,0.0,186.96,74.78,0
O105349,C02464,2025-02-22,Home & Kitchen,East,2,106.72,0.3,149.41,117.39,0
O100595,C00288,2025-02-22,Home & Kitchen,South,1,118.41,0.05,112.49,65.13,1
O112511,C05805,2025-02-22,Electronics,East,1,417.12,0.0,417.12,300.33,0
O101235,C00570,2025-02-22,Fashion,South,3,27.38,0.0,82.14,36.96,0
O103099,C01444,2025-02-22,Fashion,West,1,95.17,0.15,80.89,42.83,0
O110590,C04928,2025-02-22,Books,South,1,31.94,0.0,31.94,15.97,0
O103680,C01694,2025-02-22,Electronics,West,2,573.01,0.0,1146.02,825.13,0
O108237,C03828,2025-02-22,Beauty,West,1,48.41,0.0,48.41,19.36,0
O108228,C03825,2025-02-22,Electronics,East,1,553.86,0.0,553.86,398.78,0
O100574,C00276,2025-02-22,Fashion,West,2,133.13,0.2,213.01,119.82,0
O100472,C00228,2025-02-22,Fashion,North,2,108.03,0.05,205.26,97.23,0
O105475,C02522,2025-02-22,Fashion,North,2,24.1,0.2,38.56,21.69,0
O100564,C00273,2025-02-22,Fashion,East,1,74.86,0.05,71.12,33.69,1
O102999,C01396,2025-02-22,Home & Kitchen,South,2,134.06,0.0,268.12,147.47,0
O112307,C05713,2025-02-22,Books,East,3,11.27,0.0,33.81,16.9,0
O112267,C05695,2025-02-22,Fashion,East,2,90.88,0.2,145.41,81.79,0
O101181,C00548,2025-02-22,Electronics,West,1,355.38,0.0,355.38,255.87,0
O103343,C01546,2025-02-22,Fashion,North,1,94.01,0.1,84.61,42.3,0
O104788,C02209,2025-02-23,Electronics,North,3,334.66,0.05,953.78,722.87,0
O103589,C01654,2025-02-23,Sports,North,2,240.48,0.1,432.86,278.96,0
O108998,C04186,2025-02-23,Fashion,South,2,67.65,0.0,135.3,60.89,0
O105755,C02661,2025-02-23,Sports,South,3,116.05,0.2,278.52,201.93,0
O101631,C00755,2025-02-23,Fashion,South,3,95.48,0.0,286.44,128.9,0
O112602,C05852,2025-02-23,Fashion,North,1,110.14,0.0,110.14,49.56,1
O102495,C01161,2025-02-23,Books,East,1,13.56,0.05,12.88,6.78,0
O112002,C05587,2025-02-23,Home & Kitchen,North,2,51.74,0.0,103.48,56.91,0
O104868,C02247,2025-02-23,Books,East,1,11.79,0.15,10.02,5.9,0
O110763,C05010,2025-02-23,Electronics,East,1,326.04,0.1,293.44,234.75,0
O107411,C03450,2025-02-23,Sports,East,1,59.68,0.05,56.7,34.61,0
O104997,C02307,2025-02-23,Fashion,West,1,97.22,0.0,97.22,43.75,0
O109035,C04204,2025-02-23,Books,West,1,20.4,0.15,17.34,10.2,0
O110423,C04842,2025-02-23,Sports,North,3,239.01,0.0,717.03,415.88,0
O106612,C03066,2025-02-23,Electronics,West,1,302.49,0.05,287.37,217.79,0
O110137,C04707,2025-02-23,Books,North,3,30.1,0.0,90.3,45.15,0
O102230,C01031,2025-02-23,Home & Kitchen,East,2,30.06,0.0,60.12,33.07,0
O109795,C04547,2025-02-23,Fashion,East,1,62.51,0.0,62.51,28.13,0
O110088,C04685,2025-02-24,Home & Kitchen,North,1,74.91,0.0,74.91,41.2,1
O111337,C05286,2025-02-24,Electronics,North,2,157.27,0.0,314.54,226.47,0
O102461,C01142,2025-02-24,Fashion,East,1,32.13,0.3,22.49,14.46,0
O100750,C00354,2025-02-24,Home & Kitchen,South,2,67.01,0.1,120.62,73.71,0
O105179,C02394,2025-02-24,Books,South,1,14.7,0.0,14.7,7.35,0
O101146,C00531,2025-02-24,Electronics,North,1,468.89,0.0,468.89,337.6,0
O100064,C00029,2025-02-24,Home & Kitchen,East,3,165.51,0.0,496.53,273.09,0
O104107,C01897,2025-02-24,Home & Kitchen,North,3,45.92,0.0,137.76,75.77,0
O101570,C00729,2025-02-24,Books,East,1,21.04,0.1,18.94,10.52,0
O111767,C05480,2025-02-24,Home & Kitchen,West,2,56.9,0.0,113.8,62.59,0
O105910,C02737,2025-02-24,Electronics,East,2,281.53,0.0,563.06,405.4,0
O108263,C03842,2025-02-24,Electronics,West,1,444.25,0.2,355.4,319.86,0
O110993,C05118,2025-02-24,Home & Kitchen,South,2,26.4,0.0,52.8,29.04,0
O108174,C03802,2025-02-24,Sports,East,3,217.72,0.0,653.16,378.83,0
O105552,C02561,2025-02-24,Beauty,West,2,17.55,0.0,35.1,14.04,0
O109072,C04220,2025-02-24,Fashion,North,1,72.48,0.3,50.74,32.62,0
O100840,C00394,2025-02-24,Home & Kitchen,North,1,164.74,0.0,164.74,90.61,0
O105080,C02345,2025-02-25,Fashion,South,2,94.15,0.0,188.3,84.74,0
O105789,C02676,2025-02-25,Fashion,West,2,25.51,0.0,51.02,22.96,0
O103827,C01764,2025-02-25,Fashion,East,1,47.82,0.1,43.04,21.52,0
O105307,C02445,2025-02-25,Electronics,West,1,357.11,0.1,321.4,257.12,0
O104247,C01967,2025-02-25,Home & Kitchen,South,3,179.98,0.1,485.95,296.97,0
O103055,C01423,2025-02-25,Electronics,East,1,236.97,0.05,225.12,170.62,0
O108055,C03751,2025-02-25,Fashion,North,2,81.15,0.05,154.19,73.04,1
O107865,C03673,2025-02-25,Fashion,East,2,103.56,0.1,186.41,93.2,0
O103816,C01760,2025-02-25,Sports,West,1,173.21,0.1,155.89,100.46,0
O110769,C05013,2025-02-25,Fashion,East,2,88.97,0.15,151.25,80.07,0
O108586,C03993,2025-02-25,Beauty,West,1,63.71,0.3,44.6,25.48,0
O106175,C02854,2025-02-25,Fashion,North,3,119.9,0.2,287.76,161.87,0
O112760,C05928,2025-02-25,Home & Kitchen,West,1,36.62,0.1,32.96,20.14,0
O104036,C01858,2025-02-25,Books,East,1,22.93,0.0,22.93,11.46,0
O100866,C00405,2025-02-25,Electronics,West,3,290.86,0.05,828.95,628.26,1
O110337,C04802,2025-02-25,Home & Kitchen,West,3,32.38,0.2,77.71,53.43,0
O109631,C04463,2025-02-25,Home & Kitchen,North,1,98.64,0.0,98.64,54.25,1
O109345,C04340,2025-02-25,Fashion,West,2,50.46,0.0,100.92,45.41,0
O108435,C03926,2025-02-25,Beauty,North,2,48.32,0.0,96.64,38.66,0
O108780,C04078,2025-02-25,Sports,West,1,66.48,0.0,66.48,38.56,0
O103853,C01774,2025-02-25,Books,South,2,27.43,0.0,54.86,27.43,0
O101456,C00667,2025-02-25,Sports,North,2,201.86,0.1,363.35,234.16,0
O106700,C03104,2025-02-26,Home & Kitchen,West,2,131.45,0.1,236.61,144.6,0
O103138,C01460,2025-02-26,Sports,West,2,98.33,0.1,176.99,114.06,0
O111487,C05359,2025-02-26,Fashion,West,1,26.54,0.05,25.21,11.94,0
O103593,C01655,2025-02-26,Books,South,2,14.64,0.0,29.28,14.64,0
O100239,C00116,2025-02-26,Beauty,East,3,32.25,0.0,96.75,38.7,0
O107656,C03574,2025-02-26,Fashion,East,3,60.09,0.1,162.24,81.12,0
O110353,C04809,2025-02-26,Sports,West,1,142.83,0.0,142.83,82.84,0
O102046,C00950,2025-02-26,Fashion,South,1,58.25,0.0,58.25,26.21,0
O100869,C00406,2025-02-26,Fashion,West,3,119.72,0.2,287.33,161.62,1
O102893,C01350,2025-02-26,Home & Kitchen,West,3,84.35,0.0,253.05,139.18,0
O109408,C04365,2025-02-26,Fashion,North,1,45.5,0.1,40.95,20.48,0
O106847,C03174,2025-02-26,Electronics,South,1,166.77,0.0,166.77,120.07,0
O112055,C05608,2025-02-26,Fashion,East,1,72.66,0.0,72.66,32.7,1
O101102,C00507,2025-02-26,Books,South,1,36.31,0.0,36.31,18.16,0
O107614,C03551,2025-02-26,Electronics,West,1,270.24,0.0,270.24,194.57,1
O101358,C00622,2025-02-26,Home & Kitchen,North,2,51.33,0.1,92.39,56.46,0
O110147,C04711,2025-02-26,Fashion,South,1,36.0,0.0,36.0,16.2,1
O104733,C02190,2025-02-26,Fashion,East,2,93.71,0.2,149.94,84.34,0
O112084,C05620,2025-02-26,Fashion,East,1,129.52,0.0,129.52,58.28,0
O109063,C04217,2025-02-26,Sports,East,2,165.18,0.15,280.81,191.61,0
O100985,C00455,2025-02-26,Electronics,West,1,186.35,0.0,186.35,134.17,1
O112440,C05773,2025-02-26,Home & Kitchen,East,2,171.71,0.0,343.42,188.88,0
O107815,C03648,2025-02-26,Fashion,North,2,92.72,0.0,185.44,83.45,0
O102120,C00981,2025-02-26,Beauty,North,3,42.87,0.05,122.18,51.44,0
O104510,C02085,2025-02-26,Fashion,West,1,101.32,0.0,101.32,45.59,0
O101892,C00883,2025-02-26,Books,East,1,29.12,0.0,29.12,14.56,0
O100049,C00021,2025-02-26,Books,South,2,25.49,0.0,50.98,25.49,0
O110240,C04756,2025-02-27,Books,West,2,13.95,0.0,27.9,13.95,0
O102521,C01174,2025-02-27,Fashion,South,2,86.61,0.0,173.22,77.95,0
O101473,C00677,2025-02-27,Fashion,South,1,48.12,0.0,48.12,21.65,0
O108136,C03786,2025-02-27,Fashion,East,1,94.3,0.0,94.3,42.44,0
O102842,C01323,2025-02-27,Beauty,East,2,51.82,0.0,103.64,41.46,0
O104436,C02051,2025-02-27,Home & Kitchen,North,1,104.96,0.0,104.96,57.73,0
O109845,C04570,2025-02-27,Sports,West,1,186.2,0.05,176.89,108.0,0
O106650,C03085,2025-02-27,Fashion,North,1,43.46,0.2,34.77,19.56,0
O104738,C02192,2025-02-27,Books,East,3,39.38,0.0,118.14,59.07,0
O100551,C00266,2025-02-27,Sports,North,1,117.61,0.0,117.61,68.21,0
O101062,C00488,2025-02-27,Sports,East,2,162.41,0.05,308.58,188.4,0
O112010,C05592,2025-02-27,Sports,North,1,82.17,0.1,73.95,47.66,0
O112529,C05815,2025-02-27,Fashion,West,1,58.22,0.05,55.31,26.2,0
O105536,C02552,2025-02-27,Fashion,North,1,123.94,0.0,123.94,55.77,0
O105656,C02614,2025-02-27,Sports,East,2,67.1,0.15,114.07,77.84,0
O103030,C01411,2025-02-27,Beauty,South,1,27.27,0.2,21.82,10.91,0
O101138,C00526,2025-02-28,Beauty,South,2,56.79,0.2,90.86,45.43,0
O103391,C01572,2025-02-28,Beauty,West,1,28.6,0.0,28.6,11.44,0
O110468,C04866,2025-02-28,Electronics,South,1,217.6,0.0,217.6,156.67,0
O107615,C03551,2025-02-28,Books,West,2,15.14,0.2,24.22,15.14,1
O111099,C05162,2025-02-28,Home & Kitchen,East,1,161.28,0.0,161.28,88.7,0
O108185,C03810,2025-02-28,Electronics,East,1,147.47,0.0,147.47,106.18,0
O107567,C03525,2025-02-28,Home & Kitchen,South,2,117.81,0.0,235.62,129.59,0
O106951,C03227,2025-02-28,Home & Kitchen,South,1,106.43,0.2,85.14,58.54,0
O101969,C00915,2025-02-28,Home & Kitchen,South,1,101.54,0.1,91.39,55.85,0
O104623,C02134,2025-02-28,Beauty,South,1,11.6,0.2,9.28,4.64,0
O106149,C02841,2025-02-28,Beauty,South,1,38.16,0.1,34.34,15.26,0
O101749,C00814,2025-02-28,Books,North,1,23.38,0.0,23.38,11.69,0
O111146,C05190,2025-02-28,Home & Kitchen,West,1,127.51,0.0,127.51,70.13,0
O104985,C02301,2025-02-28,Fashion,East,1,83.91,0.2,67.13,37.76,1
O105308,C02445,2025-02-28,Beauty,West,1,16.89,0.0,16.89,6.76,1
O103828,C01764,2025-02-28,Books,East,2,37.6,0.0,75.2,37.6,0
O106634,C03075,2025-02-28,Beauty,West,1,65.87,0.0,65.87,26.35,0
O102671,C01241,2025-02-28,Home & Kitchen,East,2,40.01,0.1,72.02,44.01,0
O105697,C02634,2025-02-28,Sports,North,1,62.93,0.05,59.78,36.5,0
O112489,C05796,2025-02-28,Fashion,East,1,137.19,0.1,123.47,61.74,0
O107545,C03512,2025-02-28,Home & Kitchen,North,2,79.0,0.0,158.0,86.9,1
O100539,C00260,2025-02-28,Books,North,2,31.01,0.0,62.02,31.01,0
O104840,C02235,2025-03-01,Beauty,East,2,58.51,0.05,111.17,46.81,0
O106949,C03225,2025-03-01,Home & Kitchen,East,1,81.62,0.0,81.62,44.89,1
O107416,C03453,2025-03-01,Books,South,1,27.91,0.0,27.91,13.96,0
O107290,C03392,2025-03-01,Electronics,East,2,171.59,0.1,308.86,247.09,1
O105790,C02676,2025-03-01,Sports,West,1,159.99,0.05,151.99,92.79,0
O109562,C04435,2025-03-01,Fashion,North,2,74.75,0.3,104.65,67.28,0
O112888,C05981,2025-03-01,Fashion,East,1,79.88,0.05,75.89,35.95,0
O111495,C05363,2025-03-01,Electronics,South,3,503.76,0.2,1209.02,1088.12,0
O100796,C00371,2025-03-01,Books,West,1,27.93,0.0,27.93,13.96,0
O108977,C04176,2025-03-01,Beauty,North,1,55.18,0.0,55.18,22.07,0
O107334,C03415,2025-03-01,Beauty,East,1,42.37,0.1,38.13,16.95,0
O110531,C04898,2025-03-01,Home & Kitchen,North,2,129.85,0.0,259.7,142.84,0
O108999,C04186,2025-03-01,Home & Kitchen,South,2,148.96,0.0,297.92,163.86,0
O112633,C05862,2025-03-01,Electronics,South,3,584.82,0.2,1403.57,1263.21,0
O102408,C01118,2025-03-01,Home & Kitchen,West,1,50.92,0.15,43.28,28.01,0
O109924,C04612,2025-03-01,Beauty,East,3,63.58,0.1,171.67,76.3,0
O101013,C00468,2025-03-01,Electronics,South,2,204.76,0.05,389.04,294.85,0
O103383,C01568,2025-03-01,Sports,North,2,92.94,0.0,185.88,107.81,0
O106510,C03019,2025-03-01,Beauty,East,1,61.56,0.0,61.56,24.62,1
O107097,C03294,2025-03-02,Home & Kitchen,West,1,164.58,0.0,164.58,90.52,0
O104615,C02130,2025-03-02,Electronics,West,2,459.71,0.1,827.48,661.98,1
O110536,C04900,2025-03-02,Home & Kitchen,South,2,113.63,0.0,227.26,124.99,0
O110124,C04703,2025-03-02,Fashion,East,3,50.68,0.0,152.04,68.42,0
O100500,C00242,2025-03-02,Beauty,East,2,54.57,0.0,109.14,43.66,0
O112157,C05645,2025-03-02,Beauty,South,2,47.12,0.0,94.24,37.7,0
O107946,C03703,2025-03-02,Home & Kitchen,West,1,109.58,0.2,87.66,60.27,0
O104753,C02197,2025-03-02,Fashion,South,1,108.56,0.0,108.56,48.85,0
O104904,C02266,2025-03-02,Books,North,1,26.68,0.2,21.34,13.34,0
O101219,C00564,2025-03-02,Sports,North,1,37.33,0.3,26.13,21.65,1
O108078,C03761,2025-03-02,Home & Kitchen,North,1,146.19,0.0,146.19,80.4,0
O105524,C02548,2025-03-02,Home & Kitchen,East,1,101.64,0.0,101.64,55.9,0
O101972,C00917,2025-03-02,Fashion,East,1,116.5,0.1,104.85,52.42,0
O111675,C05442,2025-03-02,Sports,South,1,79.96,0.0,79.96,46.38,0
O107738,C03611,2025-03-02,Books,East,1,20.67,0.0,20.67,10.34,0
O109632,C04463,2025-03-02,Books,North,1,10.15,0.05,9.64,5.08,0
O112188,C05661,2025-03-02,Home & Kitchen,North,1,115.86,0.0,115.86,63.72,0
O105825,C02692,2025-03-02,Fashion,North,2,47.14,0.1,84.85,42.43,0
O110551,C04907,2025-03-02,Fashion,East,2,101.89,0.15,173.21,91.7,0
O101694,C00786,2025-03-03,Books,West,1,24.9,0.0,24.9,12.45,0
O102117,C00980,2025-03-03,Electronics,East,2,239.86,0.05,455.73,345.4,1
O103220,C01496,2025-03-03,Home & Kitchen,South,3,104.1,0.15,265.45,171.76,0
O112261,C05692,2025-03-03,Fashion,South,3,37.22,0.05,106.08,50.25,0
O101004,C00464,2025-03-03,Beauty,South,1,23.84,0.2,19.07,9.54,0
O103038,C01415,2025-03-03,Fashion,North,1,27.7,0.0,27.7,12.46,0
O107811,C03646,2025-03-03,Electronics,North,2,205.62,0.0,411.24,296.09,1
O104979,C02299,2025-03-03,Electronics,North,3,408.8,0.0,1226.4,883.01,0
O107357,C03425,2025-03-03,Sports,North,1,117.53,0.1,105.78,68.17,0
O111866,C05527,2025-03-03,Home & Kitchen,West,2,145.5,0.0,291.0,160.05,0
O109178,C04265,2025-03-03,Fashion,East,1,53.95,0.1,48.56,24.28,0
O109515,C04412,2025-03-03,Home & Kitchen,East,2,61.7,0.0,123.4,67.87,0
O109613,C04457,2025-03-03,Fashion,East,1,57.86,0.1,52.07,26.04,0
O109868,C04586,2025-03-03,Beauty,South,2,25.99,0.0,51.98,20.79,0
O110853,C05051,2025-03-03,Sports,South,2,231.07,0.0,462.14,268.04,0
O112614,C05856,2025-03-03,Home & Kitchen,North,2,160.22,0.3,224.31,176.24,0
O105949,C02753,2025-03-03,Beauty,East,1,29.38,0.0,29.38,11.75,0
O102970,C01382,2025-03-03,Sports,South,2,158.16,0.0,316.32,183.47,0
O107901,C03687,2025-03-04,Fashion,West,2,95.15,0.0,190.3,85.64,0
O107546,C03512,2025-03-04,Sports,North,1,208.86,0.0,208.86,121.14,0
O101697,C00787,2025-03-04,Sports,West,2,176.64,0.2,282.62,204.9,0
O109782,C04541,2025-03-04,Books,West,2,11.45,0.2,18.32,11.45,0
O102581,C01202,2025-03-04,Beauty,West,3,14.57,0.05,41.52,17.48,0
O110604,C04936,2025-03-04,Beauty,South,2,11.1,0.15,18.87,8.88,0
O100434,C00211,2025-03-04,Books,South,2,36.56,0.3,51.18,36.56,0
O110333,C04801,2025-03-04,Books,North,2,18.33,0.0,36.66,18.33,0
O111290,C05264,2025-03-04,Fashion,West,2,97.42,0.0,194.84,87.68,0
O108488,C03950,2025-03-04,Fashion,West,2,103.48,0.1,186.26,93.13,0
O112789,C05937,2025-03-04,Sports,North,1,186.09,0.0,186.09,107.93,0
O111391,C05310,2025-03-04,Home & Kitchen,West,3,97.94,0.05,279.13,161.6,0
O108766,C04071,2025-03-04,Home & Kitchen,East,2,172.26,0.0,344.52,189.49,1
O109146,C04251,2025-03-04,Fashion,East,2,126.17,0.2,201.87,113.55,0
O108315,C03864,2025-03-04,Books,South,1,24.64,0.15,20.94,12.32,0
O102672,C01241,2025-03-04,Electronics,East,1,406.25,0.0,406.25,292.5,0
O102809,C01305,2025-03-04,Beauty,North,2,34.45,0.1,62.01,27.56,0
O102224,C01029,2025-03-04,Sports,South,2,106.02,0.0,212.04,122.98,0
O112130,C05634,2025-03-04,Beauty,East,2,28.61,0.05,54.36,22.89,0
O108500,C03955,2025-03-04,Beauty,East,1,38.11,0.0,38.11,15.24,0
O102835,C01318,2025-03-04,Electronics,East,2,509.64,0.3,713.5,733.88,0
O109163,C04259,2025-03-05,Home & Kitchen,East,2,31.27,0.0,62.54,34.4,0
O104389,C02027,2025-03-05,Books,South,2,20.17,0.0,40.34,20.17,0
O103926,C01808,2025-03-05,Beauty,East,2,52.51,0.0,105.02,42.01,0
O102947,C01373,2025-03-05,Home & Kitchen,East,1,96.14,0.0,96.14,52.88,0
O111277,C05257,2025-03-05,Fashion,East,1,117.6,0.0,117.6,52.92,0
O101065,C00490,2025-03-05,Sports,South,1,159.57,0.05,151.59,92.55,0
O101527,C00706,2025-03-05,Beauty,North,3,57.67,0.0,173.01,69.2,0
O111192,C05214,2025-03-05,Fashion,East,2,22.54,0.0,45.08,20.29,0
O103814,C01758,2025-03-05,Home & Kitchen,West,2,49.71,0.3,69.59,54.68,0
O101451,C00665,2025-03-05,Books,North,2,17.59,0.1,31.66,17.59,0
O112499,C05802,2025-03-05,Fashion,South,1,102.88,0.0,102.88,46.3,1
O105371,C02473,2025-03-05,Home & Kitchen,West,1,28.88,0.1,25.99,15.88,0
O103417,C01581,2025-03-05,Sports,East,1,171.23,0.0,171.23,99.31,0
O106311,C02923,2025-03-05,Fashion,East,3,108.21,0.0,324.63,146.08,0
O102005,C00929,2025-03-05,Electronics,North,1,349.33,0.2,279.46,251.52,0
O111287,C05263,2025-03-05,Beauty,West,3,47.04,0.3,98.78,56.45,0
O109866,C04585,2025-03-05,Electronics,East,1,129.44,0.1,116.5,93.2,0
O107201,C03347,2025-03-05,Sports,West,3,141.42,0.05,403.05,246.07,0
O106366,C02947,2025-03-05,Beauty,North,1,68.25,0.0,68.25,27.3,0
O111714,C05459,2025-03-05,Books,East,1,28.65,0.1,25.79,14.32,0
O108468,C03938,2025-03-05,Fashion,East,2,97.42,0.1,175.36,87.68,0
O101677,C00779,2025-03-05,Home & Kitchen,East,1,79.37,0.0,79.37,43.65,0
O111346,C05289,2025-03-06,Beauty,South,2,14.45,0.0,28.9,11.56,0
O100392,C00193,2025-03-06,Home & Kitchen,East,2,163.36,0.3,228.7,179.7,0
O112844,C05962,2025-03-06,Sports,South,1,226.5,0.1,203.85,131.37,0
O102351,C01091,2025-03-06,Fashion,North,3,52.69,0.0,158.07,71.13,0
O102084,C00967,2025-03-06,Fashion,South,1,135.68,0.0,135.68,61.06,0
O101877,C00876,2025-03-06,Beauty,South,2,68.31,0.0,136.62,54.65,0
O110629,C04947,2025-03-06,Home & Kitchen,West,2,74.08,0.0,148.16,81.49,0
O101070,C00494,2025-03-06,Sports,East,2,149.9,0.0,299.8,173.88,0
O112883,C05980,2025-03-06,Electronics,East,1,358.98,0.1,323.08,258.47,1
O112262,C05692,2025-03-06,Electronics,South,3,282.98,0.0,848.94,611.24,1
O100286,C00137,2025-03-06,Fashion,West,1,85.02,0.0,85.02,38.26,0
O108715,C04050,2025-03-06,Beauty,South,3,53.82,0.0,161.46,64.58,0
O101128,C00520,2025-03-06,Fashion,East,3,106.97,0.15,272.77,144.41,1
O106769,C03137,2025-03-06,Home & Kitchen,West,1,145.82,0.0,145.82,80.2,0
O103478,C01608,2025-03-06,Fashion,North,1,74.17,0.0,74.17,33.38,0
O102756,C01286,2025-03-06,Books,North,1,16.84,0.0,16.84,8.42,0
O110572,C04917,2025-03-06,Home & Kitchen,West,1,64.77,0.0,64.77,35.62,0
O103400,C01576,2025-03-06,Sports,North,1,93.15,0.0,93.15,54.03,0
O104718,C02183,2025-03-06,Home & Kitchen,North,1,177.83,0.0,177.83,97.81,0
O111923,C05551,2025-03-06,Electronics,East,3,175.02,0.0,525.06,378.04,0
O109718,C04508,2025-03-06,Home & Kitchen,West,1,147.06,0.0,147.06,80.88,0
O109757,C04530,2025-03-06,Books,North,2,11.68,0.0,23.36,11.68,0
O106727,C03115,2025-03-06,Fashion,South,3,96.33,0.0,288.99,130.05,0
O104385,C02026,2025-03-07,Fashion,East,2,113.74,0.0,227.48,102.37,0
O103242,C01505,2025-03-07,Fashion,North,1,29.61,0.1,26.65,13.32,1
O100075,C00036,2025-03-07,Electronics,East,1,424.5,0.1,382.05,305.64,0
O104511,C02085,2025-03-07,Electronics,West,1,231.86,0.15,197.08,166.94,0
O100918,C00426,2025-03-07,Home & Kitchen,East,3,111.75,0.0,335.25,184.39,0
O107796,C03637,2025-03-07,Home & Kitchen,North,1,146.42,0.0,146.42,80.53,0
O107977,C03717,2025-03-07,Home & Kitchen,East,3,160.66,0.0,481.98,265.09,1
O101245,C00572,2025-03-07,Home & Kitchen,North,2,31.99,0.2,51.18,35.19,0
O110403,C04833,2025-03-07,Home & Kitchen,North,1,81.78,0.0,81.78,44.98,0
O112593,C05849,2025-03-07,Sports,East,2,159.9,0.0,319.8,185.48,0
O111880,C05531,2025-03-07,Sports,East,3,149.51,0.0,448.53,260.15,0
O104601,C02124,2025-03-07,Sports,East,3,208.58,0.0,625.74,362.93,0
O111012,C05127,2025-03-07,Home & Kitchen,South,1,72.32,0.0,72.32,39.78,0
O101893,C00883,2025-03-07,Sports,East,1,120.47,0.0,120.47,69.87,0
O105480,C02524,2025-03-07,Beauty,East,1,58.51,0.0,58.51,23.4,0
O102986,C01388,2025-03-07,Electronics,North,2,365.0,0.3,511.0,525.6,0
O101933,C00900,2025-03-07,Home & Kitchen,North,2,156.96,0.0,313.92,172.66,0
O104629,C02135,2025-03-07,Electronics,West,2,477.82,0.0,955.64,688.06,0
O101880,C00877,2025-03-07,Electronics,North,1,519.95,0.1,467.96,374.36,0
O111749,C05471,2025-03-08,Electronics,South,1,384.68,0.05,365.45,276.97,0
O106850,C03177,2025-03-08,Fashion,East,1,72.49,0.0,72.49,32.62,0
O103564,C01644,2025-03-08,Home & Kitchen,North,2,33.12,0.0,66.24,36.43,0
O109745,C04523,2025-03-08,Home & Kitchen,South,3,65.46,0.1,176.74,108.01,0
O103410,C01580,2025-03-08,Electronics,North,2,176.82,0.0,353.64,254.62,1
O102617,C01216,2025-03-08,Home & Kitchen,North,1,38.2,0.1,34.38,21.01,0
O107254,C03374,2025-03-08,Books,East,1,26.68,0.0,26.68,13.34,0
O105245,C02419,2025-03-08,Home & Kitchen,North,1,131.33,0.0,131.33,72.23,0
O107742,C03613,2025-03-08,Fashion,East,2,57.18,0.0,114.36,51.46,0
O112049,C05605,2025-03-08,Books,East,1,15.1,0.0,15.1,7.55,0
O112135,C05636,2025-03-08,Home & Kitchen,South,2,97.06,0.1,174.71,106.77,0
O109046,C04210,2025-03-08,Sports,East,1,115.57,0.0,115.57,67.03,0
O106416,C02971,2025-03-08,Sports,South,1,196.47,0.0,196.47,113.95,0
O109459,C04390,2025-03-08,Sports,North,2,88.68,0.0,177.36,102.87,0
O108256,C03838,2025-03-08,Fashion,East,3,92.08,0.0,276.24,124.31,0
O102118,C00980,2025-03-08,Fashion,East,1,61.6,0.05,58.52,27.72,0
O103834,C01767,2025-03-08,Fashion,East,2,73.63,0.2,117.81,66.27,0
O111461,C05342,2025-03-08,Books,East,1,20.71,0.0,20.71,10.36,0
O108538,C03971,2025-03-08,Books,East,1,15.83,0.0,15.83,7.92,0
O107924,C03697,2025-03-09,Electronics,South,3,328.73,0.0,986.19,710.06,0
O110391,C04828,2025-03-09,Home & Kitchen,North,1,25.78,0.0,25.78,14.18,0
O101693,C00785,2025-03-09,Fashion,East,1,99.08,0.0,99.08,44.59,0
O110409,C04836,2025-03-09,Fashion,South,2,82.0,0.0,164.0,73.8,0
O101365,C00625,2025-03-09,Beauty,East,1,38.86,0.0,38.86,15.54,0
O101027,C00474,2025-03-09,Books,South,1,24.83,0.05,23.59,12.42,0
O109284,C04310,2025-03-09,Beauty,South,1,11.51,0.1,10.36,4.6,0
O104108,C01897,2025-03-09,Sports,North,2,132.1,0.1,237.78,153.24,0
O102982,C01387,2025-03-09,Home & Kitchen,South,2,115.44,0.0,230.88,126.98,0
O112068,C05615,2025-03-09,Home & Kitchen,North,3,40.67,0.0,122.01,67.11,0
O104378,C02024,2025-03-09,Books,East,1,31.71,0.0,31.71,15.86,0
O108126,C03782,2025-03-09,Electronics,South,1,453.11,0.0,453.11,326.24,0
O104795,C02213,2025-03-09,Electronics,West,2,371.53,0.1,668.75,535.0,0
O104616,C02130,2025-03-09,Home & Kitchen,West,1,57.86,0.3,40.5,31.82,0
O103590,C01654,2025-03-09,Sports,North,2,47.65,0.15,81.0,55.27,0
O102554,C01188,2025-03-09,Home & Kitchen,North,2,126.66,0.0,253.32,139.33,0
O103548,C01636,2025-03-09,Home & Kitchen,North,1,106.07,0.05,100.77,58.34,0
O107679,C03584,2025-03-09,Home & Kitchen,North,1,31.94,0.15,27.15,17.57,0
O105181,C02395,2025-03-09,Home & Kitchen,South,1,132.31,0.0,132.31,72.77,0
O106423,C02973,2025-03-09,Home & Kitchen,East,1,61.23,0.0,61.23,33.68,0
O103292,C01525,2025-03-09,Electronics,East,1,244.94,0.15,208.2,176.36,0
O107756,C03619,2025-03-09,Electronics,North,2,590.97,0.1,1063.75,851.0,0
O110770,C05013,2025-03-09,Sports,East,1,74.31,0.0,74.31,43.1,1
O103358,C01554,2025-03-10,Electronics,East,3,358.46,0.05,1021.61,774.27,0
O106136,C02834,2025-03-10,Fashion,East,1,33.85,0.0,33.85,15.23,0
O111445,C05333,2025-03-10,Fashion,North,1,114.26,0.15,97.12,51.42,1
O105449,C02508,2025-03-10,Electronics,South,3,264.65,0.0,793.95,571.64,0
O110661,C04962,2025-03-10,Books,North,2,36.86,0.0,73.72,36.86,1
O103401,C01576,2025-03-10,Fashion,North,3,29.99,0.1,80.97,40.49,0
O104216,C01952,2025-03-10,Beauty,East,2,56.44,0.0,112.88,45.15,0
O109729,C04512,2025-03-10,Fashion,East,1,49.23,0.0,49.23,22.15,0
O105911,C02737,2025-03-10,Beauty,East,3,48.29,0.0,144.87,57.95,0
O110829,C05038,2025-03-10,Books,South,1,9.23,0.2,7.38,4.62,0
O106200,C02867,2025-03-10,Home & Kitchen,West,3,141.14,0.0,423.42,232.88,0
O104173,C01928,2025-03-10,Electronics,South,1,153.72,0.0,153.72,110.68,0
O101552,C00720,2025-03-10,Beauty,South,2,13.79,0.0,27.58,11.03,0
O106489,C03007,2025-03-10,Beauty,East,2,32.91,0.05,62.53,26.33,0
O105510,C02539,2025-03-10,Fashion,South,2,133.28,0.05,253.23,119.95,0
O107586,C03531,2025-03-10,Books,North,3,36.12,0.0,108.36,54.18,0
O102782,C01296,2025-03-10,Fashion,South,1,125.2,0.0,125.2,56.34,0
O107712,C03600,2025-03-11,Beauty,South,3,55.52,0.0,166.56,66.62,0
O107734,C03609,2025-03-11,Home & Kitchen,North,2,161.93,0.1,291.47,178.12,0
O102158,C01000,2025-03-11,Sports,North,2,187.62,0.0,375.24,217.64,0
O100477,C00229,2025-03-11,Electronics,East,1,379.47,0.0,379.47,273.22,0
O109945,C04621,2025-03-11,Fashion,South,2,48.9,0.05,92.91,44.01,0
O100692,C00330,2025-03-11,Electronics,North,2,327.05,0.15,555.99,470.95,0
O104453,C02060,2025-03-11,Home & Kitchen,North,2,61.52,0.0,123.04,67.67,0
O106408,C02968,2025-03-11,Electronics,South,1,453.83,0.0,453.83,326.76,0
O103606,C01661,2025-03-11,Electronics,East,3,554.89,0.0,1664.67,1198.56,0
O100346,C00170,2025-03-11,Electronics,East,1,250.02,0.2,200.02,180.01,0
O112027,C05597,2025-03-11,Books,East,1,22.42,0.0,22.42,11.21,0
O100680,C00323,2025-03-11,Electronics,East,3,517.7,0.05,1475.45,1118.23,0
O104090,C01885,2025-03-11,Fashion,West,2,32.48,0.1,58.46,29.23,0
O106272,C02904,2025-03-11,Fashion,East,1,50.06,0.05,47.56,22.53,1
O112625,C05858,2025-03-11,Beauty,West,2,64.99,0.0,129.98,51.99,0
O111731,C05464,2025-03-11,Fashion,West,2,110.16,0.05,209.3,99.14,0
O110308,C04790,2025-03-11,Home & Kitchen,North,1,106.68,0.0,106.68,58.67,0
O107930,C03698,2025-03-11,Fashion,North,2,45.08,0.05,85.65,40.57,0
O102882,C01344,2025-03-11,Fashion,North,2,134.34,0.0,268.68,120.91,0
O109376,C04351,2025-03-12,Electronics,North,1,470.66,0.0,470.66,338.88,0
O109876,C04589,2025-03-12,Books,East,1,17.74,0.05,16.85,8.87,0
O105347,C02463,2025-03-12,Home & Kitchen,North,2,127.73,0.2,204.37,140.5,0
O101366,C00625,2025-03-12,Fashion,East,1,75.47,0.0,75.47,33.96,0
O101886,C00879,2025-03-12,Fashion,North,1,72.36,0.1,65.12,32.56,0
O101206,C00561,2025-03-12,Fashion,East,1,94.74,0.3,66.32,42.63,0
O107821,C03651,2025-03-12,Electronics,East,1,309.53,0.05,294.05,222.86,0
O111932,C05555,2025-03-12,Beauty,East,1,30.73,0.3,21.51,12.29,0
O110926,C05085,2025-03-12,Sports,North,1,166.02,0.3,116.21,96.29,0
O105227,C02414,2025-03-12,Sports,North,2,229.91,0.05,436.83,266.7,0
O109938,C04618,2025-03-12,Home & Kitchen,East,1,123.9,0.0,123.9,68.15,0
O104643,C02144,2025-03-12,Home & Kitchen,West,1,63.7,0.0,63.7,35.04,0
O109450,C04384,2025-03-12,Books,North,2,21.19,0.0,42.38,21.19,0
O112370,C05742,2025-03-12,Beauty,East,2,47.44,0.0,94.88,37.95,0
O103756,C01728,2025-03-12,Beauty,North,1,42.95,0.2,34.36,17.18,0
O107227,C03360,2025-03-12,Home & Kitchen,South,1,147.68,0.0,147.68,81.22,0
O104277,C01982,2025-03-12,Sports,North,2,73.23,0.0,146.46,84.95,0
O104197,C01941,2025-03-12,Electronics,West,2,343.92,0.0,687.84,495.24,0
O108439,C03927,2025-03-12,Home & Kitchen,North,1,86.44,0.1,77.8,47.54,0
O106367,C02947,2025-03-12,Fashion,North,3,23.62,0.3,49.6,31.89,0
O110140,C04708,2025-03-12,Fashion,South,2,98.87,0.0,197.74,88.98,0
O110696,C04980,2025-03-12,Fashion,South,2,44.63,0.0,89.26,40.17,0
O105176,C02393,2025-03-12,Fashion,West,2,54.16,0.2,86.66,48.74,0
O108669,C04031,2025-03-12,Fashion,North,3,109.59,0.0,328.77,147.95,0
O104158,C01920,2025-03-12,Books,South,2,30.14,0.2,48.22,30.14,0
O101769,C00825,2025-03-12,Home & Kitchen,East,1,122.35,0.0,122.35,67.29,0
O108020,C03733,2025-03-12,Fashion,West,2,98.29,0.0,196.58,88.46,0
O105511,C02539,2025-03-12,Books,South,3,36.09,0.3,75.79,54.14,0
O101654,C00767,2025-03-13,Sports,East,1,143.49,0.05,136.32,83.22,0
O110178,C04726,2025-03-13,Fashion,South,1,130.07,0.05,123.57,58.53,0
O110864,C05059,2025-03-13,Beauty,East,1,45.87,0.0,45.87,18.35,0
O105877,C02719,2025-03-13,Beauty,North,2,29.51,0.3,41.31,23.61,0
O109651,C04473,2025-03-13,Electronics,South,2,436.66,0.1,785.99,628.79,0
O104000,C01842,2025-03-13,Books,South,1,25.9,0.0,25.9,12.95,0
O111562,C05389,2025-03-13,Home & Kitchen,South,1,68.28,0.05,64.87,37.55,0
O102575,C01200,2025-03-13,Books,North,1,27.39,0.2,21.91,13.7,0
O100723,C00343,2025-03-13,Electronics,North,2,168.36,0.0,336.72,242.44,0
O104064,C01873,2025-03-13,Home & Kitchen,East,1,75.48,0.15,64.16,41.51,0
O105803,C02683,2025-03-13,Sports,North,1,78.56,0.0,78.56,45.56,0
O101920,C00896,2025-03-13,Beauty,East,2,31.02,0.0,62.04,24.82,0
O111278,C05257,2025-03-13,Electronics,East,1,580.8,0.0,580.8,418.18,0
O107335,C03415,2025-03-13,Sports,East,1,225.26,0.3,157.68,130.65,0
O112285,C05701,2025-03-13,Beauty,North,2,29.8,0.0,59.6,23.84,0
O111312,C05275,2025-03-13,Home & Kitchen,North,1,78.21,0.0,78.21,43.02,0
O112539,C05821,2025-03-13,Beauty,South,1,34.52,0.0,34.52,13.81,0
O107717,C03602,2025-03-13,Home & Kitchen,North,1,162.32,0.3,113.62,89.28,0
O102971,C01382,2025-03-13,Fashion,South,3,41.57,0.0,124.71,56.12,0
O104644,C02144,2025-03-13,Beauty,West,1,12.81,0.0,12.81,5.12,0
O100322,C00159,2025-03-13,Fashion,West,1,101.38,0.0,101.38,45.62,0
O102983,C01387,2025-03-13,Fashion,South,1,81.63,0.2,65.3,36.73,0
O107266,C03380,2025-03-13,Electronics,South,2,308.12,0.0,616.24,443.69,0
O106836,C03170,2025-03-14,Sports,East,3,142.79,0.0,428.37,248.45,0
O101824,C00850,2025-03-14,Fashion,South,1,25.19,0.1,22.67,11.34,0
O105420,C02494,2025-03-14,Books,South,2,8.23,0.0,16.46,8.23,0
O106302,C02921,2025-03-14,Home & Kitchen,South,1,119.52,0.0,119.52,65.74,0
O111114,C05171,2025-03-14,Books,West,3,19.96,0.15,50.9,29.94,0
O102600,C01211,2025-03-14,Beauty,East,1,39.6,0.05,37.62,15.84,0
O107352,C03423,2025-03-14,Beauty,East,2,59.34,0.0,118.68,47.47,0
O101610,C00746,2025-03-14,Beauty,East,1,37.28,0.1,33.55,14.91,0
O104491,C02077,2025-03-14,Electronics,South,1,154.7,0.05,146.96,111.38,0
O111957,C05568,2025-03-14,Fashion,South,2,48.76,0.0,97.52,43.88,0
O106110,C02825,2025-03-14,Beauty,South,3,48.45,0.0,145.35,58.14,0
O112178,C05656,2025-03-14,Fashion,North,1,110.43,0.0,110.43,49.69,0
O108034,C03738,2025-03-15,Electronics,East,1,128.55,0.05,122.12,92.56,0
O110338,C04802,2025-03-15,Electronics,West,1,468.69,0.0,468.69,337.46,0
O102267,C01048,2025-03-15,Beauty,North,1,19.93,0.05,18.93,7.97,0
O108056,C03751,2025-03-15,Home & Kitchen,North,2,48.5,0.05,92.15,53.35,0
O102136,C00987,2025-03-15,Home & Kitchen,North,1,168.6,0.3,118.02,92.73,0
O102153,C00997,2025-03-15,Fashion,North,1,134.39,0.0,134.39,60.48,0
O112406,C05759,2025-03-15,Electronics,South,2,377.77,0.15,642.21,543.99,0
O109426,C04373,2025-03-15,Beauty,East,1,29.72,0.0,29.72,11.89,0
O100280,C00134,2025-03-15,Beauty,North,2,34.85,0.05,66.22,27.88,0
O102062,C00956,2025-03-15,Fashion,East,3,53.83,0.0,161.49,72.67,0
O102057,C00953,2025-03-15,Sports,West,2,34.59,0.0,69.18,40.12,0
O102566,C01195,2025-03-15,Sports,North,1,76.27,0.15,64.83,44.24,0
O103954,C01820,2025-03-15,Books,East,1,15.95,0.2,12.76,7.98,0
O109021,C04196,2025-03-15,Home & Kitchen,West,1,111.96,0.0,111.96,61.58,0
O109098,C04233,2025-03-15,Sports,North,1,52.37,0.0,52.37,30.37,0
O111496,C05363,2025-03-15,Beauty,South,1,68.2,0.0,68.2,27.28,0
O102836,C01318,2025-03-15,Electronics,East,3,506.06,0.05,1442.27,1093.09,0
O101310,C00601,2025-03-15,Fashion,South,2,80.48,0.3,112.67,72.43,0
O103612,C01664,2025-03-15,Fashion,North,1,104.4,0.0,104.4,46.98,1
O108719,C04051,2025-03-15,Beauty,West,1,12.45,0.0,12.45,4.98,0
O112325,C05722,2025-03-15,Fashion,South,1,97.8,0.1,88.02,44.01,0
O106670,C03092,2025-03-15,Sports,North,1,200.5,0.1,180.45,116.29,0
O104711,C02179,2025-03-15,Home & Kitchen,East,2,156.04,0.1,280.87,171.64,0
O106526,C03026,2025-03-15,Home & Kitchen,West,2,148.14,0.15,251.84,162.95,0
O106715,C03110,2025-03-15,Electronics,East,1,321.25,0.0,321.25,231.3,0
O107091,C03292,2025-03-15,Fashion,West,3,35.78,0.05,101.97,48.3,0
O104232,C01958,2025-03-15,Home & Kitchen,North,2,70.71,0.0,141.42,77.78,0
O105688,C02629,2025-03-15,Fashion,North,1,81.74,0.1,73.57,36.78,0
O107031,C03265,2025-03-15,Fashion,South,2,104.58,0.1,188.24,94.12,0
O104821,C02226,2025-03-15,Home & Kitchen,South,1,32.98,0.0,32.98,18.14,0
O107115,C03303,2025-03-15,Books,East,1,11.56,0.0,11.56,5.78,0
O111155,C05195,2025-03-16,Fashion,West,3,127.67,0.0,383.01,172.35,0
O108257,C03838,2025-03-16,Fashion,East,2,71.96,0.0,143.92,64.76,0
O102480,C01152,2025-03-16,Sports,East,2,221.01,0.0,442.02,256.37,0
O111072,C05152,2025-03-16,Electronics,East,2,507.86,0.0,1015.72,731.32,1
O111020,C05130,2025-03-16,Sports,South,1,221.74,0.2,177.39,128.61,0
O111001,C05123,2025-03-16,Home & Kitchen,East,1,122.32,0.0,122.32,67.28,0
O110999,C05122,2025-03-16,Beauty,East,3,16.02,0.1,43.25,19.22,0
O103971,C01829,2025-03-16,Sports,East,2,217.78,0.0,435.56,252.62,0
O102783,C01296,2025-03-16,Fashion,South,2,33.77,0.0,67.54,30.39,0
O110848,C05048,2025-03-16,Electronics,West,1,205.91,0.0,205.91,148.26,0
O106193,C02864,2025-03-16,Sports,East,1,204.95,0.2,163.96,118.87,1
O106278,C02907,2025-03-16,Sports,East,1,158.82,0.0,158.82,92.12,0
O110517,C04890,2025-03-16,Home & Kitchen,East,1,157.87,0.3,110.51,86.83,0
O108337,C03876,2025-03-16,Sports,East,1,131.9,0.1,118.71,76.5,0
O112490,C05796,2025-03-16,Home & Kitchen,East,2,130.41,0.0,260.82,143.45,0
O103552,C01638,2025-03-16,Beauty,East,1,13.28,0.0,13.28,5.31,0
O102023,C00937,2025-03-16,Electronics,South,2,470.25,0.2,752.4,677.16,0
O111340,C05287,2025-03-16,Electronics,South,1,125.09,0.15,106.33,90.06,0
O112859,C05968,2025-03-17,Sports,South,1,200.55,0.1,180.5,116.32,0
O106155,C02844,2025-03-17,Home & Kitchen,East,1,49.02,0.0,49.02,26.96,0
O110068,C04676,2025-03-17,Electronics,East,1,574.05,0.3,401.83,413.32,0
O111125,C05177,2025-03-17,Electronics,East,3,304.45,0.0,913.35,657.61,0
O101422,C00651,2025-03-17,Sports,South,2,248.7,0.0,497.4,288.49,0
O112227,C05679,2025-03-17,Electronics,East,1,220.33,0.0,220.33,158.64,0
O112234,C05680,2025-03-17,Books,East,3,26.66,0.0,79.98,39.99,0
O112103,C05627,2025-03-17,Books,South,1,21.07,0.0,21.07,10.54,0
O109823,C04561,2025-03-17,Home & Kitchen,West,2,65.23,0.0,130.46,71.75,0
O106728,C03115,2025-03-17,Sports,South,1,56.05,0.05,53.25,32.51,0
O107407,C03449,2025-03-17,Home & Kitchen,East,1,114.78,0.0,114.78,63.13,0
O107238,C03367,2025-03-17,Books,South,1,26.86,0.0,26.86,13.43,0
O109576,C04442,2025-03-17,Fashion,West,2,88.89,0.0,177.78,80.0,0
O104719,C02183,2025-03-17,Fashion,North,3,62.84,0.05,179.09,84.83,0
O108377,C03895,2025-03-17,Home & Kitchen,North,1,157.83,0.0,157.83,86.81,0
O110563,C04914,2025-03-17,Electronics,West,1,347.44,0.1,312.7,250.16,0
O109784,C04542,2025-03-17,Books,South,1,9.75,0.05,9.26,4.88,0
O108072,C03758,2025-03-17,Fashion,West,1,103.51,0.0,103.51,46.58,0
O100473,C00228,2025-03-17,Home & Kitchen,North,1,87.98,0.1,79.18,48.39,0
O109787,C04544,2025-03-18,Books,West,1,17.93,0.0,17.93,8.96,0
O111762,C05476,2025-03-18,Beauty,North,1,35.26,0.2,28.21,14.1,0
O109219,C04281,2025-03-18,Home & Kitchen,East,2,134.81,0.05,256.14,148.29,0
O110871,C05062,2025-03-18,Beauty,North,1,28.76,0.1,25.88,11.5,0
O105935,C02746,2025-03-18,Beauty,North,1,53.8,0.2,43.04,21.52,0
O109313,C04323,2025-03-18,Fashion,South,3,33.42,0.0,100.26,45.12,0
O102943,C01372,2025-03-18,Home & Kitchen,North,2,153.32,0.1,275.98,168.65,0
O107381,C03436,2025-03-18,Home & Kitchen,South,1,154.42,0.3,108.09,84.93,0
O102932,C01365,2025-03-18,Electronics,East,2,564.32,0.0,1128.64,812.62,0
O102542,C01181,2025-03-18,Sports,East,1,65.69,0.0,65.69,38.1,0
O108520,C03964,2025-03-18,Books,South,1,21.17,0.15,17.99,10.58,0
O107107,C03299,2025-03-18,Sports,North,3,244.2,0.0,732.6,424.91,0
O105078,C02343,2025-03-18,Home & Kitchen,West,1,112.13,0.3,78.49,61.67,0
O112467,C05785,2025-03-18,Home & Kitchen,East,3,91.69,0.0,275.07,151.29,0
O111860,C05525,2025-03-18,Electronics,North,2,525.35,0.0,1050.7,756.5,0
O102187,C01014,2025-03-18,Home & Kitchen,North,3,42.35,0.2,101.64,69.88,0
O101686,C00783,2025-03-18,Fashion,West,1,92.25,0.0,92.25,41.51,0
O111447,C05335,2025-03-18,Sports,North,2,213.27,0.0,426.54,247.39,0
O107466,C03477,2025-03-18,Fashion,East,1,50.66,0.2,40.53,22.8,0
O111416,C05321,2025-03-18,Sports,North,2,189.13,0.05,359.35,219.39,0
O104014,C01848,2025-03-18,Electronics,East,1,481.06,0.0,481.06,346.36,0
O106394,C02962,2025-03-19,Home & Kitchen,North,1,81.54,0.0,81.54,44.85,0
O111428,C05326,2025-03-19,Beauty,North,3,33.63,0.0,100.89,40.36,0
O107195,C03344,2025-03-19,Beauty,South,1,52.61,0.15,44.72,21.04,0
O110924,C05084,2025-03-19,Electronics,East,2,334.09,0.0,668.18,481.09,0
O112056,C05609,2025-03-19,Books,North,2,29.53,0.0,59.06,29.53,0
O108381,C03897,2025-03-19,Electronics,West,2,127.7,0.0,255.4,183.89,0
O109270,C04303,2025-03-19,Beauty,West,3,65.22,0.0,195.66,78.26,0
O108832,C04106,2025-03-19,Beauty,North,3,67.95,0.0,203.85,81.54,0
O112717,C05906,2025-03-19,Sports,North,3,136.73,0.0,410.19,237.91,0
O102567,C01196,2025-03-19,Fashion,East,2,90.16,0.1,162.29,81.14,0
O112642,C05866,2025-03-19,Electronics,South,1,465.56,0.2,372.45,335.2,0
O112833,C05959,2025-03-19,Fashion,North,1,132.93,0.15,112.99,59.82,0
O112474,C05788,2025-03-19,Beauty,East,1,49.62,0.0,49.62,19.85,0
O101519,C00702,2025-03-19,Electronics,North,3,591.2,0.05,1684.92,1276.99,1
O100791,C00368,2025-03-20,Home & Kitchen,East,1,35.23,0.2,28.18,19.38,0
O110411,C04837,2025-03-20,Electronics,North,3,477.44,0.05,1360.7,1031.27,0
O107258,C03376,2025-03-20,Fashion,North,1,90.83,0.0,90.83,40.87,1
O112228,C05679,2025-03-20,Fashion,East,3,92.17,0.0,276.51,124.43,0
O107913,C03692,2025-03-20,Electronics,North,2,197.07,0.0,394.14,283.78,0
O112117,C05631,2025-03-20,Home & Kitchen,East,1,54.57,0.0,54.57,30.01,0
O102437,C01135,2025-03-20,Electronics,East,1,486.31,0.0,486.31,350.14,0
O103424,C01585,2025-03-20,Fashion,East,1,63.91,0.0,63.91,28.76,0
O108422,C03920,2025-03-20,Sports,East,1,91.83,0.05,87.24,53.26,0
O111707,C05456,2025-03-20,Books,North,1,11.58,0.15,9.84,5.79,0
O106491,C03009,2025-03-20,Home & Kitchen,East,1,159.17,0.0,159.17,87.54,0
O110309,C04790,2025-03-20,Home & Kitchen,North,1,88.93,0.05,84.48,48.91,0
O101394,C00638,2025-03-20,Home & Kitchen,North,2,125.42,0.15,213.21,137.96,0
O107607,C03546,2025-03-20,Sports,West,1,247.58,0.0,247.58,143.6,0
O102510,C01168,2025-03-20,Electronics,South,1,341.9,0.1,307.71,246.17,0
O103562,C01643,2025-03-20,Fashion,South,3,20.48,0.0,61.44,27.65,0
O109639,C04466,2025-03-21,Beauty,North,1,62.35,0.0,62.35,24.94,0
O106752,C03129,2025-03-21,Home & Kitchen,East,1,163.6,0.1,147.24,89.98,0
O100744,C00351,2025-03-21,Electronics,North,1,276.66,0.0,276.66,199.2,0
O107338,C03417,2025-03-21,Home & Kitchen,South,2,51.57,0.1,92.83,56.73,1
O105962,C02760,2025-03-21,Electronics,North,3,391.61,0.0,1174.83,845.88,0
O108561,C03981,2025-03-21,Books,West,2,14.08,0.0,28.16,14.08,0
O109254,C04297,2025-03-21,Electronics,East,1,128.05,0.0,128.05,92.2,0
O104588,C02118,2025-03-21,Home & Kitchen,East,1,77.3,0.0,77.3,42.52,0
O103607,C01662,2025-03-21,Home & Kitchen,West,2,69.41,0.0,138.82,76.35,0
O105111,C02359,2025-03-21,Fashion,South,1,73.38,0.0,73.38,33.02,0
O109476,C04396,2025-03-21,Fashion,West,1,135.75,0.0,135.75,61.09,0
O110556,C04910,2025-03-21,Fashion,South,1,98.09,0.0,98.09,44.14,0
O105933,C02745,2025-03-21,Electronics,East,1,272.33,0.0,272.33,196.08,0
O107169,C03331,2025-03-21,Home & Kitchen,South,1,120.29,0.0,120.29,66.16,0
O110867,C05060,2025-03-21,Electronics,West,1,235.02,0.0,235.02,169.21,0
O104347,C02010,2025-03-21,Electronics,South,2,483.06,0.0,966.12,695.61,0
O105880,C02721,2025-03-21,Fashion,East,1,63.45,0.1,57.11,28.55,0
O111231,C05233,2025-03-21,Fashion,West,3,131.85,0.3,276.88,178.0,0
O104396,C02032,2025-03-21,Electronics,West,2,518.65,0.05,985.43,746.86,0
O105689,C02629,2025-03-21,Fashion,North,3,121.25,0.15,309.19,163.69,0
O109132,C04245,2025-03-21,Home & Kitchen,South,1,33.28,0.0,33.28,18.3,0
O103329,C01540,2025-03-21,Sports,South,3,85.16,0.0,255.48,148.18,0
O100267,C00129,2025-03-21,Sports,East,1,204.6,0.3,143.22,118.67,0
O112120,C05632,2025-03-21,Books,East,2,31.42,0.3,43.99,31.42,0
O100268,C00130,2025-03-21,Sports,West,2,88.94,0.0,177.88,103.17,0
O108425,C03922,2025-03-22,Home & Kitchen,East,1,137.62,0.0,137.62,75.69,1
O108335,C03875,2025-03-22,Electronics,North,2,216.11,0.1,389.0,311.2,0
O100697,C00331,2025-03-22,Electronics,West,2,433.47,0.0,866.94,624.2,0
O106635,C03075,2025-03-22,Home & Kitchen,West,2,162.8,0.0,325.6,179.08,0
O102582,C01202,2025-03-22,Beauty,West,2,41.49,0.0,82.98,33.19,0
O104754,C02197,2025-03-22,Beauty,South,2,61.52,0.0,123.04,49.22,0
O100555,C00269,2025-03-22,Sports,West,3,180.01,0.15,459.03,313.22,0
O104427,C02048,2025-03-22,Home & Kitchen,West,3,167.7,0.0,503.1,276.7,0
O110633,C04948,2025-03-22,Electronics,South,1,476.39,0.0,476.39,343.0,0
O109089,C04228,2025-03-22,Home & Kitchen,South,2,62.4,0.2,99.84,68.64,0
O102959,C01379,2025-03-22,Beauty,West,2,18.6,0.1,33.48,14.88,0
O109530,C04417,2025-03-22,Beauty,North,3,67.26,0.1,181.6,80.71,0
O109665,C04480,2025-03-22,Home & Kitchen,West,1,51.15,0.0,51.15,28.13,1
O106870,C03185,2025-03-22,Sports,North,1,171.01,0.05,162.46,99.19,0
O104006,C01846,2025-03-22,Electronics,South,1,247.3,0.2,197.84,178.06,0
O103170,C01473,2025-03-22,Books,East,2,22.51,0.05,42.77,22.51,0
O106187,C02860,2025-03-22,Books,North,3,14.29,0.15,36.44,21.44,0
O107561,C03522,2025-03-22,Beauty,South,2,16.7,0.0,33.4,13.36,0
O105081,C02345,2025-03-22,Fashion,South,1,22.47,0.0,22.47,10.11,0
O112428,C05768,2025-03-22,Fashion,West,2,69.79,0.0,139.58,62.81,0
O103810,C01755,2025-03-22,Sports,West,1,89.97,0.3,62.98,52.18,0
O104284,C01985,2025-03-22,Fashion,South,1,135.14,0.1,121.63,60.81,0
O112594,C05849,2025-03-22,Sports,East,1,195.88,0.15,166.5,113.61,0
O102220,C01027,2025-03-22,Electronics,East,2,192.44,0.0,384.88,277.11,0
O101641,C00759,2025-03-23,Beauty,West,1,33.68,0.3,23.58,13.47,0
O111375,C05303,2025-03-23,Fashion,North,2,68.44,0.2,109.5,61.6,1
O106319,C02927,2025-03-23,Beauty,West,3,68.01,0.15,173.43,81.61,0
O111295,C05268,2025-03-23,Fashion,North,2,113.18,0.0,226.36,101.86,0
O105405,C02489,2025-03-23,Fashion,South,3,25.19,0.0,75.57,34.01,0
O106738,C03121,2025-03-23,Fashion,North,3,120.63,0.0,361.89,162.85,0
O106831,C03165,2025-03-23,Beauty,West,3,62.75,0.1,169.43,75.3,0
O102937,C01370,2025-03-23,Fashion,South,2,93.01,0.05,176.72,83.71,1
O106413,C02970,2025-03-23,Books,East,2,26.71,0.0,53.42,26.71,0
O102067,C00958,2025-03-23,Sports,West,2,192.46,0.0,384.92,223.25,0
O110424,C04842,2025-03-23,Fashion,North,1,51.73,0.0,51.73,23.28,0
O109605,C04455,2025-03-23,Fashion,West,1,91.85,0.0,91.85,41.33,0
O110953,C05097,2025-03-23,Books,North,1,37.6,0.0,37.6,18.8,0
O106743,C03124,2025-03-23,Electronics,South,1,586.24,0.0,586.24,422.09,0
O104425,C02047,2025-03-23,Home & Kitchen,North,1,86.77,0.2,69.42,47.72,0
O112220,C05677,2025-03-23,Home & Kitchen,East,2,108.49,0.05,206.13,119.34,0
O112620,C05857,2025-03-23,Beauty,West,1,20.65,0.0,20.65,8.26,0
O104748,C02194,2025-03-23,Home & Kitchen,East,3,46.77,0.0,140.31,77.17,0
O102765,C01290,2025-03-23,Sports,East,1,206.37,0.15,175.41,119.69,0
O109533,C04418,2025-03-23,Fashion,West,2,104.34,0.3,146.08,93.91,0
O108742,C04063,2025-03-23,Home & Kitchen,North,1,107.31,0.0,107.31,59.02,0
O102909,C01357,2025-03-24,Sports,West,2,208.31,0.0,416.62,241.64,0
O105977,C02766,2025-03-24,Fashion,South,2,72.05,0.0,144.1,64.84,0
O102060,C00954,2025-03-24,Fashion,East,3,77.63,0.0,232.89,104.8,0
O101075,C00495,2025-03-24,Fashion,North,3,21.36,0.05,60.88,28.84,0
O104213,C01950,2025-03-24,Home & Kitchen,East,1,37.1,0.2,29.68,20.4,0
O105890,C02726,2025-03-24,Books,West,3,17.7,0.0,53.1,26.55,0
O108070,C03757,2025-03-24,Electronics,East,1,188.76,0.0,188.76,135.91,0
O107800,C03640,2025-03-24,Electronics,South,2,362.87,0.0,725.74,522.53,0
O105818,C02689,2025-03-24,Sports,East,2,31.61,0.15,53.74,36.67,0
O112845,C05962,2025-03-24,Electronics,South,1,486.14,0.05,461.83,350.02,0
O102843,C01323,2025-03-24,Fashion,East,3,111.53,0.05,317.86,150.57,0
O105791,C02676,2025-03-24,Home & Kitchen,West,1,163.69,0.0,163.69,90.03,0
O103001,C01397,2025-03-24,Sports,North,1,74.13,0.15,63.01,43.0,0
O104412,C02041,2025-03-24,Books,North,1,22.18,0.15,18.85,11.09,0
O110944,C05092,2025-03-24,Beauty,North,1,35.69,0.15,30.34,14.28,0
O112469,C05786,2025-03-24,Beauty,North,1,36.53,0.0,36.53,14.61,0
O111035,C05137,2025-03-24,Fashion,East,1,88.01,0.1,79.21,39.6,0
O105082,C02345,2025-03-24,Beauty,South,1,28.78,0.2,23.02,11.51,0
O108687,C04038,2025-03-24,Fashion,East,1,27.84,0.05,26.45,12.53,0
O109891,C04595,2025-03-24,Home & Kitchen,East,1,141.26,0.1,127.13,77.69,0
O101784,C00833,2025-03-24,Sports,South,2,208.8,0.05,396.72,242.21,0
O110872,C05062,2025-03-24,Fashion,North,1,67.01,0.0,67.01,30.15,0
O104459,C02063,2025-03-24,Sports,South,1,208.48,0.1,187.63,120.92,0
O112492,C05798,2025-03-25,Books,East,1,39.41,0.05,37.44,19.7,0
O101071,C00494,2025-03-25,Fashion,East,1,23.34,0.0,23.34,10.5,0
O109081,C04224,2025-03-25,Beauty,North,1,36.35,0.05,34.53,14.54,0
O104369,C02020,2025-03-25,Sports,South,2,241.05,0.0,482.1,279.62,0
O108613,C04007,2025-03-25,Electronics,West,1,542.91,0.0,542.91,390.9,0
O110749,C05003,2025-03-25,Books,North,2,33.93,0.0,67.86,33.93,0
O110649,C04956,2025-03-25,Home & Kitchen,East,1,92.83,0.15,78.91,51.06,0
O100422,C00205,2025-03-25,Home & Kitchen,West,1,46.96,0.05,44.61,25.83,0
O109581,C04444,2025-03-25,Beauty,North,2,31.88,0.2,51.01,25.5,0
O102200,C01018,2025-03-25,Home & Kitchen,South,2,48.31,0.0,96.62,53.14,0
O106771,C03138,2025-03-25,Electronics,North,1,312.47,0.3,218.73,224.98,0
O106552,C03039,2025-03-25,Books,North,1,9.26,0.15,7.87,4.63,0
O101462,C00672,2025-03-25,Electronics,East,2,494.66,0.0,989.32,712.31,0
O109981,C04639,2025-03-25,Sports,East,2,121.24,0.0,242.48,140.64,0
O104647,C02145,2025-03-26,Electronics,South,3,580.67,0.0,1742.01,1254.25,1
O108079,C03761,2025-03-26,Sports,North,1,155.57,0.0,155.57,90.23,0
O106260,C02896,2025-03-26,Sports,East,1,176.04,0.0,176.04,102.1,0
O111437,C05330,2025-03-26,Fashion,South,3,22.53,0.0,67.59,30.42,0
O108192,C03812,2025-03-26,Home & Kitchen,South,2,167.72,0.0,335.44,184.49,0
O109025,C04198,2025-03-26,Books,West,1,15.21,0.0,15.21,7.6,0
O108210,C03819,2025-03-26,Home & Kitchen,North,1,143.12,0.1,128.81,78.72,0
O108010,C03730,2025-03-26,Sports,East,1,62.86,0.0,62.86,36.46,0
O112019,C05594,2025-03-26,Home & Kitchen,South,1,71.8,0.05,68.21,39.49,0
O104109,C01897,2025-03-26,Beauty,North,2,67.39,0.0,134.78,53.91,0
O110541,C04903,2025-03-26,Electronics,West,1,144.91,0.05,137.66,104.34,0
O103543,C01635,2025-03-26,Beauty,East,2,39.38,0.0,78.76,31.5,0
O107739,C03611,2025-03-26,Sports,East,1,37.44,0.0,37.44,21.72,0
O110457,C04858,2025-03-26,Fashion,North,1,133.03,0.0,133.03,59.86,0
O101887,C00880,2025-03-26,Electronics,South,1,411.08,0.0,411.08,295.98,0
O108535,C03970,2025-03-26,Home & Kitchen,East,1,141.34,0.15,120.14,77.74,0
O107839,C03660,2025-03-26,Fashion,South,3,87.22,0.1,235.49,117.75,0
O101997,C00927,2025-03-26,Home & Kitchen,East,2,170.73,0.2,273.17,187.8,0
O101994,C00925,2025-03-26,Electronics,North,1,307.36,0.3,215.15,221.3,0
O109082,C04224,2025-03-26,Electronics,North,2,335.58,0.1,604.04,483.24,0
O109099,C04233,2025-03-26,Beauty,North,1,18.51,0.15,15.73,7.4,0
O110022,C04657,2025-03-26,Home & Kitchen,East,1,42.69,0.0,42.69,23.48,1
O110873,C05063,2025-03-26,Sports,East,1,243.22,0.0,243.22,141.07,0
O106599,C03061,2025-03-26,Home & Kitchen,East,1,57.48,0.05,54.61,31.61,0
O103591,C01654,2025-03-26,Fashion,North,2,47.21,0.05,89.7,42.49,1
O103336,C01544,2025-03-26,Fashion,South,1,89.72,0.0,89.72,40.37,0
O100291,C00140,2025-03-26,Home & Kitchen,South,2,75.5,0.0,151.0,83.05,0
O111945,C05561,2025-03-26,Electronics,South,2,486.08,0.0,972.16,699.96,0
O107911,C03691,2025-03-26,Beauty,South,1,20.12,0.0,20.12,8.05,0
O109152,C04254,2025-03-26,Electronics,East,1,351.95,0.2,281.56,253.4,0
O111030,C05134,2025-03-26,Home & Kitchen,West,1,77.59,0.0,77.59,42.67,0
O103515,C01621,2025-03-26,Beauty,North,1,62.28,0.0,62.28,24.91,0
O110969,C05106,2025-03-26,Books,North,2,11.15,0.1,20.07,11.15,0
O103479,C01608,2025-03-26,Fashion,North,1,48.44,0.0,48.44,21.8,0
O101336,C00616,2025-03-26,Electronics,East,1,164.34,0.0,164.34,118.32,1
O112210,C05672,2025-03-27,Beauty,South,1,11.01,0.0,11.01,4.4,0
O104357,C02013,2025-03-27,Beauty,North,2,15.91,0.0,31.82,12.73,0
O112540,C05821,2025-03-27,Beauty,South,2,56.47,0.1,101.65,45.18,0
O106516,C03021,2025-03-27,Home & Kitchen,West,1,175.71,0.0,175.71,96.64,0
O104830,C02231,2025-03-27,Sports,West,3,44.9,0.0,134.7,78.13,0
O102870,C01337,2025-03-27,Home & Kitchen,North,2,29.78,0.15,50.63,32.76,0
O104311,C01994,2025-03-27,Books,South,2,27.8,0.0,55.6,27.8,0
O110911,C05077,2025-03-27,Electronics,North,1,417.94,0.0,417.94,300.92,0
O109524,C04415,2025-03-27,Home & Kitchen,East,1,38.52,0.2,30.82,21.19,0
O108947,C04161,2025-03-27,Books,East,1,32.35,0.15,27.5,16.18,0
O111025,C05132,2025-03-27,Fashion,West,1,127.36,0.0,127.36,57.31,1
O105237,C02417,2025-03-27,Sports,North,1,126.92,0.0,126.92,73.61,0
O100720,C00341,2025-03-27,Fashion,South,2,77.06,0.1,138.71,69.35,1
O101072,C00494,2025-03-27,Books,East,2,25.8,0.05,49.02,25.8,0
O109300,C04316,2025-03-27,Beauty,North,1,49.15,0.0,49.15,19.66,0
O101463,C00673,2025-03-27,Beauty,South,1,37.1,0.0,37.1,14.84,0
O110798,C05027,2025-03-27,Beauty,South,2,24.87,0.15,42.28,19.9,0
O106294,C02917,2025-03-27,Beauty,East,2,43.53,0.0,87.06,34.82,0
O104026,C01854,2025-03-27,Books,North,1,22.34,0.0,22.34,11.17,0
O109534,C04418,2025-03-27,Electronics,West,1,489.68,0.1,440.71,352.57,0
O102896,C01351,2025-03-27,Beauty,North,1,56.54,0.0,56.54,22.62,0
O100036,C00017,2025-03-27,Home & Kitchen,West,1,55.64,0.0,55.64,30.6,0
O107317,C03408,2025-03-27,Fashion,North,1,111.69,0.0,111.69,50.26,0
O105963,C02760,2025-03-27,Books,North,1,30.66,0.0,30.66,15.33,0
O111135,C05183,2025-03-28,Fashion,East,1,125.2,0.2,100.16,56.34,1
O105287,C02437,2025-03-28,Sports,West,1,134.33,0.15,114.18,77.91,0
O105958,C02758,2025-03-28,Fashion,South,3,128.42,0.2,308.21,173.37,0
O100587,C00284,2025-03-28,Sports,North,1,135.93,0.15,115.54,78.84,0
O106894,C03197,2025-03-28,Home & Kitchen,East,1,48.64,0.2,38.91,26.75,0
O108309,C03862,2025-03-28,Books,West,1,11.85,0.0,11.85,5.92,0
O101030,C00475,2025-03-28,Sports,East,1,49.72,0.0,49.72,28.84,0
O107783,C03632,2025-03-28,Fashion,North,2,108.45,0.0,216.9,97.6,0
O100507,C00245,2025-03-28,Electronics,North,1,122.42,0.0,122.42,88.14,0
O107974,C03716,2025-03-28,Books,West,1,32.23,0.1,29.01,16.11,0
O106395,C02962,2025-03-28,Home & Kitchen,North,3,153.34,0.0,460.02,253.01,0
O100059,C00026,2025-03-28,Home & Kitchen,North,1,171.65,0.1,154.49,94.41,0
O100991,C00458,2025-03-28,Fashion,West,1,56.66,0.0,56.66,25.5,0
O111206,C05220,2025-03-28,Home & Kitchen,West,1,114.75,0.0,114.75,63.11,0
O107775,C03628,2025-03-28,Beauty,East,1,17.36,0.15,14.76,6.94,0
O110301,C04787,2025-03-28,Home & Kitchen,East,1,101.45,0.3,71.02,55.8,0
O104198,C01941,2025-03-29,Electronics,West,1,423.21,0.0,423.21,304.71,0
O105206,C02405,2025-03-29,Books,East,2,27.86,0.0,55.72,27.86,0
O109817,C04560,2025-03-29,Electronics,West,3,123.59,0.0,370.77,266.95,0
O101468,C00675,2025-03-29,Fashion,East,1,84.88,0.0,84.88,38.2,0
O109685,C04491,2025-03-29,Beauty,West,2,55.7,0.1,100.26,44.56,0
O100802,C00373,2025-03-29,Fashion,West,2,113.56,0.0,227.12,102.2,0
O100390,C00192,2025-03-29,Home & Kitchen,North,2,110.3,0.2,176.48,121.33,0
O107612,C03550,2025-03-29,Home & Kitchen,North,3,125.38,0.0,376.14,206.88,0
O111220,C05229,2025-03-29,Fashion,West,2,62.74,0.0,125.48,56.47,0
O112556,C05830,2025-03-29,Home & Kitchen,West,1,59.17,0.1,53.25,32.54,0
O109758,C04530,2025-03-29,Home & Kitchen,North,1,112.37,0.1,101.13,61.8,0
O110874,C05063,2025-03-29,Electronics,East,1,306.17,0.1,275.55,220.44,0
O103280,C01520,2025-03-29,Home & Kitchen,North,2,159.67,0.05,303.37,175.64,0
O111820,C05505,2025-03-29,Home & Kitchen,East,1,73.51,0.3,51.46,40.43,0
O108433,C03925,2025-03-29,Electronics,South,2,384.67,0.0,769.34,553.92,0
O102438,C01135,2025-03-29,Home & Kitchen,East,2,96.52,0.0,193.04,106.17,0
O108317,C03865,2025-03-29,Fashion,East,1,49.78,0.1,44.8,22.4,1
O104568,C02106,2025-03-29,Beauty,South,2,69.8,0.1,125.64,55.84,0
O103732,C01717,2025-03-29,Home & Kitchen,South,3,68.78,0.05,196.02,113.49,0
O107501,C03492,2025-03-30,Fashion,East,1,103.16,0.2,82.53,46.42,0
O103726,C01715,2025-03-30,Beauty,East,3,59.01,0.1,159.33,70.81,0
O100944,C00437,2025-03-30,Home & Kitchen,South,1,60.73,0.0,60.73,33.4,0
O108382,C03897,2025-03-30,Beauty,West,1,66.8,0.0,66.8,26.72,0
O109223,C04284,2025-03-30,Home & Kitchen,North,3,26.03,0.0,78.09,42.95,0
O100495,C00240,2025-03-30,Beauty,South,2,55.12,0.0,110.24,44.1,0
O112626,C05858,2025-03-30,Electronics,West,2,486.23,0.05,923.84,700.17,0
O107985,C03721,2025-03-31,Sports,South,1,43.13,0.1,38.82,25.02,0
O104162,C01922,2025-03-31,Beauty,North,2,61.09,0.05,116.07,48.87,0
O102979,C01385,2025-03-31,Home & Kitchen,West,2,154.13,0.3,215.78,169.54,0
O104397,C02032,2025-03-31,Fashion,West,2,115.27,0.0,230.54,103.74,0
O106445,C02986,2025-03-31,Sports,South,1,174.27,0.2,139.42,101.08,0
O104027,C01854,2025-03-31,Fashion,North,2,85.49,0.0,170.98,76.94,0
O102658,C01235,2025-03-31,Home & Kitchen,North,2,91.61,0.05,174.06,100.77,1
O104673,C02158,2025-03-31,Fashion,East,1,128.94,0.0,128.94,58.02,0
O102016,C00934,2025-03-31,Sports,North,2,107.09,0.0,214.18,124.22,0
O102587,C01205,2025-03-31,Home & Kitchen,East,2,101.63,0.15,172.77,111.79,0
O106731,C03117,2025-03-31,Beauty,South,2,30.2,0.3,42.28,24.16,0
O107723,C03604,2025-03-31,Fashion,North,1,71.71,0.1,64.54,32.27,0
O106263,C02898,2025-03-31,Electronics,West,3,560.01,0.15,1428.03,1209.62,0
O104360,C02015,2025-03-31,Beauty,North,3,34.56,0.0,103.68,41.47,0
O106464,C02996,2025-03-31,Beauty,South,1,18.31,0.0,18.31,7.32,0
O102177,C01010,2025-03-31,Sports,East,1,119.04,0.1,107.14,69.04,0
O101157,C00536,2025-03-31,Home & Kitchen,East,3,151.38,0.0,454.14,249.78,0
O102150,C00996,2025-03-31,Fashion,North,2,115.72,0.05,219.87,104.15,0
O102513,C01171,2025-03-31,Home & Kitchen,West,3,85.83,0.0,257.49,141.62,0
O109697,C04496,2025-03-31,Fashion,East,2,99.24,0.0,198.48,89.32,0
O108553,C03977,2025-04-01,Books,West,1,29.77,0.0,29.77,14.88,0
O109189,C04270,2025-04-01,Sports,South,1,145.53,0.0,145.53,84.41,0
O103033,C01412,2025-04-01,Electronics,North,1,330.86,0.2,264.69,238.22,0
O100981,C00453,2025-04-01,Home & Kitchen,North,2,136.78,0.0,273.56,150.46,0
O107085,C03290,2025-04-01,Sports,West,3,47.75,0.15,121.76,83.08,0
O111009,C05125,2025-04-01,Home & Kitchen,West,2,106.58,0.1,191.84,117.24,0
O105350,C02464,2025-04-01,Fashion,East,3,74.07,0.0,222.21,99.99,0
O100081,C00040,2025-04-01,Electronics,East,1,240.43,0.3,168.3,173.11,0
O112054,C05607,2025-04-01,Books,North,2,25.15,0.1,45.27,25.15,0
O102526,C01176,2025-04-01,Fashion,East,3,71.11,0.05,202.66,96.0,0
O103139,C01460,2025-04-01,Sports,West,1,226.47,0.0,226.47,131.35,0
O104609,C02128,2025-04-01,Fashion,North,1,75.81,0.0,75.81,34.11,0
O106839,C03171,2025-04-01,Sports,West,1,243.29,0.05,231.13,141.11,0
O104034,C01857,2025-04-01,Fashion,South,3,86.6,0.1,233.82,116.91,0
O111797,C05493,2025-04-01,Fashion,South,1,106.52,0.0,106.52,47.93,0
O105406,C02489,2025-04-01,Home & Kitchen,South,2,115.06,0.2,184.1,126.57,0
O102145,C00993,2025-04-01,Fashion,North,1,36.24,0.0,36.24,16.31,0
O104720,C02183,2025-04-01,Electronics,North,3,564.79,0.0,1694.37,1219.95,0
O110674,C04968,2025-04-01,Electronics,West,1,578.31,0.0,578.31,416.38,0
O104723,C02185,2025-04-02,Books,North,1,22.37,0.0,22.37,11.18,0
O102515,C01172,2025-04-02,Beauty,East,1,38.93,0.1,35.04,15.57,0
O102708,C01263,2025-04-02,Beauty,South,1,59.85,0.0,59.85,23.94,0
O100499,C00241,2025-04-02,Electronics,West,1,536.81,0.0,536.81,386.5,1
O105562,C02568,2025-04-02,Home & Kitchen,North,2,97.57,0.0,195.14,107.33,0
O110072,C04678,2025-04-02,Beauty,West,3,25.9,0.05,73.81,31.08,0
O103744,C01723,2025-04-02,Fashion,North,1,86.48,0.05,82.16,38.92,0
O105315,C02448,2025-04-02,Beauty,South,2,61.73,0.1,111.11,49.38,1
O103806,C01753,2025-04-02,Books,South,1,30.34,0.0,30.34,15.17,0
O102802,C01302,2025-04-02,Fashion,East,2,87.78,0.1,158.0,79.0,0
O108844,C04112,2025-04-02,Home & Kitchen,East,1,44.27,0.0,44.27,24.35,0
O106121,C02829,2025-04-02,Fashion,East,2,76.05,0.1,136.89,68.44,0
O107621,C03555,2025-04-02,Fashion,North,1,122.89,0.0,122.89,55.3,0
O107662,C03577,2025-04-02,Home & Kitchen,South,1,83.04,0.0,83.04,45.67,0
O102876,C01341,2025-04-02,Fashion,North,1,84.14,0.0,84.14,37.86,0
O100552,C00266,2025-04-02,Fashion,North,2,29.66,0.0,59.32,26.69,0
O102151,C00996,2025-04-02,Home & Kitchen,North,1,77.17,0.1,69.45,42.44,0
O108987,C04181,2025-04-03,Books,North,2,17.73,0.0,35.46,17.73,0
O112020,C05594,2025-04-03,Electronics,South,1,481.25,0.05,457.19,346.5,0
O101305,C00599,2025-04-03,Electronics,West,1,334.58,0.05,317.85,240.9,0
O110764,C05010,2025-04-03,Home & Kitchen,East,1,120.25,0.15,102.21,66.14,0
O111140,C05186,2025-04-03,Sports,West,3,128.36,0.1,346.57,223.35,0
O105389,C02481,2025-04-03,Fashion,North,1,36.05,0.2,28.84,16.22,1
O112776,C05933,2025-04-03,Beauty,North,2,12.16,0.1,21.89,9.73,0
O100502,C00244,2025-04-03,Beauty,South,1,34.65,0.1,31.18,13.86,0
O111258,C05247,2025-04-03,Beauty,North,3,26.96,0.05,76.84,32.35,0
O108235,C03827,2025-04-03,Home & Kitchen,North,1,174.7,0.0,174.7,96.08,0
O100166,C00085,2025-04-03,Electronics,East,1,405.97,0.1,365.37,292.3,0
O112643,C05866,2025-04-03,Fashion,South,3,110.94,0.15,282.9,149.77,0
O105116,C02361,2025-04-03,Home & Kitchen,East,2,26.1,0.0,52.2,28.71,0
O103889,C01791,2025-04-03,Home & Kitchen,South,1,93.08,0.15,79.12,51.19,0
O107502,C03492,2025-04-03,Sports,East,1,41.52,0.0,41.52,24.08,0
O102426,C01128,2025-04-03,Electronics,South,1,399.21,0.0,399.21,287.43,0
O111538,C05379,2025-04-03,Fashion,South,1,85.98,0.0,85.98,38.69,0
O107034,C03266,2025-04-03,Home & Kitchen,West,1,32.07,0.1,28.86,17.64,0
O101683,C00782,2025-04-03,Electronics,West,3,399.48,0.05,1138.52,862.88,1
O106458,C02992,2025-04-03,Books,East,1,24.53,0.0,24.53,12.26,0
O109401,C04361,2025-04-03,Electronics,South,1,207.19,0.0,207.19,149.18,0
O101364,C00624,2025-04-03,Electronics,West,3,345.12,0.15,880.06,745.46,0
O100198,C00099,2025-04-03,Electronics,North,1,593.61,0.1,534.25,427.4,0
O111163,C05199,2025-04-03,Home & Kitchen,South,2,51.47,0.15,87.5,56.62,0
O106842,C03173,2025-04-04,Electronics,South,2,495.33,0.1,891.59,713.28,0
O107143,C03317,2025-04-04,Fashion,East,1,105.02,0.0,105.02,47.26,0
O110785,C05020,2025-04-04,Fashion,East,2,130.03,0.2,208.05,117.03,1
O108928,C04152,2025-04-04,Sports,East,2,104.2,0.0,208.4,120.87,0
O105657,C02614,2025-04-04,Home & Kitchen,East,1,160.31,0.0,160.31,88.17,0
O107446,C03467,2025-04-04,Home & Kitchen,North,3,33.11,0.0,99.33,54.63,0
O112326,C05722,2025-04-04,Beauty,South,1,67.89,0.05,64.5,27.16,0
O103157,C01467,2025-04-04,Fashion,North,1,125.63,0.1,113.07,56.53,0
O111052,C05145,2025-04-04,Fashion,East,3,95.41,0.0,286.23,128.8,1
O100046,C00020,2025-04-04,Home & Kitchen,North,1,36.82,0.2,29.46,20.25,0
O106790,C03147,2025-04-04,Sports,East,1,74.51,0.0,74.51,43.22,0
O101207,C00561,2025-04-04,Electronics,East,3,272.5,0.15,694.88,588.6,0
O100371,C00185,2025-04-04,Beauty,North,1,66.95,0.0,66.95,26.78,0
O105056,C02336,2025-04-04,Fashion,East,2,102.57,0.0,205.14,92.31,0
O111671,C05440,2025-04-04,Sports,North,1,110.71,0.0,110.71,64.21,0
O104386,C02026,2025-04-04,Beauty,East,2,38.38,0.05,72.92,30.7,0
O108615,C04008,2025-04-05,Fashion,North,1,43.52,0.0,43.52,19.58,0
O101695,C00786,2025-04-05,Electronics,West,1,246.92,0.0,246.92,177.78,0
O107813,C03647,2025-04-05,Fashion,North,3,127.24,0.0,381.72,171.77,0
O102301,C01068,2025-04-05,Fashion,East,1,63.06,0.0,63.06,28.38,0
O111841,C05515,2025-04-05,Beauty,South,1,53.21,0.0,53.21,21.28,0
O110729,C04995,2025-04-05,Home & Kitchen,North,1,78.96,0.0,78.96,43.43,0
O107920,C03696,2025-04-05,Fashion,North,3,111.96,0.0,335.88,151.15,0
O101978,C00920,2025-04-05,Electronics,South,1,516.86,0.0,516.86,372.14,0
O112063,C05613,2025-04-05,Books,East,2,9.82,0.05,18.66,9.82,0
O110876,C05064,2025-04-05,Fashion,East,3,95.75,0.0,287.25,129.26,0
O107152,C03324,2025-04-05,Beauty,North,2,64.2,0.0,128.4,51.36,0
O109783,C04541,2025-04-05,Fashion,West,1,33.15,0.0,33.15,14.92,1
O103041,C01417,2025-04-05,Books,East,3,39.42,0.05,112.35,59.13,0
O102429,C01130,2025-04-05,Fashion,West,1,95.1,0.0,95.1,42.8,0
O104278,C01982,2025-04-05,Books,North,1,27.17,0.0,27.17,13.58,0
O102347,C01089,2025-04-05,Home & Kitchen,North,3,89.28,0.0,267.84,147.31,0
O105724,C02647,2025-04-05,Home & Kitchen,East,1,83.55,0.0,83.55,45.95,0
O100503,C00244,2025-04-05,Beauty,South,3,46.05,0.0,138.15,55.26,0
O102394,C01111,2025-04-05,Beauty,South,2,61.34,0.0,122.68,49.07,0
O105964,C02760,2025-04-05,Sports,North,1,43.86,0.1,39.47,25.44,0
O103132,C01458,2025-04-05,Electronics,East,2,556.71,0.2,890.74,801.66,0
O108229,C03825,2025-04-06,Electronics,East,1,150.12,0.0,150.12,108.09,0
O111842,C05515,2025-04-06,Electronics,South,1,254.19,0.0,254.19,183.02,0
O110618,C04942,2025-04-06,Fashion,South,1,130.85,0.3,91.59,58.88,0
O104873,C02249,2025-04-06,Beauty,North,2,64.59,0.0,129.18,51.67,0
O107354,C03424,2025-04-06,Books,East,1,31.37,0.0,31.37,15.68,0
O110720,C04991,2025-04-06,Beauty,East,2,32.81,0.0,65.62,26.25,0
O109940,C04619,2025-04-06,Fashion,East,2,81.5,0.0,163.0,73.35,0
O104094,C01887,2025-04-06,Home & Kitchen,North,2,53.47,0.0,106.94,58.82,0
O107318,C03409,2025-04-06,Fashion,East,1,34.46,0.0,34.46,15.51,0
O108378,C03895,2025-04-06,Home & Kitchen,North,1,172.99,0.15,147.04,95.14,0
O101958,C00909,2025-04-06,Fashion,East,2,22.98,0.0,45.96,20.68,0
O111629,C05419,2025-04-06,Sports,South,1,208.98,0.15,177.63,121.21,0
O107267,C03380,2025-04-06,Beauty,South,2,65.37,0.0,130.74,52.3,0
O105344,C02462,2025-04-06,Home & Kitchen,North,1,66.07,0.0,66.07,36.34,0
O103432,C01588,2025-04-06,Books,West,1,14.22,0.0,14.22,7.11,0
O108428,C03923,2025-04-06,Fashion,South,1,106.91,0.3,74.84,48.11,0
O101620,C00748,2025-04-06,Electronics,West,2,440.0,0.0,880.0,633.6,0
O100094,C00047,2025-04-06,Books,South,1,26.71,0.05,25.37,13.36,0
O100141,C00073,2025-04-06,Beauty,West,2,31.94,0.0,63.88,25.55,0
O107768,C03624,2025-04-06,Beauty,South,1,60.86,0.15,51.73,24.34,0
O103569,C01645,2025-04-06,Fashion,North,3,98.4,0.0,295.2,132.84,0
O106111,C02825,2025-04-06,Home & Kitchen,South,1,116.32,0.0,116.32,63.98,0
O102058,C00953,2025-04-06,Home & Kitchen,West,1,160.08,0.0,160.08,88.04,0
O111951,C05566,2025-04-06,Home & Kitchen,South,3,100.22,0.0,300.66,165.36,0
O106733,C03118,2025-04-06,Fashion,North,2,65.0,0.0,130.0,58.5,0
O112214,C05674,2025-04-06,Books,North,1,29.83,0.0,29.83,14.92,0
O108082,C03764,2025-04-06,Fashion,East,1,38.74,0.0,38.74,17.43,0
O101452,C00665,2025-04-06,Beauty,North,3,59.76,0.2,143.42,71.71,0
O111971,C05576,2025-04-06,Electronics,East,2,226.46,0.0,452.92,326.1,0
O101435,C00658,2025-04-06,Electronics,South,2,238.71,0.0,477.42,343.74,1
O112909,C05994,2025-04-06,Home & Kitchen,South,3,56.66,0.1,152.98,93.49,0
O108797,C04086,2025-04-06,Books,East,2,26.31,0.0,52.62,26.31,0
O103126,C01456,2025-04-07,Fashion,South,1,106.84,0.0,106.84,48.08,0
O104307,C01993,2025-04-07,Beauty,East,2,35.84,0.0,71.68,28.67,0
O100681,C00323,2025-04-07,Fashion,East,1,124.11,0.05,117.9,55.85,0
O107867,C03675,2025-04-07,Fashion,East,2,59.13,0.0,118.26,53.22,0
O104512,C02086,2025-04-07,Electronics,South,1,534.39,0.2,427.51,384.76,0
O110073,C04679,2025-04-07,Home & Kitchen,West,1,50.39,0.2,40.31,27.71,0
O109633,C04464,2025-04-07,Sports,West,3,242.44,0.0,727.32,421.85,0
O101599,C00743,2025-04-07,Home & Kitchen,West,3,91.54,0.0,274.62,151.04,0
O112475,C05788,2025-04-07,Fashion,East,1,121.19,0.05,115.13,54.54,0
O106984,C03244,2025-04-07,Sports,East,2,163.96,0.0,327.92,190.19,0
O101106,C00508,2025-04-07,Electronics,West,1,359.85,0.3,251.9,259.09,0
O103570,C01645,2025-04-07,Home & Kitchen,North,1,44.16,0.0,44.16,24.29,0
O108688,C04038,2025-04-07,Electronics,East,1,341.13,0.0,341.13,245.61,0
O110772,C05015,2025-04-07,Fashion,North,1,125.02,0.0,125.02,56.26,0
O111927,C05554,2025-04-07,Fashion,East,2,91.9,0.0,183.8,82.71,0
O104376,C02023,2025-04-07,Home & Kitchen,West,1,131.36,0.1,118.22,72.25,0
O102127,C00984,2025-04-07,Home & Kitchen,North,1,39.59,0.0,39.59,21.77,0
O104146,C01916,2025-04-07,Electronics,West,1,284.78,0.05,270.54,205.04,0
O112229,C05679,2025-04-07,Beauty,East,2,26.75,0.0,53.5,21.4,0
O110548,C04906,2025-04-07,Home & Kitchen,North,2,160.49,0.0,320.98,176.54,0
O100727,C00344,2025-04-08,Sports,North,1,57.35,0.0,57.35,33.26,0
O108436,C03926,2025-04-08,Fashion,North,3,73.84,0.0,221.52,99.68,0
O107112,C03301,2025-04-08,Home & Kitchen,North,1,115.59,0.0,115.59,63.57,0
O108514,C03963,2025-04-08,Electronics,East,2,296.51,0.05,563.37,426.97,0
O112801,C05944,2025-04-08,Home & Kitchen,East,1,179.25,0.0,179.25,98.59,0
O100005,C00003,2025-04-08,Home & Kitchen,North,3,58.26,0.0,174.78,96.13,0
O102028,C00940,2025-04-08,Fashion,North,1,79.65,0.1,71.69,35.84,0
O103523,C01627,2025-04-08,Fashion,West,1,88.01,0.0,88.01,39.6,0
O104962,C02293,2025-04-08,Books,West,2,35.69,0.3,49.97,35.69,0
O103433,C01588,2025-04-08,Fashion,West,1,77.92,0.3,54.54,35.06,0
O112753,C05923,2025-04-08,Fashion,North,2,52.36,0.0,104.72,47.12,0
O101574,C00730,2025-04-08,Fashion,East,2,33.34,0.1,60.01,30.01,0
O111855,C05522,2025-04-08,Fashion,South,2,124.39,0.0,248.78,111.95,0
O100383,C00189,2025-04-08,Electronics,North,2,456.2,0.0,912.4,656.93,0
O100915,C00425,2025-04-08,Books,North,3,37.22,0.0,111.66,55.83,0
O105670,C02619,2025-04-08,Books,East,2,35.27,0.0,70.54,35.27,0
O101715,C00795,2025-04-08,Beauty,East,3,30.78,0.15,78.49,36.94,0
O111044,C05143,2025-04-08,Beauty,South,3,36.81,0.2,88.34,44.17,0
O111049,C05144,2025-04-08,Fashion,South,2,80.17,0.0,160.34,72.15,0
O107699,C03594,2025-04-08,Beauty,West,2,47.58,0.0,95.16,38.06,0
O102871,C01337,2025-04-09,Fashion,North,1,65.23,0.0,65.23,29.35,0
O106473,C03000,2025-04-09,Fashion,West,3,92.61,0.0,277.83,125.02,0
O104888,C02258,2025-04-09,Electronics,South,2,238.77,0.0,477.54,343.83,1
O109614,C04457,2025-04-09,Fashion,East,3,101.21,0.0,303.63,136.63,0
O106340,C02934,2025-04-09,Books,North,1,20.14,0.0,20.14,10.07,0
O105094,C02350,2025-04-09,Beauty,North,3,39.27,0.2,94.25,47.12,0
O102119,C00980,2025-04-09,Home & Kitchen,East,1,81.57,0.3,57.1,44.86,0
O101233,C00569,2025-04-09,Electronics,West,2,531.46,0.0,1062.92,765.3,0
O109588,C04446,2025-04-09,Fashion,East,3,59.69,0.0,179.07,80.58,0
O102527,C01176,2025-04-09,Home & Kitchen,East,2,163.92,0.15,278.66,180.31,1
O107525,C03502,2025-04-09,Sports,South,3,248.49,0.0,745.47,432.37,0
O105951,C02754,2025-04-09,Beauty,East,2,58.55,0.1,105.39,46.84,0
O105251,C02421,2025-04-09,Beauty,South,2,53.9,0.3,75.46,43.12,0
O105076,C02342,2025-04-09,Fashion,North,1,30.82,0.0,30.82,13.87,0
O107931,C03698,2025-04-09,Books,North,2,37.16,0.15,63.17,37.16,0
O101983,C00923,2025-04-09,Books,South,2,19.57,0.0,39.14,19.57,0
O106092,C02816,2025-04-09,Fashion,East,3,69.48,0.15,177.17,93.8,0
O108908,C04144,2025-04-09,Books,North,2,39.92,0.0,79.84,39.92,0
O101260,C00578,2025-04-09,Sports,North,2,228.56,0.0,457.12,265.13,0
O100636,C00305,2025-04-09,Home & Kitchen,East,2,26.14,0.3,36.6,28.75,0
O111347,C05289,2025-04-09,Home & Kitchen,South,1,124.43,0.2,99.54,68.44,0
O109724,C04509,2025-04-09,Home & Kitchen,East,2,44.26,0.1,79.67,48.69,0
O103727,C01715,2025-04-09,Books,East,1,37.54,0.1,33.79,18.77,0
O111630,C05420,2025-04-10,Books,North,2,24.92,0.0,49.84,24.92,0
O100281,C00134,2025-04-10,Electronics,North,1,573.93,0.1,516.54,413.23,0
O100986,C00455,2025-04-10,Electronics,West,1,441.32,0.3,308.92,317.75,0
O100006,C00003,2025-04-10,Fashion,North,3,116.02,0.0,348.06,156.63,0
O105989,C02771,2025-04-10,Home & Kitchen,West,1,32.32,0.0,32.32,17.78,0
O109317,C04324,2025-04-10,Electronics,West,2,195.69,0.15,332.67,281.79,0
O101709,C00792,2025-04-10,Fashion,South,2,36.68,0.15,62.36,33.01,0
O103654,C01683,2025-04-10,Home & Kitchen,East,3,73.49,0.15,187.4,121.26,0
O103728,C01715,2025-04-10,Fashion,East,2,124.6,0.0,249.2,112.14,0
O108202,C03815,2025-04-10,Home & Kitchen,East,2,179.64,0.1,323.35,197.6,0
O108909,C04144,2025-04-10,Beauty,North,3,59.22,0.1,159.89,71.06,0
O112704,C05899,2025-04-10,Home & Kitchen,South,1,166.01,0.0,166.01,91.31,0
O111490,C05361,2025-04-10,Beauty,North,1,64.2,0.1,57.78,25.68,0
O109482,C04400,2025-04-10,Books,East,2,23.96,0.05,45.52,23.96,0
O101309,C00600,2025-04-10,Fashion,South,2,90.93,0.05,172.77,81.84,0
O110522,C04892,2025-04-10,Fashion,West,3,44.54,0.0,133.62,60.13,0
O112471,C05787,2025-04-11,Fashion,East,1,56.83,0.0,56.83,25.57,0
O102692,C01255,2025-04-11,Electronics,West,2,304.78,0.0,609.56,438.88,0
O104373,C02022,2025-04-11,Fashion,West,1,59.27,0.0,59.27,26.67,0
O108698,C04042,2025-04-11,Home & Kitchen,North,3,88.64,0.0,265.92,146.26,0
O107718,C03602,2025-04-11,Books,North,3,24.8,0.0,74.4,37.2,0
O109266,C04302,2025-04-11,Home & Kitchen,East,2,143.34,0.0,286.68,157.67,0
O112839,C05961,2025-04-11,Sports,North,1,105.22,0.2,84.18,61.03,0
O106068,C02805,2025-04-11,Beauty,East,1,31.17,0.05,29.61,12.47,0
O105033,C02323,2025-04-11,Electronics,West,1,466.18,0.2,372.94,335.65,0
O103092,C01438,2025-04-11,Electronics,North,2,379.8,0.05,721.62,546.91,1
O102635,C01224,2025-04-11,Fashion,North,2,33.34,0.1,60.01,30.01,0
O106273,C02905,2025-04-11,Electronics,South,2,201.99,0.0,403.98,290.87,0
O101395,C00638,2025-04-11,Beauty,North,1,29.51,0.0,29.51,11.8,0
O101164,C00539,2025-04-11,Fashion,North,1,120.95,0.0,120.95,54.43,0
O111747,C05470,2025-04-11,Books,South,3,13.52,0.15,34.48,20.28,0
O103243,C01505,2025-04-11,Electronics,North,2,189.9,0.15,322.83,273.46,0
O111850,C05520,2025-04-11,Home & Kitchen,North,1,107.28,0.05,101.92,59.0,0
O101627,C00752,2025-04-11,Fashion,East,1,108.01,0.1,97.21,48.6,0
O104475,C02069,2025-04-11,Beauty,North,1,56.68,0.0,56.68,22.67,0
O100460,C00221,2025-04-11,Home & Kitchen,North,1,101.09,0.0,101.09,55.6,0
O105597,C02584,2025-04-11,Books,East,1,34.22,0.0,34.22,17.11,0
O109621,C04460,2025-04-12,Fashion,East,1,136.56,0.0,136.56,61.45,0
O111925,C05553,2025-04-12,Home & Kitchen,East,2,43.91,0.0,87.82,48.3,0
O107672,C03583,2025-04-12,Beauty,East,3,48.17,0.0,144.51,57.8,0
O112650,C05870,2025-04-12,Electronics,East,1,120.75,0.0,120.75,86.94,0
O111593,C05404,2025-04-12,Beauty,West,2,56.87,0.2,90.99,45.5,0
O101424,C00652,2025-04-12,Home & Kitchen,North,2,119.22,0.0,238.44,131.14,0
O101165,C00539,2025-04-12,Beauty,North,3,16.73,0.0,50.19,20.08,0
O105855,C02708,2025-04-12,Electronics,West,1,167.33,0.1,150.6,120.48,0
O108679,C04034,2025-04-12,Electronics,North,1,391.82,0.0,391.82,282.11,0
O102134,C00986,2025-04-12,Beauty,North,2,51.27,0.0,102.54,41.02,0
O110371,C04816,2025-04-12,Fashion,South,1,47.6,0.0,47.6,21.42,0
O101926,C00897,2025-04-12,Home & Kitchen,South,1,119.53,0.0,119.53,65.74,0
O107331,C03413,2025-04-12,Fashion,South,1,66.76,0.15,56.75,30.04,0
O111966,C05573,2025-04-12,Home & Kitchen,West,1,126.84,0.0,126.84,69.76,0
O108618,C04009,2025-04-12,Books,North,2,36.63,0.0,73.26,36.63,0
O110412,C04837,2025-04-12,Sports,North,2,36.01,0.05,68.42,41.77,0
O112688,C05889,2025-04-12,Fashion,East,2,86.25,0.2,138.0,77.62,0
O108626,C04014,2025-04-12,Electronics,East,1,340.54,0.0,340.54,245.19,0
O101804,C00842,2025-04-12,Electronics,East,2,431.19,0.0,862.38,620.91,0
O110980,C05111,2025-04-12,Books,South,1,11.63,0.2,9.3,5.82,0
O103330,C01540,2025-04-12,Beauty,South,3,61.74,0.0,185.22,74.09,0
O112825,C05954,2025-04-12,Home & Kitchen,West,3,108.81,0.2,261.14,179.54,0
O107686,C03589,2025-04-13,Home & Kitchen,West,1,64.25,0.0,64.25,35.34,0
O112665,C05879,2025-04-13,Fashion,North,2,45.81,0.0,91.62,41.23,0
O101896,C00884,2025-04-13,Home & Kitchen,South,1,51.54,0.0,51.54,28.35,0
O100529,C00255,2025-04-13,Books,North,2,21.09,0.0,42.18,21.09,0
O104065,C01873,2025-04-13,Books,East,2,13.68,0.0,27.36,13.68,0
O101921,C00896,2025-04-13,Fashion,East,2,23.1,0.1,41.58,20.79,0
O102588,C01205,2025-04-13,Sports,East,1,163.82,0.0,163.82,95.02,0
O103908,C01800,2025-04-13,Home & Kitchen,East,1,103.14,0.1,92.83,56.73,0
O104234,C01959,2025-04-13,Home & Kitchen,South,1,175.24,0.3,122.67,96.38,0
O101934,C00900,2025-04-13,Beauty,North,1,14.78,0.15,12.56,5.91,1
O101056,C00486,2025-04-13,Sports,East,3,166.64,0.0,499.92,289.95,0
O100424,C00206,2025-04-13,Fashion,South,1,32.16,0.0,32.16,14.47,0
O104858,C02242,2025-04-13,Beauty,South,1,28.36,0.0,28.36,11.34,0
O109164,C04259,2025-04-13,Beauty,East,1,67.22,0.0,67.22,26.89,0
O109525,C04415,2025-04-13,Beauty,East,1,32.0,0.2,25.6,12.8,0
O101759,C00819,2025-04-13,Electronics,East,3,344.34,0.0,1033.02,743.77,1
O110498,C04881,2025-04-13,Fashion,North,2,95.61,0.0,191.22,86.05,0
O101303,C00597,2025-04-13,Fashion,West,2,56.91,0.0,113.82,51.22,1
O101088,C00502,2025-04-13,Home & Kitchen,East,1,120.85,0.0,120.85,66.47,0
O103936,C01814,2025-04-13,Books,West,3,25.84,0.2,62.02,38.76,0
O102128,C00984,2025-04-13,Sports,North,3,156.42,0.15,398.87,272.17,0
O106262,C02897,2025-04-13,Fashion,North,2,33.26,0.0,66.52,29.93,0
O102121,C00981,2025-04-13,Home & Kitchen,North,1,90.26,0.0,90.26,49.64,0
O106160,C02846,2025-04-13,Fashion,West,1,110.44,0.2,88.35,49.7,0
O107047,C03273,2025-04-13,Fashion,East,2,85.53,0.0,171.06,76.98,0
O106811,C03159,2025-04-13,Beauty,North,1,34.86,0.1,31.37,13.94,0
O110135,C04706,2025-04-13,Fashion,East,3,83.12,0.0,249.36,112.21,0
O112525,C05812,2025-04-14,Home & Kitchen,West,1,112.04,0.0,112.04,61.62,0
O110372,C04816,2025-04-14,Electronics,South,2,595.52,0.15,1012.38,857.55,0
O110963,C05102,2025-04-14,Beauty,North,2,55.15,0.3,77.21,44.12,0
O111172,C05204,2025-04-14,Fashion,East,1,69.07,0.05,65.62,31.08,0
O100314,C00156,2025-04-14,Sports,South,3,193.95,0.0,581.85,337.47,0
O109308,C04321,2025-04-14,Fashion,North,1,41.78,0.05,39.69,18.8,0
O105495,C02530,2025-04-14,Home & Kitchen,West,1,147.35,0.15,125.25,81.04,0
O110789,C05022,2025-04-14,Sports,North,1,179.58,0.1,161.62,104.16,0
O106312,C02923,2025-04-14,Electronics,East,2,479.94,0.0,959.88,691.11,1
O110425,C04842,2025-04-14,Books,North,3,10.57,0.0,31.71,15.86,0
O111341,C05287,2025-04-14,Electronics,South,1,517.49,0.1,465.74,372.59,0
O106261,C02896,2025-04-14,Sports,East,3,154.0,0.3,323.4,267.96,0
O111198,C05218,2025-04-14,Fashion,East,1,110.47,0.0,110.47,49.71,0
O100575,C00276,2025-04-14,Electronics,West,1,329.91,0.0,329.91,237.54,0
O110279,C04779,2025-04-14,Fashion,North,1,133.44,0.05,126.77,60.05,0
O103933,C01812,2025-04-15,Books,East,2,38.35,0.0,76.7,38.35,1
O101842,C00859,2025-04-15,Beauty,East,2,63.91,0.0,127.82,51.13,0
O104722,C02184,2025-04-15,Books,East,1,15.1,0.15,12.83,7.55,0
O109681,C04489,2025-04-15,Fashion,North,2,126.38,0.0,252.76,113.74,0
O106884,C03193,2025-04-15,Electronics,North,1,139.27,0.0,139.27,100.27,1
O107113,C03301,2025-04-15,Books,North,1,15.11,0.05,14.35,7.56,0
O107024,C03261,2025-04-15,Home & Kitchen,West,2,165.98,0.1,298.76,182.58,0
O104276,C01981,2025-04-15,Home & Kitchen,West,1,43.94,0.05,41.74,24.17,0
O100585,C00283,2025-04-15,Fashion,North,1,117.81,0.0,117.81,53.01,0
O105235,C02416,2025-04-15,Home & Kitchen,South,2,141.35,0.15,240.29,155.49,0
O104372,C02021,2025-04-15,Sports,West,3,226.16,0.2,542.78,393.52,0
O103004,C01398,2025-04-15,Home & Kitchen,East,2,33.14,0.0,66.28,36.45,0
O112014,C05593,2025-04-15,Fashion,West,2,57.32,0.0,114.64,51.59,0
O107355,C03424,2025-04-15,Fashion,East,2,96.88,0.0,193.76,87.19,0
O103379,C01565,2025-04-15,Sports,North,2,54.96,0.2,87.94,63.75,0
O103530,C01629,2025-04-15,Sports,North,1,177.5,0.0,177.5,102.95,0
O112666,C05879,2025-04-15,Beauty,North,2,11.26,0.0,22.52,9.01,0
O108443,C03929,2025-04-16,Electronics,South,3,210.95,0.05,601.21,455.65,0
O104294,C01989,2025-04-16,Beauty,West,2,14.56,0.0,29.12,11.65,0
O105658,C02614,2025-04-16,Beauty,East,1,50.97,0.0,50.97,20.39,0
O104478,C02072,2025-04-16,Home & Kitchen,South,3,61.85,0.0,185.55,102.05,0
O105476,C02522,2025-04-16,Home & Kitchen,North,3,120.51,0.05,343.45,198.84,0
O108993,C04183,2025-04-16,Fashion,East,1,110.45,0.2,88.36,49.7,0
O105153,C02380,2025-04-16,Fashion,West,1,33.88,0.0,33.88,15.25,0
O108568,C03984,2025-04-16,Home & Kitchen,East,2,98.82,0.05,187.76,108.7,0
O106403,C02967,2025-04-16,Home & Kitchen,East,2,151.99,0.0,303.98,167.19,0
O105034,C02324,2025-04-16,Sports,North,1,145.53,0.2,116.42,84.41,0
O110485,C04876,2025-04-16,Books,North,1,26.95,0.0,26.95,13.48,0
O110518,C04890,2025-04-16,Home & Kitchen,East,1,157.03,0.0,157.03,86.37,0
O108035,C03739,2025-04-16,Home & Kitchen,East,2,104.0,0.3,145.6,114.4,1
O110138,C04707,2025-04-16,Beauty,North,2,45.82,0.3,64.15,36.66,0
O102734,C01277,2025-04-16,Books,South,2,31.58,0.0,63.16,31.58,0
O102627,C01221,2025-04-16,Beauty,North,1,40.53,0.15,34.45,16.21,0
O103694,C01699,2025-04-16,Fashion,East,1,106.05,0.0,106.05,47.72,0
O100222,C00108,2025-04-16,Sports,East,1,220.48,0.15,187.41,127.88,0
O112407,C05759,2025-04-16,Sports,South,3,202.91,0.1,547.86,353.06,0
O111881,C05531,2025-04-16,Books,East,2,14.98,0.0,29.96,14.98,0
O104553,C02102,2025-04-16,Fashion,South,1,65.98,0.0,65.98,29.69,0
O111036,C05138,2025-04-16,Sports,North,2,227.23,0.2,363.57,263.59,0
O112500,C05802,2025-04-16,Beauty,South,2,10.19,0.0,20.38,8.15,0
O108221,C03823,2025-04-17,Books,South,1,27.73,0.0,27.73,13.86,1
O112198,C05666,2025-04-17,Electronics,East,3,589.54,0.0,1768.62,1273.41,0
O103258,C01511,2025-04-17,Books,East,3,9.42,0.0,28.26,14.13,0
O107449,C03468,2025-04-17,Fashion,East,2,51.77,0.15,88.01,46.59,0
O108567,C03983,2025-04-17,Home & Kitchen,North,1,114.87,0.0,114.87,63.18,0
O106456,C02991,2025-04-17,Beauty,North,2,60.52,0.0,121.04,48.42,0
O105533,C02551,2025-04-17,Electronics,South,1,463.83,0.0,463.83,333.96,0
O106454,C02990,2025-04-17,Fashion,South,1,130.25,0.0,130.25,58.61,0
O107198,C03345,2025-04-17,Fashion,South,3,139.59,0.1,376.89,188.45,0
O111045,C05143,2025-04-17,Home & Kitchen,South,1,179.82,0.0,179.82,98.9,0
O101469,C00675,2025-04-17,Fashion,East,1,67.39,0.0,67.39,30.33,0
O107707,C03598,2025-04-17,Books,North,1,24.29,0.0,24.29,12.14,0
O101586,C00736,2025-04-17,Fashion,West,1,136.31,0.0,136.31,61.34,0
O104066,C01873,2025-04-17,Electronics,East,1,283.9,0.3,198.73,204.41,0
O102015,C00933,2025-04-17,Fashion,East,3,78.73,0.15,200.76,106.29,1
O101208,C00561,2025-04-17,Sports,East,1,33.97,0.0,33.97,19.7,0
O101449,C00663,2025-04-17,Books,West,2,29.58,0.2,47.33,29.58,0
O104429,C02050,2025-04-17,Fashion,West,1,68.54,0.0,68.54,30.84,0
O112354,C05735,2025-04-17,Home & Kitchen,East,1,37.82,0.0,37.82,20.8,0
O103823,C01762,2025-04-17,Home & Kitchen,East,1,135.01,0.1,121.51,74.26,0
O102855,C01329,2025-04-17,Sports,West,1,166.62,0.1,149.96,96.64,0
O100007,C00003,2025-04-17,Fashion,North,1,89.9,0.0,89.9,40.46,0
O103544,C01635,2025-04-17,Home & Kitchen,East,1,161.4,0.0,161.4,88.77,0
O106274,C02905,2025-04-17,Beauty,South,1,24.12,0.0,24.12,9.65,0
O103452,C01597,2025-04-17,Fashion,South,3,23.99,0.05,68.37,32.39,0
O107356,C03424,2025-04-18,Beauty,East,1,51.25,0.05,48.69,20.5,0
O108532,C03969,2025-04-18,Books,East,1,38.84,0.15,33.01,19.42,0
O101660,C00771,2025-04-18,Sports,West,1,83.18,0.2,66.54,48.24,0
O105069,C02341,2025-04-18,Home & Kitchen,South,1,61.81,0.0,61.81,34.0,0
O101706,C00791,2025-04-18,Beauty,North,2,64.12,0.0,128.24,51.3,0
O112450,C05777,2025-04-18,Beauty,South,2,53.61,0.2,85.78,42.89,0
O100399,C00196,2025-04-18,Home & Kitchen,South,3,105.51,0.05,300.7,174.09,0
O102628,C01221,2025-04-18,Home & Kitchen,North,3,139.87,0.15,356.67,230.79,0
O111250,C05245,2025-04-18,Beauty,West,1,41.69,0.15,35.44,16.68,0
O105952,C02754,2025-04-18,Fashion,East,1,73.98,0.0,73.98,33.29,0
O101343,C00618,2025-04-18,Beauty,North,1,63.16,0.1,56.84,25.26,0
O105182,C02396,2025-04-18,Books,South,1,15.45,0.0,15.45,7.72,0
O110327,C04798,2025-04-18,Fashion,West,1,135.08,0.0,135.08,60.79,1
O104151,C01918,2025-04-19,Fashion,East,1,123.01,0.0,123.01,55.35,1
O104919,C02271,2025-04-19,Beauty,West,2,47.63,0.0,95.26,38.1,1
O109565,C04437,2025-04-19,Electronics,North,2,441.75,0.0,883.5,636.12,0
O100340,C00167,2025-04-19,Electronics,North,2,237.35,0.0,474.7,341.78,1
O108314,C03863,2025-04-19,Home & Kitchen,North,2,90.6,0.0,181.2,99.66,0
O106777,C03140,2025-04-19,Home & Kitchen,South,2,37.77,0.0,75.54,41.55,0
O112009,C05591,2025-04-19,Beauty,East,3,46.46,0.1,125.44,55.75,0
O107714,C03601,2025-04-19,Fashion,North,1,80.62,0.15,68.53,36.28,0
O100654,C00311,2025-04-19,Home & Kitchen,West,1,48.95,0.0,48.95,26.92,0
O101768,C00824,2025-04-19,Books,North,1,30.39,0.1,27.35,15.2,0
O111891,C05536,2025-04-19,Home & Kitchen,North,1,55.7,0.0,55.7,30.64,0
O105484,C02525,2025-04-19,Beauty,South,3,66.96,0.0,200.88,80.35,0
O110034,C04662,2025-04-19,Beauty,West,3,38.99,0.0,116.97,46.79,1
O107874,C03679,2025-04-19,Electronics,North,2,179.58,0.0,359.16,258.6,1
O100873,C00407,2025-04-19,Sports,East,1,164.18,0.05,155.97,95.22,0
O111590,C05403,2025-04-20,Electronics,East,1,390.53,0.0,390.53,281.18,0
O100874,C00407,2025-04-20,Sports,East,1,149.31,0.0,149.31,86.6,0
O107323,C03410,2025-04-20,Beauty,North,1,36.41,0.0,36.41,14.56,0
O105987,C02769,2025-04-20,Beauty,South,1,33.86,0.05,32.17,13.54,0
O105939,C02747,2025-04-20,Electronics,North,1,293.62,0.1,264.26,211.41,0
O110539,C04902,2025-04-20,Fashion,East,3,137.24,0.0,411.72,185.27,1
O100256,C00123,2025-04-20,Beauty,South,3,28.2,0.3,59.22,33.84,0
O103575,C01648,2025-04-20,Beauty,North,1,69.92,0.3,48.94,27.97,0
O112548,C05828,2025-04-20,Home & Kitchen,West,2,132.02,0.05,250.84,145.22,0
O108390,C03899,2025-04-20,Fashion,East,2,74.1,0.0,148.2,66.69,0
O106999,C03251,2025-04-20,Electronics,West,1,461.28,0.0,461.28,332.12,0
O109068,C04219,2025-04-20,Books,North,3,9.48,0.15,24.17,14.22,0
O105589,C02580,2025-04-20,Home & Kitchen,East,1,141.71,0.0,141.71,77.94,0
O108963,C04170,2025-04-20,Fashion,North,1,83.63,0.3,58.54,37.63,0
O111933,C05555,2025-04-20,Sports,East,1,214.59,0.15,182.4,124.46,0
O102006,C00929,2025-04-20,Fashion,North,1,116.85,0.0,116.85,52.58,1
O111685,C05447,2025-04-21,Electronics,South,1,123.04,0.1,110.74,88.59,0
O107092,C03292,2025-04-21,Sports,West,2,79.29,0.2,126.86,91.98,0
O104374,C02022,2025-04-21,Home & Kitchen,West,2,71.26,0.05,135.39,78.39,0
O106326,C02930,2025-04-21,Electronics,North,2,204.17,0.1,367.51,294.0,0
O110781,C05018,2025-04-21,Home & Kitchen,East,2,160.73,0.0,321.46,176.8,0
O107832,C03657,2025-04-21,Fashion,East,1,39.81,0.1,35.83,17.91,0
O111212,C05225,2025-04-21,Beauty,North,2,11.59,0.1,20.86,9.27,0
O100254,C00122,2025-04-21,Books,South,2,28.0,0.05,53.2,28.0,0
O112477,C05789,2025-04-21,Home & Kitchen,South,2,93.62,0.2,149.79,102.98,0
O107196,C03344,2025-04-21,Fashion,South,3,44.19,0.0,132.57,59.66,0
O108115,C03777,2025-04-21,Fashion,South,3,105.66,0.2,253.58,142.64,0
O102618,C01216,2025-04-21,Electronics,North,1,470.09,0.1,423.08,338.46,0
O112028,C05598,2025-04-21,Electronics,East,3,206.07,0.15,525.48,445.11,0
O109395,C04359,2025-04-21,Home & Kitchen,North,1,58.07,0.0,58.07,31.94,0
O108156,C03794,2025-04-21,Fashion,East,1,38.01,0.0,38.01,17.1,1
O100656,C00312,2025-04-21,Electronics,West,1,331.56,0.2,265.25,238.72,0
O111805,C05496,2025-04-21,Home & Kitchen,East,1,63.34,0.05,60.17,34.84,0
O103676,C01693,2025-04-21,Fashion,East,2,45.43,0.0,90.86,40.89,0
O106961,C03233,2025-04-21,Books,West,2,26.2,0.0,52.4,26.2,0
O108781,C04078,2025-04-21,Electronics,West,2,176.62,0.0,353.24,254.33,0
O100330,C00163,2025-04-21,Fashion,North,1,47.49,0.0,47.49,21.37,0
O107137,C03314,2025-04-22,Electronics,North,3,555.86,0.1,1500.82,1200.66,0
O104668,C02154,2025-04-22,Sports,North,1,115.73,0.0,115.73,67.12,0
O106837,C03170,2025-04-22,Home & Kitchen,East,1,110.35,0.2,88.28,60.69,0
O110845,C05046,2025-04-22,Books,North,2,19.38,0.0,38.76,19.38,0
O110981,C05111,2025-04-22,Home & Kitchen,South,2,58.34,0.0,116.68,64.17,0
O109719,C04508,2025-04-22,Fashion,West,3,109.2,0.05,311.22,147.42,0
O106882,C03192,2025-04-22,Beauty,North,1,46.52,0.0,46.52,18.61,0
O106457,C02991,2025-04-22,Electronics,North,1,409.3,0.0,409.3,294.7,0
O107812,C03646,2025-04-22,Beauty,North,1,40.73,0.1,36.66,16.29,0
O100797,C00372,2025-04-22,Fashion,North,1,132.95,0.05,126.3,59.83,0
O110280,C04779,2025-04-22,Sports,North,1,160.63,0.0,160.63,93.17,0
O107052,C03274,2025-04-22,Beauty,North,1,65.79,0.0,65.79,26.32,0
O105554,C02563,2025-04-22,Home & Kitchen,North,3,101.79,0.15,259.56,167.95,0
O101764,C00822,2025-04-22,Sports,East,1,160.13,0.2,128.1,92.88,0
O105309,C02445,2025-04-22,Sports,West,2,98.51,0.0,197.02,114.27,0
O105826,C02692,2025-04-23,Electronics,North,1,173.22,0.1,155.9,124.72,0
O100282,C00134,2025-04-23,Fashion,North,1,35.12,0.3,24.58,15.8,0
O100489,C00237,2025-04-23,Fashion,West,1,56.15,0.1,50.53,25.27,0
O112172,C05654,2025-04-23,Beauty,North,1,22.32,0.0,22.32,8.93,0
O111281,C05259,2025-04-23,Sports,East,3,97.3,0.0,291.9,169.3,0
O107035,C03266,2025-04-23,Beauty,West,3,41.82,0.05,119.19,50.18,0
O109546,C04424,2025-04-23,Home & Kitchen,South,1,36.16,0.0,36.16,19.89,0
O112268,C05695,2025-04-23,Fashion,East,2,138.25,0.2,221.2,124.42,0
O106331,C02932,2025-04-23,Electronics,North,2,336.32,0.0,672.64,484.3,0
O111510,C05369,2025-04-23,Electronics,South,1,434.77,0.0,434.77,313.03,0
O110182,C04730,2025-04-23,Fashion,North,1,75.25,0.2,60.2,33.86,0
O100196,C00098,2025-04-23,Books,South,3,16.88,0.05,48.11,25.32,0
O102309,C01071,2025-04-23,Fashion,South,2,44.65,0.15,75.91,40.18,0
O100389,C00191,2025-04-23,Beauty,North,1,40.5,0.2,32.4,16.2,0
O100533,C00257,2025-04-23,Fashion,North,1,91.18,0.0,91.18,41.03,0
O111786,C05490,2025-04-23,Books,East,1,11.17,0.0,11.17,5.58,0
O111686,C05447,2025-04-23,Beauty,South,1,33.7,0.15,28.65,13.48,0
O112286,C05701,2025-04-23,Home & Kitchen,North,2,81.69,0.0,163.38,89.86,0
O102106,C00975,2025-04-23,Sports,North,2,173.06,0.1,311.51,200.75,0
O101536,C00711,2025-04-23,Electronics,West,3,413.54,0.1,1116.56,893.25,0
O110730,C04995,2025-04-23,Sports,North,3,237.51,0.05,676.9,413.27,0
O100657,C00312,2025-04-24,Home & Kitchen,West,2,170.17,0.1,306.31,187.19,1
O106217,C02877,2025-04-24,Fashion,East,3,52.41,0.0,157.23,70.75,0
O112826,C05955,2025-04-24,Fashion,South,2,33.25,0.05,63.17,29.92,0
O110334,C04801,2025-04-24,Fashion,North,2,69.14,0.1,124.45,62.23,0
O101632,C00755,2025-04-24,Fashion,South,3,113.91,0.15,290.47,153.78,0
O111296,C05268,2025-04-24,Fashion,North,3,53.3,0.2,127.92,71.96,0
O102467,C01146,2025-04-24,Home & Kitchen,North,1,174.92,0.1,157.43,96.21,1
O104749,C02195,2025-04-24,Beauty,West,2,62.55,0.0,125.1,50.04,0
O107132,C03311,2025-04-24,Fashion,North,2,104.25,0.0,208.5,93.82,0
O104400,C02034,2025-04-24,Home & Kitchen,East,2,150.97,0.1,271.75,166.07,0
O103246,C01506,2025-04-24,Home & Kitchen,South,2,71.07,0.05,135.03,78.18,0
O100327,C00162,2025-04-24,Beauty,West,2,68.73,0.0,137.46,54.98,0
O107757,C03619,2025-04-24,Fashion,North,1,91.74,0.0,91.74,41.28,1
O112308,C05714,2025-04-24,Fashion,East,2,96.24,0.0,192.48,86.62,0
O104317,C01997,2025-04-24,Fashion,North,1,27.33,0.0,27.33,12.3,0
O107541,C03510,2025-04-24,Sports,East,1,65.67,0.0,65.67,38.09,0
O107387,C03438,2025-04-24,Fashion,South,1,91.47,0.0,91.47,41.16,0
O108042,C03742,2025-04-24,Fashion,South,1,65.27,0.0,65.27,29.37,0
O107740,C03612,2025-04-24,Fashion,North,1,85.25,0.0,85.25,38.36,0
O107975,C03716,2025-04-25,Books,West,1,21.26,0.1,19.13,10.63,0
O110773,C05015,2025-04-25,Sports,North,1,132.89,0.0,132.89,77.08,0
O100400,C00196,2025-04-25,Fashion,South,1,79.12,0.1,71.21,35.6,1
O102659,C01235,2025-04-25,Beauty,North,1,27.16,0.3,19.01,10.86,0
O105228,C02414,2025-04-25,Fashion,North,2,108.84,0.3,152.38,97.96,0
O106861,C03182,2025-04-25,Sports,East,2,224.3,0.15,381.31,260.19,0
O109322,C04326,2025-04-25,Fashion,South,1,104.84,0.0,104.84,47.18,0
O107935,C03699,2025-04-25,Electronics,East,1,130.2,0.15,110.67,93.74,0
O102514,C01171,2025-04-25,Sports,West,1,85.73,0.3,60.01,49.72,0
O110690,C04977,2025-04-25,Sports,West,1,143.96,0.0,143.96,83.5,0
O102196,C01017,2025-04-25,Books,North,3,39.01,0.05,111.18,58.52,0
O108248,C03834,2025-04-25,Fashion,West,1,49.21,0.05,46.75,22.14,0
O112223,C05678,2025-04-25,Sports,East,1,197.7,0.0,197.7,114.67,0
O107199,C03345,2025-04-25,Home & Kitchen,South,1,169.36,0.0,169.36,93.15,0
O109069,C04219,2025-04-25,Home & Kitchen,North,1,147.09,0.0,147.09,80.9,0
O103255,C01510,2025-04-25,Fashion,South,1,109.04,0.1,98.14,49.07,0
O106380,C02955,2025-04-25,Beauty,South,2,64.4,0.0,128.8,51.52,0
O100668,C00316,2025-04-25,Home & Kitchen,North,2,83.4,0.0,166.8,91.74,0
O102431,C01132,2025-04-25,Books,East,1,18.94,0.0,18.94,9.47,0
O111491,C05361,2025-04-26,Fashion,North,1,125.54,0.0,125.54,56.49,1
O107447,C03467,2025-04-26,Fashion,North,2,50.37,0.0,100.74,45.33,0
O103549,C01636,2025-04-26,Fashion,North,3,116.65,0.0,349.95,157.48,0
O102811,C01306,2025-04-26,Home & Kitchen,North,2,98.32,0.0,196.64,108.15,0
O102056,C00952,2025-04-26,Sports,West,1,203.49,0.3,142.44,118.02,0
O111174,C05205,2025-04-26,Fashion,South,2,128.65,0.05,244.44,115.79,0
O107850,C03665,2025-04-26,Electronics,North,1,120.69,0.0,120.69,86.9,0
O112353,C05734,2025-04-26,Sports,South,1,131.55,0.0,131.55,76.3,0
O100966,C00446,2025-04-26,Beauty,South,3,18.6,0.0,55.8,22.32,0
O104579,C02112,2025-04-26,Sports,East,1,49.65,0.3,34.75,28.8,0
O104516,C02088,2025-04-26,Sports,South,3,57.79,0.05,164.7,100.55,0
O106926,C03213,2025-04-26,Books,South,1,26.71,0.2,21.37,13.36,0
O107891,C03684,2025-04-26,Sports,West,3,80.95,0.0,242.85,140.85,0
O107828,C03655,2025-04-26,Fashion,East,3,93.33,0.05,265.99,126.0,0
O102379,C01102,2025-04-26,Fashion,East,1,22.49,0.2,17.99,10.12,0
O112615,C05856,2025-04-26,Fashion,North,2,34.18,0.0,68.36,30.76,0
O108238,C03829,2025-04-26,Electronics,East,1,587.54,0.0,587.54,423.03,0
O100837,C00393,2025-04-26,Home & Kitchen,West,2,176.41,0.0,352.82,194.05,0
O110204,C04740,2025-04-26,Books,South,2,28.73,0.0,57.46,28.73,0
O106477,C03002,2025-04-26,Home & Kitchen,North,2,139.52,0.2,223.23,153.47,0
O108194,C03813,2025-04-26,Electronics,South,2,259.78,0.05,493.58,374.08,0
O104937,C02280,2025-04-26,Fashion,East,1,46.13,0.0,46.13,20.76,0
O108198,C03814,2025-04-26,Fashion,North,1,73.71,0.15,62.65,33.17,0
O102268,C01049,2025-04-27,Books,South,3,19.95,0.0,59.85,29.92,0
O111002,C05124,2025-04-27,Beauty,North,1,15.34,0.1,13.81,6.14,0
O106912,C03206,2025-04-27,Beauty,East,1,24.84,0.0,24.84,9.94,0
O107661,C03576,2025-04-27,Beauty,East,3,17.68,0.0,53.04,21.22,0
O109954,C04625,2025-04-27,Home & Kitchen,South,1,133.51,0.0,133.51,73.43,0
O100525,C00253,2025-04-27,Fashion,North,1,38.89,0.0,38.89,17.5,0
O101862,C00871,2025-04-27,Home & Kitchen,South,1,147.72,0.1,132.95,81.25,0
O104905,C02266,2025-04-27,Home & Kitchen,North,1,48.81,0.2,39.05,26.85,0
O108345,C03878,2025-04-27,Sports,South,1,45.66,0.0,45.66,26.48,0
O110286,C04780,2025-04-27,Sports,East,1,97.58,0.0,97.58,56.6,0
O101036,C00479,2025-04-27,Home & Kitchen,West,3,157.25,0.1,424.57,259.46,0
O104915,C02269,2025-04-27,Home & Kitchen,West,3,112.05,0.15,285.73,184.88,0
O105665,C02616,2025-04-27,Home & Kitchen,North,1,163.9,0.0,163.9,90.15,0
O108318,C03865,2025-04-27,Books,East,1,18.82,0.0,18.82,9.41,0
O112522,C05811,2025-04-28,Beauty,West,2,58.94,0.0,117.88,47.15,0
O103056,C01424,2025-04-28,Electronics,North,1,580.21,0.3,406.15,417.75,0
O107252,C03373,2025-04-28,Electronics,West,3,546.13,0.1,1474.55,1179.64,0
O102348,C01089,2025-04-28,Electronics,North,1,543.1,0.15,461.63,391.03,0
O101746,C00813,2025-04-28,Books,East,2,30.91,0.0,61.82,30.91,0
O105808,C02685,2025-04-28,Fashion,South,2,124.93,0.0,249.86,112.44,0
O107735,C03610,2025-04-28,Fashion,North,1,49.87,0.0,49.87,22.44,0
O109076,C04222,2025-04-28,Home & Kitchen,North,1,106.89,0.05,101.55,58.79,0
O100120,C00060,2025-04-28,Books,North,1,18.53,0.0,18.53,9.26,0
O112139,C05637,2025-04-28,Electronics,North,1,351.06,0.05,333.51,252.76,0
O108153,C03792,2025-04-28,Books,South,2,26.14,0.15,44.44,26.14,0
O100637,C00305,2025-04-28,Books,East,1,8.87,0.0,8.87,4.43,0
O103700,C01703,2025-04-28,Beauty,South,1,16.57,0.05,15.74,6.63,0
O100819,C00381,2025-04-28,Beauty,South,3,67.96,0.0,203.88,81.55,0
O107568,C03525,2025-04-28,Fashion,South,2,21.68,0.1,39.02,19.51,0
O107482,C03482,2025-04-28,Books,South,1,13.64,0.1,12.28,6.82,1
O104222,C01954,2025-04-28,Sports,West,1,67.06,0.05,63.71,38.89,0
O106885,C03193,2025-04-28,Home & Kitchen,North,1,32.08,0.2,25.66,17.64,0
O104152,C01918,2025-04-28,Fashion,East,3,114.15,0.0,342.45,154.1,0
O109360,C04346,2025-04-28,Beauty,East,2,47.46,0.05,90.17,37.97,0
O105883,C02722,2025-04-28,Fashion,North,1,31.91,0.0,31.91,14.36,0
O106275,C02905,2025-04-29,Home & Kitchen,South,3,108.74,0.1,293.6,179.42,0
O102029,C00941,2025-04-29,Electronics,North,1,177.99,0.0,177.99,128.15,0
O109846,C04571,2025-04-29,Home & Kitchen,East,2,39.8,0.0,79.6,43.78,0
O108163,C03797,2025-04-29,Home & Kitchen,East,1,37.98,0.05,36.08,20.89,0
O110489,C04879,2025-04-29,Books,West,1,17.34,0.0,17.34,8.67,0
O110708,C04984,2025-04-29,Electronics,West,1,277.18,0.3,194.03,199.57,0
O111421,C05323,2025-04-29,Home & Kitchen,North,3,150.15,0.1,405.41,247.75,0
O102068,C00958,2025-04-29,Fashion,West,1,120.82,0.0,120.82,54.37,0
O103667,C01688,2025-04-29,Beauty,South,2,41.72,0.05,79.27,33.38,0
O111588,C05402,2025-04-29,Home & Kitchen,North,3,89.28,0.05,254.45,147.31,0
O110737,C04999,2025-04-29,Electronics,North,1,561.75,0.0,561.75,404.46,0
O105238,C02417,2025-04-29,Beauty,North,1,33.68,0.1,30.31,13.47,0
O101922,C00896,2025-04-29,Home & Kitchen,East,1,119.71,0.1,107.74,65.84,0
O107875,C03679,2025-04-29,Electronics,North,2,441.92,0.0,883.84,636.36,0
O111672,C05440,2025-04-29,Fashion,North,1,36.76,0.1,33.08,16.54,0
O100776,C00363,2025-04-29,Sports,East,1,194.2,0.0,194.2,112.64,0
O103100,C01444,2025-04-29,Home & Kitchen,West,3,162.78,0.0,488.34,268.59,0
O109946,C04621,2025-04-29,Fashion,South,2,78.33,0.0,156.66,70.5,0
O111014,C05128,2025-04-29,Electronics,East,2,136.6,0.1,245.88,196.7,0
O109276,C04305,2025-04-29,Sports,East,2,108.37,0.0,216.74,125.71,0
O103793,C01744,2025-04-29,Home & Kitchen,South,1,64.03,0.0,64.03,35.22,0
O107925,C03697,2025-04-29,Sports,South,3,89.79,0.3,188.56,156.23,0
O102475,C01149,2025-04-29,Beauty,South,1,58.15,0.0,58.15,23.26,0
O110945,C05092,2025-04-29,Fashion,North,1,107.52,0.05,102.14,48.38,0
O104885,C02256,2025-04-29,Home & Kitchen,West,1,171.18,0.0,171.18,94.15,0
O112592,C05848,2025-04-29,Electronics,East,1,446.8,0.1,402.12,321.7,0
O111449,C05336,2025-04-29,Beauty,East,1,54.03,0.05,51.33,21.61,0
O110549,C04906,2025-04-29,Beauty,North,2,33.59,0.1,60.46,26.87,0
O100158,C00080,2025-04-29,Beauty,North,1,57.58,0.2,46.06,23.03,0
O108624,C04013,2025-04-29,Fashion,North,3,86.75,0.0,260.25,117.11,0
O111362,C05298,2025-04-29,Fashion,North,2,22.54,0.05,42.83,20.29,0
O103491,C01613,2025-04-29,Books,East,1,28.25,0.1,25.43,14.12,0
O111901,C05541,2025-04-30,Books,North,1,22.12,0.15,18.8,11.06,0
O107256,C03375,2025-04-30,Electronics,South,2,317.02,0.0,634.04,456.51,1
O101209,C00561,2025-04-30,Home & Kitchen,East,2,177.72,0.1,319.9,195.49,0
O100658,C00312,2025-04-30,Home & Kitchen,West,1,164.72,0.0,164.72,90.6,0
O104513,C02086,2025-04-30,Books,South,1,9.87,0.05,9.38,4.93,0
O110302,C04787,2025-04-30,Beauty,East,2,35.16,0.0,70.32,28.13,0
O105356,C02468,2025-04-30,Books,North,2,15.01,0.0,30.02,15.01,0
O105693,C02632,2025-04-30,Sports,North,3,65.65,0.0,196.95,114.23,0
O102812,C01306,2025-04-30,Home & Kitchen,North,1,90.66,0.0,90.66,49.86,0
O103686,C01696,2025-04-30,Electronics,East,2,536.48,0.3,751.07,772.53,1
O102788,C01298,2025-04-30,Books,East,3,9.14,0.0,27.42,13.71,0
O103344,C01547,2025-04-30,Sports,West,2,44.12,0.0,88.24,51.18,0
O110343,C04803,2025-04-30,Home & Kitchen,South,1,74.39,0.0,74.39,40.91,0
O108127,C03782,2025-04-30,Books,South,1,22.6,0.0,22.6,11.3,0
O100271,C00131,2025-04-30,Beauty,South,1,53.39,0.3,37.37,21.36,0
O109057,C04215,2025-04-30,Home & Kitchen,West,1,149.95,0.0,149.95,82.47,1
O103824,C01762,2025-04-30,Home & Kitchen,East,2,74.17,0.05,140.92,81.59,0
O101864,C00872,2025-05-01,Fashion,North,2,34.02,0.0,68.04,30.62,0
O106862,C03182,2025-05-01,Beauty,East,1,24.85,0.05,23.61,9.94,0
O112744,C05919,2025-05-01,Electronics,West,2,138.13,0.3,193.38,198.91,0
O101401,C00641,2025-05-01,Fashion,North,2,72.21,0.05,137.2,64.99,0
O100112,C00057,2025-05-01,Sports,East,1,186.81,0.2,149.45,108.35,0
O108641,C04021,2025-05-01,Sports,West,1,191.46,0.0,191.46,111.05,0
O100098,C00049,2025-05-01,Home & Kitchen,West,2,171.75,0.0,343.5,188.92,0
O111297,C05268,2025-05-01,Fashion,North,1,109.21,0.0,109.21,49.14,0
O109968,C04633,2025-05-01,Fashion,West,2,95.02,0.0,190.04,85.52,0
O105766,C02666,2025-05-01,Beauty,East,1,21.61,0.0,21.61,8.64,0
O111853,C05521,2025-05-01,Fashion,East,1,123.93,0.05,117.73,55.77,0
O102844,C01323,2025-05-01,Beauty,East,1,45.36,0.15,38.56,18.14,0
O109029,C04201,2025-05-01,Books,South,1,21.47,0.05,20.4,10.74,0
O101878,C00876,2025-05-01,Fashion,South,1,122.4,0.0,122.4,55.08,0
O104007,C01846,2025-05-01,Fashion,South,2,57.24,0.0,114.48,51.52,0
O104507,C02084,2025-05-01,Beauty,North,2,69.45,0.05,131.96,55.56,0
O108955,C04166,2025-05-01,Fashion,South,3,72.73,0.1,196.37,98.19,0
O109956,C04626,2025-05-01,Home & Kitchen,North,1,80.75,0.2,64.6,44.41,0
O102034,C00944,2025-05-01,Books,East,1,19.26,0.05,18.3,9.63,0
O111529,C05376,2025-05-02,Electronics,East,1,509.61,0.0,509.61,366.92,0
O107032,C03265,2025-05-02,Home & Kitchen,South,3,130.51,0.0,391.53,215.34,0
O102130,C00985,2025-05-02,Electronics,South,2,279.67,0.0,559.34,402.72,0
O105551,C02560,2025-05-02,Beauty,North,1,42.6,0.15,36.21,17.04,0
O103067,C01427,2025-05-02,Fashion,North,2,70.07,0.0,140.14,63.06,0
O103127,C01456,2025-05-02,Beauty,South,1,36.22,0.0,36.22,14.49,0
O103619,C01668,2025-05-02,Sports,South,1,142.77,0.0,142.77,82.81,0
O100907,C00422,2025-05-02,Home & Kitchen,South,1,97.44,0.05,92.57,53.59,1
O108222,C03823,2025-05-02,Beauty,South,2,65.53,0.05,124.51,52.42,0
O105289,C02438,2025-05-02,Fashion,North,2,96.03,0.0,192.06,86.43,0
O102188,C01014,2025-05-02,Sports,North,1,159.14,0.0,159.14,92.3,1
O100617,C00298,2025-05-02,Electronics,South,3,549.06,0.05,1564.82,1185.97,0
O104485,C02075,2025-05-02,Home & Kitchen,West,1,158.46,0.0,158.46,87.15,0
O104906,C02267,2025-05-02,Books,South,1,19.71,0.0,19.71,9.86,0
O108693,C04039,2025-05-02,Beauty,West,3,57.74,0.0,173.22,69.29,0
O105749,C02659,2025-05-02,Home & Kitchen,North,2,138.53,0.0,277.06,152.38,0
O110287,C04780,2025-05-03,Home & Kitchen,East,1,149.35,0.05,141.88,82.14,1
O107750,C03616,2025-05-03,Home & Kitchen,North,3,170.55,0.0,511.65,281.41,1
O104035,C01857,2025-05-03,Home & Kitchen,South,1,109.37,0.05,103.9,60.15,0
O112155,C05644,2025-05-03,Books,South,1,10.76,0.0,10.76,5.38,0
O105097,C02351,2025-05-03,Fashion,West,2,92.0,0.0,184.0,82.8,0
O108508,C03960,2025-05-03,Electronics,West,2,533.43,0.15,906.83,768.14,1
O110429,C04843,2025-05-03,Electronics,North,1,349.29,0.05,331.83,251.49,0
O109123,C04242,2025-05-03,Fashion,South,1,61.56,0.0,61.56,27.7,0
O101698,C00788,2025-05-03,Fashion,North,2,93.92,0.0,187.84,84.53,0
O101661,C00771,2025-05-03,Beauty,West,2,65.24,0.05,123.96,52.19,0
O103337,C01544,2025-05-03,Home & Kitchen,South,3,68.47,0.2,164.33,112.98,0
O108857,C04119,2025-05-03,Home & Kitchen,North,2,116.03,0.05,220.46,127.63,0
O107978,C03717,2025-05-03,Electronics,East,1,570.06,0.15,484.55,410.44,0
O102131,C00985,2025-05-03,Electronics,South,3,190.09,0.0,570.27,410.59,0
O101279,C00587,2025-05-03,Electronics,South,1,342.35,0.2,273.88,246.49,1
O111539,C05379,2025-05-03,Beauty,South,2,43.09,0.3,60.33,34.47,0
O103128,C01456,2025-05-03,Home & Kitchen,South,1,123.47,0.0,123.47,67.91,0
O110061,C04673,2025-05-03,Electronics,West,1,565.55,0.05,537.27,407.2,0
O101548,C00718,2025-05-03,Sports,West,1,223.36,0.0,223.36,129.55,0
O105590,C02580,2025-05-03,Home & Kitchen,East,2,125.65,0.15,213.61,138.22,0
O104259,C01973,2025-05-03,Fashion,South,1,103.67,0.1,93.3,46.65,1
O101185,C00550,2025-05-03,Beauty,West,1,32.88,0.0,32.88,13.15,0
O108689,C04038,2025-05-03,Home & Kitchen,East,2,149.64,0.05,284.32,164.6,0
O103002,C01397,2025-05-03,Home & Kitchen,North,1,102.61,0.1,92.35,56.44,0
O106093,C02817,2025-05-03,Electronics,South,1,260.34,0.0,260.34,187.44,0
O108638,C04020,2025-05-04,Books,East,1,31.39,0.0,31.39,15.7,0
O112754,C05923,2025-05-04,Home & Kitchen,North,1,124.17,0.0,124.17,68.29,0
O100645,C00308,2025-05-04,Home & Kitchen,North,1,67.6,0.0,67.6,37.18,0
O101773,C00827,2025-05-04,Beauty,North,1,48.57,0.0,48.57,19.43,0
O110125,C04703,2025-05-04,Home & Kitchen,East,1,136.13,0.0,136.13,74.87,0
O103934,C01813,2025-05-04,Fashion,East,2,70.41,0.15,119.7,63.37,0
O110381,C04822,2025-05-04,Electronics,East,2,237.89,0.0,475.78,342.56,0
O111821,C05505,2025-05-04,Beauty,East,1,13.41,0.0,13.41,5.36,1
O104387,C02026,2025-05-04,Books,East,1,35.66,0.1,32.09,17.83,0
O110185,C04732,2025-05-04,Fashion,South,1,76.72,0.0,76.72,34.52,0
O111846,C05518,2025-05-04,Beauty,North,3,12.89,0.1,34.8,15.47,0
O108304,C03860,2025-05-04,Fashion,North,2,117.82,0.0,235.64,106.04,0
O100178,C00088,2025-05-04,Books,South,2,9.39,0.0,18.78,9.39,0
O100369,C00184,2025-05-04,Home & Kitchen,North,1,151.31,0.1,136.18,83.22,0
O103553,C01638,2025-05-04,Fashion,East,1,88.29,0.0,88.29,39.73,0
O110790,C05023,2025-05-04,Fashion,West,1,89.43,0.0,89.43,40.24,0
O112790,C05937,2025-05-04,Home & Kitchen,North,1,69.23,0.0,69.23,38.08,0
O109107,C04235,2025-05-04,Sports,East,2,199.41,0.1,358.94,231.32,0
O108880,C04129,2025-05-04,Sports,West,3,83.57,0.1,225.64,145.41,0
O103434,C01588,2025-05-04,Beauty,West,1,30.44,0.05,28.92,12.18,0
O109707,C04501,2025-05-04,Books,East,1,30.36,0.1,27.32,15.18,0
O105390,C02481,2025-05-04,Beauty,North,3,59.41,0.05,169.32,71.29,0
O100269,C00130,2025-05-04,Fashion,West,1,106.73,0.0,106.73,48.03,0
O100560,C00271,2025-05-04,Home & Kitchen,West,2,94.2,0.0,188.4,103.62,0
O110164,C04719,2025-05-04,Home & Kitchen,East,3,166.96,0.05,475.84,275.48,0
O107732,C03608,2025-05-04,Fashion,North,2,32.4,0.05,61.56,29.16,0
O103545,C01635,2025-05-04,Books,East,1,15.78,0.0,15.78,7.89,0
O106628,C03072,2025-05-05,Fashion,North,1,132.78,0.0,132.78,59.75,0
O111018,C05129,2025-05-05,Fashion,East,3,114.2,0.05,325.47,154.17,0
O103608,C01662,2025-05-05,Sports,West,1,195.22,0.0,195.22,113.23,0
O101981,C00922,2025-05-05,Fashion,West,3,115.68,0.0,347.04,156.17,0
O102730,C01274,2025-05-05,Electronics,West,1,593.3,0.3,415.31,427.18,0
O104631,C02136,2025-05-05,Beauty,East,1,67.38,0.2,53.9,26.95,0
O111843,C05516,2025-05-05,Home & Kitchen,East,1,36.58,0.15,31.09,20.12,0
O103766,C01733,2025-05-05,Sports,South,3,182.48,0.0,547.44,317.52,0
O106478,C03002,2025-05-05,Home & Kitchen,North,1,39.97,0.15,33.97,21.98,0
O108089,C03767,2025-05-05,Home & Kitchen,West,2,71.74,0.0,143.48,78.91,0
O104328,C02004,2025-05-05,Home & Kitchen,North,1,74.8,0.0,74.8,41.14,1
O112889,C05981,2025-05-05,Beauty,East,1,29.05,0.0,29.05,11.62,0
O102568,C01196,2025-05-05,Sports,East,2,139.51,0.0,279.02,161.83,0
O108258,C03838,2025-05-05,Books,East,1,22.02,0.0,22.02,11.01,0
O108686,C04037,2025-05-05,Beauty,North,2,62.22,0.0,124.44,49.78,0
O100420,C00204,2025-05-05,Electronics,East,1,590.93,0.2,472.74,425.47,0
O112355,C05735,2025-05-05,Fashion,East,2,32.04,0.0,64.08,28.84,0
O102017,C00934,2025-05-05,Beauty,North,2,60.17,0.0,120.34,48.14,0
O102850,C01327,2025-05-05,Home & Kitchen,North,1,149.45,0.1,134.5,82.2,0
O109965,C04631,2025-05-06,Home & Kitchen,East,1,111.72,0.1,100.55,61.45,0
O111060,C05147,2025-05-06,Fashion,North,2,24.09,0.05,45.77,21.68,0
O100740,C00349,2025-05-06,Fashion,East,2,27.54,0.0,55.08,24.79,0
O101387,C00636,2025-05-06,Home & Kitchen,North,2,148.88,0.0,297.76,163.77,0
O102561,C01192,2025-05-06,Beauty,East,1,13.91,0.0,13.91,5.56,0
O108782,C04078,2025-05-06,Home & Kitchen,West,2,51.23,0.0,102.46,56.35,0
O110881,C05066,2025-05-06,Beauty,North,2,38.65,0.0,77.3,30.92,0
O112207,C05670,2025-05-06,Books,West,2,18.97,0.0,37.94,18.97,0
O110578,C04920,2025-05-06,Fashion,South,2,78.44,0.05,149.04,70.6,0
O102050,C00951,2025-05-06,Home & Kitchen,South,2,123.86,0.0,247.72,136.25,0
O102972,C01382,2025-05-06,Home & Kitchen,South,2,41.91,0.0,83.82,46.1,0
O102197,C01017,2025-05-06,Home & Kitchen,North,3,39.26,0.3,82.45,64.78,0
O103685,C01695,2025-05-06,Sports,South,1,104.99,0.05,99.74,60.89,1
O111156,C05195,2025-05-06,Books,West,1,13.04,0.0,13.04,6.52,0
O111076,C05154,2025-05-06,Beauty,West,2,60.93,0.0,121.86,48.74,0
O106104,C02821,2025-05-06,Electronics,East,2,275.3,0.05,523.07,396.43,0
O112634,C05862,2025-05-06,Electronics,South,1,559.13,0.0,559.13,402.57,0
O112154,C05643,2025-05-06,Fashion,North,2,110.99,0.0,221.98,99.89,0
O111474,C05352,2025-05-06,Fashion,West,1,75.18,0.2,60.14,33.83,0
O109969,C04633,2025-05-06,Beauty,West,1,53.41,0.0,53.41,21.36,0
O112468,C05785,2025-05-06,Beauty,East,3,13.45,0.0,40.35,16.14,0
O110671,C04967,2025-05-06,Fashion,East,1,60.66,0.0,60.66,27.3,0
O106039,C02792,2025-05-07,Electronics,East,3,184.45,0.0,553.35,398.41,0
O105804,C02683,2025-05-07,Beauty,North,1,22.09,0.0,22.09,8.84,0
O106054,C02800,2025-05-07,Home & Kitchen,South,1,46.14,0.0,46.14,25.38,0
O103411,C01580,2025-05-07,Sports,North,1,186.89,0.0,186.89,108.4,0
O110583,C04924,2025-05-07,Sports,East,1,120.74,0.0,120.74,70.03,0
O103447,C01595,2025-05-07,Sports,North,2,67.59,0.0,135.18,78.4,1
O106938,C03220,2025-05-07,Sports,South,1,72.42,0.05,68.8,42.0,0
O106693,C03102,2025-05-07,Electronics,North,2,240.54,0.1,432.97,346.38,0
O107982,C03719,2025-05-07,Fashion,East,2,125.21,0.2,200.34,112.69,0
O103866,C01780,2025-05-07,Books,East,1,26.01,0.0,26.01,13.0,0
O104947,C02285,2025-05-07,Sports,North,1,245.52,0.0,245.52,142.4,0
O105278,C02432,2025-05-07,Beauty,South,1,32.31,0.15,27.46,12.92,0
O110482,C04874,2025-05-08,Home & Kitchen,North,2,162.95,0.05,309.6,179.24,0
O105429,C02501,2025-05-08,Home & Kitchen,North,1,52.29,0.15,44.45,28.76,0
O101335,C00615,2025-05-08,Beauty,East,1,60.73,0.15,51.62,24.29,0
O100226,C00110,2025-05-08,Electronics,West,1,437.0,0.0,437.0,314.64,0
O109102,C04234,2025-05-08,Home & Kitchen,South,2,132.17,0.0,264.34,145.39,0
O109716,C04506,2025-05-08,Books,East,1,13.45,0.3,9.41,6.72,0
O107286,C03390,2025-05-08,Fashion,North,1,112.02,0.0,112.02,50.41,1
O104850,C02238,2025-05-08,Home & Kitchen,North,2,82.94,0.0,165.88,91.23,0
O102009,C00931,2025-05-08,Fashion,East,1,90.3,0.0,90.3,40.64,0
O100804,C00374,2025-05-08,Books,North,2,29.47,0.2,47.15,29.47,0
O102384,C01104,2025-05-08,Fashion,South,1,44.5,0.15,37.82,20.03,1
O109743,C04522,2025-05-08,Books,South,1,12.18,0.0,12.18,6.09,0
O106150,C02842,2025-05-08,Beauty,South,1,27.52,0.0,27.52,11.01,0
O108881,C04129,2025-05-08,Electronics,West,2,336.25,0.0,672.5,484.2,0
O107555,C03519,2025-05-08,Fashion,North,1,115.7,0.1,104.13,52.07,0
O101083,C00500,2025-05-08,Home & Kitchen,West,1,91.98,0.05,87.38,50.59,0
O100893,C00416,2025-05-08,Home & Kitchen,North,3,161.26,0.0,483.78,266.08,0
O111967,C05574,2025-05-08,Books,South,1,34.62,0.0,34.62,17.31,1
O112821,C05951,2025-05-08,Electronics,South,1,123.33,0.1,111.0,88.8,0
O111963,C05572,2025-05-08,Home & Kitchen,West,2,31.88,0.1,57.38,35.07,0
O104496,C02079,2025-05-08,Fashion,South,1,133.58,0.0,133.58,60.11,0
O100659,C00312,2025-05-09,Beauty,West,1,45.21,0.0,45.21,18.08,0
O103207,C01490,2025-05-09,Fashion,East,1,94.9,0.15,80.67,42.71,0
O108663,C04029,2025-05-09,Fashion,East,3,36.76,0.1,99.25,49.63,0
O112453,C05779,2025-05-09,Beauty,West,1,25.01,0.0,25.01,10.0,0
O100146,C00075,2025-05-09,Electronics,West,2,581.39,0.0,1162.78,837.2,0
O102546,C01183,2025-05-09,Home & Kitchen,East,2,142.5,0.0,285.0,156.75,0
O107625,C03558,2025-05-09,Fashion,North,2,98.93,0.0,197.86,89.04,0
O112608,C05854,2025-05-09,Electronics,East,2,551.44,0.1,992.59,794.07,0
O108494,C03952,2025-05-09,Home & Kitchen,West,1,31.62,0.15,26.88,17.39,0
O109036,C04204,2025-05-09,Electronics,West,1,529.05,0.0,529.05,380.92,0
O110452,C04856,2025-05-09,Beauty,East,1,69.59,0.0,69.59,27.84,0
O112730,C05913,2025-05-09,Fashion,East,1,39.18,0.0,39.18,17.63,0
O108984,C04179,2025-05-09,Books,West,3,35.61,0.0,106.83,53.42,0
O109511,C04411,2025-05-09,Beauty,East,1,27.44,0.0,27.44,10.98,0
O108195,C03813,2025-05-09,Books,South,1,15.96,0.1,14.36,7.98,0
O107685,C03588,2025-05-09,Books,West,2,18.75,0.0,37.5,18.75,0
O101139,C00526,2025-05-09,Home & Kitchen,South,1,177.62,0.3,124.33,97.69,0
O106895,C03197,2025-05-09,Electronics,East,1,460.49,0.0,460.49,331.55,0
O109577,C04443,2025-05-09,Books,East,2,14.41,0.0,28.82,14.41,0
O107037,C03268,2025-05-09,Beauty,West,1,27.2,0.1,24.48,10.88,0
O110216,C04745,2025-05-09,Sports,East,2,113.77,0.0,227.54,131.97,0
O108444,C03929,2025-05-09,Fashion,South,1,108.78,0.3,76.15,48.95,0
O109881,C04591,2025-05-09,Beauty,South,3,48.46,0.0,145.38,58.15,0
O111594,C05404,2025-05-09,Home & Kitchen,West,2,66.28,0.3,92.79,72.91,0
O106630,C03073,2025-05-10,Sports,North,2,223.8,0.0,447.6,259.61,0
O103332,C01541,2025-05-10,Books,North,3,24.66,0.0,73.98,36.99,0
O104302,C01992,2025-05-10,Beauty,West,1,57.88,0.0,57.88,23.15,0
O106941,C03221,2025-05-10,Beauty,South,2,23.99,0.0,47.98,19.19,0
O105463,C02517,2025-05-10,Sports,North,1,98.12,0.0,98.12,56.91,1
O111764,C05478,2025-05-10,Home & Kitchen,South,1,152.0,0.05,144.4,83.6,1
O110244,C04760,2025-05-10,Fashion,East,1,25.0,0.1,22.5,11.25,0
O110750,C05004,2025-05-10,Electronics,North,3,587.17,0.0,1761.51,1268.29,0
O102313,C01072,2025-05-10,Fashion,East,1,61.09,0.0,61.09,27.49,0
O111003,C05124,2025-05-10,Beauty,North,1,23.63,0.15,20.09,9.45,0
O104869,C02247,2025-05-10,Books,East,2,10.38,0.0,20.76,10.38,0
O111376,C05303,2025-05-10,Fashion,North,1,124.54,0.1,112.09,56.04,0
O111992,C05585,2025-05-10,Beauty,West,3,12.83,0.1,34.64,15.4,0
O106701,C03104,2025-05-10,Home & Kitchen,West,1,95.11,0.0,95.11,52.31,0
O103222,C01497,2025-05-10,Sports,South,2,212.68,0.1,382.82,246.71,0
O109194,C04272,2025-05-10,Home & Kitchen,West,1,125.31,0.2,100.25,68.92,0
O106231,C02883,2025-05-10,Home & Kitchen,East,2,29.87,0.0,59.74,32.86,0
O110509,C04887,2025-05-10,Beauty,South,3,47.05,0.05,134.09,56.46,0
O106702,C03105,2025-05-10,Beauty,South,2,63.76,0.15,108.39,51.01,0
O112395,C05753,2025-05-10,Sports,East,2,49.38,0.1,88.88,57.28,0
O104714,C02181,2025-05-10,Beauty,East,3,50.22,0.05,143.13,60.26,0
O109258,C04300,2025-05-10,Beauty,East,1,48.1,0.0,48.1,19.24,0
O106252,C02893,2025-05-11,Sports,East,1,178.21,0.0,178.21,103.36,0
O105853,C02707,2025-05-11,Home & Kitchen,West,1,167.67,0.0,167.67,92.22,0
O110345,C04805,2025-05-11,Beauty,North,2,43.83,0.1,78.89,35.06,0
O100018,C00008,2025-05-11,Sports,North,2,70.73,0.0,141.46,82.05,0
O107881,C03681,2025-05-11,Fashion,East,1,109.15,0.0,109.15,49.12,0
O110141,C04708,2025-05-11,Fashion,South,1,129.07,0.0,129.07,58.08,0
O102607,C01213,2025-05-11,Sports,South,1,114.23,0.3,79.96,66.25,0
O111037,C05138,2025-05-11,Fashion,North,1,113.29,0.05,107.63,50.98,0
O107020,C03260,2025-05-11,Books,North,2,37.26,0.0,74.52,37.26,0
O105873,C02718,2025-05-11,Beauty,West,2,20.11,0.0,40.22,16.09,0
O108004,C03728,2025-05-11,Home & Kitchen,North,1,108.66,0.0,108.66,59.76,0
O112327,C05723,2025-05-11,Electronics,East,1,584.33,0.0,584.33,420.72,0
O112687,C05888,2025-05-11,Home & Kitchen,East,2,99.52,0.0,199.04,109.47,0
O105177,C02393,2025-05-11,Books,West,2,17.41,0.0,34.82,17.41,0
O101028,C00474,2025-05-11,Beauty,South,1,13.0,0.15,11.05,5.2,0
O108437,C03926,2025-05-11,Home & Kitchen,North,3,144.76,0.1,390.85,238.85,0
O107784,C03632,2025-05-12,Fashion,North,1,67.09,0.0,67.09,30.19,0
O111985,C05583,2025-05-12,Fashion,East,3,104.28,0.0,312.84,140.78,0
O110395,C04830,2025-05-12,Home & Kitchen,North,2,132.66,0.0,265.32,145.93,0
O111460,C05341,2025-05-12,Home & Kitchen,North,2,40.53,0.1,72.95,44.58,0
O105881,C02721,2025-05-12,Fashion,East,2,137.03,0.05,260.36,123.33,0
O112630,C05860,2025-05-12,Fashion,North,1,88.27,0.05,83.86,39.72,0
O112153,C05642,2025-05-12,Beauty,West,1,48.61,0.0,48.61,19.44,0
O108550,C03976,2025-05-12,Fashion,North,2,113.25,0.0,226.5,101.92,0
O101600,C00743,2025-05-12,Electronics,West,1,347.01,0.0,347.01,249.85,0
O107212,C03353,2025-05-12,Sports,East,2,43.18,0.0,86.36,50.09,0
O104520,C02089,2025-05-12,Electronics,West,1,279.76,0.0,279.76,201.43,0
O102813,C01306,2025-05-12,Fashion,North,3,44.21,0.1,119.37,59.68,0
O107902,C03687,2025-05-12,Electronics,West,1,517.98,0.15,440.28,372.95,0
O111232,C05233,2025-05-12,Electronics,West,3,415.38,0.2,996.91,897.22,0
O107467,C03477,2025-05-12,Fashion,East,1,54.1,0.3,37.87,24.35,1
O100462,C00223,2025-05-12,Home & Kitchen,East,3,84.36,0.0,253.08,139.19,0
O102190,C01015,2025-05-12,Books,East,1,22.72,0.0,22.72,11.36,0
O109478,C04397,2025-05-12,Home & Kitchen,South,1,169.47,0.05,161.0,93.21,0
O109578,C04443,2025-05-12,Beauty,East,3,11.83,0.0,35.49,14.2,1
O106539,C03033,2025-05-12,Home & Kitchen,North,1,131.93,0.2,105.54,72.56,0
O102834,C01317,2025-05-12,Fashion,West,1,113.75,0.15,96.69,51.19,0
O109103,C04234,2025-05-12,Beauty,South,3,12.88,0.0,38.64,15.46,0
O100356,C00175,2025-05-13,Beauty,East,2,36.05,0.0,72.1,28.84,0
O112122,C05633,2025-05-13,Electronics,North,3,175.73,0.0,527.19,379.58,0
O111575,C05395,2025-05-13,Fashion,North,3,49.16,0.0,147.48,66.37,0
O110058,C04672,2025-05-13,Home & Kitchen,North,1,148.88,0.05,141.44,81.88,0
O105147,C02375,2025-05-13,Books,East,2,11.26,0.0,22.52,11.26,0
O108936,C04157,2025-05-13,Beauty,West,2,48.43,0.0,96.86,38.74,0
O109352,C04343,2025-05-13,Home & Kitchen,West,1,64.3,0.0,64.3,35.36,0
O100570,C00275,2025-05-13,Home & Kitchen,East,2,155.37,0.05,295.2,170.91,0
O105409,C02490,2025-05-13,Sports,East,1,166.53,0.05,158.2,96.59,0
O106663,C03090,2025-05-13,Home & Kitchen,East,1,169.26,0.0,169.26,93.09,0
O104916,C02269,2025-05-13,Beauty,West,2,40.17,0.0,80.34,32.14,0
O106694,C03102,2025-05-14,Sports,North,1,120.74,0.15,102.63,70.03,0
O108866,C04124,2025-05-14,Fashion,West,1,94.95,0.15,80.71,42.73,0
O109535,C04419,2025-05-14,Home & Kitchen,South,3,88.95,0.05,253.51,146.77,0
O103166,C01472,2025-05-14,Electronics,North,2,552.86,0.1,995.15,796.12,0
O100252,C00121,2025-05-14,Fashion,North,2,90.83,0.1,163.49,81.75,0
O107651,C03573,2025-05-14,Fashion,East,1,84.91,0.05,80.66,38.21,0
O106388,C02959,2025-05-14,Sports,East,1,108.43,0.0,108.43,62.89,0
O109678,C04487,2025-05-14,Beauty,North,2,49.73,0.0,99.46,39.78,0
O100504,C00244,2025-05-14,Sports,South,2,164.44,0.0,328.88,190.75,0
O110542,C04903,2025-05-14,Home & Kitchen,West,1,50.54,0.0,50.54,27.8,0
O112718,C05906,2025-05-14,Home & Kitchen,North,2,44.31,0.0,88.62,48.74,0
O101984,C00923,2025-05-14,Fashion,South,1,112.8,0.05,107.16,50.76,0
O102733,C01276,2025-05-14,Sports,North,2,104.29,0.0,208.58,120.98,0
O108358,C03883,2025-05-14,Sports,South,2,135.37,0.0,270.74,157.03,0
O112912,C05995,2025-05-14,Home & Kitchen,South,3,75.03,0.1,202.58,123.8,0
O102289,C01062,2025-05-14,Home & Kitchen,East,1,142.94,0.0,142.94,78.62,0
O106055,C02800,2025-05-14,Sports,South,2,215.18,0.0,430.36,249.61,0
O111928,C05554,2025-05-15,Books,East,2,27.78,0.0,55.56,27.78,0
O111177,C05207,2025-05-15,Electronics,South,2,490.44,0.15,833.75,706.23,0
O102987,C01388,2025-05-15,Home & Kitchen,North,2,104.85,0.15,178.24,115.34,0
O105070,C02341,2025-05-15,Books,South,2,15.81,0.0,31.62,15.81,0
O111613,C05412,2025-05-15,Fashion,East,2,21.01,0.0,42.02,18.91,0
O112429,C05768,2025-05-15,Home & Kitchen,West,1,92.86,0.05,88.22,51.07,0
O111482,C05357,2025-05-15,Home & Kitchen,East,3,57.81,0.0,173.43,95.39,0
O112136,C05636,2025-05-15,Electronics,South,2,255.32,0.2,408.51,367.66,0
O108109,C03775,2025-05-15,Sports,East,2,185.51,0.1,333.92,215.19,0
O103338,C01544,2025-05-15,Fashion,South,1,53.24,0.0,53.24,23.96,0
O105066,C02340,2025-05-15,Fashion,North,3,81.17,0.1,219.16,109.58,0
O112131,C05634,2025-05-15,Beauty,East,2,52.48,0.0,104.96,41.98,0
O104445,C02056,2025-05-15,Fashion,North,1,124.22,0.0,124.22,55.9,0
O111725,C05463,2025-05-15,Beauty,East,2,33.83,0.1,60.89,27.06,0
O112100,C05626,2025-05-15,Beauty,North,1,44.19,0.0,44.19,17.68,0
O112827,C05955,2025-05-15,Sports,South,2,193.64,0.15,329.19,224.62,0
O111606,C05410,2025-05-15,Home & Kitchen,East,1,41.88,0.0,41.88,23.03,0
O112541,C05822,2025-05-15,Books,South,2,23.48,0.0,46.96,23.48,0
O108340,C03877,2025-05-15,Beauty,North,1,32.67,0.05,31.04,13.07,0
O111969,C05575,2025-05-16,Sports,West,3,163.4,0.15,416.67,284.32,0
O104295,C01989,2025-05-16,Home & Kitchen,West,1,65.8,0.3,46.06,36.19,0
O100125,C00063,2025-05-16,Sports,North,1,179.07,0.2,143.26,103.86,0
O106614,C03068,2025-05-16,Fashion,North,3,111.63,0.0,334.89,150.7,0
O106558,C03041,2025-05-16,Sports,South,2,68.92,0.1,124.06,79.95,0
O101836,C00855,2025-05-16,Beauty,East,1,33.33,0.15,28.33,13.33,0
O101340,C00617,2025-05-16,Electronics,South,1,414.71,0.0,414.71,298.59,0
O110954,C05097,2025-05-16,Fashion,North,1,58.99,0.0,58.99,26.55,0
O104443,C02055,2025-05-16,Electronics,West,2,121.99,0.0,243.98,175.67,1
O107498,C03490,2025-05-16,Electronics,West,1,132.35,0.0,132.35,95.29,0
O109947,C04621,2025-05-16,Beauty,South,1,24.11,0.1,21.7,9.64,0
O105486,C02526,2025-05-16,Books,West,1,26.0,0.15,22.1,13.0,0
O105993,C02774,2025-05-16,Home & Kitchen,East,1,176.89,0.0,176.89,97.29,0
O105866,C02714,2025-05-16,Beauty,East,2,66.97,0.0,133.94,53.58,0
O109160,C04257,2025-05-16,Fashion,South,3,125.03,0.05,356.34,168.79,0
O102072,C00961,2025-05-17,Home & Kitchen,South,3,149.01,0.0,447.03,245.87,0
O111267,C05253,2025-05-17,Electronics,East,1,599.84,0.0,599.84,431.88,0
O111525,C05374,2025-05-17,Beauty,South,1,35.86,0.1,32.27,14.34,0
O108448,C03931,2025-05-17,Books,North,1,25.74,0.0,25.74,12.87,0
O100870,C00406,2025-05-17,Electronics,West,1,509.81,0.0,509.81,367.06,0
O103840,C01769,2025-05-17,Fashion,North,2,135.2,0.0,270.4,121.68,0
O103215,C01494,2025-05-17,Electronics,North,1,493.08,0.0,493.08,355.02,0
O104223,C01954,2025-05-17,Electronics,West,1,531.28,0.0,531.28,382.52,0
O111298,C05269,2025-05-17,Home & Kitchen,East,2,39.37,0.0,78.74,43.31,0
O109766,C04533,2025-05-17,Electronics,South,3,397.68,0.3,835.13,858.99,0
O112424,C05767,2025-05-17,Home & Kitchen,East,2,52.47,0.0,104.94,57.72,0
O100086,C00043,2025-05-17,Beauty,East,1,11.63,0.05,11.05,4.65,0
O110476,C04870,2025-05-17,Fashion,East,3,132.46,0.05,377.51,178.82,0
O107591,C03533,2025-05-17,Beauty,East,1,24.7,0.0,24.7,9.88,0
O106796,C03151,2025-05-17,Fashion,West,2,98.2,0.0,196.4,88.38,0
O105563,C02568,2025-05-18,Fashion,North,3,130.8,0.0,392.4,176.58,0
O106763,C03135,2025-05-18,Beauty,South,2,16.27,0.0,32.54,13.02,1
O101344,C00618,2025-05-18,Books,North,1,29.17,0.15,24.79,14.58,0
O110474,C04868,2025-05-18,Electronics,North,1,405.95,0.0,405.95,292.28,0
O107153,C03324,2025-05-18,Electronics,North,2,441.81,0.2,706.9,636.21,0
O111598,C05405,2025-05-18,Home & Kitchen,West,1,176.2,0.05,167.39,96.91,0
O107526,C03502,2025-05-18,Electronics,South,2,240.63,0.0,481.26,346.51,0
O111328,C05281,2025-05-18,Books,South,1,32.05,0.3,22.43,16.02,0
O101453,C00666,2025-05-18,Fashion,South,1,89.87,0.15,76.39,40.44,1
O112832,C05958,2025-05-18,Beauty,East,3,28.14,0.0,84.42,33.77,0
O110879,C05065,2025-05-18,Electronics,West,1,297.54,0.0,297.54,214.23,0
O111450,C05336,2025-05-18,Electronics,East,3,231.31,0.0,693.93,499.63,0
O108083,C03764,2025-05-18,Home & Kitchen,East,1,103.97,0.05,98.77,57.18,0
O112771,C05932,2025-05-18,Home & Kitchen,South,1,117.55,0.1,105.8,64.65,0
O108100,C03773,2025-05-18,Books,South,3,38.8,0.0,116.4,58.2,0
O111872,C05528,2025-05-18,Beauty,East,3,13.84,0.0,41.52,16.61,0
O102302,C01068,2025-05-18,Beauty,East,1,33.66,0.2,26.93,13.46,0
O103103,C01445,2025-05-18,Electronics,North,1,528.56,0.2,422.85,380.56,0
O111199,C05218,2025-05-18,Home & Kitchen,East,2,124.66,0.0,249.32,137.13,0
O110982,C05112,2025-05-18,Home & Kitchen,North,2,163.9,0.15,278.63,180.29,0
O102804,C01303,2025-05-18,Electronics,West,3,426.95,0.0,1280.85,922.21,0
O109838,C04567,2025-05-18,Beauty,North,1,25.44,0.0,25.44,10.18,0
O100404,C00197,2025-05-18,Fashion,East,1,54.84,0.1,49.36,24.68,0
O109070,C04219,2025-05-18,Fashion,North,3,62.19,0.1,167.91,83.96,1
O105983,C02767,2025-05-18,Fashion,South,2,115.76,0.0,231.52,104.18,0
O103492,C01614,2025-05-18,Fashion,South,1,64.76,0.1,58.28,29.14,0
O102427,C01128,2025-05-18,Fashion,South,2,124.94,0.1,224.89,112.45,0
O111806,C05496,2025-05-18,Books,East,2,24.09,0.0,48.18,24.09,0
O110396,C04830,2025-05-18,Electronics,North,2,191.52,0.0,383.04,275.79,0
O112828,C05955,2025-05-18,Fashion,South,1,42.21,0.2,33.77,18.99,1
O104969,C02295,2025-05-18,Electronics,East,1,133.22,0.0,133.22,95.92,0
O100188,C00094,2025-05-18,Beauty,West,1,29.19,0.05,27.73,11.68,0
O101039,C00480,2025-05-19,Beauty,East,2,26.88,0.0,53.76,21.5,0
O110865,C05059,2025-05-19,Home & Kitchen,East,3,58.92,0.0,176.76,97.22,0
O102564,C01194,2025-05-19,Beauty,West,1,18.74,0.0,18.74,7.5,0
O112523,C05811,2025-05-19,Sports,West,1,62.02,0.0,62.02,35.97,0
O106789,C03146,2025-05-19,Home & Kitchen,East,3,129.45,0.0,388.35,213.59,0
O101935,C00900,2025-05-19,Beauty,North,1,29.24,0.0,29.24,11.7,0
O105430,C02501,2025-05-19,Beauty,North,2,60.21,0.1,108.38,48.17,0
O103801,C01750,2025-05-19,Books,North,2,19.27,0.0,38.54,19.27,0
O101850,C00866,2025-05-19,Home & Kitchen,South,1,36.25,0.0,36.25,19.94,0
O101633,C00755,2025-05-19,Home & Kitchen,South,1,70.15,0.0,70.15,38.58,0
O100328,C00162,2025-05-19,Fashion,West,1,27.15,0.0,27.15,12.22,0
O100841,C00395,2025-05-19,Electronics,East,1,470.98,0.05,447.43,339.11,0
O109402,C04361,2025-05-19,Books,South,1,13.4,0.0,13.4,6.7,0
O110800,C05029,2025-05-19,Fashion,West,3,43.23,0.3,90.78,58.36,1
O106667,C03091,2025-05-19,Home & Kitchen,North,1,125.07,0.0,125.07,68.79,0
O100170,C00086,2025-05-19,Fashion,South,2,45.01,0.0,90.02,40.51,0
O104617,C02131,2025-05-19,Electronics,South,1,421.49,0.3,295.04,303.47,0
O107623,C03557,2025-05-19,Beauty,West,2,50.7,0.05,96.33,40.56,0
O102010,C00932,2025-05-19,Books,East,1,18.89,0.05,17.95,9.44,0
O106317,C02925,2025-05-19,Electronics,East,3,299.18,0.3,628.28,646.23,0
O110557,C04910,2025-05-19,Books,South,2,30.76,0.0,61.52,30.76,0
O110084,C04683,2025-05-20,Books,South,1,12.63,0.2,10.1,6.32,0
O109690,C04493,2025-05-20,Fashion,East,2,67.03,0.2,107.25,60.33,1
O110490,C04879,2025-05-20,Books,West,1,9.3,0.0,9.3,4.65,0
O104755,C02197,2025-05-20,Fashion,South,1,114.75,0.0,114.75,51.64,0
O110760,C05009,2025-05-20,Fashion,West,2,100.79,0.0,201.58,90.71,0
O106404,C02967,2025-05-20,Sports,East,1,139.63,0.1,125.67,80.99,0
O104312,C01994,2025-05-20,Fashion,South,1,125.7,0.3,87.99,56.57,0
O110106,C04695,2025-05-20,Electronics,North,2,505.13,0.05,959.75,727.39,0
O109516,C04412,2025-05-20,Fashion,East,2,93.23,0.15,158.49,83.91,0
O109358,C04345,2025-05-20,Beauty,South,3,37.42,0.05,106.65,44.9,0
O108685,C04036,2025-05-20,Electronics,East,1,598.93,0.1,539.04,431.23,0
O106610,C03065,2025-05-20,Home & Kitchen,South,1,52.8,0.0,52.8,29.04,0
O106511,C03019,2025-05-20,Fashion,East,1,130.0,0.0,130.0,58.5,0
O103818,C01761,2025-05-20,Books,East,2,32.43,0.15,55.13,32.43,0
O111268,C05253,2025-05-20,Beauty,East,2,68.18,0.1,122.72,54.54,0
O103273,C01517,2025-05-20,Home & Kitchen,South,2,31.37,0.2,50.19,34.51,0
O101874,C00875,2025-05-20,Home & Kitchen,West,1,168.47,0.05,160.05,92.66,0
O112741,C05916,2025-05-20,Fashion,North,2,94.02,0.0,188.04,84.62,0
O107399,C03446,2025-05-20,Fashion,North,1,67.74,0.1,60.97,30.48,0
O104591,C02120,2025-05-20,Home & Kitchen,East,1,152.54,0.0,152.54,83.9,0
O107619,C03554,2025-05-20,Sports,North,2,160.34,0.0,320.68,185.99,0
O106391,C02960,2025-05-21,Books,South,2,22.79,0.05,43.3,22.79,0
O100487,C00236,2025-05-21,Electronics,North,1,325.77,0.0,325.77,234.55,1
O109539,C04421,2025-05-21,Books,North,2,10.48,0.0,20.96,10.48,0
O112761,C05928,2025-05-21,Fashion,West,1,95.47,0.0,95.47,42.96,0
O101950,C00906,2025-05-21,Home & Kitchen,East,2,95.12,0.3,133.17,104.63,0
O101169,C00541,2025-05-21,Fashion,West,2,69.92,0.1,125.86,62.93,0
O110591,C04928,2025-05-21,Home & Kitchen,South,1,57.57,0.1,51.81,31.66,0
O106100,C02820,2025-05-21,Books,South,1,31.03,0.15,26.38,15.52,0
O108371,C03891,2025-05-21,Sports,East,2,110.39,0.05,209.74,128.05,0
O101912,C00892,2025-05-21,Beauty,East,1,61.19,0.0,61.19,24.48,0
O103738,C01720,2025-05-21,Fashion,North,3,32.19,0.0,96.57,43.46,1
O105395,C02483,2025-05-21,Sports,South,2,88.17,0.05,167.52,102.28,0
O102887,C01348,2025-05-21,Fashion,West,2,42.34,0.15,71.98,38.11,0
O108981,C04178,2025-05-21,Fashion,West,1,41.62,0.05,39.54,18.73,1
O108656,C04026,2025-05-21,Home & Kitchen,East,3,143.85,0.0,431.55,237.35,0
O107363,C03427,2025-05-21,Home & Kitchen,North,2,143.23,0.0,286.46,157.55,0
O112829,C05956,2025-05-21,Beauty,South,1,21.18,0.1,19.06,8.47,0
O109739,C04519,2025-05-21,Fashion,South,2,86.02,0.0,172.04,77.42,0
O110055,C04670,2025-05-21,Home & Kitchen,East,3,177.89,0.0,533.67,293.52,0
O108451,C03933,2025-05-21,Home & Kitchen,East,2,167.88,0.05,318.97,184.67,0
O101566,C00727,2025-05-21,Sports,West,2,223.04,0.1,401.47,258.73,0
O103557,C01641,2025-05-21,Beauty,North,3,46.05,0.1,124.33,55.26,0
O107556,C03519,2025-05-21,Fashion,North,2,119.64,0.0,239.28,107.68,0
O109776,C04538,2025-05-21,Beauty,West,2,48.57,0.0,97.14,38.86,0
O111288,C05263,2025-05-22,Fashion,West,1,74.1,0.0,74.1,33.34,1
O104481,C02073,2025-05-22,Beauty,South,2,43.37,0.05,82.4,34.7,0
O106151,C02842,2025-05-22,Electronics,South,2,221.66,0.0,443.32,319.19,0
O101337,C00616,2025-05-22,Fashion,East,1,104.0,0.15,88.4,46.8,0
O109840,C04568,2025-05-22,Electronics,East,1,127.34,0.05,120.97,91.68,0
O102123,C00982,2025-05-22,Fashion,South,1,92.62,0.0,92.62,41.68,0
O109864,C04584,2025-05-22,Home & Kitchen,East,1,166.44,0.0,166.44,91.54,0
O106838,C03170,2025-05-22,Beauty,East,1,34.61,0.0,34.61,13.84,0
O105099,C02353,2025-05-22,Electronics,East,1,363.1,0.15,308.63,261.43,0
O112772,C05932,2025-05-22,Home & Kitchen,South,1,64.63,0.1,58.17,35.55,0
O104640,C02141,2025-05-22,Fashion,East,1,82.24,0.0,82.24,37.01,0
O105239,C02417,2025-05-22,Home & Kitchen,North,2,52.98,0.0,105.96,58.28,0
O103620,C01668,2025-05-22,Beauty,South,1,38.22,0.0,38.22,15.29,0
O106409,C02968,2025-05-22,Home & Kitchen,South,2,57.4,0.15,97.58,63.14,0
O102445,C01137,2025-05-22,Sports,East,3,212.52,0.1,573.8,369.78,0
O104028,C01854,2025-05-22,Books,North,2,11.18,0.1,20.12,11.18,0
O109195,C04272,2025-05-22,Electronics,West,2,579.47,0.3,811.26,834.44,0
O112280,C05699,2025-05-22,Beauty,North,3,40.22,0.0,120.66,48.26,0
O112745,C05919,2025-05-22,Fashion,West,1,115.67,0.0,115.67,52.05,0
O101611,C00746,2025-05-22,Beauty,East,3,51.3,0.0,153.9,61.56,0
O103339,C01544,2025-05-22,Fashion,South,2,48.72,0.1,87.7,43.85,0
O102569,C01197,2025-05-22,Beauty,North,1,14.74,0.0,14.74,5.9,0
O105752,C02660,2025-05-22,Sports,East,1,221.59,0.05,210.51,128.52,0
O104792,C02211,2025-05-22,Beauty,South,1,68.3,0.15,58.05,27.32,0
O112846,C05962,2025-05-23,Beauty,South,1,26.82,0.0,26.82,10.73,0
O109271,C04303,2025-05-23,Fashion,West,1,106.66,0.0,106.66,48.0,0
O107652,C03573,2025-05-23,Sports,East,1,149.91,0.15,127.42,86.95,0
O107093,C03292,2025-05-23,Fashion,West,1,118.69,0.0,118.69,53.41,1
O111726,C05463,2025-05-23,Fashion,East,2,84.54,0.0,169.08,76.09,0
O104365,C02019,2025-05-23,Sports,East,1,221.84,0.0,221.84,128.67,0
O103524,C01627,2025-05-23,Home & Kitchen,West,1,125.34,0.05,119.07,68.94,0
O108014,C03731,2025-05-23,Fashion,West,1,72.46,0.0,72.46,32.61,0
O106485,C03005,2025-05-23,Books,North,1,30.06,0.2,24.05,15.03,0
O103283,C01522,2025-05-23,Fashion,South,1,120.51,0.0,120.51,54.23,1
O108664,C04029,2025-05-23,Fashion,East,2,73.2,0.15,124.44,65.88,0
O102784,C01296,2025-05-23,Beauty,South,2,13.54,0.1,24.37,10.83,0
O111888,C05534,2025-05-23,Beauty,West,1,33.93,0.0,33.93,13.57,0
O108956,C04166,2025-05-23,Sports,South,1,227.49,0.2,181.99,131.94,0
O104103,C01894,2025-05-23,Sports,North,1,76.92,0.0,76.92,44.61,0
O103328,C01539,2025-05-23,Sports,North,2,211.21,0.0,422.42,245.0,0
O105210,C02408,2025-05-23,Beauty,North,1,31.51,0.0,31.51,12.6,0
O103687,C01696,2025-05-24,Beauty,East,3,40.14,0.1,108.38,48.17,0
O102293,C01064,2025-05-24,Books,East,1,32.77,0.0,32.77,16.39,1
O100594,C00287,2025-05-24,Fashion,East,1,129.14,0.1,116.23,58.11,0
O106411,C02969,2025-05-24,Fashion,East,1,55.02,0.1,49.52,24.76,0
O111973,C05577,2025-05-24,Home & Kitchen,North,2,172.57,0.05,327.88,189.83,0
O109522,C04414,2025-05-24,Beauty,East,1,21.21,0.05,20.15,8.48,0
O104119,C01903,2025-05-24,Fashion,North,2,80.0,0.0,160.0,72.0,0
O108401,C03907,2025-05-24,Sports,East,1,218.26,0.0,218.26,126.59,0
O100951,C00440,2025-05-24,Books,East,3,24.67,0.05,70.31,37.01,0
O102562,C01192,2025-05-24,Home & Kitchen,East,1,50.15,0.0,50.15,27.58,0
O112416,C05764,2025-05-24,Home & Kitchen,East,2,43.55,0.0,87.1,47.9,1
O106349,C02938,2025-05-24,Sports,South,3,113.41,0.0,340.23,197.33,0
O103819,C01761,2025-05-24,Fashion,East,1,32.69,0.0,32.69,14.71,1
O107026,C03262,2025-05-24,Beauty,North,2,60.35,0.1,108.63,48.28,0
O107557,C03519,2025-05-24,Fashion,North,1,102.38,0.0,102.38,46.07,0
O100928,C00430,2025-05-24,Electronics,West,1,295.77,0.0,295.77,212.95,0
O100354,C00174,2025-05-24,Electronics,West,2,512.71,0.0,1025.42,738.3,0
O102250,C01041,2025-05-24,Beauty,South,3,63.54,0.0,190.62,76.25,1
O111200,C05218,2025-05-25,Electronics,East,3,213.77,0.0,641.31,461.74,0
O110605,C04936,2025-05-25,Books,South,1,38.99,0.0,38.99,19.5,0
O102409,C01119,2025-05-25,Home & Kitchen,South,1,93.91,0.0,93.91,51.65,0
O106299,C02920,2025-05-25,Fashion,South,2,56.35,0.0,112.7,50.72,0
O105666,C02616,2025-05-25,Sports,North,2,234.55,0.0,469.1,272.08,0
O112644,C05867,2025-05-25,Fashion,North,2,125.67,0.0,251.34,113.1,0
O106112,C02825,2025-05-25,Fashion,South,2,68.98,0.0,137.96,62.08,0
O102198,C01017,2025-05-25,Sports,North,2,151.07,0.0,302.14,175.24,0
O104669,C02155,2025-05-25,Fashion,North,1,91.78,0.15,78.01,41.3,0
O102962,C01380,2025-05-25,Electronics,North,1,287.87,0.1,259.08,207.27,0
O111867,C05527,2025-05-25,Fashion,West,3,91.89,0.0,275.67,124.05,0
O110339,C04802,2025-05-25,Books,West,2,9.12,0.0,18.24,9.12,0
O103624,C01670,2025-05-25,Books,North,2,37.89,0.0,75.78,37.89,0
O107970,C03715,2025-05-25,Sports,East,2,79.78,0.0,159.56,92.54,0
O103456,C01600,2025-05-25,Electronics,South,1,246.05,0.0,246.05,177.16,0
O112658,C05875,2025-05-25,Beauty,North,1,31.13,0.0,31.13,12.45,0
O107063,C03280,2025-05-25,Sports,North,3,120.78,0.0,362.34,210.16,0
O105229,C02414,2025-05-25,Fashion,North,3,91.65,0.0,274.95,123.73,1
O112834,C05959,2025-05-26,Home & Kitchen,North,1,131.44,0.0,131.44,72.29,1
O100359,C00177,2025-05-26,Home & Kitchen,West,1,78.99,0.0,78.99,43.44,0
O100130,C00066,2025-05-26,Home & Kitchen,South,3,164.32,0.0,492.96,271.13,0
O109936,C04617,2025-05-26,Books,South,2,35.81,0.05,68.04,35.81,0
O102719,C01268,2025-05-26,Fashion,West,1,83.93,0.0,83.93,37.77,0
O104803,C02217,2025-05-26,Electronics,South,2,490.76,0.2,785.22,706.69,0
O105929,C02743,2025-05-26,Electronics,East,3,291.27,0.0,873.81,629.14,0
O108662,C04028,2025-05-26,Home & Kitchen,North,1,112.64,0.0,112.64,61.95,0
O105767,C02666,2025-05-26,Fashion,East,1,32.61,0.0,32.61,14.67,0
O105382,C02476,2025-05-26,Books,North,1,33.73,0.15,28.67,16.86,0
O106369,C02948,2025-05-26,Sports,East,1,87.9,0.05,83.5,50.98,0
O107840,C03660,2025-05-26,Electronics,South,3,330.76,0.0,992.28,714.44,0
O100505,C00244,2025-05-26,Fashion,South,3,97.83,0.2,234.79,132.07,0
O102589,C01205,2025-05-26,Fashion,East,2,56.29,0.1,101.32,50.66,1
O104078,C01879,2025-05-26,Beauty,South,1,46.3,0.0,46.3,18.52,0
O104878,C02252,2025-05-26,Fashion,North,2,102.72,0.0,205.44,92.45,0
O101478,C00681,2025-05-26,Home & Kitchen,East,3,176.35,0.0,529.05,290.98,0
O101575,C00731,2025-05-27,Sports,West,1,141.3,0.0,141.3,81.95,0
O103668,C01688,2025-05-27,Sports,South,1,108.15,0.05,102.74,62.73,0
O112856,C05967,2025-05-27,Fashion,East,2,53.08,0.0,106.16,47.77,0
O109512,C04411,2025-05-27,Home & Kitchen,East,3,136.06,0.0,408.18,224.5,0
O100272,C00131,2025-05-27,Home & Kitchen,South,2,48.76,0.0,97.52,53.64,0
O110724,C04992,2025-05-27,Beauty,West,1,33.61,0.0,33.61,13.44,0
O107451,C03469,2025-05-27,Sports,West,2,124.55,0.1,224.19,144.48,0
O109850,C04575,2025-05-27,Sports,North,1,236.7,0.2,189.36,137.29,1
O108005,C03728,2025-05-27,Electronics,North,2,363.44,0.0,726.88,523.35,0
O109603,C04454,2025-05-27,Home & Kitchen,East,2,113.02,0.0,226.04,124.32,0
O104863,C02245,2025-05-27,Home & Kitchen,South,1,37.98,0.0,37.98,20.89,0
O112299,C05708,2025-05-27,Fashion,North,2,111.6,0.05,212.04,100.44,0
O105819,C02689,2025-05-27,Home & Kitchen,East,2,152.03,0.0,304.06,167.23,0
O102260,C01045,2025-05-27,Sports,South,1,177.73,0.0,177.73,103.08,0
O112335,C05726,2025-05-27,Books,West,3,19.31,0.0,57.93,28.96,0
O112577,C05840,2025-05-27,Beauty,East,1,15.37,0.0,15.37,6.15,0
O101155,C00535,2025-05-27,Sports,East,3,183.62,0.0,550.86,319.5,0
O105290,C02438,2025-05-27,Home & Kitchen,North,2,35.47,0.0,70.94,39.02,0
O106216,C02876,2025-05-27,Fashion,South,1,73.35,0.0,73.35,33.01,0
O103747,C01724,2025-05-27,Sports,East,3,51.26,0.15,130.71,89.19,0
O111817,C05504,2025-05-27,Electronics,East,2,365.59,0.0,731.18,526.45,0
O104337,C02007,2025-05-27,Home & Kitchen,East,1,77.44,0.0,77.44,42.59,0
O104470,C02067,2025-05-27,Fashion,East,1,94.82,0.0,94.82,42.67,0
O105628,C02598,2025-05-28,Fashion,South,1,114.93,0.0,114.93,51.72,0
O102399,C01113,2025-05-28,Fashion,East,1,96.97,0.3,67.88,43.64,0
O104085,C01881,2025-05-28,Fashion,North,1,36.15,0.0,36.15,16.27,0
O100435,C00212,2025-05-28,Home & Kitchen,East,1,162.2,0.0,162.2,89.21,0
O103281,C01520,2025-05-28,Home & Kitchen,North,2,37.92,0.1,68.26,41.71,0
O112132,C05634,2025-05-28,Electronics,East,1,249.75,0.05,237.26,179.82,0
O108489,C03950,2025-05-28,Home & Kitchen,West,2,87.37,0.0,174.74,96.11,0
O105331,C02456,2025-05-28,Electronics,East,2,369.78,0.0,739.56,532.48,0
O105856,C02709,2025-05-28,Electronics,North,3,135.09,0.2,324.22,291.79,0
O106049,C02799,2025-05-28,Fashion,East,3,113.74,0.0,341.22,153.55,0
O106578,C03050,2025-05-28,Electronics,East,1,169.82,0.0,169.82,122.27,0
O105573,C02573,2025-05-28,Beauty,East,2,24.27,0.0,48.54,19.42,0
O108084,C03764,2025-05-28,Home & Kitchen,East,2,92.73,0.0,185.46,102.0,0
O100603,C00292,2025-05-28,Fashion,East,3,75.15,0.0,225.45,101.45,0
O103239,C01504,2025-05-28,Beauty,South,1,49.13,0.3,34.39,19.65,0
O103393,C01573,2025-05-28,Fashion,North,1,111.22,0.0,111.22,50.05,0
O103932,C01811,2025-05-28,Electronics,East,1,257.8,0.05,244.91,185.62,1
O109108,C04235,2025-05-28,Fashion,East,1,52.3,0.0,52.3,23.54,0
O109056,C04214,2025-05-28,Fashion,East,2,127.31,0.0,254.62,114.58,0
O100019,C00008,2025-05-29,Sports,North,1,140.17,0.05,133.16,81.3,0
O101624,C00750,2025-05-29,Sports,North,1,217.35,0.3,152.14,126.06,0
O107951,C03706,2025-05-29,Home & Kitchen,South,1,139.75,0.0,139.75,76.86,0
O102324,C01077,2025-05-29,Fashion,East,3,95.53,0.0,286.59,128.97,0
O109452,C04386,2025-05-29,Beauty,East,2,42.22,0.05,80.22,33.78,0
O112263,C05692,2025-05-29,Books,South,1,37.88,0.0,37.88,18.94,0
O101502,C00695,2025-05-29,Fashion,East,1,92.77,0.0,92.77,41.75,0
O103423,C01584,2025-05-29,Fashion,West,1,98.08,0.0,98.08,44.14,0
O106816,C03161,2025-05-29,Home & Kitchen,East,3,55.31,0.2,132.74,91.26,0
O109536,C04419,2025-05-29,Fashion,South,2,102.45,0.0,204.9,92.2,0
O111601,C05407,2025-05-29,Books,North,3,29.01,0.2,69.62,43.52,0
O100142,C00073,2025-05-29,Sports,West,1,83.89,0.0,83.89,48.66,0
O109809,C04555,2025-05-29,Home & Kitchen,East,2,40.95,0.05,77.81,45.05,0
O105496,C02530,2025-05-29,Fashion,West,1,73.78,0.0,73.78,33.2,0
O112093,C05622,2025-05-29,Books,East,1,14.22,0.0,14.22,7.11,0
O112802,C05944,2025-05-29,Sports,East,2,64.12,0.0,128.24,74.38,0
O103454,C01598,2025-05-29,Home & Kitchen,North,2,93.94,0.0,187.88,103.33,0
O112015,C05593,2025-05-29,Sports,West,2,196.29,0.05,372.95,227.7,0
O108186,C03810,2025-05-29,Fashion,East,1,62.11,0.0,62.11,27.95,0
O108291,C03856,2025-05-29,Fashion,South,1,35.37,0.0,35.37,15.92,0
O109886,C04592,2025-05-29,Sports,West,1,171.18,0.3,119.83,99.28,0
O111847,C05518,2025-05-29,Electronics,North,1,441.34,0.0,441.34,317.76,0
O110089,C04686,2025-05-29,Sports,West,2,95.75,0.1,172.35,111.07,0
O108326,C03870,2025-05-29,Electronics,East,1,388.12,0.1,349.31,279.45,0
O112071,C05616,2025-05-29,Home & Kitchen,East,3,49.93,0.0,149.79,82.38,0
O110849,C05048,2025-05-30,Home & Kitchen,West,3,59.57,0.2,142.97,98.29,0
O111050,C05144,2025-05-30,Electronics,South,1,146.17,0.0,146.17,105.24,0
O100011,C00005,2025-05-30,Beauty,North,2,43.8,0.05,83.22,35.04,0
O109980,C04638,2025-05-30,Home & Kitchen,West,3,29.03,0.0,87.09,47.9,0
O104364,C02018,2025-05-30,Fashion,South,3,111.41,0.0,334.23,150.4,0
O112857,C05967,2025-05-30,Fashion,East,1,126.56,0.0,126.56,56.95,1
O108539,C03971,2025-05-30,Beauty,East,1,16.59,0.1,14.93,6.64,0
O111357,C05294,2025-05-30,Home & Kitchen,North,3,105.19,0.0,315.57,173.56,0
O100372,C00185,2025-05-30,Home & Kitchen,North,3,104.41,0.0,313.23,172.28,0
O100671,C00317,2025-05-30,Home & Kitchen,East,1,133.59,0.1,120.23,73.47,0
O108862,C04121,2025-05-30,Beauty,South,3,67.77,0.15,172.81,81.32,0
O112840,C05961,2025-05-30,Beauty,North,2,54.76,0.0,109.52,43.81,0
O109563,C04435,2025-05-30,Books,North,2,39.34,0.0,78.68,39.34,0
O105756,C02661,2025-05-30,Books,South,3,13.18,0.0,39.54,19.77,0
O103849,C01773,2025-05-30,Fashion,North,1,69.8,0.1,62.82,31.41,1
O101665,C00774,2025-05-30,Sports,West,3,151.05,0.0,453.15,262.83,0
O101539,C00713,2025-05-30,Fashion,West,3,86.24,0.1,232.85,116.42,0
O109053,C04212,2025-05-30,Home & Kitchen,East,1,71.91,0.0,71.91,39.55,0
O106040,C02793,2025-05-30,Home & Kitchen,North,3,56.77,0.3,119.22,93.67,0
O104338,C02007,2025-05-30,Beauty,East,1,44.83,0.05,42.59,17.93,0
O100031,C00015,2025-05-30,Fashion,North,1,42.12,0.1,37.91,18.95,0
O109286,C04311,2025-05-30,Electronics,South,2,370.9,0.0,741.8,534.1,0
O107108,C03299,2025-05-31,Fashion,North,1,55.75,0.2,44.6,25.09,0
O111306,C05272,2025-05-31,Fashion,North,1,95.2,0.0,95.2,42.84,1
O109109,C04235,2025-05-31,Beauty,East,1,54.46,0.0,54.46,21.78,0
O105874,C02718,2025-05-31,Home & Kitchen,West,1,53.5,0.0,53.5,29.42,0
O107793,C03636,2025-05-31,Electronics,North,1,345.77,0.0,345.77,248.95,0
O101915,C00893,2025-05-31,Home & Kitchen,East,3,71.87,0.0,215.61,118.59,0
O106553,C03039,2025-05-31,Electronics,North,1,343.09,0.3,240.16,247.02,0
O101998,C00927,2025-05-31,Home & Kitchen,East,1,102.23,0.15,86.9,56.23,0
O106573,C03047,2025-05-31,Books,South,1,14.43,0.0,14.43,7.22,1
O106399,C02965,2025-05-31,Fashion,East,2,126.46,0.0,252.92,113.81,0
O107213,C03354,2025-05-31,Fashion,South,1,40.69,0.0,40.69,18.31,0
O103047,C01420,2025-05-31,Beauty,East,1,48.97,0.05,46.52,19.59,0
O101227,C00567,2025-05-31,Beauty,West,2,31.97,0.0,63.94,25.58,0
O105058,C02337,2025-05-31,Sports,East,1,144.04,0.0,144.04,83.54,0
O101899,C00886,2025-05-31,Electronics,North,2,252.89,0.05,480.49,364.16,0
O107601,C03541,2025-05-31,Home & Kitchen,West,1,44.6,0.0,44.6,24.53,0
O111027,C05133,2025-05-31,Electronics,West,1,310.7,0.0,310.7,223.7,0
O108477,C03946,2025-06-01,Electronics,East,1,211.0,0.0,211.0,151.92,1
O101378,C00631,2025-06-01,Electronics,North,1,471.55,0.1,424.4,339.52,1
O112356,C05735,2025-06-01,Books,East,1,35.91,0.0,35.91,17.95,0
O100734,C00346,2025-06-01,Sports,East,1,166.06,0.1,149.45,96.31,0
O108453,C03934,2025-06-01,Fashion,East,1,113.29,0.05,107.63,50.98,0
O107282,C03388,2025-06-01,Electronics,North,1,394.19,0.3,275.93,283.82,0
O102172,C01009,2025-06-01,Books,North,2,28.48,0.1,51.26,28.48,0
O112184,C05660,2025-06-01,Beauty,South,1,14.76,0.0,14.76,5.9,0
O101505,C00697,2025-06-01,Beauty,South,2,60.58,0.3,84.81,48.46,0
O111589,C05402,2025-06-01,Fashion,North,3,85.63,0.0,256.89,115.6,0
O104505,C02082,2025-06-01,Fashion,East,2,60.54,0.0,121.08,54.49,0
O107608,C03546,2025-06-01,Home & Kitchen,West,1,30.3,0.0,30.3,16.67,0
O101589,C00737,2025-06-01,Fashion,North,1,35.66,0.0,35.66,16.05,0
O111106,C05167,2025-06-01,Fashion,East,2,116.18,0.05,220.74,104.56,0
O100373,C00185,2025-06-01,Beauty,North,1,15.29,0.15,13.0,6.12,0
O101220,C00564,2025-06-01,Fashion,North,3,50.5,0.3,106.05,68.18,0
O100147,C00075,2025-06-01,Sports,West,3,169.48,0.0,508.44,294.9,0
O102859,C01332,2025-06-01,Beauty,West,1,45.27,0.0,45.27,18.11,0
O107921,C03696,2025-06-01,Home & Kitchen,North,1,123.63,0.0,123.63,68.0,0
O109929,C04614,2025-06-01,Sports,South,2,229.61,0.0,459.22,266.35,0
O105062,C02339,2025-06-01,Books,West,1,21.36,0.0,21.36,10.68,0
O104370,C02020,2025-06-01,Electronics,South,1,565.0,0.15,480.25,406.8,0
O102748,C01283,2025-06-01,Beauty,East,3,22.43,0.1,60.56,26.92,0
O103185,C01480,2025-06-02,Fashion,West,2,108.58,0.0,217.16,97.72,0
O100919,C00426,2025-06-02,Home & Kitchen,East,1,162.31,0.2,129.85,89.27,0
O107814,C03647,2025-06-02,Books,North,1,13.52,0.1,12.17,6.76,0
O107305,C03400,2025-06-02,Books,West,1,36.86,0.0,36.86,18.43,0
O105189,C02400,2025-06-02,Fashion,North,1,101.77,0.0,101.77,45.8,0
O112590,C05846,2025-06-02,Home & Kitchen,East,1,93.84,0.0,93.84,51.61,0
O109211,C04279,2025-06-02,Electronics,East,2,587.74,0.0,1175.48,846.35,0
O111330,C05282,2025-06-02,Sports,East,3,152.31,0.0,456.93,265.02,0
O101140,C00526,2025-06-02,Fashion,South,3,64.65,0.0,193.95,87.28,1
O102805,C01303,2025-06-02,Home & Kitchen,West,1,131.18,0.0,131.18,72.15,0
O106354,C02941,2025-06-02,Electronics,East,2,338.91,0.0,677.82,488.03,0
O110807,C05030,2025-06-02,Beauty,East,1,33.68,0.1,30.31,13.47,0
O100391,C00192,2025-06-02,Home & Kitchen,North,1,149.21,0.05,141.75,82.07,0
O105824,C02691,2025-06-02,Beauty,East,1,10.6,0.0,10.6,4.24,0
O104299,C01991,2025-06-02,Home & Kitchen,North,1,156.58,0.0,156.58,86.12,0
O112609,C05854,2025-06-02,Beauty,East,1,48.57,0.0,48.57,19.43,0
O104517,C02088,2025-06-02,Beauty,South,1,64.13,0.2,51.3,25.65,0
O111363,C05298,2025-06-02,Fashion,North,2,71.21,0.0,142.42,64.09,0
O102621,C01218,2025-06-02,Beauty,North,2,26.37,0.0,52.74,21.1,0
O110801,C05029,2025-06-02,Books,West,3,37.47,0.15,95.55,56.2,0
O101445,C00662,2025-06-02,Sports,West,2,246.44,0.1,443.59,285.87,0
O109229,C04287,2025-06-02,Fashion,East,2,60.37,0.15,102.63,54.33,0
O111452,C05337,2025-06-02,Beauty,West,1,36.78,0.0,36.78,14.71,0
O101710,C00793,2025-06-02,Home & Kitchen,North,2,64.33,0.15,109.36,70.76,0
O111038,C05138,2025-06-02,Home & Kitchen,North,1,49.93,0.1,44.94,27.46,0
O108503,C03958,2025-06-02,Beauty,East,1,32.79,0.0,32.79,13.12,0
O100113,C00057,2025-06-02,Beauty,East,3,12.7,0.1,34.29,15.24,1
O110470,C04867,2025-06-03,Books,North,1,14.65,0.1,13.19,7.32,0
O104734,C02190,2025-06-03,Home & Kitchen,East,1,174.75,0.05,166.01,96.11,1
O109001,C04187,2025-06-03,Fashion,North,2,32.99,0.0,65.98,29.69,0
O106671,C03093,2025-06-03,Home & Kitchen,East,1,100.07,0.1,90.06,55.04,0
O110196,C04736,2025-06-03,Sports,South,2,34.04,0.0,68.08,39.49,0
O100672,C00318,2025-06-03,Books,North,2,19.91,0.1,35.84,19.91,1
O105079,C02344,2025-06-03,Fashion,East,2,117.13,0.1,210.83,105.42,0
O100439,C00215,2025-06-03,Home & Kitchen,North,1,46.21,0.0,46.21,25.42,0
O111329,C05281,2025-06-03,Books,South,1,29.0,0.0,29.0,14.5,0
O108496,C03953,2025-06-03,Home & Kitchen,North,1,43.14,0.0,43.14,23.73,0
O106182,C02859,2025-06-03,Home & Kitchen,East,1,27.79,0.1,25.01,15.28,0
O108953,C04165,2025-06-03,Home & Kitchen,West,1,32.99,0.1,29.69,18.14,0
O105190,C02400,2025-06-03,Home & Kitchen,North,2,119.47,0.0,238.94,131.42,0
O109015,C04193,2025-06-03,Fashion,East,2,116.6,0.0,233.2,104.94,0
O111032,C05135,2025-06-03,Books,North,1,22.28,0.05,21.17,11.14,0
O104975,C02298,2025-06-03,Beauty,North,1,16.19,0.0,16.19,6.48,0
O106444,C02985,2025-06-03,Electronics,East,1,482.75,0.0,482.75,347.58,0
O107987,C03722,2025-06-03,Sports,South,2,228.49,0.0,456.98,265.05,0
O100319,C00158,2025-06-04,Beauty,North,1,43.52,0.0,43.52,17.41,0
O110465,C04864,2025-06-04,Beauty,South,2,14.3,0.0,28.6,11.44,0
O109427,C04373,2025-06-04,Beauty,East,1,59.98,0.1,53.98,23.99,0
O107007,C03254,2025-06-04,Beauty,South,1,65.05,0.1,58.55,26.02,0
O110552,C04907,2025-06-04,Electronics,East,1,167.75,0.0,167.75,120.78,0
O106888,C03195,2025-06-04,Fashion,North,1,23.6,0.1,21.24,10.62,0
O103767,C01733,2025-06-04,Electronics,South,1,512.36,0.15,435.51,368.9,0
O111591,C05403,2025-06-04,Sports,East,2,203.98,0.0,407.96,236.62,0
O102231,C01031,2025-06-04,Electronics,East,2,213.46,0.0,426.92,307.38,0
O105809,C02685,2025-06-04,Home & Kitchen,South,1,30.49,0.0,30.49,16.77,0
O108945,C04160,2025-06-04,Electronics,North,1,316.28,0.2,253.02,227.72,0
O105702,C02638,2025-06-04,Beauty,East,2,22.31,0.1,40.16,17.85,0
O110683,C04972,2025-06-04,Electronics,North,1,514.17,0.1,462.75,370.2,0
O108901,C04141,2025-06-04,Beauty,South,2,46.98,0.3,65.77,37.58,0
O100037,C00017,2025-06-04,Fashion,West,1,51.31,0.0,51.31,23.09,0
O108614,C04007,2025-06-04,Sports,West,1,191.57,0.0,191.57,111.11,1
O103723,C01714,2025-06-04,Fashion,West,3,101.63,0.0,304.89,137.2,0
O111993,C05585,2025-06-04,Beauty,West,3,10.31,0.1,27.84,12.37,0
O100167,C00085,2025-06-04,Home & Kitchen,East,3,33.39,0.1,90.15,55.09,0
O111696,C05452,2025-06-05,Fashion,North,1,137.41,0.0,137.41,61.83,0
O106437,C02981,2025-06-05,Beauty,East,2,25.16,0.0,50.32,20.13,0
O102890,C01349,2025-06-05,Electronics,East,1,442.2,0.0,442.2,318.38,0
O102888,C01348,2025-06-05,Sports,West,1,117.66,0.0,117.66,68.24,0
O108469,C03939,2025-06-05,Books,North,1,13.83,0.0,13.83,6.92,0
O102160,C01002,2025-06-05,Electronics,South,2,210.5,0.0,421.0,303.12,0
O105965,C02760,2025-06-05,Home & Kitchen,North,2,149.27,0.3,208.98,164.2,0
O108030,C03737,2025-06-05,Home & Kitchen,North,1,53.23,0.0,53.23,29.28,0
O110453,C04856,2025-06-05,Fashion,East,2,27.27,0.15,46.36,24.54,1
O104446,C02057,2025-06-05,Home & Kitchen,East,2,44.47,0.0,88.94,48.92,0
O112773,C05932,2025-06-05,Fashion,South,1,99.31,0.05,94.34,44.69,0
O102234,C01033,2025-06-05,Books,East,2,21.14,0.0,42.28,21.14,0
O105324,C02454,2025-06-05,Books,North,1,30.57,0.1,27.51,15.28,0
O103718,C01711,2025-06-05,Home & Kitchen,East,2,117.67,0.2,188.27,129.44,0
O107879,C03680,2025-06-05,Sports,South,1,103.37,0.3,72.36,59.95,0
O112655,C05873,2025-06-05,Home & Kitchen,North,2,80.25,0.0,160.5,88.28,0
O106514,C03020,2025-06-05,Books,West,2,38.9,0.0,77.8,38.9,0
O102816,C01307,2025-06-05,Books,East,1,29.38,0.05,27.91,14.69,0
O102636,C01224,2025-06-05,Electronics,North,1,301.83,0.2,241.46,217.32,0
O104603,C02125,2025-06-05,Sports,East,3,38.97,0.0,116.91,67.81,0
O102576,C01200,2025-06-05,Fashion,North,2,77.31,0.0,154.62,69.58,0
O104041,C01861,2025-06-05,Home & Kitchen,East,1,37.8,0.0,37.8,20.79,0
O111147,C05190,2025-06-05,Sports,West,3,48.88,0.2,117.31,85.05,0
O103634,C01675,2025-06-05,Beauty,East,2,38.14,0.0,76.28,30.51,0
O108890,C04133,2025-06-05,Home & Kitchen,North,1,147.15,0.1,132.44,80.93,0
O107802,C03641,2025-06-05,Sports,North,3,209.83,0.0,629.49,365.1,0
O102410,C01119,2025-06-05,Fashion,South,3,62.19,0.05,177.24,83.96,0
O108515,C03963,2025-06-06,Home & Kitchen,East,3,124.66,0.05,355.28,205.69,1
O107458,C03473,2025-06-06,Sports,West,1,36.1,0.0,36.1,20.94,0
O100931,C00432,2025-06-06,Fashion,East,2,132.07,0.0,264.14,118.86,0
O110051,C04669,2025-06-06,Sports,East,2,177.31,0.0,354.62,205.68,0
O107221,C03357,2025-06-06,Home & Kitchen,South,1,139.8,0.15,118.83,76.89,0
O109259,C04300,2025-06-06,Sports,East,2,223.9,0.1,403.02,259.72,0
O101576,C00731,2025-06-06,Home & Kitchen,West,2,84.23,0.0,168.46,92.65,0
O102161,C01002,2025-06-06,Home & Kitchen,South,1,103.93,0.1,93.54,57.16,0
O101375,C00629,2025-06-06,Sports,East,1,159.99,0.15,135.99,92.79,0
O104461,C02064,2025-06-06,Sports,North,2,216.29,0.1,389.32,250.9,0
O107724,C03604,2025-06-06,Fashion,North,2,103.14,0.2,165.02,92.83,0
O110097,C04690,2025-06-06,Fashion,South,2,82.07,0.1,147.73,73.86,0
O103875,C01785,2025-06-06,Electronics,West,1,170.81,0.3,119.57,122.98,0
O110543,C04904,2025-06-06,Fashion,East,1,97.38,0.05,92.51,43.82,0
O111066,C05150,2025-06-06,Fashion,North,1,36.08,0.05,34.28,16.24,0
O107829,C03655,2025-06-07,Fashion,East,2,132.38,0.05,251.52,119.14,0
O111976,C05579,2025-06-07,Sports,East,1,248.78,0.05,236.34,144.29,0
O103402,C01576,2025-06-07,Sports,North,1,245.18,0.05,232.92,142.2,0
O106041,C02793,2025-06-07,Books,North,3,10.45,0.0,31.35,15.68,0
O112480,C05791,2025-06-07,Books,West,3,23.51,0.0,70.53,35.26,0
O100832,C00391,2025-06-07,Fashion,North,2,31.5,0.1,56.7,28.35,0
O103259,C01511,2025-06-07,Fashion,East,1,82.83,0.2,66.26,37.27,0
O107457,C03472,2025-06-07,Fashion,East,3,37.95,0.0,113.85,51.23,0
O100466,C00225,2025-06-07,Electronics,North,2,218.69,0.0,437.38,314.91,0
O103471,C01604,2025-06-07,Fashion,East,2,104.86,0.15,178.26,94.37,0
O112165,C05652,2025-06-07,Home & Kitchen,West,3,60.99,0.1,164.67,100.63,0
O109537,C04419,2025-06-07,Home & Kitchen,South,2,30.46,0.0,60.92,33.51,0
O110625,C04946,2025-06-07,Books,North,1,11.29,0.15,9.6,5.64,0
O104039,C01860,2025-06-07,Beauty,North,3,31.68,0.0,95.04,38.02,0
O111053,C05145,2025-06-07,Books,East,3,28.98,0.0,86.94,43.47,0
O108239,C03829,2025-06-07,Fashion,East,1,135.64,0.0,135.64,61.04,0
O101114,C00512,2025-06-07,Fashion,East,2,95.82,0.0,191.64,86.24,0
O100095,C00047,2025-06-07,Beauty,South,3,68.68,0.0,206.04,82.42,0
O112029,C05598,2025-06-07,Fashion,East,1,135.74,0.0,135.74,61.08,0
O102593,C01208,2025-06-07,Fashion,North,1,65.76,0.0,65.76,29.59,0
O109026,C04198,2025-06-07,Home & Kitchen,West,1,76.28,0.0,76.28,41.95,0
O106176,C02855,2025-06-07,Fashion,North,1,71.67,0.0,71.67,32.25,0
O102663,C01236,2025-06-07,Books,North,3,25.16,0.1,67.93,37.74,0
O100449,C00218,2025-06-07,Sports,North,1,170.03,0.0,170.03,98.62,0
O101517,C00701,2025-06-07,Sports,West,1,214.59,0.2,171.67,124.46,0
O109280,C04307,2025-06-07,Home & Kitchen,North,1,28.76,0.0,28.76,15.82,0
O103267,C01514,2025-06-08,Home & Kitchen,North,2,165.23,0.1,297.41,181.75,0
O105267,C02428,2025-06-08,Fashion,West,1,83.38,0.0,83.38,37.52,0
O102011,C00932,2025-06-08,Home & Kitchen,East,2,84.08,0.0,168.16,92.49,0
O107229,C03362,2025-06-08,Fashion,East,1,70.19,0.05,66.68,31.59,1
O112884,C05980,2025-06-08,Books,East,1,9.3,0.15,7.91,4.65,0
O102713,C01265,2025-06-08,Books,East,2,24.53,0.3,34.34,24.53,0
O107914,C03692,2025-06-08,Home & Kitchen,North,1,40.07,0.1,36.06,22.04,0
O108253,C03836,2025-06-08,Sports,North,3,150.89,0.15,384.77,262.55,0
O109877,C04589,2025-06-08,Electronics,East,2,358.35,0.0,716.7,516.02,0
O100117,C00059,2025-06-08,Fashion,North,2,93.87,0.0,187.74,84.48,0
O103014,C01403,2025-06-09,Fashion,North,1,77.45,0.05,73.58,34.85,0
O101431,C00655,2025-06-09,Books,South,2,34.29,0.0,68.58,34.29,0
O111526,C05374,2025-06-09,Fashion,South,2,98.1,0.0,196.2,88.29,0
O104548,C02099,2025-06-09,Home & Kitchen,West,3,103.02,0.1,278.15,169.98,0
O100480,C00231,2025-06-09,Fashion,South,2,128.41,0.1,231.14,115.57,0
O103453,C01597,2025-06-09,Fashion,South,3,81.28,0.0,243.84,109.73,0
O106864,C03183,2025-06-09,Fashion,West,1,137.4,0.3,96.18,61.83,1
O110257,C04767,2025-06-09,Beauty,East,2,43.31,0.0,86.62,34.65,0
O106446,C02987,2025-06-09,Fashion,North,1,52.26,0.0,52.26,23.52,0
O100997,C00461,2025-06-09,Fashion,South,2,126.3,0.15,214.71,113.67,0
O100932,C00432,2025-06-09,Home & Kitchen,East,2,108.7,0.0,217.4,119.57,0
O104244,C01966,2025-06-09,Home & Kitchen,North,1,86.96,0.0,86.96,47.83,0
O104964,C02294,2025-06-09,Electronics,East,1,358.83,0.3,251.18,258.36,0
O112603,C05852,2025-06-09,Electronics,North,1,326.23,0.0,326.23,234.89,0
O106883,C03192,2025-06-09,Sports,North,1,215.42,0.0,215.42,124.94,0
O103439,C01591,2025-06-09,Fashion,North,2,111.27,0.0,222.54,100.14,0
O112046,C05604,2025-06-09,Fashion,West,2,74.06,0.0,148.12,66.65,0
O104909,C02268,2025-06-09,Sports,West,2,190.06,0.1,342.11,220.47,0
O102693,C01255,2025-06-09,Home & Kitchen,West,1,71.38,0.05,67.81,39.26,1
O106533,C03031,2025-06-09,Electronics,South,1,597.09,0.05,567.24,429.9,0
O109394,C04358,2025-06-09,Beauty,North,2,31.69,0.1,57.04,25.35,0
O104091,C01885,2025-06-09,Home & Kitchen,West,3,141.48,0.0,424.44,233.44,0
O112078,C05618,2025-06-09,Beauty,East,1,16.56,0.15,14.08,6.62,0
O103463,C01602,2025-06-09,Beauty,West,3,43.65,0.0,130.95,52.38,0
O108061,C03754,2025-06-09,Electronics,West,3,440.53,0.1,1189.43,951.54,0
O101377,C00630,2025-06-09,Fashion,North,1,45.33,0.1,40.8,20.4,1
O106953,C03229,2025-06-09,Books,South,1,17.41,0.1,15.67,8.7,0
O109341,C04339,2025-06-10,Home & Kitchen,North,2,42.33,0.0,84.66,46.56,0
O112359,C05737,2025-06-10,Fashion,East,1,35.25,0.05,33.49,15.86,0
O101470,C00676,2025-06-10,Books,West,1,36.04,0.15,30.63,18.02,0
O105677,C02622,2025-06-10,Sports,South,2,37.69,0.0,75.38,43.72,0
O108446,C03930,2025-06-10,Books,West,3,20.19,0.15,51.48,30.29,0
O101402,C00641,2025-06-10,Beauty,North,2,15.37,0.0,30.74,12.3,1
O112079,C05618,2025-06-10,Sports,East,2,174.52,0.1,314.14,202.44,0
O110447,C04852,2025-06-10,Beauty,West,2,14.68,0.0,29.36,11.74,0
O106986,C03245,2025-06-10,Sports,North,2,41.52,0.0,83.04,48.16,0
O110332,C04800,2025-06-10,Fashion,North,2,134.47,0.0,268.94,121.02,0
O104583,C02115,2025-06-10,Fashion,North,1,119.48,0.0,119.48,53.77,0
O102824,C01311,2025-06-10,Beauty,East,1,46.2,0.0,46.2,18.48,0
O100693,C00330,2025-06-10,Electronics,North,1,566.0,0.0,566.0,407.52,0
O111607,C05410,2025-06-10,Fashion,East,2,79.72,0.0,159.44,71.75,0
O104620,C02133,2025-06-10,Books,North,3,10.11,0.05,28.81,15.16,0
O107036,C03267,2025-06-10,Fashion,North,2,24.95,0.2,39.92,22.46,0
O103107,C01449,2025-06-10,Fashion,East,1,95.43,0.1,85.89,42.94,0
O111148,C05191,2025-06-10,Electronics,East,2,392.67,0.0,785.34,565.44,0
O101642,C00760,2025-06-10,Home & Kitchen,North,1,37.66,0.2,30.13,20.71,0
O105305,C02444,2025-06-10,Electronics,East,1,470.44,0.0,470.44,338.72,0
O108281,C03851,2025-06-10,Home & Kitchen,West,3,101.34,0.1,273.62,167.21,0
O110368,C04815,2025-06-11,Books,East,2,14.05,0.15,23.89,14.05,0
O104448,C02058,2025-06-11,Fashion,East,2,60.61,0.1,109.1,54.55,0
O107443,C03466,2025-06-11,Sports,West,2,249.92,0.0,499.84,289.91,0
O111488,C05359,2025-06-11,Home & Kitchen,West,2,178.93,0.1,322.07,196.82,0
O109686,C04491,2025-06-11,Books,West,1,29.09,0.0,29.09,14.54,0
O107027,C03263,2025-06-11,Fashion,North,2,64.64,0.0,129.28,58.18,0
O101881,C00878,2025-06-11,Fashion,West,2,84.85,0.0,169.7,76.36,0
O112692,C05891,2025-06-11,Fashion,East,1,75.0,0.0,75.0,33.75,0
O110615,C04941,2025-06-11,Sports,North,2,121.96,0.0,243.92,141.47,0
O101313,C00603,2025-06-11,Beauty,East,1,59.13,0.1,53.22,23.65,0
O106772,C03138,2025-06-11,Home & Kitchen,North,3,141.27,0.2,339.05,233.1,1
O108804,C04091,2025-06-11,Books,South,1,23.49,0.0,23.49,11.74,0
O104864,C02245,2025-06-12,Fashion,South,2,73.56,0.2,117.7,66.2,0
O112918,C05999,2025-06-12,Home & Kitchen,West,3,116.46,0.0,349.38,192.16,0
O109898,C04600,2025-06-12,Fashion,East,1,121.7,0.0,121.7,54.76,0
O111727,C05463,2025-06-12,Beauty,East,3,58.26,0.3,122.35,69.91,0
O110598,C04932,2025-06-12,Books,East,1,27.78,0.2,22.22,13.89,0
O110802,C05029,2025-06-12,Fashion,West,1,73.75,0.1,66.38,33.19,0
O104414,C02043,2025-06-12,Fashion,South,1,50.55,0.15,42.97,22.75,0
O112731,C05913,2025-06-12,Home & Kitchen,East,3,39.91,0.0,119.73,65.85,0
O101068,C00493,2025-06-12,Fashion,West,2,36.47,0.1,65.65,32.82,0
O107747,C03615,2025-06-12,Fashion,West,2,64.54,0.0,129.08,58.09,0
O104281,C01984,2025-06-12,Sports,North,1,217.21,0.05,206.35,125.98,0
O101734,C00805,2025-06-12,Home & Kitchen,North,2,106.74,0.0,213.48,117.41,0
O109272,C04303,2025-06-12,Electronics,West,1,583.13,0.05,553.97,419.85,0
O107165,C03329,2025-06-12,Fashion,South,2,59.33,0.0,118.66,53.4,0
O100810,C00377,2025-06-12,Home & Kitchen,North,1,47.04,0.0,47.04,25.87,0
O108746,C04064,2025-06-12,Books,North,2,9.15,0.0,18.3,9.15,0
O109815,C04559,2025-06-12,Home & Kitchen,West,2,172.13,0.2,275.41,189.34,0
O109190,C04270,2025-06-12,Beauty,South,2,61.37,0.0,122.74,49.1,0
O109889,C04594,2025-06-12,Home & Kitchen,West,1,65.72,0.05,62.43,36.15,0
O108594,C03999,2025-06-12,Electronics,West,2,197.8,0.0,395.6,284.83,0
O108292,C03856,2025-06-12,Fashion,South,2,36.66,0.05,69.65,32.99,0
O112224,C05678,2025-06-12,Sports,East,1,88.41,0.1,79.57,51.28,0
O105966,C02760,2025-06-12,Beauty,North,1,45.1,0.05,42.84,18.04,0
O110212,C04743,2025-06-13,Electronics,West,1,527.84,0.15,448.66,380.04,0
O108006,C03728,2025-06-13,Fashion,North,1,74.58,0.0,74.58,33.56,0
O105878,C02719,2025-06-13,Home & Kitchen,North,3,161.91,0.0,485.73,267.15,0
O103799,C01748,2025-06-13,Fashion,East,1,101.68,0.0,101.68,45.76,0
O101551,C00719,2025-06-13,Fashion,West,3,60.29,0.05,171.83,81.39,0
O101446,C00662,2025-06-13,Books,West,1,23.97,0.05,22.77,11.98,0
O109591,C04447,2025-06-13,Home & Kitchen,East,3,87.25,0.0,261.75,143.96,0
O104963,C02293,2025-06-13,Fashion,West,1,113.55,0.0,113.55,51.1,0
O111404,C05317,2025-06-13,Fashion,West,1,89.32,0.1,80.39,40.19,0
O101198,C00557,2025-06-13,Home & Kitchen,South,2,177.19,0.0,354.38,194.91,0
O102803,C01302,2025-06-13,Sports,East,2,36.07,0.2,57.71,41.84,0
O100123,C00062,2025-06-13,Electronics,South,1,309.64,0.2,247.71,222.94,0
O103140,C01460,2025-06-13,Home & Kitchen,West,1,66.25,0.0,66.25,36.44,0
O101587,C00736,2025-06-13,Home & Kitchen,West,1,116.66,0.0,116.66,64.16,0
O102232,C01031,2025-06-13,Beauty,East,1,27.26,0.0,27.26,10.9,0
O110901,C05072,2025-06-14,Beauty,East,1,24.77,0.0,24.77,9.91,0
O107222,C03357,2025-06-14,Beauty,South,2,39.33,0.05,74.73,31.46,0
O105640,C02605,2025-06-14,Electronics,East,3,178.13,0.3,374.07,384.76,0
O107236,C03366,2025-06-14,Electronics,South,2,190.29,0.0,380.58,274.02,0
O105270,C02429,2025-06-14,Books,West,3,29.22,0.0,87.66,43.83,0
O112032,C05599,2025-06-14,Books,South,2,25.46,0.05,48.37,25.46,0
O104728,C02187,2025-06-14,Electronics,North,2,313.13,0.0,626.26,450.91,0
O102251,C01041,2025-06-14,Home & Kitchen,South,2,89.13,0.0,178.26,98.04,0
O112144,C05638,2025-06-14,Home & Kitchen,South,1,73.55,0.0,73.55,40.45,0
O100894,C00416,2025-06-14,Beauty,North,1,65.61,0.0,65.61,26.24,0
O101170,C00541,2025-06-14,Electronics,West,2,195.45,0.0,390.9,281.45,1
O103318,C01534,2025-06-14,Home & Kitchen,South,1,29.54,0.15,25.11,16.25,0
O110130,C04705,2025-06-14,Home & Kitchen,South,1,121.93,0.2,97.54,67.06,0
O105261,C02425,2025-06-14,Home & Kitchen,West,1,158.33,0.15,134.58,87.08,0
O110791,C05023,2025-06-14,Fashion,West,1,46.49,0.0,46.49,20.92,0
O103263,C01513,2025-06-14,Electronics,West,3,173.71,0.3,364.79,375.21,1
O107000,C03252,2025-06-14,Beauty,North,1,50.46,0.0,50.46,20.18,0
O107781,C03631,2025-06-14,Electronics,East,2,482.83,0.0,965.66,695.28,1
O111527,C05375,2025-06-14,Fashion,East,2,62.44,0.0,124.88,56.2,0
O110977,C05110,2025-06-14,Home & Kitchen,East,2,35.01,0.1,63.02,38.51,0
O105421,C02494,2025-06-14,Sports,South,1,144.41,0.0,144.41,83.76,0
O107314,C03405,2025-06-14,Books,North,2,16.01,0.0,32.02,16.01,1
O100611,C00295,2025-06-14,Fashion,South,3,123.88,0.05,353.06,167.24,0
O106636,C03076,2025-06-14,Fashion,East,1,127.62,0.0,127.62,57.43,0
O108753,C04069,2025-06-14,Sports,South,1,176.46,0.0,176.46,102.35,0
O108275,C03849,2025-06-15,Electronics,North,1,372.81,0.0,372.81,268.42,0
O110347,C04806,2025-06-15,Home & Kitchen,East,1,179.26,0.2,143.41,98.59,0
O102269,C01049,2025-06-15,Sports,South,1,227.46,0.1,204.71,131.93,0
O106782,C03142,2025-06-15,Home & Kitchen,North,2,72.87,0.0,145.74,80.16,0
O100028,C00013,2025-06-15,Books,East,2,11.01,0.0,22.02,11.01,0
O103240,C01504,2025-06-15,Home & Kitchen,South,1,139.54,0.0,139.54,76.75,0
O101019,C00471,2025-06-15,Home & Kitchen,South,2,70.97,0.0,141.94,78.07,1
O111921,C05550,2025-06-15,Fashion,East,2,63.72,0.15,108.32,57.35,0
O102650,C01232,2025-06-15,Beauty,North,2,31.0,0.0,62.0,24.8,0
O109176,C04264,2025-06-15,Fashion,North,3,108.56,0.1,293.11,146.56,0
O101423,C00651,2025-06-15,Fashion,South,1,43.34,0.2,34.67,19.5,0
O100813,C00378,2025-06-15,Home & Kitchen,West,3,165.59,0.0,496.77,273.22,0
O107642,C03569,2025-06-15,Electronics,East,2,416.7,0.0,833.4,600.05,0
O110970,C05107,2025-06-15,Books,North,1,28.86,0.1,25.97,14.43,0
O111656,C05433,2025-06-15,Sports,West,2,194.31,0.2,310.9,225.4,0
O109293,C04315,2025-06-15,Home & Kitchen,South,1,106.87,0.2,85.5,58.78,1
O108728,C04056,2025-06-15,Home & Kitchen,South,1,125.35,0.3,87.74,68.94,0
O109816,C04559,2025-06-15,Books,West,3,29.91,0.1,80.76,44.86,0
O105417,C02492,2025-06-15,Home & Kitchen,East,2,156.42,0.15,265.91,172.06,0
O101636,C00757,2025-06-15,Electronics,North,2,209.72,0.05,398.47,302.0,0
O106962,C03233,2025-06-15,Books,West,3,13.04,0.1,35.21,19.56,0
O112645,C05867,2025-06-15,Home & Kitchen,North,1,32.9,0.15,27.96,18.1,0
O111854,C05521,2025-06-16,Home & Kitchen,East,2,35.02,0.05,66.54,38.52,0
O103739,C01720,2025-06-16,Home & Kitchen,North,2,176.78,0.2,282.85,194.46,0
O100084,C00042,2025-06-16,Sports,West,2,147.25,0.0,294.5,170.81,0
O104115,C01901,2025-06-16,Fashion,South,1,71.94,0.05,68.34,32.37,0
O105036,C02325,2025-06-16,Home & Kitchen,North,2,52.11,0.0,104.22,57.32,0
O103784,C01742,2025-06-16,Sports,North,3,92.08,0.0,276.24,160.22,0
O104226,C01956,2025-06-16,Sports,North,2,198.47,0.0,396.94,230.23,0
O102148,C00994,2025-06-16,Fashion,South,3,44.08,0.1,119.02,59.51,0
O103743,C01722,2025-06-16,Home & Kitchen,East,1,131.64,0.1,118.48,72.4,0
O107770,C03626,2025-06-16,Books,West,1,30.65,0.0,30.65,15.32,0
O105810,C02685,2025-06-16,Books,South,1,19.16,0.0,19.16,9.58,0
O110866,C05059,2025-06-16,Home & Kitchen,East,3,115.03,0.0,345.09,189.8,0
O103406,C01577,2025-06-16,Books,West,2,31.61,0.1,56.9,31.61,0
O109030,C04202,2025-06-16,Beauty,South,1,36.95,0.0,36.95,14.78,1
O111520,C05372,2025-06-16,Home & Kitchen,East,3,103.92,0.1,280.58,171.47,0
O100982,C00453,2025-06-16,Electronics,North,1,392.57,0.05,372.94,282.65,0
O103633,C01674,2025-06-16,Beauty,South,2,60.04,0.0,120.08,48.03,0
O111996,C05586,2025-06-16,Fashion,South,1,76.86,0.0,76.86,34.59,0
O107423,C03457,2025-06-16,Sports,South,1,213.41,0.0,213.41,123.78,0
O104514,C02087,2025-06-16,Fashion,East,1,74.39,0.0,74.39,33.48,0
O104079,C01879,2025-06-16,Books,South,2,31.49,0.0,62.98,31.49,0
O107833,C03657,2025-06-16,Home & Kitchen,East,3,154.88,0.0,464.64,255.55,0
O102744,C01281,2025-06-16,Fashion,North,2,32.42,0.0,64.84,29.18,0
O104697,C02172,2025-06-16,Books,East,3,13.56,0.0,40.68,20.34,0
O107336,C03415,2025-06-16,Sports,East,2,190.86,0.0,381.72,221.4,0
O104054,C01868,2025-06-16,Books,North,1,38.47,0.3,26.93,19.24,0
O109121,C04241,2025-06-16,Home & Kitchen,East,1,99.17,0.1,89.25,54.54,0
O107388,C03438,2025-06-16,Fashion,South,2,119.21,0.1,214.58,107.29,0
O100150,C00076,2025-06-16,Home & Kitchen,West,3,29.44,0.0,88.32,48.58,0
O102996,C01394,2025-06-17,Electronics,East,1,210.16,0.2,168.13,151.32,1
O100669,C00316,2025-06-17,Beauty,North,2,48.49,0.0,96.98,38.79,0
O106499,C03014,2025-06-17,Electronics,East,2,365.4,0.0,730.8,526.18,0
O112069,C05615,2025-06-17,Books,North,2,21.29,0.0,42.58,21.29,1
O102368,C01098,2025-06-17,Home & Kitchen,East,1,116.84,0.0,116.84,64.26,0
O111483,C05358,2025-06-17,Home & Kitchen,North,1,42.19,0.0,42.19,23.2,0
O100020,C00008,2025-06-17,Home & Kitchen,North,1,142.07,0.05,134.97,78.14,0
O102862,C01333,2025-06-17,Fashion,North,1,27.17,0.0,27.17,12.23,1
O108747,C04065,2025-06-17,Sports,South,3,120.39,0.2,288.94,209.48,0
O100838,C00393,2025-06-17,Books,West,2,32.64,0.15,55.49,32.64,0
O108306,C03861,2025-06-17,Sports,North,1,59.3,0.2,47.44,34.39,0
O104005,C01845,2025-06-17,Home & Kitchen,South,3,169.87,0.0,509.61,280.29,1
O102294,C01064,2025-06-17,Home & Kitchen,East,2,41.05,0.3,57.47,45.16,0
O107776,C03628,2025-06-17,Fashion,East,3,86.03,0.15,219.38,116.14,0
O102012,C00932,2025-06-17,Sports,East,1,227.56,0.3,159.29,131.98,1
O110310,C04790,2025-06-17,Sports,North,1,101.93,0.0,101.93,59.12,0
O104428,C02049,2025-06-17,Books,North,2,28.99,0.2,46.38,28.99,0
O112759,C05927,2025-06-17,Electronics,East,1,276.25,0.0,276.25,198.9,0
O110362,C04813,2025-06-17,Electronics,East,2,351.51,0.0,703.02,506.17,1
O102745,C01282,2025-06-17,Home & Kitchen,South,3,63.83,0.05,181.92,105.32,0
O111181,C05209,2025-06-17,Sports,East,1,173.29,0.0,173.29,100.51,0
O100904,C00420,2025-06-17,Beauty,West,1,57.25,0.3,40.07,22.9,0
O102369,C01098,2025-06-18,Beauty,East,3,34.7,0.0,104.1,41.64,0
O112864,C05971,2025-06-18,Sports,West,2,153.08,0.15,260.24,177.57,0
O110499,C04881,2025-06-18,Books,North,1,14.85,0.1,13.37,7.42,0
O102956,C01378,2025-06-18,Home & Kitchen,North,1,179.48,0.0,179.48,98.71,0
O107788,C03634,2025-06-18,Fashion,East,1,29.53,0.0,29.53,13.29,0
O105631,C02600,2025-06-18,Fashion,South,1,71.78,0.0,71.78,32.3,0
O110493,C04880,2025-06-18,Sports,West,1,90.58,0.0,90.58,52.54,0
O107818,C03650,2025-06-18,Beauty,South,1,64.21,0.05,61.0,25.68,0
O102261,C01045,2025-06-18,Home & Kitchen,South,3,34.38,0.0,103.14,56.73,0
O107725,C03604,2025-06-18,Books,North,2,26.43,0.05,50.22,26.43,0
O106410,C02968,2025-06-18,Electronics,South,1,254.19,0.05,241.48,183.02,0
O102454,C01139,2025-06-18,Sports,East,2,167.08,0.05,317.45,193.81,0
O108583,C03992,2025-06-18,Beauty,North,2,36.18,0.0,72.36,28.94,0
O110311,C04790,2025-06-18,Fashion,North,3,119.72,0.0,359.16,161.62,1
O104430,C02050,2025-06-18,Sports,West,1,66.7,0.0,66.7,38.69,0
O107991,C03723,2025-06-18,Sports,South,2,185.58,0.05,352.6,215.27,0
O103745,C01723,2025-06-18,Sports,North,2,203.05,0.0,406.1,235.54,0
O109584,C04445,2025-06-18,Beauty,North,2,52.09,0.1,93.76,41.67,0
O102240,C01036,2025-06-18,Beauty,South,3,51.52,0.1,139.1,61.82,0
O102534,C01178,2025-06-18,Fashion,West,2,27.26,0.0,54.52,24.53,0
O111015,C05128,2025-06-18,Fashion,East,1,39.47,0.0,39.47,17.76,0
O112526,C05812,2025-06-18,Home & Kitchen,West,3,85.35,0.0,256.05,140.83,0
O112635,C05862,2025-06-19,Fashion,South,1,58.75,0.0,58.75,26.44,0
O105418,C02492,2025-06-19,Fashion,East,1,98.49,0.15,83.72,44.32,0
O103296,C01527,2025-06-19,Fashion,East,2,125.62,0.3,175.87,113.06,0
O104760,C02199,2025-06-19,Home & Kitchen,East,3,65.18,0.15,166.21,107.55,0
O109905,C04604,2025-06-19,Beauty,East,1,39.32,0.05,37.35,15.73,1
O111178,C05208,2025-06-19,Fashion,South,3,126.23,0.05,359.76,170.41,1
O112337,C05727,2025-06-19,Home & Kitchen,West,2,145.3,0.0,290.6,159.83,0
O109997,C04647,2025-06-19,Sports,North,1,103.86,0.3,72.7,60.24,0
O101236,C00570,2025-06-19,Home & Kitchen,South,2,115.41,0.0,230.82,126.95,0
O100608,C00294,2025-06-19,Home & Kitchen,South,1,63.33,0.0,63.33,34.83,0
O108454,C03934,2025-06-19,Fashion,East,1,96.9,0.05,92.06,43.6,0
O103101,C01444,2025-06-19,Home & Kitchen,West,1,71.4,0.0,71.4,39.27,0
O106833,C03167,2025-06-19,Sports,East,1,46.41,0.0,46.41,26.92,0
O112104,C05627,2025-06-19,Books,South,1,25.04,0.0,25.04,12.52,0
O101592,C00739,2025-06-19,Books,East,1,34.64,0.2,27.71,17.32,0
O101060,C00487,2025-06-19,Fashion,East,2,135.34,0.0,270.68,121.81,0
O109708,C04501,2025-06-19,Electronics,East,3,361.17,0.0,1083.51,780.13,0
O102814,C01306,2025-06-19,Fashion,North,3,49.94,0.0,149.82,67.42,0
O100694,C00330,2025-06-20,Sports,North,1,212.89,0.0,212.89,123.48,0
O101541,C00714,2025-06-20,Fashion,East,1,51.57,0.15,43.83,23.21,0
O106013,C02783,2025-06-20,Books,South,2,37.94,0.15,64.5,37.94,0
O111405,C05317,2025-06-20,Fashion,West,1,92.8,0.0,92.8,41.76,0
O101951,C00906,2025-06-20,Electronics,East,3,544.29,0.2,1306.3,1175.67,1
O102073,C00961,2025-06-20,Home & Kitchen,South,1,137.41,0.2,109.93,75.58,0
O100199,C00099,2025-06-20,Beauty,North,2,17.61,0.0,35.22,14.09,0
O111334,C05284,2025-06-20,Electronics,East,2,387.95,0.0,775.9,558.65,0
O100571,C00275,2025-06-20,Fashion,East,2,70.75,0.05,134.42,63.68,0
O110433,C04845,2025-06-20,Home & Kitchen,North,2,62.29,0.0,124.58,68.52,0
O104965,C02294,2025-06-20,Beauty,East,2,37.26,0.0,74.52,29.81,0
O106540,C03033,2025-06-20,Fashion,North,2,86.04,0.0,172.08,77.44,0
O102806,C01303,2025-06-20,Sports,West,3,169.61,0.0,508.83,295.12,0
O111546,C05381,2025-06-20,Electronics,South,1,126.41,0.05,120.09,91.02,0
O109961,C04629,2025-06-20,Fashion,North,2,42.71,0.05,81.15,38.44,0
O111602,C05407,2025-06-20,Fashion,North,3,56.28,0.1,151.96,75.98,0
O107255,C03374,2025-06-20,Fashion,East,2,102.48,0.05,194.71,92.23,0
O107181,C03337,2025-06-20,Books,South,1,23.51,0.0,23.51,11.76,0
O108580,C03990,2025-06-20,Beauty,North,2,14.08,0.0,28.16,11.26,0
O102455,C01139,2025-06-20,Fashion,East,1,35.45,0.2,28.36,15.95,1
O100355,C00174,2025-06-20,Beauty,West,2,26.05,0.0,52.1,20.84,0
O107505,C03494,2025-06-20,Fashion,North,1,113.51,0.0,113.51,51.08,0
O106050,C02799,2025-06-20,Sports,East,1,88.98,0.0,88.98,51.61,0
O112316,C05718,2025-06-20,Beauty,North,1,29.4,0.0,29.4,11.76,0
O112147,C05641,2025-06-20,Fashion,South,1,48.83,0.0,48.83,21.97,1
O104938,C02280,2025-06-20,Fashion,East,1,63.93,0.1,57.54,28.77,0
O112342,C05730,2025-06-20,Electronics,South,1,177.93,0.15,151.24,128.11,0
O104375,C02022,2025-06-21,Beauty,West,2,67.93,0.0,135.86,54.34,0
O105994,C02774,2025-06-21,Sports,East,2,161.21,0.1,290.18,187.0,0
O103886,C01790,2025-06-21,Beauty,East,3,35.84,0.15,91.39,43.01,0
O103618,C01667,2025-06-21,Electronics,West,3,407.09,0.0,1221.27,879.31,0
O109226,C04286,2025-06-21,Sports,West,2,212.55,0.0,425.1,246.56,0
O100572,C00275,2025-06-21,Fashion,East,1,89.26,0.0,89.26,40.17,0
O107912,C03691,2025-06-21,Home & Kitchen,South,1,116.94,0.1,105.25,64.32,0
O106758,C03133,2025-06-21,Home & Kitchen,East,1,167.63,0.0,167.63,92.2,0
O112850,C05965,2025-06-21,Electronics,South,1,380.4,0.1,342.36,273.89,0
O112524,C05811,2025-06-21,Electronics,West,2,236.75,0.0,473.5,340.92,0
O109117,C04239,2025-06-21,Electronics,South,1,457.73,0.0,457.73,329.57,0
O101403,C00641,2025-06-21,Fashion,North,1,30.12,0.15,25.6,13.55,0
O108657,C04026,2025-06-21,Sports,East,1,178.69,0.1,160.82,103.64,0
O104313,C01995,2025-06-21,Home & Kitchen,East,3,27.7,0.0,83.1,45.7,0
O106479,C03002,2025-06-21,Beauty,North,2,64.45,0.0,128.9,51.56,0
O107068,C03282,2025-06-21,Beauty,North,2,14.04,0.0,28.08,11.23,0
O101870,C00873,2025-06-21,Home & Kitchen,North,2,43.5,0.0,87.0,47.85,0
O104702,C02174,2025-06-21,Sports,North,1,141.63,0.0,141.63,82.15,0
O103319,C01534,2025-06-21,Electronics,South,3,587.94,0.0,1763.82,1269.95,0
O110459,C04860,2025-06-21,Books,East,2,39.05,0.0,78.1,39.05,0
O103594,C01655,2025-06-21,Books,South,2,13.23,0.0,26.46,13.23,0
O108011,C03730,2025-06-21,Sports,East,2,53.27,0.0,106.54,61.79,0
O102731,C01275,2025-06-22,Books,North,1,13.3,0.0,13.3,6.65,0
O103464,C01602,2025-06-22,Electronics,West,1,278.87,0.0,278.87,200.79,1
O111386,C05308,2025-06-22,Books,East,3,11.53,0.0,34.59,17.29,0
O110294,C04784,2025-06-22,Home & Kitchen,North,1,162.1,0.15,137.78,89.16,0
O106279,C02907,2025-06-22,Home & Kitchen,East,2,140.31,0.05,266.59,154.34,0
O104227,C01956,2025-06-22,Electronics,North,3,351.79,0.0,1055.37,759.87,1
O109767,C04534,2025-06-22,Electronics,North,1,130.89,0.0,130.89,94.24,0
O103015,C01403,2025-06-22,Beauty,North,1,15.42,0.0,15.42,6.17,0
O109196,C04272,2025-06-22,Home & Kitchen,West,2,48.55,0.2,77.68,53.4,0
O107680,C03585,2025-06-22,Beauty,South,2,66.81,0.1,120.26,53.45,0
O106965,C03235,2025-06-22,Electronics,South,1,307.08,0.2,245.66,221.1,0
O106427,C02975,2025-06-22,Sports,West,3,142.38,0.0,427.14,247.74,0
O111856,C05523,2025-06-22,Home & Kitchen,West,2,41.45,0.0,82.9,45.6,0
O108582,C03991,2025-06-22,Fashion,North,2,45.87,0.0,91.74,41.28,0
O107200,C03346,2025-06-23,Fashion,East,3,53.13,0.3,111.57,71.73,0
O102656,C01234,2025-06-23,Fashion,East,2,138.5,0.05,263.15,124.65,0
O112133,C05635,2025-06-23,Home & Kitchen,North,1,64.38,0.0,64.38,35.41,0
O107373,C03432,2025-06-23,Sports,South,3,133.24,0.05,379.73,231.84,0
O111878,C05530,2025-06-23,Electronics,North,3,232.65,0.3,488.56,502.52,0
O106675,C03096,2025-06-23,Fashion,South,2,133.77,0.0,267.54,120.39,0
O105435,C02503,2025-06-23,Books,North,1,12.27,0.0,12.27,6.14,0
O112501,C05802,2025-06-23,Sports,South,2,153.74,0.05,292.11,178.34,0
O104822,C02226,2025-06-23,Fashion,South,2,131.58,0.15,223.69,118.42,0
O110377,C04819,2025-06-23,Beauty,West,1,59.42,0.0,59.42,23.77,0
O110392,C04828,2025-06-23,Beauty,North,1,68.65,0.0,68.65,27.46,1
O105729,C02650,2025-06-23,Beauty,North,1,49.51,0.0,49.51,19.8,0
O109267,C04302,2025-06-23,Home & Kitchen,East,2,100.06,0.0,200.12,110.07,0
O108090,C03768,2025-06-23,Electronics,South,2,506.93,0.0,1013.86,729.98,0
O105090,C02348,2025-06-23,Fashion,East,1,100.85,0.3,70.59,45.38,0
O108910,C04144,2025-06-23,Sports,North,1,180.34,0.1,162.31,104.6,0
O103605,C01660,2025-06-23,Home & Kitchen,North,1,35.69,0.3,24.98,19.63,0
O101000,C00463,2025-06-23,Electronics,North,1,215.69,0.15,183.34,155.3,0
O103854,C01775,2025-06-23,Home & Kitchen,North,2,146.93,0.0,293.86,161.62,0
O104431,C02050,2025-06-23,Books,West,2,16.19,0.0,32.38,16.19,0
O108978,C04176,2025-06-23,Beauty,North,2,61.42,0.05,116.7,49.14,0
O102957,C01378,2025-06-23,Fashion,North,2,47.5,0.2,76.0,42.75,0
O102735,C01277,2025-06-23,Electronics,South,1,386.07,0.0,386.07,277.97,0
O102825,C01311,2025-06-23,Sports,East,1,128.14,0.0,128.14,74.32,0
O106414,C02970,2025-06-23,Fashion,East,3,118.77,0.0,356.31,160.34,0
O101306,C00599,2025-06-23,Fashion,West,2,47.92,0.1,86.26,43.13,0
O104883,C02254,2025-06-23,Books,West,2,28.04,0.05,53.28,28.04,0
O102098,C00972,2025-06-23,Sports,North,2,233.08,0.1,419.54,270.37,0
O111057,C05146,2025-06-23,Books,East,2,30.54,0.0,61.08,30.54,0
O108699,C04043,2025-06-24,Books,North,1,26.85,0.1,24.17,13.42,0
O104300,C01991,2025-06-24,Fashion,North,3,20.62,0.1,55.67,27.84,0
O100765,C00360,2025-06-24,Beauty,East,2,57.96,0.15,98.53,46.37,0
O105355,C02467,2025-06-24,Fashion,East,3,70.62,0.0,211.86,95.34,0
O105117,C02362,2025-06-24,Books,North,2,19.02,0.0,38.04,19.02,0
O102296,C01065,2025-06-24,Fashion,North,1,50.95,0.0,50.95,22.93,1
O102795,C01301,2025-06-24,Home & Kitchen,South,2,169.9,0.15,288.83,186.89,0
O111861,C05525,2025-06-24,Fashion,North,2,135.45,0.0,270.9,121.9,0
O100200,C00099,2025-06-24,Beauty,North,1,23.64,0.15,20.09,9.46,0
O109645,C04470,2025-06-24,Home & Kitchen,East,1,32.75,0.15,27.84,18.01,0
O105642,C02606,2025-06-24,Home & Kitchen,East,1,43.57,0.0,43.57,23.96,0
O103729,C01715,2025-06-24,Electronics,East,3,494.65,0.0,1483.95,1068.44,0
O102584,C01204,2025-06-24,Fashion,East,1,122.01,0.1,109.81,54.9,0
O105817,C02688,2025-06-24,Fashion,North,3,121.47,0.0,364.41,163.98,0
O109977,C04636,2025-06-24,Electronics,North,1,550.53,0.15,467.95,396.38,0
O107915,C03692,2025-06-24,Beauty,North,3,47.24,0.0,141.72,56.69,0
O106474,C03000,2025-06-24,Electronics,West,2,134.65,0.05,255.84,193.9,0
O105410,C02490,2025-06-24,Fashion,East,2,116.1,0.1,208.98,104.49,0
O107306,C03400,2025-06-24,Sports,West,1,235.97,0.0,235.97,136.86,0
O102164,C01003,2025-06-24,Sports,West,2,140.7,0.05,267.33,163.21,1
O112367,C05741,2025-06-25,Home & Kitchen,North,2,59.98,0.0,119.96,65.98,0
O106966,C03235,2025-06-25,Sports,South,1,53.41,0.0,53.41,30.98,0
O104060,C01870,2025-06-25,Books,East,1,9.01,0.15,7.66,4.5,0
O109554,C04429,2025-06-25,Fashion,East,2,60.07,0.0,120.14,54.06,0
O103964,C01825,2025-06-25,Sports,South,1,165.67,0.1,149.1,96.09,0
O100353,C00173,2025-06-25,Fashion,East,1,135.55,0.0,135.55,61.0,0
O102626,C01220,2025-06-25,Sports,East,1,52.28,0.0,52.28,30.32,0
O111010,C05126,2025-06-25,Sports,South,3,32.43,0.0,97.29,56.43,0
O103241,C01504,2025-06-25,Beauty,South,1,18.95,0.0,18.95,7.58,0
O112885,C05980,2025-06-25,Fashion,East,1,92.88,0.0,92.88,41.8,0
O102439,C01135,2025-06-25,Beauty,East,1,66.76,0.0,66.76,26.7,0
O109418,C04370,2025-06-25,Fashion,West,1,94.73,0.0,94.73,42.63,0
O104111,C01899,2025-06-25,Sports,West,1,176.9,0.05,168.06,102.6,0
O112546,C05826,2025-06-25,Home & Kitchen,West,1,82.21,0.0,82.21,45.22,0
O110734,C04997,2025-06-25,Home & Kitchen,North,2,29.89,0.0,59.78,32.88,0
O105199,C02403,2025-06-25,Home & Kitchen,South,1,148.51,0.15,126.23,81.68,0
O106480,C03002,2025-06-25,Fashion,North,2,61.41,0.0,122.82,55.27,0
O111661,C05435,2025-06-25,Home & Kitchen,East,2,81.16,0.0,162.32,89.28,0
O112247,C05687,2025-06-25,Electronics,East,3,499.72,0.05,1424.2,1079.4,0
O106164,C02849,2025-06-25,Sports,North,2,172.47,0.0,344.94,200.07,0
O110277,C04778,2025-06-25,Beauty,West,2,32.75,0.1,58.95,26.2,0
O106530,C03028,2025-06-25,Fashion,North,1,75.28,0.0,75.28,33.88,0
O101634,C00755,2025-06-25,Home & Kitchen,South,2,80.61,0.0,161.22,88.67,1
O111807,C05497,2025-06-25,Electronics,North,2,406.19,0.0,812.38,584.91,0
O103906,C01799,2025-06-26,Beauty,West,1,64.34,0.15,54.69,25.74,0
O103957,C01822,2025-06-26,Books,North,1,37.99,0.0,37.99,19.0,0
O101918,C00895,2025-06-26,Fashion,West,2,77.88,0.2,124.61,70.09,0
O111406,C05317,2025-06-26,Fashion,West,3,107.27,0.0,321.81,144.81,0
O108767,C04071,2025-06-26,Beauty,East,2,23.43,0.05,44.52,18.74,0
O105252,C02422,2025-06-26,Fashion,South,2,82.99,0.15,141.08,74.69,0
O105120,C02365,2025-06-26,Electronics,West,2,301.14,0.0,602.28,433.64,0
O103887,C01790,2025-06-26,Beauty,East,3,55.36,0.0,166.08,66.43,0
O110846,C05047,2025-06-26,Electronics,East,1,585.77,0.05,556.48,421.75,1
O108957,C04166,2025-06-26,Fashion,South,3,41.5,0.1,112.05,56.02,0
O105098,C02352,2025-06-26,Home & Kitchen,East,2,89.86,0.0,179.72,98.85,0
O102737,C01278,2025-06-26,Home & Kitchen,West,2,133.05,0.0,266.1,146.36,0
O107021,C03260,2025-06-26,Electronics,North,3,283.71,0.0,851.13,612.81,0
O104339,C02007,2025-06-26,Fashion,East,2,98.45,0.3,137.83,88.6,0
O112203,C05669,2025-06-26,Sports,East,2,165.58,0.0,331.16,192.07,0
O106906,C03203,2025-06-26,Fashion,East,3,94.8,0.0,284.4,127.98,0
O105577,C02575,2025-06-27,Electronics,South,1,440.24,0.1,396.22,316.97,0
O100485,C00234,2025-06-27,Beauty,North,1,44.8,0.05,42.56,17.92,0
O100786,C00366,2025-06-27,Electronics,South,2,350.08,0.0,700.16,504.12,1
O112118,C05631,2025-06-27,Beauty,East,1,11.93,0.15,10.14,4.77,0
O110258,C04767,2025-06-27,Beauty,East,1,27.38,0.05,26.01,10.95,0
O101379,C00631,2025-06-27,Books,North,3,14.43,0.1,38.96,21.64,0
O103672,C01691,2025-06-27,Books,South,1,8.94,0.0,8.94,4.47,0
O108787,C04080,2025-06-27,Fashion,West,2,87.13,0.0,174.26,78.42,1
O104153,C01918,2025-06-27,Electronics,East,2,405.88,0.0,811.76,584.47,0
O107408,C03449,2025-06-27,Books,East,1,13.84,0.0,13.84,6.92,0
O105811,C02685,2025-06-27,Beauty,South,1,17.23,0.0,17.23,6.89,0
O103825,C01762,2025-06-27,Home & Kitchen,East,3,135.39,0.0,406.17,223.39,0
O104379,C02024,2025-06-27,Beauty,East,2,57.2,0.05,108.68,45.76,0
O109191,C04270,2025-06-27,Books,South,2,36.87,0.05,70.05,36.87,0
O104415,C02044,2025-06-27,Books,South,1,29.95,0.15,25.46,14.98,0
O112604,C05852,2025-06-27,Beauty,North,1,23.64,0.2,18.91,9.46,0
O106357,C02943,2025-06-27,Home & Kitchen,North,1,99.69,0.0,99.69,54.83,0
O112712,C05904,2025-06-27,Fashion,South,3,27.66,0.0,82.98,37.34,0
O100510,C00247,2025-06-27,Fashion,South,1,126.62,0.0,126.62,56.98,1
O107669,C03582,2025-06-27,Home & Kitchen,East,1,142.69,0.0,142.69,78.48,0
O110491,C04879,2025-06-27,Beauty,West,2,45.56,0.0,91.12,36.45,0
O109338,C04337,2025-06-27,Fashion,East,1,30.09,0.0,30.09,13.54,0
O110417,C04841,2025-06-27,Sports,West,2,244.62,0.0,489.24,283.76,0
O105458,C02514,2025-06-27,Fashion,South,2,20.28,0.05,38.53,18.25,0
O101598,C00742,2025-06-28,Electronics,North,1,341.98,0.1,307.78,246.23,0
O109038,C04205,2025-06-28,Fashion,East,2,48.43,0.0,96.86,43.59,0
O100989,C00456,2025-06-28,Fashion,East,2,77.31,0.0,154.62,69.58,0
O102541,C01180,2025-06-28,Electronics,West,1,429.92,0.0,429.92,309.54,0
O105026,C02320,2025-06-28,Home & Kitchen,South,1,58.52,0.0,58.52,32.19,0
O106500,C03014,2025-06-28,Beauty,East,1,31.05,0.0,31.05,12.42,0
O111410,C05319,2025-06-28,Fashion,South,1,109.27,0.0,109.27,49.17,0
O103928,C01809,2025-06-28,Beauty,South,2,40.09,0.05,76.17,32.07,0
O108595,C03999,2025-06-28,Home & Kitchen,West,1,66.99,0.0,66.99,36.84,0
O106989,C03247,2025-06-28,Home & Kitchen,West,2,78.0,0.0,156.0,85.8,0
O102470,C01147,2025-06-28,Electronics,North,1,324.03,0.0,324.03,233.3,0
O108423,C03920,2025-06-28,Books,East,1,33.78,0.0,33.78,16.89,1
O108400,C03906,2025-06-28,Home & Kitchen,West,2,80.04,0.1,144.07,88.04,0
O100003,C00002,2025-06-28,Sports,East,2,36.94,0.15,62.8,42.85,0
O106158,C02845,2025-06-28,Fashion,South,1,45.93,0.0,45.93,20.67,0
O109793,C04546,2025-06-28,Sports,South,1,162.56,0.1,146.3,94.28,0
O110142,C04709,2025-06-28,Fashion,South,2,66.18,0.0,132.36,59.56,0
O106585,C03053,2025-06-28,Fashion,West,1,74.26,0.05,70.55,33.42,0
O109513,C04411,2025-06-28,Electronics,East,2,224.07,0.0,448.14,322.66,0
O106576,C03048,2025-06-28,Beauty,North,1,14.53,0.0,14.53,5.81,0
O112578,C05840,2025-06-28,Home & Kitchen,East,3,36.41,0.0,109.23,60.08,0
O102360,C01094,2025-06-28,Home & Kitchen,North,3,124.73,0.1,336.77,205.8,0
O112277,C05698,2025-06-28,Home & Kitchen,South,2,59.31,0.0,118.62,65.24,0
O106950,C03226,2025-06-28,Home & Kitchen,North,1,164.46,0.05,156.24,90.45,0
O102114,C00979,2025-06-28,Books,South,2,24.78,0.0,49.56,24.78,0
O110303,C04787,2025-06-28,Sports,East,2,166.23,0.0,332.46,192.83,0
O107069,C03282,2025-06-28,Books,North,1,18.33,0.1,16.5,9.16,0
O106786,C03145,2025-06-29,Beauty,East,2,30.78,0.15,52.33,24.62,0
O102473,C01148,2025-06-29,Electronics,East,1,375.26,0.0,375.26,270.19,0
O112301,C05710,2025-06-29,Fashion,South,2,107.22,0.2,171.55,96.5,0
O111451,C05336,2025-06-29,Beauty,East,2,43.49,0.1,78.28,34.79,0
O100676,C00320,2025-06-29,Books,South,2,10.5,0.15,17.85,10.5,0
O112098,C05625,2025-06-29,Fashion,South,2,111.63,0.0,223.26,100.47,1
O104593,C02121,2025-06-29,Fashion,East,1,31.35,0.2,25.08,14.11,0
O107988,C03722,2025-06-29,Fashion,South,1,31.14,0.05,29.58,14.01,0
O101079,C00498,2025-06-29,Fashion,East,3,139.16,0.0,417.48,187.87,0
O105316,C02449,2025-06-29,Beauty,East,2,32.95,0.1,59.31,26.36,0
O111798,C05493,2025-06-29,Fashion,South,2,20.32,0.0,40.64,18.29,0
O109646,C04470,2025-06-29,Fashion,East,2,54.21,0.2,86.74,48.79,0
O107604,C03544,2025-06-29,Electronics,East,1,387.84,0.0,387.84,279.24,0
O109604,C04454,2025-06-29,Home & Kitchen,East,3,73.49,0.0,220.47,121.26,0
O101304,C00598,2025-06-29,Fashion,West,1,98.01,0.0,98.01,44.1,0
O106865,C03183,2025-06-29,Electronics,West,2,213.27,0.05,405.21,307.11,0
O106717,C03112,2025-06-29,Sports,South,2,71.0,0.0,142.0,82.36,0
O112148,C05641,2025-06-29,Home & Kitchen,South,1,177.43,0.15,150.82,97.59,0
O106855,C03180,2025-06-29,Electronics,South,1,378.12,0.1,340.31,272.25,0
O108298,C03858,2025-06-29,Fashion,South,1,120.46,0.3,84.32,54.21,0
O108268,C03844,2025-06-29,Home & Kitchen,South,1,85.16,0.15,72.39,46.84,0
O102434,C01134,2025-06-29,Electronics,East,1,422.4,0.0,422.4,304.13,0
O112225,C05678,2025-06-29,Electronics,East,1,281.22,0.0,281.22,202.48,0
O111299,C05269,2025-06-29,Fashion,East,1,115.3,0.1,103.77,51.88,1
O108320,C03866,2025-06-29,Beauty,South,3,36.85,0.0,110.55,44.22,0
O109245,C04293,2025-06-30,Fashion,West,2,90.39,0.0,180.78,81.35,0
O109054,C04212,2025-06-30,Sports,East,1,219.53,0.0,219.53,127.33,0
O107937,C03700,2025-06-30,Beauty,East,1,29.98,0.0,29.98,11.99,0
O110435,C04846,2025-06-30,Fashion,North,1,27.92,0.3,19.54,12.56,0
O102287,C01061,2025-06-30,Fashion,West,1,67.08,0.0,67.08,30.19,1
O104940,C02281,2025-06-30,Beauty,West,3,48.76,0.0,146.28,58.51,0
O103554,C01638,2025-06-30,Books,East,1,30.15,0.0,30.15,15.08,0
O109232,C04289,2025-06-30,Fashion,East,1,49.41,0.05,46.94,22.23,0
O112034,C05600,2025-06-30,Electronics,South,3,308.95,0.3,648.79,667.33,0
O101388,C00636,2025-06-30,Books,North,1,31.07,0.0,31.07,15.54,0
O102891,C01349,2025-06-30,Home & Kitchen,East,2,177.92,0.2,284.67,195.71,0
O107230,C03362,2025-06-30,Fashion,East,1,56.94,0.15,48.4,25.62,0
O104230,C01957,2025-06-30,Beauty,West,3,28.74,0.05,81.91,34.49,0
O100038,C00017,2025-06-30,Electronics,West,1,169.43,0.0,169.43,121.99,0
O107506,C03494,2025-06-30,Fashion,North,2,99.74,0.0,199.48,89.77,0
O104159,C01920,2025-06-30,Beauty,South,1,52.64,0.05,50.01,21.06,1
O107638,C03565,2025-06-30,Beauty,South,1,31.29,0.0,31.29,12.52,0
O111961,C05571,2025-06-30,Beauty,East,1,12.65,0.2,10.12,5.06,0
O110186,C04733,2025-06-30,Fashion,South,1,69.84,0.05,66.35,31.43,1
O104875,C02250,2025-06-30,Home & Kitchen,West,1,174.65,0.1,157.19,96.06,0
O102440,C01135,2025-06-30,Fashion,East,1,20.51,0.1,18.46,9.23,0
O110540,C04902,2025-06-30,Fashion,East,1,63.02,0.05,59.87,28.36,0
O106313,C02923,2025-06-30,Beauty,East,3,37.74,0.2,90.58,45.29,0
O112252,C05689,2025-06-30,Electronics,North,1,469.38,0.05,445.91,337.95,0
O100220,C00107,2025-06-30,Books,South,2,9.74,0.05,18.51,9.74,0
O101433,C00657,2025-06-30,Fashion,North,1,116.42,0.05,110.6,52.39,0
O100859,C00402,2025-06-30,Fashion,West,3,127.29,0.05,362.78,171.84,1
O108316,C03864,2025-06-30,Fashion,South,1,53.29,0.0,53.29,23.98,0
O104303,C01992,2025-07-01,Books,West,2,26.23,0.2,41.97,26.23,0
O107851,C03665,2025-07-01,Sports,North,3,121.61,0.0,364.83,211.6,0
O111790,C05491,2025-07-01,Books,North,1,29.71,0.0,29.71,14.86,0
O103176,C01476,2025-07-01,Fashion,East,2,128.62,0.0,257.24,115.76,0
O105219,C02411,2025-07-01,Books,North,1,21.2,0.0,21.2,10.6,0
O100030,C00014,2025-07-01,Home & Kitchen,East,1,121.28,0.0,121.28,66.7,0
O109541,C04423,2025-07-01,Sports,South,2,216.65,0.15,368.31,251.31,0
O106809,C03157,2025-07-01,Fashion,South,1,86.41,0.05,82.09,38.88,0
O108132,C03784,2025-07-01,Fashion,North,1,85.75,0.0,85.75,38.59,0
O111215,C05228,2025-07-01,Fashion,North,3,97.67,0.0,293.01,131.85,0
O111115,C05171,2025-07-01,Home & Kitchen,West,2,113.07,0.1,203.53,124.38,0
O110223,C04747,2025-07-01,Fashion,East,1,60.97,0.1,54.87,27.44,0
O107954,C03708,2025-07-01,Electronics,East,1,389.3,0.0,389.3,280.3,0
O105750,C02659,2025-07-01,Home & Kitchen,North,1,152.85,0.15,129.92,84.07,1
O110564,C04915,2025-07-01,Fashion,West,1,130.06,0.0,130.06,58.53,0
O106355,C02941,2025-07-01,Books,East,2,21.52,0.15,36.58,21.52,0
O102003,C00928,2025-07-01,Electronics,West,3,568.85,0.2,1365.24,1228.72,0
O112317,C05718,2025-07-01,Beauty,North,1,65.84,0.0,65.84,26.34,0
O104569,C02107,2025-07-01,Fashion,North,1,133.93,0.0,133.93,60.27,0
O100054,C00023,2025-07-01,Home & Kitchen,South,1,172.76,0.0,172.76,95.02,0
O110882,C05066,2025-07-01,Fashion,North,1,138.93,0.05,131.98,62.52,0
O111201,C05218,2025-07-01,Books,East,2,10.42,0.0,20.84,10.42,0
O109278,C04306,2025-07-01,Sports,South,3,123.64,0.0,370.92,215.13,0
O100262,C00128,2025-07-01,Sports,North,1,134.56,0.0,134.56,78.04,0
O102339,C01084,2025-07-02,Home & Kitchen,South,2,175.3,0.05,333.07,192.83,0
O105757,C02662,2025-07-02,Home & Kitchen,North,1,119.33,0.0,119.33,65.63,0
O102115,C00979,2025-07-02,Books,South,1,16.19,0.0,16.19,8.1,0
O112226,C05678,2025-07-02,Fashion,East,2,76.73,0.2,122.77,69.06,1
O102315,C01073,2025-07-02,Books,South,2,20.14,0.05,38.27,20.14,0
O100646,C00308,2025-07-02,Home & Kitchen,North,2,74.16,0.0,148.32,81.58,0
O111735,C05466,2025-07-02,Home & Kitchen,East,2,169.33,0.05,321.73,186.26,0
O101687,C00783,2025-07-02,Home & Kitchen,West,1,147.13,0.0,147.13,80.92,0
O103626,C01671,2025-07-02,Fashion,North,2,41.53,0.0,83.06,37.38,0
O100909,C00423,2025-07-02,Beauty,East,3,39.86,0.15,101.64,47.83,0
O101643,C00760,2025-07-02,Books,North,2,38.66,0.0,77.32,38.66,0
O104554,C02102,2025-07-02,Sports,South,1,175.87,0.1,158.28,102.0,0
O110533,C04899,2025-07-02,Fashion,West,1,133.27,0.1,119.94,59.97,0
O102162,C01002,2025-07-02,Fashion,South,2,50.38,0.0,100.76,45.34,0
O106960,C03232,2025-07-02,Home & Kitchen,South,2,131.74,0.0,263.48,144.91,0
O106512,C03019,2025-07-02,Electronics,East,3,409.67,0.0,1229.01,884.89,0
O104764,C02200,2025-07-02,Sports,East,2,109.0,0.1,196.2,126.44,0
O102241,C01036,2025-07-02,Sports,South,2,246.35,0.1,443.43,285.77,1
O100100,C00051,2025-07-02,Books,West,2,37.93,0.15,64.48,37.93,0
O100673,C00318,2025-07-02,Electronics,North,1,365.81,0.05,347.52,263.38,1
O104486,C02075,2025-07-02,Electronics,West,2,383.33,0.0,766.66,552.0,0
O105029,C02321,2025-07-02,Sports,North,1,50.84,0.1,45.76,29.49,0
O100987,C00455,2025-07-02,Fashion,West,1,82.14,0.0,82.14,36.96,0
O107048,C03273,2025-07-02,Home & Kitchen,East,3,98.39,0.0,295.17,162.34,0
O106631,C03074,2025-07-02,Home & Kitchen,North,2,167.16,0.05,317.6,183.88,0
O101408,C00645,2025-07-03,Electronics,North,2,210.4,0.1,378.72,302.98,0
O109768,C04534,2025-07-03,Sports,North,1,124.01,0.0,124.01,71.93,0
O100425,C00207,2025-07-03,Fashion,North,1,130.23,0.0,130.23,58.6,0
O110494,C04880,2025-07-03,Beauty,West,1,61.33,0.0,61.33,24.53,0
O103965,C01825,2025-07-03,Home & Kitchen,South,1,107.09,0.1,96.38,58.9,0
O100430,C00210,2025-07-03,Electronics,North,3,176.9,0.0,530.7,382.1,1
O110266,C04772,2025-07-03,Electronics,North,1,481.36,0.2,385.09,346.58,0
O101571,C00729,2025-07-03,Home & Kitchen,East,3,26.97,0.0,80.91,44.5,0
O104140,C01914,2025-07-03,Home & Kitchen,West,1,148.17,0.0,148.17,81.49,0
O100039,C00017,2025-07-03,Beauty,West,3,47.23,0.0,141.69,56.68,0
O106579,C03050,2025-07-03,Sports,East,2,49.92,0.1,89.86,57.91,0
O100325,C00160,2025-07-03,Books,South,3,18.15,0.3,38.11,27.22,0
O112315,C05717,2025-07-03,Beauty,North,1,57.12,0.05,54.26,22.85,0
O101328,C00613,2025-07-03,Beauty,East,1,29.8,0.0,29.8,11.92,0
O104705,C02176,2025-07-03,Sports,North,1,178.62,0.0,178.62,103.6,1
O105564,C02568,2025-07-03,Home & Kitchen,North,1,139.46,0.05,132.49,76.7,0
O107871,C03678,2025-07-03,Sports,West,2,77.22,0.1,139.0,89.58,0
O109208,C04278,2025-07-03,Beauty,East,2,40.67,0.0,81.34,32.54,0
O106347,C02937,2025-07-03,Sports,North,1,102.14,0.2,81.71,59.24,0
O112137,C05636,2025-07-03,Fashion,South,1,121.53,0.0,121.53,54.69,0
O105768,C02666,2025-07-03,Fashion,East,1,87.16,0.0,87.16,39.22,0
O106863,C03182,2025-07-03,Beauty,East,3,51.13,0.0,153.39,61.36,0
O101063,C00489,2025-07-03,Sports,North,1,126.61,0.0,126.61,73.43,0
O106764,C03135,2025-07-04,Home & Kitchen,South,2,172.04,0.0,344.08,189.24,0
O107281,C03387,2025-07-04,Books,North,1,27.85,0.0,27.85,13.92,0
O101974,C00918,2025-07-04,Fashion,East,2,51.0,0.1,91.8,45.9,0
O109851,C04576,2025-07-04,Beauty,West,3,44.16,0.2,105.98,52.99,0
O106462,C02995,2025-07-04,Home & Kitchen,East,1,81.53,0.3,57.07,44.84,0
O100481,C00231,2025-07-04,Electronics,South,1,219.96,0.1,197.96,158.37,0
O100766,C00360,2025-07-04,Home & Kitchen,East,2,161.09,0.2,257.74,177.2,0
O100099,C00050,2025-07-04,Fashion,North,2,114.52,0.1,206.14,103.07,0
O111054,C05145,2025-07-04,Fashion,East,3,100.62,0.3,211.3,135.84,0
O112011,C05592,2025-07-04,Sports,North,1,67.43,0.2,53.94,39.11,0
O108790,C04083,2025-07-04,Electronics,East,2,250.82,0.15,426.39,361.18,0
O107206,C03350,2025-07-04,Beauty,East,2,30.54,0.0,61.08,24.43,1
O104304,C01992,2025-07-04,Home & Kitchen,West,2,120.21,0.0,240.42,132.23,0
O111792,C05492,2025-07-04,Electronics,West,2,403.82,0.0,807.64,581.5,1
O108402,C03907,2025-07-05,Sports,East,2,53.35,0.0,106.7,61.89,0
O101031,C00476,2025-07-05,Books,South,3,28.86,0.1,77.92,43.29,0
O106405,C02967,2025-07-05,Fashion,East,3,50.43,0.15,128.6,68.08,0
O101751,C00815,2025-07-05,Books,South,2,20.23,0.2,32.37,20.23,0
O111342,C05287,2025-07-05,Fashion,South,1,89.36,0.0,89.36,40.21,0
O110752,C05005,2025-07-05,Beauty,East,2,52.57,0.3,73.6,42.06,0
O108455,C03934,2025-07-05,Home & Kitchen,East,1,93.97,0.1,84.57,51.68,0
O110641,C04953,2025-07-05,Books,West,3,15.95,0.0,47.85,23.92,0
O101581,C00734,2025-07-05,Sports,East,2,138.65,0.0,277.3,160.83,0
O104228,C01956,2025-07-05,Fashion,North,1,74.75,0.0,74.75,33.64,0
O109371,C04349,2025-07-06,Fashion,North,1,132.37,0.0,132.37,59.57,0
O101875,C00875,2025-07-06,Beauty,West,1,50.89,0.1,45.8,20.36,0
O101961,C00911,2025-07-06,Sports,East,1,114.37,0.15,97.21,66.33,0
O102873,C01339,2025-07-06,Home & Kitchen,East,1,131.56,0.2,105.25,72.36,0
O102061,C00955,2025-07-06,Fashion,North,1,44.02,0.2,35.22,19.81,0
O105436,C02503,2025-07-06,Electronics,North,1,219.41,0.0,219.41,157.98,0
O112328,C05723,2025-07-06,Books,East,3,8.86,0.0,26.58,13.29,0
O100798,C00372,2025-07-06,Sports,North,3,101.2,0.1,273.24,176.09,0
O103039,C01416,2025-07-06,Home & Kitchen,East,2,50.16,0.15,85.27,55.18,1
O112613,C05855,2025-07-06,Beauty,East,2,38.52,0.0,77.04,30.82,0
O104794,C02212,2025-07-06,Sports,North,2,215.67,0.15,366.64,250.18,0
O106406,C02967,2025-07-06,Beauty,East,2,50.01,0.0,100.02,40.01,0
O105671,C02619,2025-07-06,Fashion,East,1,88.1,0.05,83.69,39.64,0
O111269,C05253,2025-07-06,Books,East,1,30.31,0.0,30.31,15.16,0
O109930,C04614,2025-07-06,Fashion,South,1,76.19,0.3,53.33,34.29,0
O100794,C00370,2025-07-06,Books,South,1,31.88,0.0,31.88,15.94,0
O112035,C05600,2025-07-06,Fashion,South,2,59.53,0.0,119.06,53.58,0
O111128,C05178,2025-07-06,Beauty,East,1,63.3,0.0,63.3,25.32,0
O103366,C01558,2025-07-06,Beauty,East,1,22.75,0.0,22.75,9.1,0
O101329,C00613,2025-07-06,Sports,East,1,222.93,0.0,222.93,129.3,0
O106152,C02843,2025-07-07,Electronics,North,1,208.59,0.1,187.73,150.18,0
O108826,C04103,2025-07-07,Books,East,3,10.12,0.3,21.25,15.18,0
O108546,C03974,2025-07-07,Home & Kitchen,West,2,143.79,0.2,230.06,158.17,0
O110532,C04898,2025-07-07,Books,North,1,34.14,0.0,34.14,17.07,0
O101735,C00806,2025-07-07,Home & Kitchen,North,1,93.49,0.05,88.82,51.42,0
O108722,C04053,2025-07-07,Sports,South,2,95.28,0.0,190.56,110.52,0
O104388,C02026,2025-07-07,Fashion,East,3,60.11,0.0,180.33,81.15,0
O112737,C05915,2025-07-07,Fashion,South,1,111.73,0.15,94.97,50.28,0
O101103,C00507,2025-07-07,Beauty,South,2,48.24,0.2,77.18,38.59,0
O109867,C04585,2025-07-07,Electronics,East,1,347.56,0.1,312.8,250.24,0
O106415,C02970,2025-07-07,Fashion,East,1,42.31,0.0,42.31,19.04,0
O100842,C00395,2025-07-07,Electronics,East,2,574.58,0.0,1149.16,827.4,0
O106304,C02922,2025-07-07,Electronics,North,1,354.94,0.05,337.19,255.56,1
O110553,C04908,2025-07-07,Fashion,West,2,54.12,0.0,108.24,48.71,0
O106632,C03074,2025-07-07,Home & Kitchen,North,1,70.08,0.0,70.08,38.54,0
O111780,C05488,2025-07-07,Fashion,North,1,132.42,0.2,105.94,59.59,0
O103937,C01814,2025-07-07,Home & Kitchen,West,2,171.65,0.0,343.3,188.82,1
O103189,C01482,2025-07-07,Electronics,East,1,309.29,0.0,309.29,222.69,0
O111480,C05355,2025-07-07,Beauty,East,3,44.68,0.1,120.64,53.62,0
O106094,C02817,2025-07-07,Electronics,South,1,178.97,0.1,161.07,128.86,0
O100253,C00121,2025-07-08,Fashion,North,1,71.6,0.0,71.6,32.22,0
O100263,C00128,2025-07-08,Beauty,North,2,66.7,0.0,133.4,53.36,0
O107936,C03699,2025-07-08,Beauty,East,2,67.81,0.05,128.84,54.25,0
O111599,C05405,2025-07-08,Fashion,West,3,65.34,0.0,196.02,88.21,0
O107771,C03627,2025-07-08,Books,East,2,26.44,0.05,50.24,26.44,0
O106874,C03187,2025-07-08,Fashion,East,1,61.82,0.1,55.64,27.82,0
O104515,C02087,2025-07-08,Electronics,East,1,143.1,0.1,128.79,103.03,0
O101738,C00807,2025-07-08,Electronics,East,1,524.36,0.3,367.05,377.54,0
O112890,C05982,2025-07-08,Sports,East,1,76.09,0.1,68.48,44.13,0
O111133,C05182,2025-07-08,Sports,East,1,129.55,0.05,123.07,75.14,0
O109014,C04192,2025-07-08,Home & Kitchen,North,1,158.99,0.1,143.09,87.44,0
O106389,C02959,2025-07-08,Home & Kitchen,East,2,137.49,0.15,233.73,151.24,0
O109925,C04613,2025-07-08,Books,East,1,13.75,0.0,13.75,6.88,0
O104540,C02096,2025-07-08,Sports,East,1,219.83,0.0,219.83,127.5,0
O104966,C02294,2025-07-08,Home & Kitchen,East,1,107.76,0.0,107.76,59.27,0
O101202,C00559,2025-07-08,Fashion,East,1,47.14,0.3,33.0,21.21,0
O108868,C04125,2025-07-08,Sports,South,2,185.22,0.0,370.44,214.86,0
O103161,C01469,2025-07-08,Fashion,West,1,94.68,0.0,94.68,42.61,0
O109255,C04298,2025-07-08,Electronics,North,2,595.61,0.2,952.98,857.68,0
O102585,C01204,2025-07-08,Electronics,East,2,361.58,0.0,723.16,520.68,0
O103048,C01420,2025-07-09,Home & Kitchen,East,1,90.42,0.0,90.42,49.73,0
O109084,C04225,2025-07-09,Home & Kitchen,East,1,100.8,0.0,100.8,55.44,0
O106812,C03159,2025-07-09,Sports,North,1,46.26,0.0,46.26,26.83,0
O108193,C03812,2025-07-09,Home & Kitchen,South,2,153.85,0.15,261.54,169.24,0
O101314,C00603,2025-07-09,Home & Kitchen,East,1,29.29,0.0,29.29,16.11,0
O101792,C00836,2025-07-09,Beauty,South,1,33.38,0.0,33.38,13.35,0
O102827,C01313,2025-07-09,Beauty,North,3,22.24,0.0,66.72,26.69,0
O101492,C00690,2025-07-09,Home & Kitchen,South,1,61.61,0.1,55.45,33.89,0
O107351,C03422,2025-07-09,Beauty,East,1,65.1,0.0,65.1,26.04,0
O105312,C02447,2025-07-09,Home & Kitchen,West,1,143.88,0.0,143.88,79.13,0
O108867,C04124,2025-07-09,Sports,West,3,33.53,0.0,100.59,58.34,0
O105643,C02606,2025-07-09,Home & Kitchen,East,3,44.22,0.1,119.39,72.96,0
O100965,C00445,2025-07-09,Beauty,West,3,54.27,0.1,146.53,65.12,1
O111576,C05395,2025-07-09,Sports,North,1,201.59,0.15,171.35,116.92,1
O105659,C02614,2025-07-09,Electronics,East,2,234.93,0.0,469.86,338.3,0
O112248,C05687,2025-07-09,Electronics,East,2,228.84,0.05,434.8,329.53,0
O101115,C00512,2025-07-09,Electronics,East,1,357.93,0.0,357.93,257.71,0
O110290,C04782,2025-07-10,Books,South,1,23.82,0.05,22.63,11.91,0
O111139,C05185,2025-07-10,Sports,South,1,241.78,0.05,229.69,140.23,0
O100179,C00089,2025-07-10,Beauty,East,1,26.38,0.0,26.38,10.55,0
O105200,C02403,2025-07-10,Home & Kitchen,South,1,103.57,0.0,103.57,56.96,0
O108271,C03847,2025-07-10,Home & Kitchen,North,1,174.84,0.1,157.36,96.16,0
O103284,C01522,2025-07-10,Home & Kitchen,South,1,36.92,0.2,29.54,20.31,0
O110363,C04813,2025-07-10,Fashion,East,1,118.14,0.1,106.33,53.16,1
O112502,C05802,2025-07-10,Sports,South,3,246.12,0.0,738.36,428.25,0
O111902,C05541,2025-07-10,Beauty,North,1,20.75,0.0,20.75,8.3,0
O101559,C00725,2025-07-10,Sports,West,1,160.8,0.0,160.8,93.26,0
O105820,C02689,2025-07-10,Beauty,East,1,49.63,0.2,39.7,19.85,0
O110344,C04804,2025-07-10,Home & Kitchen,South,1,169.21,0.2,135.37,93.07,0
O102601,C01211,2025-07-10,Electronics,East,1,482.34,0.0,482.34,347.28,0
O108650,C04025,2025-07-11,Electronics,North,1,371.22,0.2,296.98,267.28,0
O107301,C03397,2025-07-11,Electronics,East,3,524.87,0.05,1495.88,1133.72,0
O111929,C05554,2025-07-11,Beauty,East,2,17.25,0.2,27.6,13.8,0
O106753,C03130,2025-07-11,Fashion,North,3,100.7,0.0,302.1,135.95,1
O105995,C02774,2025-07-11,Electronics,East,1,364.69,0.0,364.69,262.58,0
O106773,C03138,2025-07-11,Books,North,3,38.5,0.0,115.5,57.75,0
O101701,C00789,2025-07-11,Sports,South,1,76.67,0.0,76.67,44.47,0
O111892,C05536,2025-07-11,Fashion,North,1,50.77,0.05,48.23,22.85,0
O107474,C03480,2025-07-11,Fashion,South,1,22.6,0.2,18.08,10.17,1
O108562,C03981,2025-07-11,Home & Kitchen,West,3,28.14,0.0,84.42,46.43,0
O103487,C01611,2025-07-11,Fashion,West,1,105.89,0.0,105.89,47.65,0
O110903,C05074,2025-07-11,Home & Kitchen,South,2,103.9,0.0,207.8,114.29,0
O106534,C03031,2025-07-11,Beauty,South,2,24.96,0.0,49.92,19.97,0
O109906,C04604,2025-07-11,Beauty,East,1,45.92,0.0,45.92,18.37,0
O106522,C03025,2025-07-11,Home & Kitchen,West,2,42.57,0.05,80.88,46.83,0
O112101,C05626,2025-07-11,Sports,North,3,246.29,0.3,517.21,428.54,0
O109091,C04229,2025-07-11,Fashion,North,2,56.65,0.0,113.3,50.98,1
O109233,C04289,2025-07-11,Fashion,East,2,107.25,0.05,203.77,96.52,1
O103412,C01580,2025-07-11,Beauty,North,1,15.27,0.0,15.27,6.11,0
O100201,C00099,2025-07-11,Beauty,North,1,37.62,0.0,37.62,15.05,0
O112433,C05770,2025-07-11,Fashion,North,1,44.0,0.3,30.8,19.8,0
O107086,C03290,2025-07-11,Beauty,West,3,11.67,0.0,35.01,14.0,0
O108964,C04170,2025-07-11,Beauty,North,2,54.37,0.0,108.74,43.5,0
O101612,C00746,2025-07-11,Books,East,2,20.87,0.0,41.74,20.87,0
O101847,C00864,2025-07-11,Sports,South,2,151.97,0.2,243.15,176.29,0
O105718,C02645,2025-07-11,Fashion,East,2,139.14,0.0,278.28,125.23,0
O102284,C01058,2025-07-12,Home & Kitchen,West,3,114.06,0.0,342.18,188.2,0
O108922,C04150,2025-07-12,Beauty,East,3,51.36,0.0,154.08,61.63,0
O104274,C01980,2025-07-12,Home & Kitchen,West,1,106.27,0.0,106.27,58.45,0
O101047,C00484,2025-07-12,Beauty,East,1,35.3,0.0,35.3,14.12,0
O112249,C05687,2025-07-12,Fashion,East,1,37.64,0.0,37.64,16.94,0
O106481,C03002,2025-07-12,Books,North,1,38.52,0.15,32.74,19.26,1
O108162,C03796,2025-07-12,Books,East,2,31.89,0.0,63.78,31.89,0
O111517,C05371,2025-07-12,Home & Kitchen,South,1,66.23,0.1,59.61,36.43,0
O112579,C05841,2025-07-12,Beauty,North,2,52.64,0.0,105.28,42.11,0
O108310,C03862,2025-07-12,Home & Kitchen,West,2,154.26,0.05,293.09,169.69,0
O111256,C05246,2025-07-12,Fashion,North,1,82.97,0.0,82.97,37.34,0
O107484,C03483,2025-07-12,Electronics,West,3,149.53,0.0,448.59,322.98,0
O102441,C01135,2025-07-12,Electronics,East,2,481.56,0.0,963.12,693.45,0
O102314,C01072,2025-07-13,Sports,East,1,229.68,0.0,229.68,133.21,0
O110685,C04974,2025-07-13,Books,North,3,18.26,0.05,52.04,27.39,0
O105769,C02666,2025-07-13,Fashion,East,2,128.83,0.0,257.66,115.95,0
O111657,C05433,2025-07-13,Fashion,West,1,31.48,0.0,31.48,14.17,0
O111196,C05217,2025-07-13,Fashion,West,3,105.69,0.0,317.07,142.68,0
O111475,C05352,2025-07-13,Fashion,West,1,32.14,0.0,32.14,14.46,0
O110245,C04760,2025-07-13,Fashion,East,2,123.5,0.0,247.0,111.15,0
O105268,C02428,2025-07-13,Fashion,West,3,123.65,0.2,296.76,166.93,0
O104141,C01914,2025-07-13,Home & Kitchen,West,2,155.67,0.0,311.34,171.24,0
O104870,C02247,2025-07-13,Fashion,East,3,40.29,0.0,120.87,54.39,1
O106449,C02988,2025-07-13,Sports,South,1,187.4,0.05,178.03,108.69,0
O108644,C04023,2025-07-13,Sports,South,1,177.03,0.0,177.03,102.68,0
O111801,C05495,2025-07-13,Fashion,East,1,108.16,0.15,91.94,48.67,0
O107339,C03417,2025-07-13,Electronics,South,1,499.29,0.1,449.36,359.49,0
O100283,C00135,2025-07-13,Electronics,East,2,199.17,0.05,378.42,286.8,0
O109281,C04308,2025-07-13,Electronics,East,1,134.5,0.2,107.6,96.84,0
O101311,C00602,2025-07-13,Home & Kitchen,North,1,147.0,0.0,147.0,80.85,0
O103645,C01680,2025-07-13,Fashion,West,2,111.89,0.1,201.4,100.7,0
O100033,C00016,2025-07-13,Electronics,East,2,558.0,0.1,1004.4,803.52,0
O107365,C03429,2025-07-13,Sports,South,2,84.2,0.0,168.4,97.67,0
O107299,C03396,2025-07-13,Sports,East,2,118.72,0.0,237.44,137.72,0
O109711,C04504,2025-07-13,Electronics,South,2,129.95,0.1,233.91,187.13,1
O106588,C03055,2025-07-13,Beauty,North,2,58.02,0.0,116.04,46.42,0
O107138,C03314,2025-07-13,Electronics,North,1,428.76,0.0,428.76,308.71,0
O103751,C01726,2025-07-13,Beauty,South,2,14.61,0.15,24.84,11.69,0
O106954,C03229,2025-07-13,Home & Kitchen,South,1,127.81,0.0,127.81,70.3,0
O100885,C00413,2025-07-14,Electronics,East,2,494.43,0.0,988.86,711.98,0
O109377,C04351,2025-07-14,Electronics,North,2,573.03,0.3,802.24,825.16,1
O100698,C00331,2025-07-14,Sports,West,2,156.33,0.0,312.66,181.34,0
O103673,C01691,2025-07-14,Books,South,2,13.31,0.0,26.62,13.31,0
O103614,C01665,2025-07-14,Home & Kitchen,East,2,138.6,0.0,277.2,152.46,0
O100436,C00213,2025-07-14,Fashion,East,2,35.16,0.0,70.32,31.64,0
O102673,C01242,2025-07-14,Beauty,West,1,11.23,0.0,11.23,4.49,0
O102938,C01370,2025-07-14,Fashion,South,1,107.64,0.05,102.26,48.44,0
O101549,C00718,2025-07-14,Home & Kitchen,West,1,56.88,0.0,56.88,31.28,0
O112851,C05965,2025-07-14,Home & Kitchen,South,1,174.87,0.0,174.87,96.18,0
O100056,C00025,2025-07-14,Home & Kitchen,South,1,157.36,0.05,149.49,86.55,0
O101843,C00860,2025-07-14,Electronics,North,1,451.56,0.0,451.56,325.12,0
O107886,C03682,2025-07-14,Fashion,West,2,34.83,0.15,59.21,31.35,0
O105021,C02318,2025-07-14,Electronics,West,1,166.92,0.1,150.23,120.18,0
O101396,C00639,2025-07-14,Books,West,3,10.79,0.0,32.37,16.18,0
O105843,C02702,2025-07-14,Books,North,3,14.0,0.0,42.0,21.0,0
O109483,C04400,2025-07-14,Beauty,East,3,61.89,0.15,157.82,74.27,0
O104449,C02058,2025-07-14,Home & Kitchen,East,3,127.26,0.05,362.69,209.98,0
O105274,C02430,2025-07-14,Fashion,East,3,50.23,0.0,150.69,67.81,0
O103095,C01441,2025-07-14,Books,North,1,28.42,0.0,28.42,14.21,0
O106664,C03090,2025-07-14,Home & Kitchen,East,1,127.78,0.2,102.22,70.28,0
O107099,C03296,2025-07-14,Fashion,East,2,62.96,0.05,119.62,56.66,0
O112425,C05767,2025-07-14,Fashion,East,3,132.55,0.1,357.89,178.94,0
O109622,C04460,2025-07-14,Home & Kitchen,East,2,122.73,0.0,245.46,135.0,0
O109203,C04276,2025-07-14,Home & Kitchen,East,1,73.06,0.0,73.06,40.18,0
O107673,C03583,2025-07-14,Electronics,East,2,146.66,0.05,278.65,211.19,0
O106180,C02858,2025-07-14,Fashion,East,1,120.31,0.2,96.25,54.14,0
O100136,C00071,2025-07-15,Fashion,North,2,48.23,0.0,96.46,43.41,0
O106947,C03224,2025-07-15,Fashion,North,2,92.4,0.0,184.8,83.16,0
O100230,C00111,2025-07-15,Fashion,South,3,63.45,0.0,190.35,85.66,0
O106269,C02902,2025-07-15,Books,North,1,36.97,0.0,36.97,18.48,0
O102948,C01373,2025-07-15,Fashion,East,1,101.84,0.0,101.84,45.83,0
O104348,C02010,2025-07-15,Fashion,South,1,72.32,0.0,72.32,32.54,0
O106218,C02877,2025-07-15,Beauty,East,2,28.1,0.05,53.39,22.48,0
O111497,C05363,2025-07-15,Fashion,South,1,132.65,0.0,132.65,59.69,0
O107681,C03585,2025-07-15,Fashion,South,1,125.18,0.0,125.18,56.33,0
O106945,C03223,2025-07-15,Books,East,1,24.48,0.1,22.03,12.24,0
O101289,C00591,2025-07-15,Home & Kitchen,West,1,59.29,0.2,47.43,32.61,1
O100540,C00261,2025-07-15,Sports,North,2,145.25,0.0,290.5,168.49,0
O103141,C01461,2025-07-15,Beauty,South,1,28.35,0.1,25.52,11.34,0
O103223,C01498,2025-07-15,Fashion,South,1,58.26,0.15,49.52,26.22,1
O111434,C05329,2025-07-15,Fashion,West,1,81.84,0.0,81.84,36.83,0
O110534,C04899,2025-07-15,Home & Kitchen,West,1,175.66,0.05,166.88,96.61,0
O111642,C05425,2025-07-15,Sports,South,1,65.48,0.0,65.48,37.98,0
O108792,C04084,2025-07-15,Sports,North,1,214.68,0.0,214.68,124.51,0
O110697,C04980,2025-07-15,Electronics,South,1,562.0,0.0,562.0,404.64,0
O101495,C00692,2025-07-15,Fashion,East,3,73.78,0.0,221.34,99.6,0
O106703,C03105,2025-07-15,Home & Kitchen,South,2,112.39,0.0,224.78,123.63,0
O110454,C04856,2025-07-15,Books,East,1,12.66,0.1,11.39,6.33,0
O112099,C05625,2025-07-15,Beauty,South,1,69.94,0.0,69.94,27.98,0
O105523,C02547,2025-07-15,Fashion,West,2,128.47,0.2,205.55,115.62,0
O111175,C05205,2025-07-16,Electronics,South,2,139.59,0.05,265.22,201.01,0
O108414,C03915,2025-07-16,Fashion,East,2,73.94,0.0,147.88,66.55,0
O109372,C04349,2025-07-16,Fashion,North,1,96.45,0.0,96.45,43.4,0
O102263,C01046,2025-07-16,Fashion,North,1,45.55,0.0,45.55,20.5,0
O110346,C04805,2025-07-16,Electronics,North,3,434.41,0.0,1303.23,938.33,0
O106130,C02833,2025-07-16,Sports,South,3,199.82,0.3,419.62,347.69,0
O100599,C00290,2025-07-16,Fashion,South,1,44.18,0.0,44.18,19.88,0
O101616,C00747,2025-07-16,Sports,North,1,49.06,0.0,49.06,28.45,0
O103036,C01414,2025-07-16,Fashion,North,1,103.61,0.0,103.61,46.62,0
O111947,C05563,2025-07-16,Books,West,1,8.5,0.15,7.22,4.25,0
O103763,C01731,2025-07-16,Home & Kitchen,South,1,78.73,0.1,70.86,43.3,0
O108307,C03861,2025-07-16,Books,North,2,24.61,0.0,49.22,24.61,0
O106886,C03193,2025-07-16,Beauty,North,1,37.62,0.1,33.86,15.05,0
O107038,C03268,2025-07-16,Books,West,2,23.99,0.0,47.98,23.99,0
O110774,C05015,2025-07-16,Home & Kitchen,North,1,53.84,0.05,51.15,29.61,0
O104287,C01986,2025-07-16,Home & Kitchen,South,1,37.56,0.0,37.56,20.66,0
O109939,C04618,2025-07-16,Fashion,East,3,126.73,0.05,361.18,171.09,0
O101653,C00766,2025-07-16,Beauty,East,2,69.91,0.0,139.82,55.93,0
O106228,C02882,2025-07-16,Sports,North,1,55.5,0.0,55.5,32.19,0
O110783,C05019,2025-07-17,Fashion,South,1,129.08,0.0,129.08,58.09,0
O100534,C00257,2025-07-17,Electronics,North,1,273.19,0.3,191.23,196.7,1
O107242,C03369,2025-07-17,Electronics,East,1,183.95,0.15,156.36,132.44,0
O105506,C02537,2025-07-17,Books,South,3,39.36,0.0,118.08,59.04,0
O108207,C03818,2025-07-17,Fashion,North,2,20.82,0.0,41.64,18.74,0
O101428,C00654,2025-07-17,Home & Kitchen,North,1,80.88,0.1,72.79,44.48,0
O107110,C03300,2025-07-17,Fashion,West,3,89.05,0.0,267.15,120.22,0
O108569,C03984,2025-07-17,Home & Kitchen,East,1,94.24,0.0,94.24,51.83,0
O102574,C01199,2025-07-17,Electronics,North,2,576.17,0.0,1152.34,829.68,0
O100232,C00112,2025-07-17,Sports,North,1,119.65,0.0,119.65,69.4,0
O100284,C00135,2025-07-17,Sports,East,3,136.69,0.05,389.57,237.84,0
O101537,C00711,2025-07-17,Electronics,West,1,523.69,0.0,523.69,377.06,0
O102446,C01137,2025-07-17,Home & Kitchen,East,1,33.45,0.0,33.45,18.4,0
O106476,C03001,2025-07-17,Electronics,South,1,259.26,0.1,233.33,186.67,0
O109282,C04309,2025-07-17,Home & Kitchen,North,2,55.16,0.0,110.32,60.68,0
O107876,C03679,2025-07-17,Home & Kitchen,North,1,124.55,0.0,124.55,68.5,0
O109736,C04516,2025-07-18,Fashion,East,1,22.57,0.0,22.57,10.16,0
O110436,C04846,2025-07-18,Home & Kitchen,North,3,60.25,0.0,180.75,99.41,0
O108483,C03948,2025-07-18,Books,East,1,12.94,0.0,12.94,6.47,0
O108768,C04072,2025-07-18,Beauty,North,1,11.04,0.1,9.94,4.42,0
O104602,C02124,2025-07-18,Fashion,East,2,67.0,0.0,134.0,60.3,1
O106232,C02883,2025-07-18,Home & Kitchen,East,1,166.17,0.15,141.24,91.39,0
O104778,C02206,2025-07-18,Home & Kitchen,North,2,60.56,0.0,121.12,66.62,0
O105887,C02725,2025-07-18,Electronics,West,1,333.64,0.0,333.64,240.22,0
O100839,C00393,2025-07-18,Beauty,West,1,16.3,0.3,11.41,6.52,0
O112752,C05922,2025-07-18,Books,East,2,26.39,0.0,52.78,26.39,0
O111699,C05454,2025-07-18,Fashion,West,1,112.23,0.0,112.23,50.5,0
O105725,C02648,2025-07-18,Electronics,North,2,316.74,0.1,570.13,456.11,0
O102141,C00990,2025-07-18,Fashion,West,1,86.2,0.0,86.2,38.79,1
O108526,C03967,2025-07-18,Home & Kitchen,East,1,140.23,0.0,140.23,77.13,0
O103072,C01430,2025-07-18,Home & Kitchen,North,1,61.5,0.2,49.2,33.83,0
O111934,C05555,2025-07-18,Home & Kitchen,East,3,127.12,0.0,381.36,209.75,0
O100722,C00342,2025-07-18,Home & Kitchen,West,1,157.62,0.0,157.62,86.69,0
O111571,C05393,2025-07-18,Beauty,South,1,68.84,0.15,58.51,27.54,0
O110233,C04753,2025-07-18,Fashion,West,2,57.3,0.0,114.6,51.57,0
O111193,C05215,2025-07-18,Home & Kitchen,North,2,128.94,0.05,244.99,141.83,0
O112780,C05934,2025-07-18,Home & Kitchen,West,2,170.85,0.0,341.7,187.94,0
O106804,C03154,2025-07-18,Sports,South,1,241.44,0.0,241.44,140.04,0
O105780,C02671,2025-07-18,Fashion,East,2,91.44,0.0,182.88,82.3,0
O101020,C00471,2025-07-18,Home & Kitchen,South,2,52.45,0.1,94.41,57.7,1
O102332,C01079,2025-07-19,Electronics,North,2,572.1,0.15,972.57,823.82,1
O108043,C03742,2025-07-19,Sports,South,1,206.13,0.0,206.13,119.56,0
O107276,C03385,2025-07-19,Home & Kitchen,North,1,92.83,0.0,92.83,51.06,1
O109788,C04544,2025-07-19,Home & Kitchen,West,1,125.33,0.0,125.33,68.93,1
O105197,C02402,2025-07-19,Sports,North,1,150.02,0.0,150.02,87.01,0
O105821,C02689,2025-07-19,Beauty,East,2,18.76,0.05,35.64,15.01,0
O100514,C00249,2025-07-19,Beauty,West,1,27.64,0.0,27.64,11.06,0
O109777,C04538,2025-07-19,Books,West,2,29.01,0.0,58.02,29.01,0
O110399,C04831,2025-07-19,Home & Kitchen,West,1,152.03,0.0,152.03,83.62,0
O100506,C00244,2025-07-19,Sports,South,1,80.87,0.3,56.61,46.9,0
O105570,C02571,2025-07-19,Home & Kitchen,North,2,88.51,0.0,177.02,97.36,0
O105637,C02603,2025-07-19,Home & Kitchen,West,2,103.83,0.1,186.89,114.21,0
O106341,C02934,2025-07-19,Home & Kitchen,North,2,109.88,0.0,219.76,120.87,0
O108547,C03974,2025-07-19,Electronics,West,2,351.13,0.0,702.26,505.63,0
O110418,C04841,2025-07-19,Electronics,West,1,565.43,0.0,565.43,407.11,0
O108338,C03876,2025-07-19,Sports,East,1,210.97,0.0,210.97,122.36,0
O102785,C01296,2025-07-19,Electronics,South,1,409.75,0.0,409.75,295.02,1
O100728,C00344,2025-07-19,Electronics,North,2,318.9,0.1,574.02,459.22,0
O101952,C00906,2025-07-19,Home & Kitchen,East,1,63.74,0.0,63.74,35.06,0
O105984,C02767,2025-07-19,Fashion,South,2,57.04,0.0,114.08,51.34,0
O102865,C01334,2025-07-19,Home & Kitchen,South,1,31.84,0.0,31.84,17.51,0
O102603,C01212,2025-07-19,Electronics,South,1,225.43,0.15,191.62,162.31,1
O112016,C05593,2025-07-19,Electronics,West,1,236.38,0.1,212.74,170.19,1
O104329,C02005,2025-07-19,Beauty,North,2,55.36,0.0,110.72,44.29,0
O107719,C03602,2025-07-19,Fashion,North,1,44.85,0.0,44.85,20.18,0
O104739,C02192,2025-07-19,Home & Kitchen,East,1,91.01,0.0,91.01,50.06,0
O111240,C05237,2025-07-19,Home & Kitchen,West,1,32.93,0.15,27.99,18.11,0
O103073,C01430,2025-07-19,Electronics,North,1,253.37,0.05,240.7,182.43,0
O108176,C03803,2025-07-19,Fashion,South,2,70.82,0.05,134.56,63.74,0
O103057,C01424,2025-07-20,Fashion,North,1,27.63,0.1,24.87,12.43,1
O103938,C01814,2025-07-20,Fashion,West,1,31.73,0.2,25.38,14.28,0
O103407,C01578,2025-07-20,Electronics,North,1,152.38,0.0,152.38,109.71,0
O104970,C02296,2025-07-20,Electronics,East,1,376.0,0.05,357.2,270.72,0
O112030,C05598,2025-07-20,Fashion,East,3,98.58,0.1,266.17,133.08,0
O111818,C05504,2025-07-20,Home & Kitchen,East,2,137.13,0.2,219.41,150.84,1
O103526,C01628,2025-07-20,Books,South,1,12.39,0.2,9.91,6.2,1
O101214,C00563,2025-07-20,Home & Kitchen,West,1,117.46,0.0,117.46,64.6,0
O112652,C05871,2025-07-20,Books,East,1,30.27,0.0,30.27,15.14,0
O103721,C01712,2025-07-20,Books,North,3,12.0,0.3,25.2,18.0,0
O101158,C00536,2025-07-20,Fashion,East,1,121.66,0.05,115.58,54.75,0
O100577,C00278,2025-07-20,Fashion,East,3,26.67,0.1,72.01,36.0,0
O108606,C04005,2025-07-20,Beauty,West,1,63.51,0.05,60.33,25.4,0
O100216,C00106,2025-07-20,Books,East,3,23.99,0.2,57.58,35.98,0
O101607,C00745,2025-07-20,Beauty,North,2,50.83,0.0,101.66,40.66,0
O103972,C01829,2025-07-20,Beauty,East,1,14.28,0.3,10.0,5.71,0
O108057,C03752,2025-07-20,Home & Kitchen,North,2,82.24,0.0,164.48,90.46,0
O103800,C01749,2025-07-20,Books,West,1,20.91,0.0,20.91,10.46,0
O112865,C05971,2025-07-20,Sports,West,1,108.33,0.15,92.08,62.83,1
O106327,C02930,2025-07-21,Home & Kitchen,North,1,159.38,0.0,159.38,87.66,0
O109192,C04271,2025-07-21,Books,West,2,14.16,0.05,26.9,14.16,0
O101307,C00599,2025-07-21,Fashion,West,2,85.77,0.0,171.54,77.19,0
O108069,C03756,2025-07-21,Fashion,North,1,33.23,0.2,26.58,14.95,0
O102433,C01133,2025-07-21,Sports,South,2,34.23,0.1,61.61,39.71,0
O109283,C04309,2025-07-21,Fashion,North,3,95.47,0.0,286.41,128.88,1
O112493,C05798,2025-07-21,Books,East,1,39.72,0.05,37.73,19.86,0
O107155,C03326,2025-07-21,Electronics,North,2,505.67,0.3,707.94,728.16,0
O101796,C00837,2025-07-21,Electronics,East,2,523.69,0.15,890.27,754.11,0
O107239,C03367,2025-07-21,Home & Kitchen,South,1,148.7,0.1,133.83,81.78,0
O112221,C05677,2025-07-21,Sports,East,1,205.07,0.0,205.07,118.94,0
O104345,C02009,2025-07-21,Beauty,East,1,46.44,0.1,41.8,18.58,0
O100215,C00105,2025-07-21,Fashion,East,3,38.66,0.2,92.78,52.19,0
O109941,C04619,2025-07-21,Home & Kitchen,East,1,37.6,0.0,37.6,20.68,0
O103359,C01554,2025-07-21,Fashion,East,2,132.24,0.3,185.14,119.02,0
O104308,C01993,2025-07-21,Electronics,East,2,382.46,0.0,764.92,550.74,0
O107499,C03490,2025-07-21,Electronics,West,1,132.76,0.0,132.76,95.59,1
O101021,C00472,2025-07-22,Home & Kitchen,South,2,127.78,0.0,255.56,140.56,0
O106593,C03057,2025-07-22,Fashion,North,2,89.79,0.1,161.62,80.81,0
O110904,C05074,2025-07-22,Sports,South,3,81.51,0.05,232.3,141.83,0
O107674,C03583,2025-07-22,Fashion,East,1,71.47,0.2,57.18,32.16,0
O103664,C01687,2025-07-22,Sports,South,2,55.99,0.0,111.98,64.95,0
O105306,C02444,2025-07-22,Sports,East,2,151.03,0.2,241.65,175.19,0
O112651,C05870,2025-07-22,Home & Kitchen,East,2,77.42,0.0,154.84,85.16,0
O110565,C04915,2025-07-22,Sports,West,2,228.08,0.1,410.54,264.57,0
O106264,C02899,2025-07-22,Books,East,2,30.7,0.0,61.4,30.7,0
O107307,C03400,2025-07-22,Books,West,1,20.9,0.15,17.76,10.45,0
O107536,C03508,2025-07-22,Fashion,North,1,78.6,0.0,78.6,35.37,0
O106440,C02983,2025-07-22,Fashion,West,3,42.18,0.0,126.54,56.94,0
O111680,C05444,2025-07-22,Home & Kitchen,South,2,80.02,0.0,160.04,88.02,1
O103367,C01558,2025-07-22,Home & Kitchen,East,1,145.58,0.2,116.46,80.07,0
O100148,C00075,2025-07-22,Beauty,West,1,36.76,0.3,25.73,14.7,0
O106852,C03178,2025-07-22,Fashion,South,1,117.35,0.2,93.88,52.81,0
O111911,C05544,2025-07-22,Beauty,West,2,31.67,0.3,44.34,25.34,0
O106056,C02801,2025-07-22,Home & Kitchen,South,2,37.86,0.0,75.72,41.65,1
O105604,C02587,2025-07-22,Fashion,East,3,32.75,0.1,88.42,44.21,0
O112238,C05682,2025-07-22,Books,East,1,20.25,0.0,20.25,10.12,0
O109404,C04362,2025-07-22,Home & Kitchen,East,1,82.02,0.0,82.02,45.11,0
O107291,C03393,2025-07-22,Fashion,South,3,46.58,0.0,139.74,62.88,0
O109747,C04525,2025-07-22,Home & Kitchen,North,2,156.77,0.1,282.19,172.45,0
O105348,C02463,2025-07-22,Beauty,North,1,17.72,0.1,15.95,7.09,0
O106787,C03145,2025-07-22,Books,East,1,23.83,0.15,20.26,11.92,0
O103558,C01641,2025-07-23,Sports,North,2,98.24,0.0,196.48,113.96,0
O104946,C02284,2025-07-23,Home & Kitchen,South,2,177.31,0.05,336.89,195.04,0
O105240,C02417,2025-07-23,Home & Kitchen,North,2,166.19,0.1,299.14,182.81,0
O102629,C01221,2025-07-23,Fashion,North,2,80.78,0.0,161.56,72.7,0
O104674,C02159,2025-07-23,Home & Kitchen,South,1,118.53,0.15,100.75,65.19,0
O108137,C03786,2025-07-23,Sports,East,1,31.36,0.0,31.36,18.19,0
O107150,C03323,2025-07-23,Books,West,2,13.85,0.0,27.7,13.85,0
O107271,C03382,2025-07-23,Fashion,West,3,25.89,0.0,77.67,34.95,0
O101544,C00716,2025-07-23,Beauty,West,1,59.62,0.0,59.62,23.85,0
O104116,C01901,2025-07-23,Books,South,2,16.98,0.05,32.26,16.98,0
O103158,C01467,2025-07-23,Home & Kitchen,North,1,106.43,0.0,106.43,58.54,0
O102604,C01212,2025-07-23,Electronics,South,3,426.62,0.0,1279.86,921.5,0
O106051,C02799,2025-07-23,Fashion,East,2,31.6,0.0,63.2,28.44,0
O102124,C00982,2025-07-24,Beauty,South,1,22.78,0.0,22.78,9.11,0
O108324,C03868,2025-07-24,Fashion,North,1,80.28,0.15,68.24,36.13,0
O109641,C04467,2025-07-24,Home & Kitchen,North,1,55.38,0.0,55.38,30.46,1
O104887,C02257,2025-07-24,Electronics,East,1,552.7,0.05,525.07,397.94,0
O110579,C04920,2025-07-24,Beauty,South,3,24.07,0.0,72.21,28.88,0
O109277,C04305,2025-07-24,Home & Kitchen,East,2,44.82,0.0,89.64,49.3,0
O109209,C04278,2025-07-24,Home & Kitchen,East,2,26.25,0.1,47.25,28.88,0
O109566,C04437,2025-07-24,Sports,North,1,57.0,0.0,57.0,33.06,0
O112149,C05641,2025-07-24,Beauty,South,1,63.63,0.0,63.63,25.45,0
O108311,C03862,2025-07-24,Home & Kitchen,West,1,122.49,0.0,122.49,67.37,0
O110913,C05079,2025-07-24,Home & Kitchen,West,1,41.38,0.0,41.38,22.76,0
O112180,C05658,2025-07-24,Sports,South,1,195.75,0.0,195.75,113.54,0
O112803,C05944,2025-07-24,Electronics,East,2,598.19,0.0,1196.38,861.39,0
O111384,C05306,2025-07-24,Home & Kitchen,North,1,31.04,0.05,29.49,17.07,0
O111077,C05155,2025-07-24,Electronics,East,2,574.96,0.0,1149.92,827.94,1
O107404,C03448,2025-07-24,Books,South,2,25.98,0.0,51.96,25.98,0
O106939,C03220,2025-07-24,Beauty,South,1,63.92,0.0,63.92,25.57,0
O108265,C03843,2025-07-24,Books,East,1,29.46,0.0,29.46,14.73,0
O105499,C02532,2025-07-24,Fashion,West,1,94.93,0.0,94.93,42.72,0
O100184,C00092,2025-07-24,Books,West,2,38.86,0.0,77.72,38.86,0
O101315,C00603,2025-07-24,Books,East,1,36.6,0.1,32.94,18.3,0
O112072,C05617,2025-07-24,Sports,East,3,91.75,0.0,275.25,159.64,0
O103531,C01629,2025-07-24,Books,North,1,28.45,0.1,25.61,14.22,0
O103065,C01426,2025-07-24,Sports,South,1,108.17,0.0,108.17,62.74,0
O102732,C01275,2025-07-24,Home & Kitchen,North,2,58.44,0.3,81.82,64.28,0
O110090,C04686,2025-07-24,Sports,West,2,79.93,0.0,159.86,92.72,0
O110686,C04975,2025-07-25,Sports,East,2,197.71,0.0,395.42,229.34,0
O101953,C00906,2025-07-25,Home & Kitchen,East,2,116.21,0.0,232.42,127.83,0
O106057,C02801,2025-07-25,Books,South,3,20.82,0.2,49.97,31.23,0
O102807,C01303,2025-07-25,Fashion,West,2,31.04,0.0,62.08,27.94,0
O106917,C03208,2025-07-25,Books,South,1,28.43,0.0,28.43,14.22,0
O101486,C00686,2025-07-25,Books,North,1,26.46,0.0,26.46,13.23,0
O106075,C02809,2025-07-25,Electronics,North,1,416.93,0.1,375.24,300.19,0
O110599,C04932,2025-07-25,Fashion,East,2,78.55,0.1,141.39,70.69,0
O105545,C02557,2025-07-25,Beauty,South,2,56.88,0.15,96.7,45.5,0
O110052,C04669,2025-07-25,Electronics,East,2,385.29,0.05,732.05,554.82,0
O107470,C03478,2025-07-25,Fashion,South,1,117.85,0.0,117.85,53.03,0
O110148,C04712,2025-07-25,Electronics,East,1,523.53,0.0,523.53,376.94,0
O106343,C02935,2025-07-25,Beauty,North,1,24.68,0.2,19.74,9.87,0
O112701,C05896,2025-07-25,Fashion,North,1,85.27,0.2,68.22,38.37,0
O106907,C03203,2025-07-25,Electronics,East,2,273.88,0.0,547.76,394.39,1
O108798,C04086,2025-07-26,Home & Kitchen,East,1,131.22,0.0,131.22,72.17,0
O111144,C05189,2025-07-26,Fashion,East,1,106.3,0.0,106.3,47.84,0
O111387,C05308,2025-07-26,Home & Kitchen,East,2,78.89,0.0,157.78,86.78,0
O104534,C02093,2025-07-26,Books,South,2,8.07,0.0,16.14,8.07,0
O110998,C05121,2025-07-26,Fashion,South,1,103.64,0.05,98.46,46.64,0
O101493,C00690,2025-07-26,Sports,South,1,114.25,0.1,102.83,66.26,0
O106305,C02922,2025-07-26,Fashion,North,2,68.26,0.1,122.87,61.43,0
O105882,C02721,2025-07-26,Home & Kitchen,East,1,62.65,0.0,62.65,34.46,0
O101221,C00564,2025-07-26,Electronics,North,2,398.51,0.05,757.17,573.85,0
O108128,C03782,2025-07-26,Fashion,South,1,103.98,0.0,103.98,46.79,0
O105424,C02497,2025-07-26,Fashion,West,1,79.61,0.2,63.69,35.82,0
O106126,C02832,2025-07-26,Home & Kitchen,South,1,178.27,0.15,151.53,98.05,0
O100924,C00428,2025-07-26,Home & Kitchen,West,1,122.44,0.0,122.44,67.34,0
O104842,C02236,2025-07-26,Home & Kitchen,East,3,142.97,0.2,343.13,235.9,1
O111360,C05296,2025-07-26,Beauty,South,1,57.1,0.05,54.24,22.84,0
O107419,C03455,2025-07-26,Beauty,East,1,54.53,0.05,51.8,21.81,0
O100208,C00103,2025-07-26,Books,West,1,38.3,0.3,26.81,19.15,0
O108783,C04078,2025-07-26,Home & Kitchen,West,1,54.49,0.0,54.49,29.97,0
O100352,C00172,2025-07-27,Electronics,East,2,364.6,0.0,729.2,525.02,0
O108769,C04072,2025-07-27,Fashion,North,1,134.93,0.0,134.93,60.72,0
O102851,C01327,2025-07-27,Fashion,North,1,59.17,0.05,56.21,26.63,0
O108246,C03833,2025-07-27,Beauty,North,1,22.83,0.0,22.83,9.13,0
O111632,C05421,2025-07-27,Fashion,South,1,136.55,0.1,122.9,61.45,0
O110721,C04991,2025-07-27,Books,East,1,34.97,0.0,34.97,17.48,0
O108819,C04099,2025-07-27,Fashion,North,1,136.79,0.2,109.43,61.56,0
O110688,C04976,2025-07-27,Books,West,1,12.65,0.0,12.65,6.32,0
O108671,C04032,2025-07-27,Fashion,North,3,56.43,0.0,169.29,76.18,1
O105464,C02517,2025-07-27,Beauty,North,2,65.42,0.05,124.3,52.34,0
O111439,C05332,2025-07-27,Home & Kitchen,East,3,39.71,0.0,119.13,65.52,0
O106549,C03037,2025-07-27,Sports,West,2,220.68,0.0,441.36,255.99,0
O108129,C03782,2025-07-27,Fashion,South,3,63.28,0.15,161.36,85.43,0
O110355,C04810,2025-07-27,Beauty,North,1,10.37,0.0,10.37,4.15,0
O109040,C04206,2025-07-27,Books,South,2,21.63,0.15,36.77,21.63,0
O112822,C05952,2025-07-27,Fashion,East,2,60.59,0.0,121.18,54.53,1
O112891,C05982,2025-07-27,Books,East,1,23.75,0.05,22.56,11.88,0
O108431,C03924,2025-07-28,Electronics,East,1,532.39,0.2,425.91,383.32,0
O103656,C01684,2025-07-28,Fashion,East,1,46.23,0.05,43.92,20.8,0
O100320,C00158,2025-07-28,Electronics,North,1,345.74,0.0,345.74,248.93,0
O111897,C05539,2025-07-28,Fashion,North,1,59.42,0.0,59.42,26.74,0
O112777,C05933,2025-07-28,Electronics,North,1,195.47,0.0,195.47,140.74,0
O101356,C00621,2025-07-28,Beauty,East,2,49.7,0.1,89.46,39.76,0
O102432,C01132,2025-07-28,Fashion,East,2,128.09,0.05,243.37,115.28,0
O103501,C01617,2025-07-28,Beauty,North,3,67.03,0.0,201.09,80.44,0
O110883,C05066,2025-07-28,Fashion,North,1,35.92,0.05,34.12,16.16,0
O110024,C04658,2025-07-28,Fashion,East,2,52.84,0.0,105.68,47.56,0
O107277,C03385,2025-07-28,Sports,North,1,47.88,0.0,47.88,27.77,0
O108106,C03774,2025-07-28,Books,West,3,21.67,0.0,65.01,32.51,0
O106729,C03115,2025-07-28,Electronics,South,3,438.26,0.0,1314.78,946.64,0
O111787,C05490,2025-07-28,Fashion,East,2,27.05,0.05,51.39,24.35,0
O111603,C05408,2025-07-28,Fashion,East,1,38.34,0.1,34.51,17.25,0
O112295,C05706,2025-07-28,Books,South,3,11.08,0.0,33.24,16.62,0
O102691,C01254,2025-07-28,Sports,East,1,176.1,0.0,176.1,102.14,0
O106492,C03009,2025-07-28,Beauty,East,3,38.18,0.0,114.54,45.82,0
O102657,C01234,2025-07-28,Home & Kitchen,East,3,134.51,0.1,363.18,221.94,0
O102701,C01260,2025-07-28,Electronics,North,2,240.01,0.2,384.02,345.61,1
O104624,C02134,2025-07-28,Electronics,South,2,490.48,0.0,980.96,706.29,0
O105461,C02516,2025-07-28,Home & Kitchen,West,1,170.94,0.2,136.75,94.02,0
O111019,C05129,2025-07-28,Fashion,East,2,77.91,0.0,155.82,70.12,0
O103772,C01736,2025-07-28,Fashion,East,3,63.48,0.1,171.4,85.7,1
O104632,C02136,2025-07-28,Fashion,East,1,82.89,0.0,82.89,37.3,0
O102749,C01284,2025-07-28,Fashion,North,3,59.58,0.05,169.8,80.43,0
O110234,C04753,2025-07-29,Beauty,West,1,25.64,0.1,23.08,10.26,0
O112726,C05909,2025-07-29,Beauty,South,3,55.92,0.05,159.37,67.1,0
O112549,C05828,2025-07-29,Books,West,2,30.6,0.0,61.2,30.6,0
O106913,C03206,2025-07-29,Books,East,2,23.42,0.0,46.84,23.42,0
O100600,C00291,2025-07-29,Fashion,South,2,97.91,0.0,195.82,88.12,1
O109474,C04395,2025-07-29,Books,West,3,8.29,0.2,19.9,12.43,0
O112169,C05653,2025-07-29,Fashion,West,1,83.36,0.0,83.36,37.51,0
O107635,C03564,2025-07-29,Beauty,West,1,66.87,0.0,66.87,26.75,0
O108533,C03969,2025-07-29,Fashion,East,3,36.07,0.0,108.21,48.69,1
O100062,C00028,2025-07-29,Sports,West,2,175.95,0.2,281.52,204.1,0
O103752,C01726,2025-07-29,Fashion,South,1,108.82,0.0,108.82,48.97,0
O104305,C01992,2025-07-29,Fashion,West,2,91.68,0.0,183.36,82.51,0
O101186,C00551,2025-07-29,Home & Kitchen,West,3,81.56,0.1,220.21,134.57,0
O109463,C04392,2025-07-29,Electronics,North,3,275.17,0.05,784.23,594.37,0
O104793,C02211,2025-07-29,Beauty,South,1,41.15,0.2,32.92,16.46,1
O102181,C01012,2025-07-29,Sports,North,2,143.49,0.0,286.98,166.45,0
O101345,C00618,2025-07-29,Sports,North,2,232.84,0.1,419.11,270.09,0
O106493,C03010,2025-07-29,Home & Kitchen,West,1,46.64,0.0,46.64,25.65,0
O112204,C05669,2025-07-29,Beauty,East,2,11.28,0.1,20.3,9.02,0
O109350,C04342,2025-07-29,Electronics,South,3,277.92,0.1,750.38,600.31,0
O107733,C03608,2025-07-29,Home & Kitchen,North,1,74.62,0.0,74.62,41.04,0
O101827,C00852,2025-07-29,Home & Kitchen,North,2,52.1,0.0,104.2,57.31,1
O101596,C00741,2025-07-29,Fashion,North,1,24.77,0.0,24.77,11.15,0
O109382,C04353,2025-07-29,Books,West,2,14.92,0.0,29.84,14.92,0
O105502,C02535,2025-07-29,Home & Kitchen,West,3,49.82,0.0,149.46,82.2,0
O100596,C00288,2025-07-29,Beauty,South,1,16.26,0.1,14.63,6.5,0
O110555,C04909,2025-07-29,Books,East,1,38.23,0.1,34.41,19.11,0
O106638,C03078,2025-07-29,Fashion,South,1,22.86,0.1,20.57,10.29,0
O110304,C04787,2025-07-30,Sports,East,3,54.93,0.05,156.55,95.58,0
O102211,C01022,2025-07-30,Books,North,1,26.45,0.0,26.45,13.22,0
O104242,C01965,2025-07-30,Home & Kitchen,North,2,91.54,0.15,155.62,100.69,0
O109230,C04288,2025-07-30,Sports,North,1,58.67,0.15,49.87,34.03,0
O111016,C05128,2025-07-30,Home & Kitchen,East,2,142.63,0.0,285.26,156.89,0
O102623,C01219,2025-07-30,Electronics,West,2,500.35,0.0,1000.7,720.5,0
O105140,C02372,2025-07-30,Beauty,West,2,42.87,0.15,72.88,34.3,0
O104240,C01964,2025-07-30,Home & Kitchen,North,2,47.32,0.2,75.71,52.05,0
O100972,C00449,2025-07-30,Electronics,South,1,586.85,0.0,586.85,422.53,0
O112683,C05886,2025-07-30,Books,North,1,23.23,0.15,19.75,11.62,0
O102344,C01087,2025-07-30,Books,East,2,10.16,0.0,20.32,10.16,0
O106896,C03197,2025-07-30,Home & Kitchen,East,1,146.46,0.0,146.46,80.55,0
O100777,C00363,2025-07-30,Home & Kitchen,East,3,54.88,0.05,156.41,90.55,0
O111134,C05182,2025-07-30,Fashion,East,1,37.84,0.0,37.84,17.03,0
O111453,C05337,2025-07-30,Sports,West,1,92.15,0.0,92.15,53.45,0
O111073,C05152,2025-07-30,Books,East,2,19.58,0.05,37.2,19.58,0
O100647,C00308,2025-07-31,Home & Kitchen,North,1,111.0,0.15,94.35,61.05,0
O111751,C05473,2025-07-31,Books,South,3,13.65,0.1,36.86,20.48,0
O109058,C04215,2025-07-31,Home & Kitchen,West,2,111.57,0.0,223.14,122.73,0
O108979,C04176,2025-07-31,Books,North,2,27.17,0.0,54.34,27.17,0
O106987,C03246,2025-07-31,Books,North,1,29.66,0.0,29.66,14.83,0
O112183,C05659,2025-07-31,Books,East,1,15.32,0.0,15.32,7.66,0
O104163,C01922,2025-07-31,Fashion,North,1,33.42,0.2,26.74,15.04,0
O108092,C03769,2025-07-31,Home & Kitchen,West,1,138.58,0.0,138.58,76.22,0
O102178,C01010,2025-07-31,Electronics,East,1,524.16,0.0,524.16,377.4,0
O110471,C04867,2025-07-31,Beauty,North,2,24.95,0.05,47.4,19.96,0
O107963,C03713,2025-07-31,Home & Kitchen,South,2,121.73,0.1,219.11,133.9,0
O107476,C03481,2025-07-31,Electronics,East,1,122.05,0.1,109.84,87.88,0
O106835,C03169,2025-07-31,Sports,South,3,143.68,0.2,344.83,250.0,0
O111833,C05512,2025-07-31,Fashion,East,1,132.21,0.2,105.77,59.49,0
O102159,C01001,2025-07-31,Fashion,East,2,87.46,0.0,174.92,78.71,0
O103448,C01595,2025-07-31,Fashion,North,2,113.39,0.0,226.78,102.05,0
O106138,C02835,2025-07-31,Electronics,East,3,421.16,0.1,1137.13,909.71,0
O107646,C03571,2025-08-01,Fashion,East,3,94.68,0.0,284.04,127.82,0
O101434,C00657,2025-08-01,Fashion,North,2,136.36,0.0,272.72,122.72,0
O109899,C04600,2025-08-01,Electronics,East,2,444.87,0.05,845.25,640.61,0
O100357,C00175,2025-08-01,Fashion,East,3,63.9,0.1,172.53,86.26,0
O107964,C03713,2025-08-01,Fashion,South,1,67.14,0.0,67.14,30.21,0
O110736,C04998,2025-08-01,Books,South,2,10.63,0.1,19.13,10.63,0
O109878,C04589,2025-08-01,Fashion,East,1,65.61,0.0,65.61,29.52,1
O106704,C03105,2025-08-01,Fashion,South,1,116.28,0.05,110.47,52.33,0
O109294,C04315,2025-08-01,Electronics,South,1,122.63,0.0,122.63,88.29,0
O105059,C02338,2025-08-01,Beauty,East,2,40.44,0.0,80.88,32.35,0
O112564,C05833,2025-08-01,Fashion,North,1,52.06,0.0,52.06,23.43,0
O103224,C01498,2025-08-01,Books,South,2,15.66,0.1,28.19,15.66,0
O105561,C02567,2025-08-01,Books,East,1,32.37,0.0,32.37,16.18,0
O103133,C01458,2025-08-01,Home & Kitchen,East,1,61.44,0.0,61.44,33.79,0
O101299,C00596,2025-08-01,Home & Kitchen,West,1,167.39,0.0,167.39,92.06,0
O102090,C00970,2025-08-01,Sports,North,1,191.56,0.0,191.56,111.1,0
O101736,C00806,2025-08-01,Fashion,North,2,110.91,0.0,221.82,99.82,0
O101973,C00917,2025-08-01,Fashion,East,1,47.11,0.0,47.11,21.2,0
O106642,C03082,2025-08-01,Fashion,North,1,42.76,0.05,40.62,19.24,0
O111493,C05362,2025-08-02,Home & Kitchen,West,1,101.36,0.0,101.36,55.75,1
O101119,C00514,2025-08-02,Fashion,West,2,84.2,0.0,168.4,75.78,0
O108369,C03890,2025-08-02,Beauty,East,1,10.88,0.0,10.88,4.35,0
O111481,C05356,2025-08-02,Sports,East,2,226.66,0.0,453.32,262.93,0
O108902,C04141,2025-08-02,Electronics,South,2,242.65,0.0,485.3,349.42,0
O100306,C00149,2025-08-02,Fashion,West,1,63.1,0.05,59.95,28.4,0
O108816,C04097,2025-08-02,Home & Kitchen,South,3,141.61,0.0,424.83,233.66,0
O112134,C05635,2025-08-02,Home & Kitchen,North,2,122.09,0.0,244.18,134.3,0
O110840,C05045,2025-08-02,Beauty,West,2,59.86,0.1,107.75,47.89,0
O105916,C02738,2025-08-02,Electronics,East,2,262.02,0.0,524.04,377.31,0
O109085,C04225,2025-08-02,Fashion,East,1,135.39,0.1,121.85,60.93,0
O101318,C00605,2025-08-02,Fashion,West,3,90.32,0.0,270.96,121.93,0
O105940,C02748,2025-08-02,Books,West,2,15.32,0.0,30.64,15.32,0
O103746,C01723,2025-08-02,Fashion,North,2,117.95,0.15,200.51,106.16,0
O109818,C04560,2025-08-02,Sports,West,2,170.25,0.0,340.5,197.49,0
O110062,C04673,2025-08-02,Books,West,1,32.31,0.0,32.31,16.16,0
O103449,C01595,2025-08-02,Fashion,North,2,130.27,0.1,234.49,117.24,0
O109978,C04637,2025-08-02,Fashion,South,1,113.02,0.0,113.02,50.86,0
O107308,C03401,2025-08-02,Electronics,North,1,403.94,0.15,343.35,290.84,0
O106360,C02945,2025-08-02,Beauty,North,2,62.45,0.0,124.9,49.96,0
O104001,C01843,2025-08-02,Electronics,North,1,244.43,0.2,195.54,175.99,0
O102489,C01157,2025-08-03,Sports,West,2,65.56,0.05,124.56,76.05,0
O102435,C01134,2025-08-03,Fashion,East,1,135.73,0.15,115.37,61.08,0
O107834,C03657,2025-08-03,Books,East,1,30.64,0.3,21.45,15.32,0
O103074,C01430,2025-08-03,Books,North,3,16.83,0.0,50.49,25.24,0
O101897,C00885,2025-08-03,Home & Kitchen,West,3,111.42,0.3,233.98,183.84,0
O107559,C03521,2025-08-03,Home & Kitchen,West,2,47.8,0.0,95.6,52.58,0
O104243,C01965,2025-08-03,Fashion,North,2,64.8,0.05,123.12,58.32,0
O109388,C04356,2025-08-03,Fashion,South,1,116.82,0.0,116.82,52.57,1
O110463,C04862,2025-08-03,Sports,North,2,211.54,0.05,401.93,245.39,0
O105999,C02775,2025-08-03,Home & Kitchen,North,2,115.1,0.0,230.2,126.61,0
O105805,C02684,2025-08-03,Books,East,1,26.45,0.0,26.45,13.22,0
O103394,C01574,2025-08-03,Beauty,South,1,55.94,0.3,39.16,22.38,0
O107232,C03364,2025-08-03,Home & Kitchen,North,3,130.7,0.0,392.1,215.66,0
O109369,C04348,2025-08-03,Home & Kitchen,South,3,101.97,0.1,275.32,168.25,0
O101822,C00849,2025-08-03,Books,North,1,19.68,0.0,19.68,9.84,0
O110190,C04735,2025-08-03,Home & Kitchen,West,1,125.48,0.3,87.84,69.01,0
O112156,C05644,2025-08-03,Fashion,South,2,63.11,0.15,107.29,56.8,0
O106443,C02984,2025-08-03,Home & Kitchen,South,1,87.26,0.1,78.53,47.99,0
O106412,C02969,2025-08-03,Sports,East,2,148.44,0.0,296.88,172.19,0
O110042,C04666,2025-08-03,Fashion,South,3,67.79,0.1,183.03,91.52,0
O102720,C01268,2025-08-03,Beauty,West,2,11.23,0.1,20.21,8.98,0
O105022,C02318,2025-08-03,Fashion,West,1,85.66,0.0,85.66,38.55,1
O106447,C02987,2025-08-03,Sports,North,2,86.9,0.0,173.8,100.8,0
O110235,C04753,2025-08-04,Sports,West,1,130.06,0.0,130.06,75.43,0
O102651,C01232,2025-08-04,Beauty,North,1,56.71,0.0,56.71,22.68,1
O111331,C05283,2025-08-04,Home & Kitchen,South,1,119.26,0.0,119.26,65.59,0
O101409,C00645,2025-08-04,Beauty,North,1,11.86,0.2,9.49,4.74,0
O100933,C00433,2025-08-04,Electronics,West,2,568.72,0.0,1137.44,818.96,0
O112004,C05589,2025-08-04,Fashion,South,1,125.02,0.0,125.02,56.26,0
O107922,C03696,2025-08-04,Fashion,North,1,75.1,0.0,75.1,33.8,1
O108085,C03764,2025-08-04,Home & Kitchen,East,2,109.12,0.1,196.42,120.03,0
O111494,C05362,2025-08-04,Books,West,2,28.85,0.1,51.93,28.85,0
O103753,C01726,2025-08-04,Sports,South,1,79.39,0.0,79.39,46.05,1
O104289,C01987,2025-08-04,Electronics,East,2,597.2,0.1,1074.96,859.97,0
O111893,C05536,2025-08-05,Electronics,North,1,489.75,0.1,440.78,352.62,0
O108724,C04054,2025-08-05,Home & Kitchen,South,2,54.79,0.05,104.1,60.27,0
O103467,C01603,2025-08-05,Home & Kitchen,West,1,175.98,0.1,158.38,96.79,0
O105279,C02432,2025-08-05,Home & Kitchen,South,3,59.18,0.05,168.66,97.65,0
O103429,C01587,2025-08-05,Home & Kitchen,East,3,94.5,0.15,240.97,155.93,0
O100096,C00047,2025-08-05,Electronics,South,1,423.94,0.0,423.94,305.24,0
O109950,C04623,2025-08-05,Fashion,North,1,63.98,0.0,63.98,28.79,0
O108012,C03730,2025-08-05,Books,East,2,13.76,0.15,23.39,13.76,0
O100709,C00336,2025-08-05,Home & Kitchen,South,2,132.42,0.0,264.84,145.66,0
O109403,C04361,2025-08-05,Sports,South,2,165.69,0.0,331.38,192.2,0
O103083,C01434,2025-08-05,Electronics,South,1,514.03,0.0,514.03,370.1,0
O107382,C03436,2025-08-05,Electronics,South,3,310.32,0.3,651.67,670.29,0
O104164,C01922,2025-08-05,Electronics,North,1,208.87,0.0,208.87,150.39,0
O100470,C00227,2025-08-05,Home & Kitchen,East,1,76.56,0.1,68.9,42.11,0
O112278,C05698,2025-08-05,Beauty,South,1,69.91,0.0,69.91,27.96,0
O101985,C00923,2025-08-05,Home & Kitchen,South,1,44.05,0.0,44.05,24.23,0
O101188,C00552,2025-08-05,Electronics,East,3,124.08,0.0,372.24,268.01,0
O105520,C02545,2025-08-05,Electronics,East,3,127.18,0.0,381.54,274.71,0
O110028,C04660,2025-08-05,Fashion,East,1,30.66,0.05,29.13,13.8,0
O111573,C05394,2025-08-05,Fashion,East,1,103.79,0.05,98.6,46.71,0
O100047,C00020,2025-08-05,Electronics,North,3,397.13,0.15,1012.68,857.8,0
O103655,C01683,2025-08-06,Books,East,1,36.44,0.0,36.44,18.22,0
O108723,C04053,2025-08-06,Home & Kitchen,South,1,112.75,0.3,78.92,62.01,0
O102038,C00946,2025-08-06,Home & Kitchen,West,2,123.53,0.05,234.71,135.88,0
O109514,C04411,2025-08-06,Electronics,East,1,386.86,0.0,386.86,278.54,0
O105071,C02341,2025-08-06,Fashion,South,2,108.01,0.0,216.02,97.21,0
O110758,C05008,2025-08-06,Home & Kitchen,West,3,105.37,0.15,268.69,173.86,0
O105996,C02774,2025-08-06,Books,East,2,8.81,0.0,17.62,8.81,0
O111781,C05488,2025-08-06,Electronics,North,1,414.33,0.0,414.33,298.32,0
O105413,C02491,2025-08-06,Fashion,South,1,77.0,0.0,77.0,34.65,0
O106843,C03173,2025-08-06,Fashion,South,2,32.7,0.0,65.4,29.43,0
O112057,C05609,2025-08-06,Beauty,North,1,16.59,0.0,16.59,6.64,0
O100337,C00166,2025-08-06,Fashion,East,1,23.41,0.2,18.73,10.53,1
O111518,C05371,2025-08-06,Books,South,1,17.46,0.05,16.59,8.73,0
O101852,C00867,2025-08-06,Beauty,East,1,24.84,0.15,21.11,9.94,0
O111926,C05553,2025-08-06,Beauty,East,3,32.63,0.0,97.89,39.16,0
O111031,C05134,2025-08-06,Fashion,West,2,71.11,0.0,142.22,64.0,0
O104866,C02246,2025-08-06,Home & Kitchen,East,2,62.29,0.0,124.58,68.52,0
O105037,C02326,2025-08-06,Home & Kitchen,North,1,154.55,0.0,154.55,85.0,1
O104440,C02053,2025-08-06,Sports,East,1,134.65,0.0,134.65,78.1,0
O104578,C02111,2025-08-06,Electronics,North,2,496.14,0.15,843.44,714.44,0
O108036,C03740,2025-08-06,Fashion,South,1,40.08,0.0,40.08,18.04,0
O111241,C05238,2025-08-06,Home & Kitchen,East,2,128.14,0.1,230.65,140.95,0
O106746,C03127,2025-08-06,Home & Kitchen,North,1,98.07,0.2,78.46,53.94,0
O102486,C01155,2025-08-07,Home & Kitchen,East,2,170.14,0.0,340.28,187.15,0
O101178,C00545,2025-08-07,Beauty,South,2,10.79,0.2,17.26,8.63,0
O104285,C01985,2025-08-07,Sports,South,3,192.05,0.0,576.15,334.17,0
O112908,C05993,2025-08-07,Home & Kitchen,North,1,94.73,0.1,85.26,52.1,1
O103788,C01743,2025-08-07,Books,East,1,21.13,0.3,14.79,10.56,0
O107287,C03390,2025-08-07,Electronics,North,3,254.82,0.05,726.24,550.41,0
O108062,C03754,2025-08-07,Home & Kitchen,West,1,66.11,0.0,66.11,36.36,0
O100257,C00123,2025-08-07,Electronics,South,2,385.12,0.0,770.24,554.57,0
O107779,C03630,2025-08-07,Home & Kitchen,East,3,177.86,0.0,533.58,293.47,0
O105052,C02334,2025-08-07,Sports,North,3,66.0,0.0,198.0,114.84,0
O111752,C05473,2025-08-07,Fashion,South,3,54.09,0.0,162.27,73.02,0
O103022,C01406,2025-08-07,Beauty,East,1,38.32,0.1,34.49,15.33,1
O107268,C03381,2025-08-07,Home & Kitchen,East,2,168.84,0.0,337.68,185.72,1
O100180,C00090,2025-08-07,Books,West,1,33.85,0.0,33.85,16.92,0
O109420,C04371,2025-08-07,Beauty,South,2,36.32,0.0,72.64,29.06,0
O105207,C02406,2025-08-07,Beauty,East,1,48.42,0.0,48.42,19.37,0
O107319,C03409,2025-08-07,Home & Kitchen,East,1,97.45,0.0,97.45,53.6,0
O112675,C05883,2025-08-07,Sports,East,1,164.71,0.05,156.47,95.53,0
O107598,C03540,2025-08-07,Electronics,East,2,412.7,0.2,660.32,594.29,0
O109749,C04526,2025-08-07,Books,North,3,32.62,0.0,97.86,48.93,0
O106113,C02825,2025-08-07,Beauty,South,2,26.26,0.0,52.52,21.01,0
O108793,C04084,2025-08-07,Home & Kitchen,North,1,122.69,0.0,122.69,67.48,0
O100137,C00071,2025-08-08,Beauty,North,3,52.04,0.0,156.12,62.45,0
O108700,C04043,2025-08-08,Beauty,North,1,63.17,0.0,63.17,25.27,0
O107882,C03681,2025-08-08,Electronics,East,1,157.21,0.0,157.21,113.19,0
O104677,C02161,2025-08-08,Beauty,West,2,21.83,0.3,30.56,17.46,0
O111350,C05291,2025-08-08,Home & Kitchen,East,2,171.71,0.0,343.42,188.88,0
O105651,C02610,2025-08-08,Home & Kitchen,East,3,51.95,0.0,155.85,85.72,0
O102333,C01080,2025-08-08,Home & Kitchen,South,2,176.18,0.2,281.89,193.8,0
O104500,C02081,2025-08-08,Electronics,North,2,196.2,0.1,353.16,282.53,0
O104750,C02196,2025-08-08,Fashion,West,2,63.96,0.0,127.92,57.56,0
O101192,C00553,2025-08-08,Home & Kitchen,South,2,90.37,0.05,171.7,99.41,0
O109165,C04259,2025-08-08,Beauty,East,2,68.34,0.0,136.68,54.67,1
O104275,C01980,2025-08-08,Fashion,West,2,52.04,0.0,104.08,46.84,0
O106106,C02822,2025-08-08,Home & Kitchen,West,1,111.67,0.05,106.09,61.42,0
O107100,C03296,2025-08-08,Beauty,East,1,53.36,0.3,37.35,21.34,0
O106183,C02859,2025-08-08,Beauty,East,1,14.42,0.2,11.54,5.77,0
O102817,C01307,2025-08-08,Electronics,East,1,467.92,0.05,444.52,336.9,0
O100828,C00388,2025-08-08,Home & Kitchen,West,1,111.75,0.2,89.4,61.46,0
O100175,C00087,2025-08-08,Sports,North,1,33.22,0.0,33.22,19.27,0
O104967,C02294,2025-08-08,Fashion,East,2,92.65,0.0,185.3,83.38,0
O104050,C01865,2025-08-08,Fashion,East,1,51.41,0.0,51.41,23.13,0
O111631,C05420,2025-08-09,Home & Kitchen,North,1,164.11,0.0,164.11,90.26,0
O112895,C05984,2025-08-09,Books,West,1,20.08,0.0,20.08,10.04,0
O101593,C00739,2025-08-09,Beauty,East,1,16.51,0.0,16.51,6.6,0
O100165,C00084,2025-08-09,Beauty,East,3,51.19,0.1,138.21,61.43,0
O101753,C00816,2025-08-09,Home & Kitchen,South,1,146.37,0.1,131.73,80.5,0
O108770,C04073,2025-08-09,Fashion,South,1,36.93,0.1,33.24,16.62,0
O107518,C03498,2025-08-09,Home & Kitchen,South,2,128.57,0.0,257.14,141.43,0
O106024,C02786,2025-08-09,Beauty,East,3,26.73,0.0,80.19,32.08,0
O105027,C02320,2025-08-09,Fashion,South,1,51.31,0.0,51.31,23.09,0
O106581,C03051,2025-08-09,Electronics,South,1,590.49,0.1,531.44,425.15,0
O108449,C03931,2025-08-09,Sports,North,1,217.12,0.0,217.12,125.93,0
O112847,C05963,2025-08-09,Fashion,East,2,99.8,0.0,199.6,89.82,0
O100961,C00444,2025-08-09,Home & Kitchen,South,2,149.12,0.3,208.77,164.03,1
O100735,C00346,2025-08-09,Home & Kitchen,East,3,124.02,0.1,334.85,204.63,1
O112205,C05669,2025-08-09,Books,East,2,39.59,0.1,71.26,39.59,0
O106897,C03198,2025-08-09,Books,North,2,25.94,0.05,49.29,25.94,0
O112202,C05668,2025-08-09,Home & Kitchen,East,1,163.62,0.0,163.62,89.99,0
O100886,C00413,2025-08-09,Home & Kitchen,East,1,109.22,0.0,109.22,60.07,1
O102709,C01264,2025-08-09,Home & Kitchen,West,2,68.1,0.3,95.34,74.91,0
O103615,C01665,2025-08-09,Sports,East,2,73.14,0.0,146.28,84.84,0
O107302,C03397,2025-08-09,Beauty,East,1,40.8,0.05,38.76,16.32,0
O104721,C02183,2025-08-09,Home & Kitchen,North,3,174.16,0.15,444.11,287.36,0
O103413,C01580,2025-08-10,Home & Kitchen,North,3,179.1,0.05,510.43,295.52,0
O105869,C02715,2025-08-10,Electronics,North,3,335.11,0.05,955.06,723.84,1
O103505,C01618,2025-08-10,Fashion,East,1,38.34,0.1,34.51,17.25,0
O104521,C02089,2025-08-10,Home & Kitchen,West,1,32.56,0.1,29.3,17.91,0
O102214,C01025,2025-08-10,Beauty,East,3,60.31,0.0,180.93,72.37,0
O101515,C00700,2025-08-10,Sports,South,1,114.06,0.0,114.06,66.15,0
O110642,C04953,2025-08-10,Beauty,West,1,35.23,0.0,35.23,14.09,0
O104253,C01971,2025-08-10,Books,East,2,30.57,0.0,61.14,30.57,0
O109059,C04215,2025-08-10,Electronics,West,1,290.59,0.05,276.06,209.22,1
O109207,C04277,2025-08-10,Home & Kitchen,South,1,56.59,0.0,56.59,31.12,0
O111210,C05224,2025-08-10,Home & Kitchen,West,2,168.39,0.1,303.1,185.23,0
O102257,C01043,2025-08-10,Fashion,North,2,113.67,0.15,193.24,102.3,0
O110678,C04970,2025-08-11,Beauty,North,1,26.67,0.0,26.67,10.67,0
O112206,C05669,2025-08-11,Fashion,East,2,127.48,0.05,242.21,114.73,0
O106898,C03198,2025-08-11,Sports,North,1,45.66,0.0,45.66,26.48,0
O104191,C01938,2025-08-11,Home & Kitchen,East,1,99.76,0.1,89.78,54.87,0
O110107,C04696,2025-08-11,Beauty,East,1,30.14,0.15,25.62,12.06,0
O110602,C04934,2025-08-11,Beauty,North,3,33.75,0.05,96.19,40.5,0
O104910,C02268,2025-08-11,Home & Kitchen,West,1,120.66,0.15,102.56,66.36,0
O101341,C00617,2025-08-11,Beauty,South,1,54.73,0.0,54.73,21.89,0
O101300,C00596,2025-08-11,Books,West,2,23.16,0.1,41.69,23.16,0
O109018,C04194,2025-08-11,Electronics,South,1,300.37,0.1,270.33,216.27,0
O106386,C02958,2025-08-11,Beauty,North,1,38.49,0.1,34.64,15.4,0
O110340,C04802,2025-08-11,Books,West,2,27.72,0.1,49.9,27.72,0
O111644,C05427,2025-08-11,Electronics,East,1,577.54,0.0,577.54,415.83,1
O102860,C01332,2025-08-11,Electronics,West,1,468.35,0.3,327.84,337.21,0
O106878,C03190,2025-08-11,Fashion,East,1,56.85,0.15,48.32,25.58,0
O111508,C05367,2025-08-11,Fashion,North,1,93.57,0.0,93.57,42.11,0
O105362,C02469,2025-08-11,Home & Kitchen,East,1,111.4,0.3,77.98,61.27,0
O106613,C03067,2025-08-11,Beauty,South,2,48.69,0.1,87.64,38.95,0
O109060,C04215,2025-08-11,Electronics,West,1,363.38,0.0,363.38,261.63,0
O108175,C03802,2025-08-12,Books,East,2,34.12,0.0,68.24,34.12,0
O100323,C00159,2025-08-12,Home & Kitchen,West,1,179.11,0.0,179.11,98.51,0
O105257,C02424,2025-08-12,Home & Kitchen,North,1,50.29,0.0,50.29,27.66,0
O101747,C00813,2025-08-12,Books,East,3,34.7,0.3,72.87,52.05,0
O106210,C02873,2025-08-12,Home & Kitchen,North,2,154.92,0.0,309.84,170.41,0
O105466,C02518,2025-08-12,Fashion,North,3,93.6,0.1,252.72,126.36,0
O108107,C03774,2025-08-12,Electronics,West,3,416.18,0.0,1248.54,898.95,0
O101133,C00524,2025-08-12,Home & Kitchen,South,1,109.33,0.3,76.53,60.13,0
O100205,C00101,2025-08-12,Books,West,1,12.67,0.0,12.67,6.34,0
O110169,C04722,2025-08-12,Home & Kitchen,West,3,27.21,0.05,77.55,44.9,0
O104501,C02081,2025-08-12,Home & Kitchen,North,1,36.71,0.1,33.04,20.19,0
O106940,C03220,2025-08-12,Fashion,South,2,30.79,0.0,61.58,27.71,1
O104952,C02288,2025-08-12,Beauty,East,1,17.2,0.05,16.34,6.88,0
O108037,C03740,2025-08-12,Electronics,South,3,586.14,0.0,1758.42,1266.06,0
O112679,C05884,2025-08-12,Fashion,North,2,125.79,0.0,251.58,113.21,0
O104165,C01923,2025-08-12,Fashion,North,1,133.24,0.0,133.24,59.96,0
O103368,C01558,2025-08-12,Books,East,1,9.51,0.0,9.51,4.76,0
O106184,C02859,2025-08-12,Electronics,East,1,513.45,0.3,359.42,369.68,0
O109890,C04594,2025-08-12,Fashion,West,2,48.7,0.0,97.4,43.83,0
O106486,C03005,2025-08-13,Home & Kitchen,North,1,82.0,0.15,69.7,45.1,0
O108527,C03967,2025-08-13,Books,East,1,21.25,0.3,14.87,10.62,0
O105649,C02609,2025-08-13,Fashion,South,3,100.19,0.0,300.57,135.26,0
O112616,C05856,2025-08-13,Books,North,2,15.22,0.1,27.4,15.22,0
O110091,C04686,2025-08-13,Beauty,West,1,37.53,0.0,37.53,15.01,0
O105121,C02365,2025-08-13,Home & Kitchen,West,2,105.03,0.0,210.06,115.53,0
O101043,C00482,2025-08-13,Sports,East,2,151.57,0.1,272.83,175.82,0
O100043,C00019,2025-08-13,Home & Kitchen,South,2,150.5,0.0,301.0,165.55,0
O102632,C01222,2025-08-13,Electronics,North,1,309.62,0.1,278.66,222.93,0
O110595,C04930,2025-08-13,Home & Kitchen,East,2,139.19,0.0,278.38,153.11,0
O111389,C05309,2025-08-13,Home & Kitchen,South,1,103.42,0.0,103.42,56.88,0
O109409,C04366,2025-08-13,Books,North,3,30.15,0.1,81.4,45.22,0
O102215,C01025,2025-08-13,Beauty,East,3,24.53,0.2,58.87,29.44,0
O111170,C05203,2025-08-13,Beauty,North,1,10.41,0.15,8.85,4.16,0
O108196,C03813,2025-08-13,Fashion,South,2,25.74,0.2,41.18,23.17,0
O103321,C01535,2025-08-13,Fashion,East,2,71.81,0.3,100.53,64.63,0
O110510,C04887,2025-08-13,Home & Kitchen,South,1,107.81,0.3,75.47,59.3,0
O105253,C02422,2025-08-13,Electronics,South,1,199.96,0.0,199.96,143.97,0
O100202,C00099,2025-08-13,Books,North,3,15.24,0.15,38.86,22.86,0
O107587,C03531,2025-08-13,Home & Kitchen,North,1,154.66,0.0,154.66,85.06,0
O100078,C00038,2025-08-13,Fashion,North,3,62.56,0.1,168.91,84.46,0
O109124,C04243,2025-08-13,Books,East,2,32.14,0.15,54.64,32.14,0
O100751,C00354,2025-08-13,Sports,South,3,54.66,0.05,155.78,95.11,0
O106032,C02790,2025-08-13,Home & Kitchen,South,2,115.93,0.15,197.08,127.52,0
O104432,C02050,2025-08-13,Books,West,3,23.0,0.1,62.1,34.5,0
O110738,C04999,2025-08-13,Fashion,North,1,45.28,0.0,45.28,20.38,0
O107444,C03466,2025-08-14,Fashion,West,2,40.87,0.0,81.74,36.78,0
O103003,C01397,2025-08-14,Fashion,North,1,90.3,0.0,90.3,40.64,0
O110029,C04661,2025-08-14,Beauty,South,1,40.84,0.2,32.67,16.34,0
O106955,C03230,2025-08-14,Fashion,South,1,97.72,0.3,68.4,43.97,0
O110065,C04675,2025-08-14,Beauty,South,2,49.75,0.15,84.58,39.8,0
O112698,C05894,2025-08-14,Electronics,North,1,434.67,0.0,434.67,312.96,0
O111793,C05492,2025-08-14,Home & Kitchen,West,3,38.0,0.3,79.8,62.7,0
O101325,C00611,2025-08-14,Fashion,East,1,29.63,0.05,28.15,13.33,0
O110519,C04891,2025-08-14,Fashion,East,2,62.34,0.05,118.45,56.11,1
O107101,C03296,2025-08-14,Home & Kitchen,East,2,109.52,0.15,186.18,120.47,0
O101712,C00794,2025-08-14,Sports,North,3,86.16,0.0,258.48,149.92,0
O112179,C05657,2025-08-14,Fashion,North,2,101.31,0.0,202.62,91.18,0
O104630,C02135,2025-08-14,Fashion,West,1,39.76,0.05,37.77,17.89,1
O109428,C04374,2025-08-14,Beauty,West,1,18.14,0.05,17.23,7.26,0
O109133,C04245,2025-08-14,Sports,South,1,111.4,0.3,77.98,64.61,0
O102423,C01126,2025-08-14,Sports,North,1,246.38,0.15,209.42,142.9,0
O103581,C01650,2025-08-14,Books,South,3,29.51,0.0,88.53,44.26,0
O111291,C05265,2025-08-14,Home & Kitchen,East,1,175.14,0.0,175.14,96.33,0
O109926,C04613,2025-08-14,Sports,East,1,177.11,0.05,168.25,102.72,1
O111101,C05164,2025-08-14,Books,North,1,29.61,0.05,28.13,14.8,0
O107487,C03484,2025-08-14,Electronics,East,2,192.09,0.1,345.76,276.61,0
O101900,C00886,2025-08-14,Home & Kitchen,North,1,51.61,0.0,51.61,28.39,0
O107880,C03680,2025-08-14,Books,South,1,32.53,0.0,32.53,16.26,0
O104482,C02073,2025-08-14,Beauty,South,1,63.11,0.0,63.11,25.24,0
O111061,C05148,2025-08-14,Home & Kitchen,North,1,86.42,0.2,69.14,47.53,0
O101397,C00639,2025-08-15,Fashion,West,3,133.63,0.15,340.76,180.4,0
O101848,C00865,2025-08-15,Beauty,West,2,32.22,0.0,64.44,25.78,0
O101557,C00723,2025-08-15,Electronics,West,1,405.1,0.1,364.59,291.67,0
O103603,C01659,2025-08-15,Fashion,East,1,101.17,0.2,80.94,45.53,0
O101496,C00692,2025-08-15,Beauty,East,2,62.82,0.15,106.79,50.26,0
O110619,C04943,2025-08-15,Home & Kitchen,East,1,48.93,0.0,48.93,26.91,0
O110929,C05087,2025-08-15,Electronics,West,1,299.54,0.0,299.54,215.67,0
O100629,C00302,2025-08-15,Home & Kitchen,South,3,174.82,0.1,472.01,288.45,0
O112111,C05629,2025-08-15,Books,South,2,25.29,0.0,50.58,25.29,0
O108593,C03998,2025-08-15,Home & Kitchen,South,2,166.73,0.0,333.46,183.4,0
O107769,C03625,2025-08-15,Fashion,North,1,102.43,0.05,97.31,46.09,0
O108007,C03728,2025-08-15,Books,North,1,16.68,0.0,16.68,8.34,0
O111402,C05316,2025-08-15,Fashion,East,1,38.19,0.05,36.28,17.19,0
O102076,C00963,2025-08-15,Home & Kitchen,East,3,155.7,0.1,420.39,256.91,1
O104416,C02044,2025-08-15,Home & Kitchen,South,3,160.63,0.2,385.51,265.04,0
O105319,C02451,2025-08-15,Electronics,North,2,358.39,0.15,609.26,516.08,0
O111366,C05300,2025-08-15,Fashion,South,2,63.77,0.05,121.16,57.39,0
O102649,C01231,2025-08-15,Fashion,West,1,64.56,0.0,64.56,29.05,0
O102857,C01330,2025-08-15,Fashion,West,1,31.14,0.1,28.03,14.01,1
O112900,C05986,2025-08-16,Fashion,East,3,85.74,0.15,218.64,115.75,0
O106791,C03148,2025-08-16,Fashion,South,3,47.92,0.0,143.76,64.69,0
O107777,C03629,2025-08-16,Electronics,North,2,431.75,0.1,777.15,621.72,0
O104502,C02081,2025-08-16,Fashion,North,1,30.57,0.0,30.57,13.76,0
O106076,C02809,2025-08-16,Electronics,North,3,254.34,0.3,534.11,549.37,0
O112349,C05733,2025-08-16,Books,South,2,21.33,0.1,38.39,21.33,0
O104779,C02206,2025-08-16,Home & Kitchen,North,1,90.43,0.0,90.43,49.74,0
O108336,C03875,2025-08-16,Books,North,1,9.4,0.0,9.4,4.7,0
O107111,C03300,2025-08-16,Home & Kitchen,West,1,174.56,0.3,122.19,96.01,0
O102919,C01360,2025-08-16,Books,East,2,15.54,0.1,27.97,15.54,0
O103665,C01687,2025-08-16,Books,South,2,24.77,0.0,49.54,24.77,0
O110295,C04785,2025-08-16,Sports,South,3,66.92,0.05,190.72,116.44,0
O110810,C05032,2025-08-16,Sports,South,1,170.59,0.0,170.59,98.94,0
O101582,C00734,2025-08-16,Sports,East,3,81.84,0.0,245.52,142.4,0
O102191,C01016,2025-08-16,Sports,East,1,174.23,0.0,174.23,101.05,0
O111417,C05322,2025-08-16,Fashion,East,2,61.61,0.2,98.58,55.45,0
O104492,C02077,2025-08-16,Beauty,South,3,34.39,0.1,92.85,41.27,0
O109670,C04483,2025-08-16,Electronics,East,1,534.27,0.3,373.99,384.67,1
O106523,C03025,2025-08-17,Books,West,1,35.97,0.0,35.97,17.98,0
O107390,C03440,2025-08-17,Fashion,East,3,87.57,0.3,183.9,118.22,0
O108495,C03952,2025-08-17,Beauty,West,1,60.44,0.0,60.44,24.18,0
O112629,C05859,2025-08-17,Books,North,1,36.31,0.05,34.49,18.16,0
O100405,C00197,2025-08-17,Books,East,1,18.86,0.05,17.92,9.43,0
O104089,C01884,2025-08-17,Electronics,South,1,315.4,0.1,283.86,227.09,0
O112858,C05967,2025-08-17,Home & Kitchen,East,2,38.8,0.0,77.6,42.68,0
O107562,C03523,2025-08-17,Electronics,North,1,494.76,0.1,445.28,356.23,0
O104948,C02286,2025-08-17,Fashion,North,1,119.31,0.0,119.31,53.69,0
O110775,C05015,2025-08-17,Home & Kitchen,North,2,93.04,0.15,158.17,102.34,1
O109984,C04641,2025-08-17,Home & Kitchen,North,1,177.45,0.0,177.45,97.6,0
O103629,C01672,2025-08-17,Fashion,South,1,112.69,0.1,101.42,50.71,0
O105822,C02689,2025-08-17,Home & Kitchen,East,3,179.21,0.0,537.63,295.7,0
O108091,C03768,2025-08-17,Fashion,South,2,98.32,0.05,186.81,88.49,0
O112343,C05731,2025-08-17,Fashion,North,3,97.64,0.0,292.92,131.81,0
O105761,C02664,2025-08-17,Beauty,North,1,50.51,0.0,50.51,20.2,0
O101882,C00878,2025-08-17,Electronics,West,1,489.21,0.05,464.75,352.23,0
O110684,C04973,2025-08-17,Books,East,1,19.71,0.0,19.71,9.86,0
O108690,C04038,2025-08-17,Fashion,East,1,72.47,0.15,61.6,32.61,0
O104535,C02093,2025-08-17,Fashion,South,1,54.96,0.0,54.96,24.73,0
O104447,C02057,2025-08-17,Books,East,3,15.59,0.0,46.77,23.38,0
O110862,C05058,2025-08-17,Fashion,South,1,60.15,0.0,60.15,27.07,1
O108403,C03907,2025-08-17,Fashion,East,1,58.54,0.0,58.54,26.34,0
O109078,C04223,2025-08-18,Beauty,East,1,37.49,0.0,37.49,15.0,0
O101678,C00780,2025-08-18,Sports,West,1,132.71,0.0,132.71,76.97,0
O111736,C05466,2025-08-18,Home & Kitchen,East,1,137.47,0.05,130.6,75.61,0
O104698,C02172,2025-08-18,Fashion,East,2,100.13,0.0,200.26,90.12,0
O108599,C04002,2025-08-18,Electronics,West,1,324.93,0.0,324.93,233.95,0
O112719,C05906,2025-08-18,Home & Kitchen,North,2,173.87,0.2,278.19,191.26,0
O110576,C04919,2025-08-18,Sports,West,1,191.76,0.05,182.17,111.22,0
O111895,C05538,2025-08-18,Fashion,West,1,105.5,0.0,105.5,47.48,0
O103274,C01517,2025-08-18,Beauty,South,1,60.74,0.05,57.7,24.3,0
O105091,C02348,2025-08-18,Electronics,East,3,404.63,0.0,1213.89,874.0,0
O105703,C02638,2025-08-18,Home & Kitchen,East,3,57.6,0.3,120.96,95.04,0
O101793,C00836,2025-08-18,Home & Kitchen,South,1,150.16,0.3,105.11,82.59,0
O106808,C03156,2025-08-18,Fashion,North,1,51.85,0.05,49.26,23.33,0
O109429,C04374,2025-08-18,Home & Kitchen,West,3,68.82,0.0,206.46,113.55,0
O102901,C01353,2025-08-18,Home & Kitchen,East,2,85.17,0.0,170.34,93.69,0
O100937,C00435,2025-08-18,Fashion,North,1,40.56,0.15,34.48,18.25,0
O106501,C03014,2025-08-18,Books,East,1,8.14,0.0,8.14,4.07,0
O102551,C01186,2025-08-18,Beauty,West,1,65.76,0.0,65.76,26.3,0
O108460,C03936,2025-08-18,Fashion,East,1,115.75,0.3,81.02,52.09,0
O111320,C05278,2025-08-18,Electronics,East,2,515.91,0.0,1031.82,742.91,0
O112012,C05592,2025-08-18,Home & Kitchen,North,2,43.85,0.0,87.7,48.24,0
O105124,C02366,2025-08-18,Electronics,West,1,379.13,0.1,341.22,272.97,0
O105738,C02655,2025-08-18,Books,South,2,31.11,0.2,49.78,31.11,0
O101750,C00814,2025-08-19,Home & Kitchen,North,1,109.54,0.0,109.54,60.25,0
O100029,C00013,2025-08-19,Fashion,East,2,94.95,0.0,189.9,85.46,0
O108836,C04108,2025-08-19,Fashion,East,2,136.9,0.1,246.42,123.21,0
O109212,C04279,2025-08-19,Home & Kitchen,East,2,102.32,0.0,204.64,112.55,0
O104214,C01950,2025-08-19,Fashion,East,1,50.61,0.05,48.08,22.77,0
O102367,C01097,2025-08-19,Fashion,East,1,136.16,0.0,136.16,61.27,0
O108743,C04063,2025-08-19,Fashion,North,2,29.2,0.0,58.4,26.28,0
O105333,C02457,2025-08-19,Fashion,North,2,22.19,0.0,44.38,19.97,0
O109440,C04378,2025-08-19,Fashion,West,1,93.5,0.0,93.5,42.08,0
O102422,C01125,2025-08-19,Home & Kitchen,West,1,163.26,0.0,163.26,89.79,0
O110437,C04847,2025-08-19,Electronics,East,1,501.82,0.0,501.82,361.31,0
O105023,C02319,2025-08-19,Home & Kitchen,South,3,172.68,0.15,440.33,284.92,0
O104330,C02005,2025-08-19,Electronics,North,1,124.69,0.05,118.46,89.78,0
O104282,C01984,2025-08-19,Books,North,2,11.41,0.0,22.82,11.41,0
O109279,C04306,2025-08-19,Fashion,South,1,81.9,0.15,69.62,36.86,0
O102249,C01040,2025-08-19,Home & Kitchen,West,1,27.23,0.0,27.23,14.98,0
O101285,C00590,2025-08-19,Home & Kitchen,South,3,109.6,0.1,295.92,180.84,0
O110296,C04785,2025-08-19,Beauty,South,1,58.31,0.05,55.39,23.32,0
O105867,C02714,2025-08-19,Beauty,East,2,17.07,0.0,34.14,13.66,0
O105271,C02429,2025-08-20,Beauty,West,3,14.22,0.0,42.66,17.06,0
O105327,C02455,2025-08-20,Fashion,West,1,123.32,0.1,110.99,55.49,0
O110460,C04860,2025-08-20,Fashion,East,2,108.52,0.1,195.34,97.67,0
O112783,C05935,2025-08-20,Electronics,West,2,492.9,0.0,985.8,709.78,0
O102305,C01069,2025-08-20,Home & Kitchen,West,2,72.31,0.1,130.16,79.54,0
O105870,C02715,2025-08-20,Beauty,North,3,15.57,0.0,46.71,18.68,0
O104462,C02064,2025-08-20,Home & Kitchen,North,3,64.97,0.1,175.42,107.2,0
O108994,C04184,2025-08-20,Home & Kitchen,South,1,79.74,0.0,79.74,43.86,0
O102498,C01163,2025-08-20,Fashion,West,2,66.81,0.05,126.94,60.13,0
O100255,C00122,2025-08-20,Books,South,1,35.07,0.05,33.32,17.54,0
O112253,C05689,2025-08-20,Home & Kitchen,North,1,124.6,0.0,124.6,68.53,0
O111587,C05401,2025-08-20,Fashion,East,1,28.73,0.0,28.73,12.93,0
O112680,C05884,2025-08-20,Books,North,2,17.92,0.0,35.84,17.92,0
O109304,C04319,2025-08-20,Beauty,South,3,29.86,0.0,89.58,35.83,0
O112368,C05741,2025-08-21,Electronics,North,1,381.24,0.3,266.87,274.49,0
O101270,C00582,2025-08-21,Home & Kitchen,East,2,146.36,0.0,292.72,161.0,0
O110059,C04672,2025-08-21,Beauty,North,2,17.81,0.0,35.62,14.25,0
O111132,C05181,2025-08-21,Books,North,3,17.61,0.1,47.55,26.42,0
O104048,C01863,2025-08-21,Home & Kitchen,North,3,137.01,0.05,390.48,226.07,0
O100614,C00297,2025-08-21,Electronics,East,1,535.81,0.2,428.65,385.78,0
O111952,C05566,2025-08-21,Beauty,South,1,55.23,0.15,46.95,22.09,0
O102463,C01144,2025-08-21,Books,South,2,14.83,0.0,29.66,14.83,0
O112211,C05672,2025-08-21,Books,South,1,8.23,0.0,8.23,4.12,0
O104002,C01844,2025-08-21,Sports,South,1,101.26,0.0,101.26,58.73,0
O103598,C01657,2025-08-21,Electronics,West,1,317.92,0.0,317.92,228.9,0
O107649,C03572,2025-08-21,Beauty,East,1,64.53,0.0,64.53,25.81,0
O111440,C05332,2025-08-21,Fashion,East,1,91.77,0.3,64.24,41.3,0
O104659,C02150,2025-08-21,Electronics,North,2,160.77,0.0,321.54,231.51,0
O103657,C01684,2025-08-22,Fashion,East,3,83.53,0.15,213.0,112.77,0
O104249,C01969,2025-08-22,Sports,North,1,181.19,0.0,181.19,105.09,0
O107663,C03578,2025-08-22,Home & Kitchen,East,3,33.45,0.0,100.35,55.19,0
O104106,C01896,2025-08-22,Home & Kitchen,South,1,107.38,0.15,91.27,59.06,0
O112269,C05695,2025-08-22,Beauty,East,1,37.82,0.0,37.82,15.13,0
O102830,C01314,2025-08-22,Beauty,West,3,45.22,0.0,135.66,54.26,0
O111676,C05442,2025-08-22,Beauty,South,3,18.94,0.0,56.82,22.73,1
O104532,C02092,2025-08-22,Books,East,1,16.78,0.3,11.75,8.39,0
O103229,C01500,2025-08-22,Beauty,East,2,34.44,0.05,65.44,27.55,0
O103724,C01714,2025-08-22,Fashion,West,2,86.09,0.3,120.53,77.48,0
O100118,C00059,2025-08-22,Electronics,North,1,503.81,0.2,403.05,362.74,0
O101853,C00868,2025-08-22,Sports,North,2,197.54,0.0,395.08,229.15,0
O101022,C00472,2025-08-22,Fashion,South,2,93.95,0.0,187.9,84.56,0
O108208,C03818,2025-08-22,Electronics,North,1,227.24,0.0,227.24,163.61,1
O102490,C01158,2025-08-22,Fashion,North,3,82.83,0.1,223.64,111.82,0
O101308,C00599,2025-08-22,Electronics,West,1,475.92,0.05,452.12,342.66,0
O105334,C02457,2025-08-22,Electronics,North,2,270.26,0.0,540.52,389.17,0
O109778,C04539,2025-08-22,Fashion,North,3,88.6,0.0,265.8,119.61,0
O100702,C00334,2025-08-22,Fashion,North,1,102.35,0.0,102.35,46.06,0
O101789,C00835,2025-08-22,Electronics,South,1,181.14,0.15,153.97,130.42,0
O109410,C04366,2025-08-22,Fashion,North,3,91.9,0.0,275.7,124.07,0
O108645,C04023,2025-08-23,Electronics,South,3,258.88,0.2,621.31,559.18,0
O101788,C00834,2025-08-23,Sports,South,3,137.68,0.1,371.74,239.56,0
O104417,C02044,2025-08-23,Home & Kitchen,South,2,54.23,0.3,75.92,59.65,0
O104182,C01933,2025-08-23,Fashion,East,3,64.44,0.1,173.99,86.99,0
O109998,C04647,2025-08-23,Home & Kitchen,North,2,70.24,0.2,112.38,77.26,0
O110511,C04887,2025-08-23,Sports,South,3,171.45,0.05,488.63,298.32,0
O104886,C02256,2025-08-23,Sports,West,3,131.62,0.3,276.4,229.02,0
O101999,C00927,2025-08-23,Fashion,East,3,74.05,0.1,199.93,99.97,0
O104761,C02199,2025-08-23,Electronics,East,3,123.96,0.1,334.69,267.75,0
O109361,C04346,2025-08-23,Electronics,East,1,433.58,0.05,411.9,312.18,0
O103813,C01757,2025-08-23,Beauty,South,1,45.73,0.3,32.01,18.29,0
O104729,C02187,2025-08-23,Home & Kitchen,North,2,179.0,0.05,340.1,196.9,0
O106296,C02919,2025-08-23,Sports,West,3,192.71,0.2,462.5,335.32,0
O107535,C03507,2025-08-23,Fashion,West,2,44.51,0.0,89.02,40.06,0
O104237,C01961,2025-08-23,Beauty,North,1,59.93,0.0,59.93,23.97,0
O111984,C05582,2025-08-23,Sports,South,2,90.33,0.3,126.46,104.78,0
O107687,C03589,2025-08-23,Home & Kitchen,West,3,178.83,0.0,536.49,295.07,0
O102770,C01292,2025-08-23,Beauty,North,1,27.02,0.2,21.62,10.81,0
O104652,C02146,2025-08-23,Books,West,2,26.76,0.2,42.82,26.76,0
O110288,C04781,2025-08-23,Home & Kitchen,East,1,99.88,0.05,94.89,54.93,0
O106957,C03231,2025-08-23,Sports,West,1,122.97,0.1,110.67,71.32,0
O103488,C01611,2025-08-24,Beauty,West,3,32.91,0.0,98.73,39.49,0
O101398,C00639,2025-08-24,Beauty,West,2,58.17,0.0,116.34,46.54,0
O107957,C03710,2025-08-24,Fashion,North,2,94.75,0.1,170.55,85.28,0
O107427,C03459,2025-08-24,Fashion,East,2,39.97,0.0,79.94,35.97,0
O108031,C03737,2025-08-24,Home & Kitchen,North,1,64.77,0.0,64.77,35.62,0
O109623,C04460,2025-08-24,Electronics,East,2,154.99,0.0,309.98,223.19,0
O100584,C00282,2025-08-24,Home & Kitchen,North,2,146.88,0.1,264.38,161.57,0
O101281,C00589,2025-08-24,Electronics,East,2,428.5,0.1,771.3,617.04,0
O106459,C02992,2025-08-24,Sports,East,2,208.29,0.3,291.61,241.62,0
O109064,C04217,2025-08-24,Fashion,East,3,96.47,0.0,289.41,130.23,0
O107992,C03723,2025-08-24,Fashion,South,1,137.01,0.0,137.01,61.65,0
O111822,C05506,2025-08-24,Fashion,North,3,43.27,0.0,129.81,58.41,0
O101032,C00477,2025-08-24,Sports,West,1,180.56,0.0,180.56,104.72,0
O103058,C01424,2025-08-24,Home & Kitchen,North,1,173.92,0.0,173.92,95.66,0
O108919,C04148,2025-08-25,Home & Kitchen,East,1,26.95,0.1,24.25,14.82,0
O103346,C01548,2025-08-25,Beauty,North,1,39.55,0.1,35.59,15.82,0
O102173,C01009,2025-08-25,Books,North,3,13.14,0.1,35.48,19.71,0
O112886,C05980,2025-08-25,Electronics,East,2,154.61,0.0,309.22,222.64,0
O101182,C00548,2025-08-25,Sports,West,1,106.1,0.0,106.1,61.54,0
O100588,C00284,2025-08-25,Beauty,North,2,25.96,0.2,41.54,20.77,0
O112021,C05595,2025-08-25,Beauty,North,2,61.77,0.0,123.54,49.42,0
O105050,C02332,2025-08-25,Home & Kitchen,East,1,168.31,0.2,134.65,92.57,1
O104260,C01973,2025-08-25,Home & Kitchen,South,2,117.51,0.0,235.02,129.26,0
O103958,C01822,2025-08-25,Beauty,North,1,31.3,0.0,31.3,12.52,0
O104594,C02121,2025-08-25,Home & Kitchen,East,2,154.3,0.15,262.31,169.73,0
O102750,C01284,2025-08-25,Beauty,North,1,47.3,0.05,44.93,18.92,0
O101406,C00643,2025-08-25,Home & Kitchen,West,1,37.8,0.0,37.8,20.79,0
O109177,C04264,2025-08-25,Beauty,North,2,59.38,0.0,118.76,47.5,0
O104783,C02208,2025-08-25,Fashion,West,1,113.65,0.0,113.65,51.14,0
O106122,C02829,2025-08-25,Beauty,East,2,24.21,0.2,38.74,19.37,0
O106559,C03041,2025-08-25,Sports,South,3,42.52,0.15,108.43,73.98,0
O104402,C02036,2025-08-25,Sports,North,1,170.23,0.0,170.23,98.73,0
O106017,C02784,2025-08-25,Sports,West,1,67.57,0.0,67.57,39.19,0
O109567,C04437,2025-08-25,Fashion,North,1,88.89,0.1,80.0,40.0,0
O102853,C01328,2025-08-25,Home & Kitchen,East,1,132.61,0.0,132.61,72.94,0
O110455,C04857,2025-08-25,Fashion,North,3,32.77,0.15,83.56,44.24,0
O105917,C02738,2025-08-26,Electronics,East,3,213.42,0.2,512.21,460.99,1
O100185,C00093,2025-08-26,Beauty,West,2,22.04,0.05,41.88,17.63,0
O108211,C03819,2025-08-26,Fashion,North,1,137.69,0.0,137.69,61.96,0
O107736,C03610,2025-08-26,Beauty,North,1,68.97,0.15,58.62,27.59,0
O105211,C02408,2025-08-26,Electronics,North,2,318.57,0.0,637.14,458.74,0
O109948,C04621,2025-08-26,Beauty,South,1,39.96,0.0,39.96,15.98,0
O102051,C00951,2025-08-26,Fashion,South,2,40.2,0.0,80.4,36.18,0
O103320,C01534,2025-08-26,Beauty,South,2,12.51,0.05,23.77,10.01,0
O112720,C05906,2025-08-26,Beauty,North,2,34.78,0.05,66.08,27.82,0
O107176,C03334,2025-08-26,Fashion,South,1,129.04,0.1,116.14,58.07,0
O105784,C02673,2025-08-26,Electronics,South,3,375.07,0.15,956.43,810.15,0
O106192,C02863,2025-08-26,Fashion,East,1,42.23,0.2,33.78,19.0,0
O100119,C00059,2025-08-26,Beauty,North,1,17.84,0.15,15.16,7.14,0
O106306,C02922,2025-08-26,Fashion,North,1,138.05,0.0,138.05,62.12,0
O104757,C02198,2025-08-26,Home & Kitchen,South,3,146.68,0.1,396.04,242.02,0
O100767,C00361,2025-08-26,Books,South,2,33.16,0.0,66.32,33.16,0
O107743,C03613,2025-08-26,Sports,East,3,136.66,0.0,409.98,237.79,0
O100076,C00037,2025-08-26,Books,East,3,11.06,0.2,26.54,16.59,0
O112605,C05852,2025-08-26,Home & Kitchen,North,2,130.69,0.0,261.38,143.76,0
O108975,C04175,2025-08-26,Home & Kitchen,South,3,90.78,0.0,272.34,149.79,0
O105272,C02429,2025-08-27,Electronics,West,2,548.25,0.05,1041.67,789.48,0
O101752,C00815,2025-08-27,Electronics,South,3,211.5,0.0,634.5,456.84,0
O103066,C01426,2025-08-27,Home & Kitchen,South,2,27.39,0.0,54.78,30.13,0
O104188,C01937,2025-08-27,Electronics,South,3,190.56,0.1,514.51,411.61,0
O110128,C04704,2025-08-27,Books,East,1,33.73,0.0,33.73,16.86,0
O102822,C01310,2025-08-27,Sports,East,1,36.38,0.1,32.74,21.1,0
O103011,C01401,2025-08-27,Books,East,2,26.23,0.0,52.46,26.23,0
O104665,C02153,2025-08-27,Beauty,South,1,27.66,0.1,24.89,11.06,0
O102447,C01137,2025-08-27,Books,East,2,10.51,0.0,21.02,10.51,0
O109999,C04647,2025-08-27,Home & Kitchen,North,2,149.79,0.0,299.58,164.77,0
O103208,C01490,2025-08-27,Fashion,East,1,92.08,0.15,78.27,41.44,1
O104380,C02024,2025-08-27,Fashion,East,1,132.93,0.05,126.28,59.82,0
O101560,C00725,2025-08-28,Electronics,West,1,363.27,0.0,363.27,261.55,0
O110434,C04845,2025-08-28,Beauty,North,2,32.81,0.05,62.34,26.25,0
O105328,C02455,2025-08-28,Beauty,West,3,38.54,0.05,109.84,46.25,0
O107166,C03329,2025-08-28,Home & Kitchen,South,1,74.84,0.0,74.84,41.16,0
O105291,C02439,2025-08-28,Electronics,West,1,307.23,0.0,307.23,221.21,0
O112401,C05756,2025-08-28,Fashion,North,3,94.95,0.0,284.85,128.18,0
O101116,C00513,2025-08-28,Fashion,West,2,55.81,0.0,111.62,50.23,0
O112569,C05836,2025-08-28,Electronics,North,1,210.48,0.0,210.48,151.55,0
O101203,C00560,2025-08-28,Beauty,East,2,63.84,0.1,114.91,51.07,0
O101667,C00775,2025-08-28,Home & Kitchen,East,2,28.43,0.0,56.86,31.27,0
O107938,C03700,2025-08-28,Electronics,East,1,146.72,0.0,146.72,105.64,1
O109323,C04327,2025-08-28,Electronics,West,2,321.81,0.0,643.62,463.41,0
O105846,C02704,2025-08-28,Fashion,East,1,49.14,0.2,39.31,22.11,0
O100450,C00218,2025-08-28,Sports,North,1,235.08,0.0,235.08,136.35,0
O103455,C01599,2025-08-28,Beauty,South,3,63.81,0.2,153.14,76.57,1
O110247,C04762,2025-08-28,Beauty,West,3,17.15,0.0,51.45,20.58,0
O108116,C03778,2025-08-28,Electronics,East,2,520.2,0.0,1040.4,749.09,0
O106461,C02994,2025-08-28,Sports,West,3,48.94,0.0,146.82,85.16,0
O104949,C02286,2025-08-28,Fashion,North,2,42.73,0.1,76.91,38.46,1
O104592,C02120,2025-08-28,Fashion,East,1,73.9,0.0,73.9,33.26,1
O112631,C05860,2025-08-28,Fashion,North,2,50.1,0.0,100.2,45.09,1
O105632,C02601,2025-08-28,Fashion,East,2,135.72,0.3,190.01,122.15,0
O100324,C00159,2025-08-28,Fashion,West,1,53.08,0.0,53.08,23.89,0
O108903,C04142,2025-08-28,Sports,East,3,85.71,0.0,257.13,149.14,0
O101333,C00614,2025-08-29,Fashion,West,1,30.73,0.1,27.66,13.83,1
O112296,C05706,2025-08-29,Fashion,South,1,102.3,0.05,97.18,46.04,0
O109796,C04548,2025-08-29,Books,North,1,19.83,0.05,18.84,9.91,0
O108511,C03962,2025-08-29,Home & Kitchen,North,2,81.72,0.0,163.44,89.89,0
O108180,C03806,2025-08-29,Beauty,East,1,41.28,0.1,37.15,16.51,0
O106177,C02855,2025-08-29,Sports,North,1,187.76,0.15,159.6,108.9,0
O106276,C02906,2025-08-29,Beauty,West,1,42.52,0.15,36.14,17.01,0
O111238,C05236,2025-08-29,Fashion,North,1,56.03,0.1,50.43,25.21,0
O106527,C03026,2025-08-29,Beauty,West,2,31.14,0.1,56.05,24.91,0
O105456,C02512,2025-08-29,Beauty,East,2,53.09,0.0,106.18,42.47,0
O105149,C02377,2025-08-29,Beauty,North,1,47.32,0.0,47.32,18.93,0
O103536,C01631,2025-08-29,Electronics,North,2,478.51,0.0,957.02,689.05,0
O104691,C02168,2025-08-29,Fashion,East,1,71.58,0.1,64.42,32.21,0
O106229,C02882,2025-08-29,Books,North,3,15.64,0.2,37.54,23.46,0
O106204,C02869,2025-08-29,Home & Kitchen,North,1,104.22,0.0,104.22,57.32,0
O100994,C00459,2025-08-29,Sports,North,1,47.43,0.0,47.43,27.51,0
O100259,C00125,2025-08-29,Home & Kitchen,North,3,87.44,0.0,262.32,144.28,0
O112123,C05633,2025-08-29,Sports,North,2,232.03,0.0,464.06,269.15,0
O107171,C03332,2025-08-29,Beauty,West,2,61.71,0.2,98.74,49.37,0
O102425,C01127,2025-08-29,Home & Kitchen,East,1,128.25,0.05,121.84,70.54,0
O102342,C01086,2025-08-29,Fashion,West,1,117.94,0.2,94.35,53.07,0
O111498,C05364,2025-08-29,Beauty,South,3,48.15,0.0,144.45,57.78,0
O112344,C05731,2025-08-29,Books,North,3,15.66,0.0,46.98,23.49,1
O107366,C03429,2025-08-29,Electronics,South,1,331.68,0.1,298.51,238.81,0
O109210,C04278,2025-08-29,Home & Kitchen,East,3,32.48,0.0,97.44,53.59,0
O111773,C05484,2025-08-29,Home & Kitchen,East,1,147.87,0.2,118.3,81.33,0
O109287,C04312,2025-08-29,Beauty,South,1,53.14,0.15,45.17,21.26,0
O112610,C05854,2025-08-30,Books,East,2,28.72,0.0,57.44,28.72,0
O103771,C01735,2025-08-30,Sports,West,1,41.72,0.0,41.72,24.2,0
O101040,C00480,2025-08-30,Books,East,3,11.77,0.0,35.31,17.66,0
O110621,C04944,2025-08-30,Sports,East,1,116.01,0.0,116.01,67.29,0
O111982,C05581,2025-08-30,Beauty,East,3,11.76,0.05,33.52,14.11,0
O111697,C05453,2025-08-30,Electronics,North,1,227.87,0.0,227.87,164.07,0
O110765,C05011,2025-08-30,Fashion,West,3,100.83,0.2,241.99,136.12,1
O103395,C01574,2025-08-30,Beauty,South,1,58.27,0.0,58.27,23.31,0
O103742,C01721,2025-08-30,Beauty,South,2,13.85,0.2,22.16,11.08,0
O102681,C01247,2025-08-30,Home & Kitchen,West,3,159.83,0.0,479.49,263.72,0
O110191,C04735,2025-08-30,Sports,West,1,66.35,0.05,63.03,38.48,0
O103354,C01552,2025-08-30,Electronics,East,2,384.87,0.0,769.74,554.21,0
O112696,C05893,2025-08-30,Fashion,East,1,75.03,0.15,63.78,33.76,0
O111171,C05203,2025-08-30,Beauty,North,1,32.48,0.2,25.98,12.99,0
O106115,C02826,2025-08-30,Electronics,North,2,486.0,0.1,874.8,699.84,0
O102354,C01093,2025-08-30,Fashion,West,3,46.3,0.0,138.9,62.5,0
O104789,C02209,2025-08-30,Beauty,North,3,10.01,0.0,30.03,12.01,0
O107666,C03580,2025-08-30,Electronics,West,3,256.47,0.05,730.94,553.98,0
O102740,C01280,2025-08-30,Books,East,1,21.98,0.0,21.98,10.99,0
O101237,C00570,2025-08-30,Home & Kitchen,South,1,88.42,0.2,70.74,48.63,0
O102213,C01024,2025-08-30,Books,West,2,38.73,0.1,69.71,38.73,0
O101324,C00610,2025-08-30,Fashion,North,1,35.04,0.15,29.78,15.77,0
O102239,C01035,2025-08-30,Beauty,North,1,15.63,0.0,15.63,6.25,0
O111577,C05395,2025-08-31,Home & Kitchen,North,1,70.7,0.0,70.7,38.89,0
O102471,C01147,2025-08-31,Fashion,North,2,77.07,0.1,138.73,69.36,0
O112006,C05590,2025-08-31,Beauty,East,1,63.4,0.1,57.06,25.36,0
O102252,C01041,2025-08-31,Beauty,South,2,13.13,0.15,22.32,10.5,0
O104003,C01844,2025-08-31,Sports,South,1,30.27,0.0,30.27,17.56,0
O111511,C05369,2025-08-31,Electronics,South,1,545.4,0.0,545.4,392.69,0
O109792,C04545,2025-08-31,Home & Kitchen,East,3,165.48,0.0,496.44,273.04,0
O107233,C03364,2025-08-31,Fashion,North,1,134.06,0.05,127.36,60.33,0
O111784,C05489,2025-08-31,Fashion,East,1,54.83,0.3,38.38,24.67,0
O109002,C04187,2025-08-31,Home & Kitchen,North,2,147.5,0.05,280.25,162.25,0
O102132,C00985,2025-08-31,Electronics,South,1,537.52,0.0,537.52,387.01,0
O100902,C00419,2025-08-31,Fashion,North,1,83.7,0.0,83.7,37.66,1
O106600,C03061,2025-08-31,Fashion,East,1,136.81,0.0,136.81,61.56,0
O103862,C01777,2025-08-31,Home & Kitchen,South,1,148.52,0.1,133.67,81.69,0
O109654,C04475,2025-08-31,Electronics,South,2,261.34,0.05,496.55,376.33,0
O105546,C02558,2025-08-31,Books,South,1,10.03,0.0,10.03,5.01,0
O109879,C04589,2025-08-31,Books,East,1,23.71,0.0,23.71,11.86,0
O110530,C04897,2025-08-31,Electronics,East,1,355.1,0.0,355.1,255.67,0
O112364,C05739,2025-08-31,Books,East,1,30.0,0.15,25.5,15.0,0
O107892,C03684,2025-08-31,Home & Kitchen,West,1,163.86,0.0,163.86,90.12,0
O105230,C02414,2025-08-31,Electronics,North,1,293.46,0.3,205.42,211.29,1
O107172,C03332,2025-09-01,Electronics,West,1,120.11,0.05,114.1,86.48,0
O102674,C01242,2025-09-01,Books,West,2,29.86,0.0,59.72,29.86,0
O108729,C04057,2025-09-01,Sports,West,1,153.62,0.0,153.62,89.1,1
O111896,C05538,2025-09-01,Fashion,West,2,68.31,0.0,136.62,61.48,1
O101889,C00882,2025-09-01,Fashion,West,2,59.96,0.0,119.92,53.96,0
O109517,C04412,2025-09-01,Books,East,1,9.99,0.2,7.99,5.0,0
O101419,C00650,2025-09-01,Electronics,West,1,249.41,0.05,236.94,179.58,0
O106271,C02903,2025-09-01,Books,North,2,11.68,0.15,19.86,11.68,0
O109214,C04280,2025-09-01,Sports,East,2,153.0,0.0,306.0,177.48,0
O107185,C03339,2025-09-01,Sports,North,1,76.84,0.0,76.84,44.57,0
O104953,C02288,2025-09-01,Electronics,East,1,590.25,0.0,590.25,424.98,0
O108478,C03946,2025-09-01,Books,East,2,21.45,0.3,30.03,21.45,0
O104563,C02105,2025-09-01,Fashion,West,3,89.16,0.1,240.73,120.37,0
O107262,C03379,2025-09-01,Fashion,South,1,24.73,0.0,24.73,11.13,0
O102222,C01028,2025-09-01,Fashion,East,1,107.24,0.2,85.79,48.26,0
O108447,C03930,2025-09-01,Books,West,1,29.43,0.0,29.43,14.72,0
O112491,C05797,2025-09-01,Books,South,1,25.33,0.3,17.73,12.66,0
O105527,C02549,2025-09-02,Home & Kitchen,East,2,94.3,0.0,188.6,103.73,1
O107789,C03634,2025-09-02,Home & Kitchen,East,2,48.22,0.15,81.97,53.04,0
O106589,C03055,2025-09-02,Fashion,North,2,129.07,0.0,258.14,116.16,0
O101913,C00892,2025-09-02,Home & Kitchen,East,1,41.01,0.0,41.01,22.56,0
O105313,C02447,2025-09-02,Electronics,West,3,469.83,0.0,1409.49,1014.83,0
O102170,C01007,2025-09-02,Fashion,South,2,98.48,0.0,196.96,88.63,0
O102165,C01003,2025-09-02,Home & Kitchen,West,3,74.43,0.1,200.96,122.81,0
O107471,C03478,2025-09-02,Electronics,South,2,378.3,0.05,718.77,544.75,1
O111355,C05293,2025-09-02,Home & Kitchen,South,2,136.85,0.0,273.7,150.54,0
O104968,C02294,2025-09-02,Beauty,East,1,33.88,0.05,32.19,13.55,0
O104675,C02159,2025-09-02,Home & Kitchen,South,1,84.27,0.05,80.06,46.35,0
O110043,C04666,2025-09-02,Electronics,South,1,179.3,0.0,179.3,129.1,0
O107142,C03316,2025-09-02,Beauty,East,2,55.79,0.1,100.42,44.63,0
O103230,C01500,2025-09-02,Sports,East,1,49.1,0.0,49.1,28.48,0
O107358,C03425,2025-09-02,Sports,North,2,213.41,0.0,426.82,247.56,0
O112190,C05663,2025-09-02,Beauty,West,2,61.84,0.0,123.68,49.47,0
O103282,C01521,2025-09-02,Home & Kitchen,North,2,145.89,0.0,291.78,160.48,0
O108920,C04149,2025-09-02,Electronics,East,3,414.66,0.0,1243.98,895.67,0
O106705,C03105,2025-09-02,Home & Kitchen,South,1,109.98,0.2,87.98,60.49,0
O100406,C00197,2025-09-02,Electronics,East,1,565.03,0.0,565.03,406.82,0
O110679,C04970,2025-09-02,Books,North,2,39.47,0.0,78.94,39.47,1
O111182,C05209,2025-09-02,Fashion,East,1,105.6,0.1,95.04,47.52,0
O103785,C01742,2025-09-02,Books,North,1,14.19,0.0,14.19,7.1,0
O105706,C02640,2025-09-03,Beauty,East,1,23.04,0.0,23.04,9.22,0
O104907,C02267,2025-09-03,Fashion,South,1,63.54,0.0,63.54,28.59,0
O103370,C01560,2025-09-03,Fashion,East,1,96.17,0.2,76.94,43.28,0
O110415,C04839,2025-09-03,Books,East,2,14.68,0.0,29.36,14.68,0
O102080,C00964,2025-09-03,Sports,North,1,142.84,0.0,142.84,82.85,0
O105674,C02621,2025-09-03,Electronics,South,1,391.1,0.0,391.1,281.59,1
O104541,C02096,2025-09-03,Electronics,East,2,264.34,0.0,528.68,380.65,1
O106506,C03016,2025-09-03,Electronics,North,1,232.56,0.1,209.3,167.44,0
O105391,C02482,2025-09-03,Electronics,North,1,313.61,0.1,282.25,225.8,0
O112302,C05710,2025-09-03,Home & Kitchen,South,3,116.93,0.0,350.79,192.93,1
O106948,C03224,2025-09-03,Fashion,North,2,55.74,0.0,111.48,50.17,0
O112095,C05624,2025-09-03,Fashion,East,3,57.8,0.0,173.4,78.03,0
O111141,C05187,2025-09-03,Home & Kitchen,South,1,139.1,0.0,139.1,76.51,0
O108419,C03918,2025-09-03,Electronics,East,2,130.05,0.0,260.1,187.27,0
O102476,C01150,2025-09-03,Electronics,South,3,497.22,0.0,1491.66,1074.0,0
O110535,C04899,2025-09-03,Electronics,West,1,281.16,0.2,224.93,202.44,0
O107405,C03448,2025-09-03,Books,South,1,25.63,0.2,20.5,12.82,0
O108750,C04067,2025-09-03,Books,East,2,23.99,0.1,43.18,23.99,0
O109373,C04349,2025-09-03,Books,North,2,18.42,0.05,35.0,18.42,0
O106792,C03148,2025-09-03,Fashion,South,1,118.76,0.1,106.88,53.44,1
O102174,C01009,2025-09-03,Sports,North,1,78.47,0.15,66.7,45.51,0
O103199,C01486,2025-09-03,Beauty,South,1,18.73,0.2,14.98,7.49,0
O101160,C00537,2025-09-03,Home & Kitchen,North,1,44.02,0.3,30.81,24.21,0
O104030,C01856,2025-09-03,Home & Kitchen,West,1,30.24,0.0,30.24,16.63,0
O106643,C03082,2025-09-03,Sports,North,2,246.08,0.0,492.16,285.45,0
O103152,C01465,2025-09-04,Home & Kitchen,North,1,55.75,0.0,55.75,30.66,0
O104657,C02149,2025-09-04,Beauty,West,1,19.97,0.1,17.97,7.99,0
O111435,C05329,2025-09-04,Books,West,2,36.88,0.0,73.76,36.88,1
O102570,C01197,2025-09-04,Electronics,North,1,391.6,0.0,391.6,281.95,0
O101699,C00788,2025-09-04,Beauty,North,2,31.75,0.0,63.5,25.4,0
O105198,C02402,2025-09-04,Home & Kitchen,North,1,167.95,0.0,167.95,92.37,0
O103043,C01419,2025-09-04,Electronics,North,2,328.14,0.0,656.28,472.52,0
O104545,C02098,2025-09-04,Sports,East,1,189.16,0.0,189.16,109.71,0
O100308,C00151,2025-09-04,Electronics,North,3,185.47,0.05,528.59,400.62,0
O106047,C02797,2025-09-04,Fashion,East,1,77.17,0.0,77.17,34.73,0
O102608,C01214,2025-09-04,Electronics,North,1,263.19,0.0,263.19,189.5,0
O101425,C00652,2025-09-04,Fashion,North,2,58.62,0.05,111.38,52.76,0
O106096,C02818,2025-09-04,Sports,North,3,93.71,0.0,281.13,163.06,0
O100197,C00098,2025-09-04,Home & Kitchen,South,2,85.21,0.1,153.38,93.73,0
O107599,C03540,2025-09-04,Electronics,East,1,434.64,0.0,434.64,312.94,0
O106161,C02847,2025-09-04,Fashion,West,3,116.34,0.15,296.67,157.06,1
O106911,C03205,2025-09-04,Fashion,North,2,26.6,0.0,53.2,23.94,0
O105534,C02551,2025-09-04,Books,South,1,17.12,0.05,16.26,8.56,0
O109598,C04451,2025-09-04,Beauty,North,1,66.08,0.0,66.08,26.43,0
O106014,C02783,2025-09-04,Books,South,1,36.52,0.0,36.52,18.26,0
O106221,C02879,2025-09-05,Home & Kitchen,East,1,65.17,0.2,52.14,35.84,0
O103502,C01617,2025-09-05,Electronics,North,1,400.97,0.0,400.97,288.7,0
O112208,C05670,2025-09-05,Sports,West,2,150.8,0.15,256.36,174.93,0
O103435,C01589,2025-09-05,Books,East,2,11.48,0.0,22.96,11.48,0
O111079,C05156,2025-09-05,Home & Kitchen,West,2,66.42,0.2,106.27,73.06,0
O110907,C05075,2025-09-05,Home & Kitchen,West,2,99.5,0.0,199.0,109.45,0
O101837,C00856,2025-09-05,Beauty,North,3,51.89,0.2,124.54,62.27,0
O102939,C01370,2025-09-05,Sports,South,2,231.61,0.15,393.74,268.67,0
O107117,C03304,2025-09-05,Beauty,North,1,50.6,0.15,43.01,20.24,0
O100844,C00396,2025-09-05,Home & Kitchen,West,3,103.03,0.0,309.09,170.0,0
O107958,C03710,2025-09-05,Books,North,2,13.14,0.2,21.02,13.14,0
O112892,C05982,2025-09-05,Home & Kitchen,East,1,173.34,0.05,164.67,95.34,0
O101797,C00837,2025-09-05,Books,East,2,32.89,0.0,65.78,32.89,0
O106747,C03127,2025-09-05,Beauty,North,2,37.68,0.0,75.36,30.14,1
O106734,C03118,2025-09-05,Books,North,2,37.81,0.0,75.62,37.81,0
O102101,C00973,2025-09-05,Beauty,East,1,37.68,0.2,30.14,15.07,0
O105100,C02353,2025-09-05,Beauty,East,1,69.39,0.2,55.51,27.76,0
O106105,C02821,2025-09-05,Books,East,2,19.88,0.0,39.76,19.88,0
O105660,C02614,2025-09-05,Electronics,East,2,549.63,0.0,1099.26,791.47,0
O108570,C03985,2025-09-05,Sports,South,3,164.49,0.15,419.45,286.21,0
O106153,C02843,2025-09-05,Electronics,North,2,301.48,0.0,602.96,434.13,1
O109799,C04550,2025-09-05,Beauty,North,1,32.93,0.0,32.93,13.17,0
O101389,C00636,2025-09-05,Books,North,1,21.64,0.0,21.64,10.82,0
O112762,C05928,2025-09-05,Beauty,West,2,46.55,0.1,83.79,37.24,0
O106580,C03050,2025-09-05,Home & Kitchen,East,3,110.15,0.0,330.45,181.75,0
O111648,C05430,2025-09-05,Books,East,2,34.34,0.0,68.68,34.34,0
O108524,C03966,2025-09-05,Fashion,East,3,131.94,0.0,395.82,178.12,1
O101193,C00553,2025-09-05,Electronics,South,2,499.59,0.0,999.18,719.41,0
O102216,C01025,2025-09-05,Beauty,East,3,22.44,0.0,67.32,26.93,0
O108738,C04060,2025-09-05,Electronics,South,1,123.7,0.0,123.7,89.06,0
O105288,C02437,2025-09-06,Beauty,West,1,46.26,0.0,46.26,18.5,0
O108113,C03776,2025-09-06,Books,South,1,19.14,0.0,19.14,9.57,0
O102212,C01023,2025-09-06,Home & Kitchen,South,1,178.1,0.0,178.1,97.96,0
O106956,C03230,2025-09-06,Home & Kitchen,South,2,63.66,0.0,127.32,70.03,0
O101572,C00729,2025-09-06,Beauty,East,1,37.2,0.0,37.2,14.88,0
O108440,C03927,2025-09-06,Home & Kitchen,North,2,55.78,0.0,111.56,61.36,0
O108352,C03881,2025-09-06,Electronics,North,2,252.35,0.05,479.46,363.38,0
O112705,C05900,2025-09-06,Fashion,North,1,132.51,0.0,132.51,59.63,0
O103063,C01425,2025-09-06,Fashion,East,1,111.56,0.1,100.4,50.2,0
O102400,C01113,2025-09-06,Electronics,East,1,215.99,0.0,215.99,155.51,0
O109215,C04280,2025-09-06,Home & Kitchen,East,2,67.32,0.1,121.18,74.05,0
O109246,C04293,2025-09-06,Home & Kitchen,West,1,163.24,0.1,146.92,89.78,0
O106114,C02825,2025-09-06,Fashion,South,2,100.83,0.0,201.66,90.75,0
O104625,C02134,2025-09-06,Beauty,South,1,48.35,0.0,48.35,19.34,0
O103360,C01554,2025-09-06,Home & Kitchen,East,3,80.57,0.3,169.2,132.94,0
O110620,C04943,2025-09-06,Beauty,East,1,61.82,0.05,58.73,24.73,0
O108154,C03792,2025-09-06,Beauty,South,2,51.58,0.0,103.16,41.26,0
O101775,C00829,2025-09-06,Fashion,West,3,35.97,0.1,97.12,48.56,0
O106018,C02784,2025-09-06,Beauty,West,2,67.0,0.1,120.6,53.6,1
O110348,C04806,2025-09-06,Electronics,East,1,175.95,0.2,140.76,126.68,1
O101199,C00558,2025-09-06,Electronics,West,2,304.75,0.1,548.55,438.84,0
O107223,C03358,2025-09-06,Home & Kitchen,West,1,91.02,0.0,91.02,50.06,0
O110105,C04694,2025-09-06,Sports,North,3,93.51,0.05,266.5,162.71,0
O100302,C00146,2025-09-06,Beauty,East,1,66.15,0.0,66.15,26.46,0
O101092,C00504,2025-09-06,Electronics,East,2,251.8,0.0,503.6,362.59,0
O107420,C03455,2025-09-06,Beauty,East,2,48.24,0.0,96.48,38.59,0
O111563,C05390,2025-09-06,Beauty,East,1,59.72,0.0,59.72,23.89,0
O104971,C02296,2025-09-06,Books,East,1,20.98,0.0,20.98,10.49,0
O102885,C01347,2025-09-06,Fashion,East,1,135.97,0.0,135.97,61.19,0
O106496,C03012,2025-09-06,Fashion,East,2,69.5,0.0,139.0,62.55,0
O112915,C05997,2025-09-07,Beauty,West,1,44.01,0.0,44.01,17.6,0
O100483,C00232,2025-09-07,Fashion,North,1,51.97,0.1,46.77,23.39,1
O111585,C05400,2025-09-07,Fashion,East,2,76.85,0.0,153.7,69.16,0
O100451,C00218,2025-09-07,Home & Kitchen,North,1,88.29,0.0,88.29,48.56,0
O109814,C04558,2025-09-07,Sports,South,1,48.37,0.0,48.37,28.05,0
O110847,C05047,2025-09-07,Fashion,East,1,74.34,0.0,74.34,33.45,0
O109549,C04426,2025-09-07,Beauty,North,3,21.31,0.1,57.54,25.57,0
O107452,C03470,2025-09-07,Fashion,West,1,46.09,0.0,46.09,20.74,1
O106709,C03107,2025-09-07,Electronics,West,2,451.03,0.0,902.06,649.48,0
O106737,C03120,2025-09-07,Home & Kitchen,North,1,148.03,0.0,148.03,81.42,0
O103493,C01614,2025-09-07,Books,South,2,33.77,0.0,67.54,33.77,0
O111351,C05291,2025-09-07,Electronics,East,1,510.68,0.1,459.61,367.69,0
O110015,C04653,2025-09-07,Sports,East,2,168.09,0.0,336.18,194.98,0
O100012,C00006,2025-09-07,Sports,East,1,62.28,0.0,62.28,36.12,0
O109870,C04587,2025-09-07,Fashion,North,2,73.58,0.0,147.16,66.22,0
O105781,C02672,2025-09-07,Electronics,West,3,134.36,0.05,382.93,290.22,0
O109780,C04540,2025-09-07,Books,North,1,17.7,0.0,17.7,8.85,0
O100079,C00038,2025-09-07,Fashion,North,2,98.13,0.1,176.63,88.32,0
O102828,C01313,2025-09-08,Fashion,North,1,87.67,0.1,78.9,39.45,0
O107421,C03456,2025-09-08,Home & Kitchen,East,1,51.99,0.0,51.99,28.59,1
O103707,C01706,2025-09-08,Fashion,South,1,43.12,0.15,36.65,19.4,0
O112036,C05600,2025-09-08,Fashion,South,2,23.0,0.0,46.0,20.7,0
O109334,C04333,2025-09-08,Electronics,South,2,486.21,0.0,972.42,700.14,0
O105857,C02710,2025-09-08,Sports,East,1,40.52,0.0,40.52,23.5,0
O103722,C01713,2025-09-08,Electronics,East,1,350.71,0.0,350.71,252.51,0
O111986,C05583,2025-09-08,Sports,East,2,215.28,0.1,387.5,249.72,0
O102886,C01347,2025-09-08,Fashion,East,3,42.24,0.3,88.7,57.02,0
O102077,C00963,2025-09-08,Electronics,East,2,121.62,0.0,243.24,175.13,0
O105114,C02360,2025-09-08,Fashion,West,2,54.74,0.0,109.48,49.27,0
O100082,C00040,2025-09-08,Fashion,East,2,57.02,0.0,114.04,51.32,0
O108332,C03873,2025-09-08,Fashion,South,1,22.89,0.0,22.89,10.3,0
O102192,C01016,2025-09-08,Home & Kitchen,East,1,79.18,0.0,79.18,43.55,0
O110875,C05063,2025-09-08,Sports,East,1,89.38,0.0,89.38,51.84,0
O102448,C01137,2025-09-08,Electronics,East,1,373.1,0.0,373.1,268.63,0
O104660,C02150,2025-09-08,Home & Kitchen,North,1,172.97,0.05,164.32,95.13,0
O111343,C05288,2025-09-08,Electronics,West,1,416.45,0.1,374.81,299.84,1
O104784,C02208,2025-09-08,Home & Kitchen,West,1,169.93,0.0,169.93,93.46,0
O100384,C00189,2025-09-08,Books,North,1,39.7,0.0,39.7,19.85,0
O109649,C04472,2025-09-08,Sports,West,1,130.32,0.0,130.32,75.59,0
O105968,C02761,2025-09-08,Fashion,North,1,136.43,0.0,136.43,61.39,0
O103247,C01506,2025-09-08,Electronics,South,2,257.54,0.0,515.08,370.86,0
O108516,C03963,2025-09-08,Beauty,East,3,32.11,0.1,86.7,38.53,0
O108512,C03962,2025-09-08,Fashion,North,2,58.27,0.1,104.89,52.44,1
O108534,C03969,2025-09-09,Electronics,East,3,532.59,0.3,1118.44,1150.39,1
O103044,C01419,2025-09-09,Home & Kitchen,North,2,101.88,0.0,203.76,112.07,0
O104710,C02178,2025-09-09,Beauty,North,2,51.33,0.1,92.39,41.06,0
O107475,C03480,2025-09-09,Fashion,South,2,115.63,0.0,231.26,104.07,1
O102052,C00951,2025-09-09,Sports,South,1,131.5,0.0,131.5,76.27,0
O106990,C03247,2025-09-09,Electronics,West,2,462.57,0.1,832.63,666.1,0
O103430,C01587,2025-09-09,Fashion,East,1,124.42,0.0,124.42,55.99,1
O100843,C00395,2025-09-09,Books,East,2,33.48,0.05,63.61,33.48,0
O104599,C02123,2025-09-09,Home & Kitchen,South,2,83.92,0.0,167.84,92.31,1
O105095,C02350,2025-09-09,Home & Kitchen,North,2,63.73,0.05,121.09,70.1,0
O106253,C02893,2025-09-09,Books,East,1,18.93,0.0,18.93,9.46,0
O112570,C05837,2025-09-09,Books,East,2,16.88,0.1,30.38,16.88,0
O103725,C01714,2025-09-09,Books,West,2,38.64,0.15,65.69,38.64,0
O107668,C03581,2025-09-09,Fashion,West,3,67.98,0.0,203.94,91.77,0
O110680,C04971,2025-09-09,Electronics,East,1,265.67,0.0,265.67,191.28,1
O102253,C01042,2025-09-10,Electronics,East,1,594.22,0.1,534.8,427.84,0
O108282,C03851,2025-09-10,Beauty,West,1,10.96,0.0,10.96,4.38,0
O106342,C02934,2025-09-10,Home & Kitchen,North,1,144.2,0.0,144.2,79.31,0
O105732,C02652,2025-09-10,Beauty,South,3,34.51,0.1,93.18,41.41,0
O105730,C02651,2025-09-10,Sports,West,1,48.61,0.15,41.32,28.19,0
O108911,C04144,2025-09-10,Fashion,North,1,118.95,0.0,118.95,53.53,0
O110066,C04675,2025-09-10,Beauty,South,2,16.5,0.05,31.35,13.2,0
O101200,C00558,2025-09-10,Fashion,West,3,121.34,0.2,291.22,163.81,0
O108791,C04083,2025-09-10,Sports,East,1,185.75,0.0,185.75,107.74,0
O112047,C05604,2025-09-10,Fashion,West,2,65.87,0.0,131.74,59.28,0
O102679,C01245,2025-09-10,Sports,East,1,130.45,0.1,117.4,75.66,1
O112835,C05960,2025-09-10,Electronics,East,1,357.92,0.0,357.92,257.7,1
O111352,C05292,2025-09-10,Beauty,West,1,33.95,0.2,27.16,13.58,0
O103361,C01554,2025-09-10,Sports,East,3,152.9,0.1,412.83,266.05,0
O110108,C04696,2025-09-10,Electronics,East,2,280.08,0.0,560.16,403.32,0
O112852,C05965,2025-09-10,Home & Kitchen,South,1,79.78,0.0,79.78,43.88,0
O107842,C03661,2025-09-10,Home & Kitchen,South,3,178.02,0.05,507.36,293.73,0
O100996,C00460,2025-09-10,Beauty,East,3,56.44,0.0,169.32,67.73,0
O112389,C05751,2025-09-10,Beauty,East,1,56.49,0.0,56.49,22.6,0
O107109,C03299,2025-09-10,Fashion,North,2,122.05,0.2,195.28,109.84,0
O107636,C03564,2025-09-10,Home & Kitchen,West,2,39.93,0.0,79.86,43.92,0
O108730,C04057,2025-09-10,Sports,West,1,212.36,0.15,180.51,123.17,0
O111830,C05510,2025-09-10,Books,West,3,22.15,0.05,63.13,33.22,0
O111698,C05453,2025-09-11,Home & Kitchen,North,1,165.79,0.0,165.79,91.18,0
O101457,C00668,2025-09-11,Beauty,North,1,35.88,0.0,35.88,14.35,0
O105997,C02774,2025-09-11,Beauty,East,1,37.71,0.3,26.4,15.08,0
O107610,C03548,2025-09-11,Beauty,East,2,61.94,0.0,123.88,49.55,0
O111774,C05484,2025-09-11,Books,East,2,8.43,0.1,15.17,8.43,0
O100474,C00228,2025-09-11,Home & Kitchen,North,1,25.63,0.0,25.63,14.1,0
O104110,C01898,2025-09-11,Sports,East,1,198.99,0.0,198.99,115.41,0
O108461,C03936,2025-09-11,Fashion,East,1,109.74,0.3,76.82,49.38,0
O106591,C03056,2025-09-11,Home & Kitchen,North,2,51.31,0.3,71.83,56.44,0
O102940,C01371,2025-09-11,Fashion,South,2,121.82,0.0,243.64,109.64,0
O106985,C03244,2025-09-11,Fashion,East,1,98.58,0.05,93.65,44.36,1
O107989,C03722,2025-09-11,Beauty,South,1,38.18,0.3,26.73,15.27,0
O101399,C00639,2025-09-11,Beauty,West,1,51.66,0.0,51.66,20.66,0
O112647,C05868,2025-09-11,Home & Kitchen,South,2,113.53,0.0,227.06,124.88,0
O101979,C00921,2025-09-11,Fashion,North,1,33.28,0.05,31.62,14.98,0
O110226,C04749,2025-09-11,Books,South,1,16.79,0.15,14.27,8.4,0
O103506,C01618,2025-09-12,Books,East,1,39.83,0.0,39.83,19.92,0
O101346,C00618,2025-09-12,Fashion,North,1,67.68,0.05,64.3,30.46,0
O103768,C01733,2025-09-12,Fashion,South,2,105.46,0.0,210.92,94.91,0
O106759,C03133,2025-09-12,Fashion,East,2,110.17,0.0,220.34,99.15,0
O107715,C03601,2025-09-12,Beauty,North,1,18.05,0.05,17.15,7.22,0
O104666,C02153,2025-09-12,Electronics,South,1,433.45,0.0,433.45,312.08,0
O101679,C00780,2025-09-12,Beauty,West,2,65.08,0.05,123.65,52.06,0
O110461,C04860,2025-09-12,Books,East,2,23.85,0.0,47.7,23.85,0
O104254,C01971,2025-09-12,Home & Kitchen,East,3,179.47,0.2,430.73,296.13,0
O105782,C02672,2025-09-12,Electronics,West,2,489.78,0.05,930.58,705.28,0
O103541,C01634,2025-09-12,Beauty,North,1,27.49,0.0,27.49,11.0,1
O104201,C01943,2025-09-12,Home & Kitchen,East,1,116.77,0.1,105.09,64.22,0
O111499,C05364,2025-09-12,Home & Kitchen,South,1,161.6,0.0,161.6,88.88,0
O102499,C01163,2025-09-12,Sports,West,2,143.22,0.05,272.12,166.14,0
O110009,C04651,2025-09-12,Fashion,West,1,78.65,0.0,78.65,35.39,0
O101125,C00518,2025-09-12,Beauty,North,3,23.06,0.0,69.18,27.67,1
O104381,C02024,2025-09-12,Fashion,East,1,114.45,0.3,80.11,51.5,0
O108016,C03732,2025-09-12,Fashion,East,1,82.5,0.05,78.38,37.12,1
O109216,C04280,2025-09-12,Sports,East,3,158.97,0.0,476.91,276.61,0
O109260,C04300,2025-09-12,Home & Kitchen,East,2,74.24,0.1,133.63,81.66,0
O107527,C03502,2025-09-12,Fashion,South,1,124.65,0.2,99.72,56.09,0
O110841,C05045,2025-09-12,Beauty,West,1,53.32,0.2,42.66,21.33,0
O101923,C00896,2025-09-12,Electronics,East,2,414.33,0.0,828.66,596.64,0
O106971,C03239,2025-09-13,Fashion,West,2,71.11,0.0,142.22,64.0,0
O103939,C01815,2025-09-13,Home & Kitchen,South,1,81.29,0.05,77.23,44.71,0
O102848,C01325,2025-09-13,Fashion,North,2,38.8,0.0,77.6,34.92,1
O102652,C01232,2025-09-13,Home & Kitchen,North,1,172.85,0.1,155.56,95.07,0
O101330,C00613,2025-09-13,Sports,East,2,142.4,0.3,199.36,165.18,0
O111118,C05173,2025-09-13,Home & Kitchen,East,2,168.38,0.0,336.76,185.22,0
O107653,C03573,2025-09-13,Fashion,East,1,48.66,0.0,48.66,21.9,0
O111136,C05183,2025-09-13,Beauty,East,2,65.83,0.1,118.49,52.66,0
O105269,C02428,2025-09-13,Beauty,West,2,66.58,0.0,133.16,53.26,0
O112746,C05919,2025-09-13,Sports,West,1,172.75,0.0,172.75,100.2,0
O112887,C05980,2025-09-13,Beauty,East,1,16.66,0.2,13.33,6.66,0
O101898,C00885,2025-09-13,Books,West,2,11.55,0.3,16.17,11.55,0
O107028,C03264,2025-09-13,Books,East,3,23.44,0.0,70.32,35.16,0
O107133,C03311,2025-09-14,Sports,North,2,106.39,0.1,191.5,123.41,0
O108230,C03825,2025-09-14,Electronics,East,1,310.45,0.0,310.45,223.52,0
O101553,C00720,2025-09-14,Electronics,South,1,483.7,0.05,459.51,348.26,0
O103769,C01734,2025-09-14,Beauty,North,2,21.46,0.0,42.92,17.17,0
O100920,C00427,2025-09-14,Sports,North,1,158.82,0.0,158.82,92.12,0
O100910,C00423,2025-09-14,Beauty,East,3,15.54,0.0,46.62,18.65,0
O102424,C01126,2025-09-14,Fashion,North,2,81.77,0.0,163.54,73.59,0
O107460,C03474,2025-09-14,Home & Kitchen,East,3,35.58,0.0,106.74,58.71,0
O103789,C01743,2025-09-14,Electronics,East,1,281.23,0.3,196.86,202.49,0
O107872,C03678,2025-09-14,Home & Kitchen,West,3,163.41,0.1,441.21,269.63,0
O110505,C04885,2025-09-14,Electronics,North,1,370.65,0.3,259.45,266.87,0
O109157,C04256,2025-09-14,Books,North,1,24.01,0.2,19.21,12.0,0
O103025,C01408,2025-09-14,Fashion,South,2,95.79,0.2,153.26,86.21,0
O109247,C04293,2025-09-14,Fashion,West,2,40.19,0.1,72.34,36.17,0
O111441,C05332,2025-09-14,Electronics,East,2,418.96,0.0,837.92,603.3,0
O106778,C03140,2025-09-14,Sports,South,1,81.22,0.1,73.1,47.11,0
O102951,C01375,2025-09-14,Electronics,East,3,393.69,0.0,1181.07,850.37,0
O110063,C04674,2025-09-14,Books,South,2,16.78,0.0,33.56,16.78,0
O105254,C02422,2025-09-14,Home & Kitchen,South,3,60.62,0.15,154.58,100.02,0
O105164,C02386,2025-09-14,Sports,East,1,76.62,0.0,76.62,44.44,0
O105739,C02655,2025-09-14,Electronics,South,2,226.9,0.2,363.04,326.74,0
O109663,C04479,2025-09-14,Fashion,South,1,86.21,0.1,77.59,38.79,0
O101680,C00780,2025-09-14,Sports,West,1,213.82,0.0,213.82,124.02,0
O107664,C03579,2025-09-15,Books,West,1,36.96,0.2,29.57,18.48,0
O104852,C02240,2025-09-15,Home & Kitchen,East,1,30.17,0.3,21.12,16.59,0
O107187,C03340,2025-09-15,Home & Kitchen,East,3,122.5,0.2,294.0,202.13,0
O110786,C05021,2025-09-15,Beauty,North,1,28.58,0.0,28.58,11.43,0
O107955,C03708,2025-09-15,Books,East,2,30.77,0.05,58.46,30.77,0
O107965,C03713,2025-09-15,Sports,South,1,213.85,0.0,213.85,124.03,0
O100482,C00231,2025-09-15,Electronics,South,2,419.06,0.05,796.21,603.45,0
O107364,C03428,2025-09-15,Home & Kitchen,South,3,48.11,0.0,144.33,79.38,0
O111677,C05442,2025-09-15,Books,South,1,28.7,0.15,24.39,14.35,0
O110456,C04857,2025-09-15,Electronics,North,1,301.37,0.0,301.37,216.99,0
O111142,C05187,2025-09-15,Home & Kitchen,South,2,52.29,0.15,88.89,57.52,0
O101298,C00595,2025-09-15,Home & Kitchen,North,1,78.22,0.0,78.22,43.02,0
O111208,C05222,2025-09-15,Fashion,East,1,67.6,0.05,64.22,30.42,0
O109268,C04302,2025-09-15,Fashion,East,1,83.9,0.0,83.9,37.76,0
O103254,C01509,2025-09-15,Home & Kitchen,East,1,81.5,0.0,81.5,44.82,0
O108733,C04058,2025-09-15,Sports,North,1,145.17,0.0,145.17,84.2,0
O101919,C00895,2025-09-15,Fashion,West,1,107.95,0.1,97.16,48.58,0
O108837,C04108,2025-09-15,Home & Kitchen,East,3,96.98,0.1,261.85,160.02,0
O101189,C00552,2025-09-15,Electronics,East,2,131.09,0.0,262.18,188.77,1
O102457,C01141,2025-09-15,Books,South,1,14.16,0.0,14.16,7.08,0
O108587,C03993,2025-09-15,Fashion,West,1,101.94,0.15,86.65,45.87,0
O106817,C03162,2025-09-15,Beauty,East,2,56.85,0.0,113.7,45.48,0
O101711,C00793,2025-09-16,Home & Kitchen,North,3,136.94,0.0,410.82,225.95,0
O102295,C01064,2025-09-16,Fashion,East,1,94.34,0.2,75.47,42.45,0
O108158,C03795,2025-09-16,Beauty,East,3,59.95,0.0,179.85,71.94,0
O112904,C05989,2025-09-16,Fashion,North,1,106.41,0.0,106.41,47.88,0
O104283,C01984,2025-09-16,Electronics,North,2,264.3,0.15,449.31,380.59,0
O102577,C01201,2025-09-16,Books,North,1,23.87,0.0,23.87,11.94,0
O109932,C04615,2025-09-16,Sports,South,1,33.31,0.05,31.64,19.32,0
O100768,C00361,2025-09-16,Home & Kitchen,South,1,57.64,0.15,48.99,31.7,0
O104233,C01958,2025-09-16,Fashion,North,1,93.93,0.05,89.23,42.27,0
O111837,C05514,2025-09-16,Home & Kitchen,West,1,37.29,0.3,26.1,20.51,0
O112646,C05867,2025-09-16,Fashion,North,1,78.99,0.0,78.99,35.55,0
O112322,C05720,2025-09-16,Books,North,1,28.16,0.0,28.16,14.08,0
O110126,C04703,2025-09-16,Electronics,East,1,293.54,0.1,264.19,211.35,0
O104641,C02142,2025-09-16,Electronics,East,2,567.33,0.0,1134.66,816.96,0
O101367,C00625,2025-09-16,Beauty,East,2,67.06,0.0,134.12,53.65,0
O105578,C02575,2025-09-16,Fashion,South,3,80.21,0.0,240.63,108.28,0
O103963,C01824,2025-09-16,Fashion,East,2,115.54,0.2,184.86,103.99,1
O101988,C00924,2025-09-16,Home & Kitchen,West,3,31.52,0.0,94.56,52.01,0
O105481,C02524,2025-09-16,Beauty,East,1,69.21,0.0,69.21,27.68,0
O109047,C04210,2025-09-16,Books,East,1,30.43,0.2,24.34,15.22,0
O100992,C00458,2025-09-16,Sports,West,2,124.42,0.0,248.84,144.33,0
O110466,C04865,2025-09-16,Books,East,3,26.25,0.15,66.94,39.38,0
O102133,C00985,2025-09-16,Sports,South,2,189.52,0.0,379.04,219.84,0
O109640,C04466,2025-09-16,Beauty,North,1,43.68,0.0,43.68,17.47,0
O107435,C03463,2025-09-17,Home & Kitchen,East,2,56.86,0.0,113.72,62.55,0
O110581,C04922,2025-09-17,Beauty,South,3,22.17,0.2,53.21,26.6,0
O106813,C03160,2025-09-17,Beauty,West,3,41.8,0.0,125.4,50.16,0
O100168,C00085,2025-09-17,Fashion,East,3,50.52,0.0,151.56,68.2,0
O110373,C04817,2025-09-17,Fashion,East,1,89.61,0.15,76.17,40.32,0
O101540,C00713,2025-09-17,Fashion,West,1,36.17,0.0,36.17,16.28,0
O110180,C04728,2025-09-17,Books,North,2,39.8,0.0,79.6,39.8,0
O102924,C01362,2025-09-17,Books,East,1,33.31,0.0,33.31,16.66,0
O101067,C00492,2025-09-17,Electronics,North,3,415.29,0.0,1245.87,897.03,0
O110793,C05025,2025-09-17,Home & Kitchen,North,2,160.72,0.1,289.3,176.79,0
O110150,C04713,2025-09-17,Beauty,South,2,45.76,0.0,91.52,36.61,0
O112212,C05672,2025-09-17,Fashion,South,3,53.32,0.15,135.97,71.98,0
O112784,C05935,2025-09-17,Beauty,West,1,10.86,0.15,9.23,4.34,0
O110994,C05119,2025-09-17,Home & Kitchen,South,2,69.53,0.0,139.06,76.48,0
O104322,C02001,2025-09-18,Beauty,North,2,29.16,0.0,58.32,23.33,0
O106946,C03223,2025-09-18,Sports,East,3,241.56,0.0,724.68,420.31,0
O110600,C04932,2025-09-18,Fashion,East,2,81.97,0.0,163.94,73.77,0
O107046,C03272,2025-09-18,Electronics,North,2,538.19,0.0,1076.38,774.99,0
O111994,C05585,2025-09-18,Books,West,2,38.59,0.3,54.03,38.59,0
O104102,C01893,2025-09-18,Fashion,South,2,106.52,0.2,170.43,95.87,0
O101682,C00781,2025-09-18,Fashion,North,3,38.58,0.0,115.74,52.08,0
O103804,C01752,2025-09-18,Books,East,1,29.77,0.0,29.77,14.88,0
O105770,C02666,2025-09-18,Books,East,1,14.51,0.1,13.06,7.26,0
O111715,C05460,2025-09-18,Electronics,East,2,516.24,0.05,980.86,743.39,0
O105317,C02449,2025-09-18,Electronics,East,2,184.81,0.0,369.62,266.13,0
O103576,C01648,2025-09-18,Sports,North,2,176.59,0.0,353.18,204.84,0
O111321,C05278,2025-09-18,Books,East,1,19.0,0.05,18.05,9.5,0
O101588,C00736,2025-09-18,Beauty,West,1,39.19,0.0,39.19,15.68,0
O101166,C00539,2025-09-18,Fashion,North,2,117.2,0.1,210.96,105.48,0
O102472,C01147,2025-09-18,Sports,North,2,214.26,0.0,428.52,248.54,0
O112159,C05647,2025-09-18,Home & Kitchen,East,1,168.11,0.0,168.11,92.46,0
O112279,C05698,2025-09-18,Home & Kitchen,South,3,42.98,0.0,128.94,70.92,0
O100805,C00375,2025-09-18,Beauty,East,3,62.2,0.0,186.6,74.64,0
O111185,C05210,2025-09-18,Beauty,West,2,50.75,0.05,96.42,40.6,0
O103159,C01467,2025-09-18,Beauty,North,2,43.29,0.05,82.25,34.63,0
O109383,C04353,2025-09-18,Electronics,West,2,330.54,0.1,594.97,475.98,0
O108261,C03841,2025-09-18,Sports,East,1,88.63,0.0,88.63,51.41,0
O104290,C01987,2025-09-18,Beauty,East,3,16.09,0.3,33.79,19.31,0
O109329,C04330,2025-09-18,Sports,South,2,81.83,0.05,155.48,94.92,0
O110419,C04841,2025-09-19,Electronics,West,1,234.61,0.0,234.61,168.92,0
O110566,C04915,2025-09-19,Sports,West,2,140.76,0.0,281.52,163.28,0
O112586,C05845,2025-09-19,Home & Kitchen,East,1,54.12,0.0,54.12,29.77,0
O101681,C00780,2025-09-19,Electronics,West,1,471.06,0.1,423.95,339.16,1
O112239,C05682,2025-09-19,Beauty,East,1,59.32,0.0,59.32,23.73,0
O112542,C05823,2025-09-19,Electronics,East,2,200.98,0.05,381.86,289.41,0
O107170,C03331,2025-09-19,Books,South,1,34.31,0.0,34.31,17.16,0
O104823,C02227,2025-09-19,Home & Kitchen,North,1,117.13,0.0,117.13,64.42,0
O104988,C02304,2025-09-19,Home & Kitchen,South,3,43.91,0.05,125.14,72.45,0
O104077,C01878,2025-09-19,Fashion,East,2,123.78,0.3,173.29,111.4,0
O104288,C01986,2025-09-19,Books,South,2,11.82,0.1,21.28,11.82,0
O102590,C01205,2025-09-19,Beauty,East,2,23.45,0.3,32.83,18.76,0
O112841,C05961,2025-09-19,Sports,North,2,192.96,0.0,385.92,223.83,0
O110938,C05091,2025-09-19,Sports,South,2,51.76,0.0,103.52,60.04,0
O112022,C05595,2025-09-19,Beauty,North,2,21.41,0.3,29.97,17.13,0
O111246,C05242,2025-09-19,Sports,West,1,70.88,0.05,67.34,41.11,0
O109918,C04609,2025-09-19,Home & Kitchen,South,1,110.63,0.0,110.63,60.85,0
O102975,C01384,2025-09-19,Fashion,South,1,79.54,0.0,79.54,35.79,0
O108398,C03905,2025-09-19,Beauty,South,2,60.94,0.05,115.79,48.75,0
O108203,C03815,2025-09-19,Fashion,East,1,93.53,0.0,93.53,42.09,0
O101774,C00828,2025-09-19,Home & Kitchen,South,2,108.36,0.15,184.21,119.2,0
O103890,C01792,2025-09-20,Books,North,3,39.86,0.15,101.64,59.79,0
O110236,C04754,2025-09-20,Home & Kitchen,West,2,25.61,0.15,43.54,28.17,0
O110030,C04661,2025-09-20,Fashion,South,3,114.53,0.0,343.59,154.62,0
O109110,C04235,2025-09-20,Beauty,East,1,58.96,0.0,58.96,23.58,0
O112371,C05743,2025-09-20,Fashion,North,2,31.19,0.0,62.38,28.07,0
O101122,C00517,2025-09-20,Beauty,East,2,21.94,0.2,35.1,17.55,0
O110464,C04863,2025-09-20,Home & Kitchen,North,1,169.42,0.0,169.42,93.18,1
O100189,C00095,2025-09-20,Fashion,South,1,53.15,0.1,47.84,23.92,0
O103730,C01716,2025-09-20,Sports,North,1,38.35,0.0,38.35,22.24,0
O102808,C01304,2025-09-20,Sports,South,1,152.02,0.05,144.42,88.17,0
O109824,C04561,2025-09-20,Beauty,West,1,43.12,0.0,43.12,17.25,0
O112240,C05682,2025-09-20,Electronics,East,1,517.88,0.1,466.09,372.87,0
O102725,C01270,2025-09-20,Fashion,East,2,115.52,0.1,207.94,103.97,0
O103345,C01547,2025-09-20,Sports,West,1,104.48,0.2,83.58,60.6,0
O102675,C01242,2025-09-20,Books,West,2,12.53,0.0,25.06,12.53,0
O100221,C00107,2025-09-20,Home & Kitchen,South,1,165.63,0.0,165.63,91.1,0
O111051,C05144,2025-09-20,Sports,South,1,201.83,0.0,201.83,117.06,1
O105793,C02678,2025-09-20,Fashion,East,2,105.56,0.2,168.9,95.0,0
O104004,C01844,2025-09-20,Sports,South,1,210.63,0.1,189.57,122.17,0
O110753,C05005,2025-09-20,Home & Kitchen,East,2,174.09,0.15,295.95,191.5,0
O101713,C00794,2025-09-20,Beauty,North,3,68.45,0.0,205.35,82.14,0
O105955,C02756,2025-09-20,Books,East,1,30.94,0.0,30.94,15.47,0
O107340,C03418,2025-09-20,Books,North,1,32.47,0.0,32.47,16.24,0
O107853,C03666,2025-09-20,Home & Kitchen,East,3,45.84,0.1,123.77,75.64,0
O111137,C05183,2025-09-20,Home & Kitchen,East,1,57.48,0.1,51.73,31.61,0
O107234,C03364,2025-09-21,Fashion,North,1,66.37,0.1,59.73,29.87,0
O103275,C01517,2025-09-21,Books,South,1,38.95,0.0,38.95,19.48,0
O111492,C05361,2025-09-21,Electronics,North,2,593.93,0.0,1187.86,855.26,0
O105841,C02701,2025-09-21,Beauty,West,2,11.04,0.1,19.87,8.83,0
O101327,C00612,2025-09-21,Fashion,South,1,84.04,0.0,84.04,37.82,1
O104413,C02042,2025-09-21,Books,North,3,24.84,0.15,63.34,37.26,0
O102845,C01324,2025-09-21,Fashion,North,2,26.5,0.0,53.0,23.85,0
O108231,C03825,2025-09-21,Beauty,East,3,53.13,0.0,159.39,63.76,0
O104291,C01987,2025-09-21,Home & Kitchen,East,1,81.43,0.0,81.43,44.79,0
O108937,C04157,2025-09-21,Sports,West,3,206.89,0.0,620.67,359.99,0
O100845,C00396,2025-09-21,Sports,West,1,111.97,0.05,106.37,64.94,0
O103601,C01658,2025-09-21,Home & Kitchen,North,1,148.15,0.0,148.15,81.48,0
O109495,C04406,2025-09-21,Beauty,North,2,62.1,0.0,124.2,49.68,0
O101745,C00812,2025-09-21,Fashion,North,3,24.93,0.05,71.05,33.66,0
O108600,C04002,2025-09-21,Fashion,West,2,56.6,0.15,96.22,50.94,0
O105969,C02761,2025-09-21,Electronics,North,2,493.52,0.2,789.63,710.67,0
O106417,C02971,2025-09-21,Sports,South,1,153.71,0.1,138.34,89.15,0
O105425,C02498,2025-09-21,Fashion,South,1,79.01,0.15,67.16,35.55,0
O106350,C02938,2025-09-21,Books,South,1,8.11,0.0,8.11,4.06,1
O105171,C02390,2025-09-21,Beauty,West,1,68.48,0.0,68.48,27.39,0
O103537,C01632,2025-09-22,Home & Kitchen,South,3,36.49,0.0,109.47,60.21,0
O112738,C05915,2025-09-22,Home & Kitchen,South,1,117.44,0.1,105.7,64.59,0
O109849,C04574,2025-09-22,Beauty,South,1,43.43,0.0,43.43,17.37,0
O105115,C02360,2025-09-22,Home & Kitchen,West,1,133.67,0.0,133.67,73.52,0
O103674,C01692,2025-09-22,Fashion,North,3,35.82,0.2,85.97,48.36,0
O107049,C03273,2025-09-22,Sports,East,3,154.4,0.1,416.88,268.66,0
O111126,C05177,2025-09-22,Home & Kitchen,East,3,168.3,0.05,479.66,277.7,0
O111556,C05386,2025-09-22,Home & Kitchen,South,2,36.31,0.1,65.36,39.94,1
O108623,C04012,2025-09-22,Fashion,West,1,31.56,0.05,29.98,14.2,0
O110616,C04941,2025-09-22,Fashion,North,3,61.67,0.0,185.01,83.25,0
O109582,C04444,2025-09-22,Sports,North,2,194.95,0.15,331.41,226.14,0
O104047,C01862,2025-09-22,Beauty,West,1,58.74,0.0,58.74,23.5,0
O102436,C01134,2025-09-22,Beauty,East,1,37.07,0.0,37.07,14.83,0
O102741,C01280,2025-09-22,Electronics,East,2,215.11,0.2,344.18,309.76,1
O106797,C03151,2025-09-22,Books,West,1,8.62,0.0,8.62,4.31,0
O102325,C01077,2025-09-22,Beauty,East,1,48.6,0.0,48.6,19.44,0
O101946,C00904,2025-09-22,Electronics,East,3,155.51,0.05,443.2,335.9,0
O106875,C03187,2025-09-23,Fashion,East,3,27.4,0.0,82.2,36.99,0
O102789,C01298,2025-09-23,Electronics,East,3,290.26,0.15,740.16,626.96,0
O103891,C01792,2025-09-23,Beauty,North,1,17.19,0.0,17.19,6.88,1
O109559,C04433,2025-09-23,Fashion,East,2,124.96,0.15,212.43,112.46,0
O104468,C02066,2025-09-23,Home & Kitchen,East,1,68.03,0.0,68.03,37.42,0
O105325,C02454,2025-09-23,Fashion,North,1,41.99,0.0,41.99,18.9,0
O109079,C04223,2025-09-23,Home & Kitchen,East,1,136.8,0.1,123.12,75.24,0
O111017,C05128,2025-09-23,Electronics,East,2,473.94,0.05,900.49,682.47,0
O108353,C03881,2025-09-23,Home & Kitchen,North,1,166.51,0.15,141.53,91.58,0
O106351,C02939,2025-09-23,Beauty,East,1,32.09,0.0,32.09,12.84,0
O108584,C03992,2025-09-23,Beauty,North,2,36.99,0.1,66.58,29.59,0
O112470,C05786,2025-09-23,Beauty,North,1,28.03,0.2,22.42,11.21,0
O112264,C05693,2025-09-23,Beauty,North,1,54.17,0.0,54.17,21.67,0
O109311,C04322,2025-09-23,Electronics,North,1,549.96,0.05,522.46,395.97,0
O105956,C02757,2025-09-23,Fashion,North,1,70.01,0.3,49.01,31.5,0
O112684,C05886,2025-09-23,Books,North,2,12.79,0.0,25.58,12.79,0
O107369,C03430,2025-09-23,Home & Kitchen,North,1,96.63,0.3,67.64,53.15,0
O109396,C04359,2025-09-24,Fashion,North,1,86.77,0.0,86.77,39.05,0
O110127,C04703,2025-09-24,Home & Kitchen,East,3,126.84,0.1,342.47,209.29,0
O102988,C01389,2025-09-24,Fashion,East,3,54.2,0.0,162.6,73.17,0
O108900,C04140,2025-09-24,Fashion,North,1,25.84,0.0,25.84,11.63,0
O109441,C04378,2025-09-24,Fashion,West,2,68.67,0.1,123.61,61.8,0
O108651,C04025,2025-09-24,Beauty,North,2,19.93,0.0,39.86,15.94,0
O111107,C05167,2025-09-24,Fashion,East,1,101.98,0.0,101.98,45.89,0
O102889,C01348,2025-09-24,Fashion,West,1,114.25,0.2,91.4,51.41,1
O106914,C03206,2025-09-24,Books,East,1,37.92,0.05,36.02,18.96,1
O109083,C04224,2025-09-24,Home & Kitchen,North,2,108.61,0.0,217.22,119.47,0
O106003,C02778,2025-09-24,Electronics,East,2,524.5,0.15,891.65,755.28,0
O110782,C05018,2025-09-24,Fashion,East,3,90.08,0.2,216.19,121.61,0
O112699,C05894,2025-09-24,Fashion,North,3,114.28,0.0,342.84,154.28,0
O104366,C02019,2025-09-24,Sports,East,2,134.34,0.0,268.68,155.83,0
O105650,C02609,2025-09-24,Fashion,South,2,93.0,0.0,186.0,83.7,0
O104166,C01923,2025-09-24,Fashion,North,1,134.59,0.3,94.21,60.57,1
O100829,C00389,2025-09-24,Home & Kitchen,South,2,148.73,0.05,282.59,163.6,0
O101485,C00685,2025-09-24,Books,North,1,16.45,0.0,16.45,8.22,0
O101986,C00923,2025-09-25,Beauty,South,1,33.42,0.3,23.39,13.37,0
O103365,C01557,2025-09-25,Sports,East,1,213.31,0.1,191.98,123.72,1
O111292,C05266,2025-09-25,Home & Kitchen,West,2,80.46,0.1,144.83,88.51,0
O111741,C05468,2025-09-25,Sports,East,1,56.2,0.05,53.39,32.6,0
O111117,C05172,2025-09-25,Books,East,1,37.88,0.0,37.88,18.94,0
O106711,C03109,2025-09-25,Sports,South,3,224.44,0.1,605.99,390.53,0
O110467,C04865,2025-09-25,Home & Kitchen,East,3,133.38,0.1,360.13,220.08,0
O100770,C00362,2025-09-25,Fashion,South,2,28.49,0.1,51.28,25.64,0
O111879,C05530,2025-09-25,Home & Kitchen,North,2,112.6,0.0,225.2,123.86,0
O109917,C04608,2025-09-25,Home & Kitchen,North,1,78.01,0.0,78.01,42.91,0
O110823,C05035,2025-09-25,Home & Kitchen,North,2,28.96,0.05,55.02,31.86,0
O103244,C01505,2025-09-25,Home & Kitchen,North,2,74.28,0.0,148.56,81.71,0
O100217,C00106,2025-09-25,Home & Kitchen,East,1,99.81,0.0,99.81,54.9,0
O112073,C05617,2025-09-25,Sports,East,2,234.84,0.3,328.78,272.41,0
O111463,C05343,2025-09-25,Fashion,East,3,31.57,0.0,94.71,42.62,0
O112318,C05718,2025-09-25,Beauty,North,1,20.9,0.15,17.76,8.36,0
O106433,C02978,2025-09-25,Beauty,South,2,46.97,0.1,84.55,37.58,0
O100131,C00067,2025-09-26,Beauty,South,2,32.83,0.0,65.66,26.26,0
O109460,C04390,2025-09-26,Home & Kitchen,North,3,91.08,0.0,273.24,150.28,0
O112667,C05879,2025-09-26,Fashion,North,3,93.78,0.0,281.34,126.6,0
O105641,C02605,2025-09-26,Sports,East,3,155.11,0.2,372.26,269.89,0
O109125,C04243,2025-09-26,Sports,East,3,104.07,0.15,265.38,181.08,0
O107600,C03540,2025-09-26,Fashion,East,1,49.57,0.0,49.57,22.31,0
O100703,C00334,2025-09-26,Sports,North,1,172.99,0.0,172.99,100.33,0
O108214,C03820,2025-09-26,Fashion,West,1,120.23,0.15,102.2,54.1,0
O110160,C04717,2025-09-26,Fashion,East,1,100.8,0.0,100.8,45.36,0
O110120,C04701,2025-09-26,Books,North,2,32.58,0.0,65.16,32.58,0
O110350,C04808,2025-09-26,Electronics,South,1,303.44,0.0,303.44,218.48,0
O109819,C04560,2025-09-26,Books,West,1,28.18,0.2,22.54,14.09,0
O103507,C01618,2025-09-26,Beauty,East,1,68.34,0.0,68.34,27.34,0
O108652,C04025,2025-09-26,Fashion,North,1,117.94,0.05,112.04,53.07,0
O108404,C03907,2025-09-26,Beauty,East,2,26.72,0.0,53.44,21.38,0
O111138,C05184,2025-09-26,Home & Kitchen,North,1,91.3,0.3,63.91,50.22,1
O106982,C03243,2025-09-26,Sports,North,3,52.08,0.0,156.24,90.62,0
O100455,C00220,2025-09-26,Books,South,1,22.81,0.0,22.81,11.4,0
O108897,C04139,2025-09-27,Sports,East,2,120.92,0.0,241.84,140.27,0
O105213,C02409,2025-09-27,Books,North,1,13.34,0.2,10.67,6.67,0
O104309,C01993,2025-09-27,Fashion,East,2,87.66,0.0,175.32,78.89,0
O102345,C01087,2025-09-27,Fashion,East,2,35.56,0.0,71.12,32.0,1
O104831,C02231,2025-09-27,Electronics,West,1,317.49,0.0,317.49,228.59,1
O104136,C01912,2025-09-27,Electronics,South,2,133.3,0.0,266.6,191.95,1
O108038,C03740,2025-09-27,Electronics,South,3,282.69,0.1,763.26,610.61,0
O108794,C04084,2025-09-27,Fashion,North,1,62.55,0.1,56.3,28.15,0
O101828,C00852,2025-09-27,Beauty,North,2,37.8,0.0,75.6,30.24,0
O111616,C05414,2025-09-27,Home & Kitchen,South,2,47.29,0.0,94.58,52.02,0
O109808,C04554,2025-09-27,Fashion,North,2,29.63,0.0,59.26,26.67,0
O100207,C00102,2025-09-27,Sports,North,2,212.0,0.1,381.6,245.92,0
O106004,C02778,2025-09-27,Electronics,East,1,589.47,0.0,589.47,424.42,0
O109942,C04620,2025-09-27,Beauty,West,2,42.42,0.05,80.6,33.94,0
O112258,C05690,2025-09-27,Home & Kitchen,West,2,159.27,0.0,318.54,175.2,0
O109291,C04313,2025-09-27,Home & Kitchen,South,1,142.29,0.0,142.29,78.26,0
O103929,C01809,2025-09-27,Sports,South,1,56.79,0.1,51.11,32.94,0
O110217,C04745,2025-09-27,Beauty,East,3,42.6,0.05,121.41,51.12,0
O111446,C05334,2025-09-27,Fashion,East,1,29.98,0.0,29.98,13.49,0
O101290,C00592,2025-09-27,Sports,South,1,123.66,0.1,111.29,71.72,0
O100097,C00048,2025-09-27,Beauty,East,1,53.96,0.0,53.96,21.58,1
O109009,C04190,2025-09-28,Electronics,East,2,263.21,0.1,473.78,379.02,0
O106465,C02996,2025-09-28,Beauty,South,1,46.64,0.1,41.98,18.66,0
O108408,C03910,2025-09-28,Sports,South,1,121.81,0.15,103.54,70.65,0
O110601,C04933,2025-09-28,Home & Kitchen,North,1,153.6,0.05,145.92,84.48,0
O102630,C01221,2025-09-28,Electronics,North,3,410.68,0.0,1232.04,887.07,0
O107794,C03636,2025-09-28,Fashion,North,2,47.06,0.0,94.12,42.35,0
O110609,C04938,2025-09-28,Home & Kitchen,North,1,177.7,0.0,177.7,97.74,0
O106019,C02784,2025-09-28,Fashion,West,2,68.53,0.0,137.06,61.68,0
O107689,C03590,2025-09-28,Fashion,East,1,137.09,0.0,137.09,61.69,0
O112463,C05783,2025-09-28,Home & Kitchen,West,2,123.61,0.0,247.22,135.97,0
O100315,C00156,2025-09-28,Fashion,South,1,57.17,0.0,57.17,25.73,0
O103829,C01764,2025-09-28,Fashion,East,1,104.02,0.3,72.81,46.81,0
O104472,C02068,2025-09-28,Home & Kitchen,South,2,113.77,0.0,227.54,125.15,0
O111318,C05276,2025-09-28,Electronics,South,1,146.88,0.0,146.88,105.75,0
O102390,C01108,2025-09-28,Beauty,East,3,23.15,0.1,62.5,27.78,0
O104008,C01846,2025-09-28,Books,South,2,24.7,0.3,34.58,24.7,0
O111243,C05240,2025-09-28,Fashion,South,3,32.71,0.15,83.41,44.16,0
O106572,C03046,2025-09-28,Fashion,South,1,76.79,0.0,76.79,34.56,0
O108734,C04058,2025-09-28,Fashion,North,1,122.97,0.0,122.97,55.34,0
O100779,C00364,2025-09-28,Home & Kitchen,East,1,99.21,0.1,89.29,54.57,0
O102413,C01120,2025-09-28,Books,South,1,8.44,0.0,8.44,4.22,0
O100704,C00334,2025-09-28,Beauty,North,2,22.26,0.15,37.84,17.81,0
O101420,C00650,2025-09-28,Books,West,1,11.46,0.15,9.74,5.73,0
O104853,C02240,2025-09-28,Electronics,East,2,308.62,0.3,432.07,444.41,1
O112081,C05619,2025-09-29,Books,North,1,36.89,0.0,36.89,18.44,1
O103966,C01826,2025-09-29,Home & Kitchen,South,1,72.0,0.1,64.8,39.6,0
O109231,C04288,2025-09-29,Home & Kitchen,North,2,162.49,0.2,259.98,178.74,0
O102464,C01144,2025-09-29,Home & Kitchen,South,1,173.91,0.15,147.82,95.65,0
O106450,C02989,2025-09-29,Home & Kitchen,West,1,132.35,0.2,105.88,72.79,0
O105326,C02454,2025-09-29,Home & Kitchen,North,2,100.11,0.0,200.22,110.12,0
O112818,C05950,2025-09-29,Electronics,North,2,317.17,0.0,634.34,456.72,0
O103677,C01693,2025-09-29,Books,East,3,16.27,0.2,39.05,24.4,0
O105320,C02452,2025-09-29,Sports,East,2,119.61,0.05,227.26,138.75,0
O103474,C01606,2025-09-29,Home & Kitchen,South,1,138.95,0.2,111.16,76.42,0
O102829,C01313,2025-09-29,Home & Kitchen,North,2,113.08,0.0,226.16,124.39,0
O110718,C04990,2025-09-29,Books,West,2,21.42,0.15,36.41,21.42,0
O109041,C04207,2025-09-29,Books,East,2,34.32,0.0,68.64,34.32,0
O107507,C03494,2025-09-29,Electronics,North,2,410.78,0.0,821.56,591.52,0
O104600,C02123,2025-09-29,Home & Kitchen,South,2,84.06,0.0,168.12,92.47,0
O106676,C03096,2025-09-29,Home & Kitchen,South,1,127.85,0.0,127.85,70.32,0
O104735,C02190,2025-09-29,Fashion,East,2,139.97,0.0,279.94,125.97,0
O102242,C01037,2025-09-29,Electronics,South,3,164.28,0.0,492.84,354.84,0
O100416,C00202,2025-09-29,Home & Kitchen,West,2,161.47,0.3,226.06,177.62,0
O106754,C03130,2025-09-29,Home & Kitchen,North,1,143.4,0.05,136.23,78.87,0
O109596,C04450,2025-09-30,Beauty,South,2,58.76,0.0,117.52,47.01,0
O109370,C04348,2025-09-30,Electronics,South,1,504.41,0.2,403.53,363.18,0
O109527,C04416,2025-09-30,Electronics,West,1,220.62,0.2,176.5,158.85,0
O105922,C02740,2025-09-30,Home & Kitchen,South,1,166.51,0.3,116.56,91.58,0
O102653,C01232,2025-09-30,Fashion,North,1,122.28,0.05,116.17,55.03,0
O109895,C04597,2025-09-30,Books,South,2,23.69,0.0,47.38,23.69,0
O105459,C02514,2025-09-30,Electronics,South,1,449.53,0.0,449.53,323.66,0
O109833,C04565,2025-09-30,Beauty,South,1,46.33,0.0,46.33,18.53,0
O105366,C02471,2025-09-30,Fashion,East,1,117.4,0.2,93.92,52.83,0
O107893,C03684,2025-09-30,Fashion,West,3,136.02,0.1,367.25,183.63,0
O111500,C05364,2025-09-30,Books,South,2,19.88,0.0,39.76,19.88,0
O101805,C00843,2025-09-30,Fashion,East,1,139.52,0.0,139.52,62.78,0
O100780,C00364,2025-09-30,Fashion,East,1,139.29,0.0,139.29,62.68,0
O110898,C05071,2025-09-30,Sports,South,3,84.25,0.0,252.75,146.6,0
O104633,C02136,2025-09-30,Books,East,3,11.87,0.2,28.49,17.8,0
O106142,C02838,2025-09-30,Books,East,1,32.33,0.15,27.48,16.16,0
O100077,C00037,2025-09-30,Fashion,East,1,24.19,0.2,19.35,10.89,0
O104658,C02149,2025-09-30,Beauty,West,2,34.46,0.0,68.92,27.57,0
O100778,C00363,2025-09-30,Home & Kitchen,East,1,48.49,0.3,33.94,26.67,0
O108223,C03823,2025-09-30,Home & Kitchen,South,1,82.84,0.1,74.56,45.56,0
O110366,C04814,2025-09-30,Sports,North,1,36.98,0.0,36.98,21.45,0
O102166,C01004,2025-09-30,Electronics,North,3,194.48,0.1,525.1,420.08,0
O106475,C03000,2025-09-30,Books,West,2,34.86,0.0,69.72,34.86,0
O106451,C02989,2025-09-30,Sports,West,1,162.55,0.1,146.3,94.28,0
O103123,C01455,2025-09-30,Books,East,3,35.51,0.0,106.53,53.26,0
O108212,C03819,2025-09-30,Fashion,North,3,80.62,0.0,241.86,108.84,0
O110192,C04735,2025-09-30,Sports,West,2,45.42,0.3,63.59,52.69,0
O101069,C00493,2025-10-01,Sports,West,1,30.91,0.15,26.27,17.93,0
O101123,C00517,2025-10-01,Fashion,East,1,39.29,0.0,39.29,17.68,0
O107534,C03506,2025-10-01,Fashion,North,1,29.55,0.05,28.07,13.3,0
O100071,C00035,2025-10-01,Beauty,West,2,28.2,0.0,56.4,22.56,0
O105332,C02456,2025-10-01,Beauty,East,1,16.74,0.0,16.74,6.7,0
O101487,C00686,2025-10-01,Electronics,North,1,143.89,0.0,143.89,103.6,0
O112621,C05857,2025-10-01,Home & Kitchen,West,2,67.84,0.0,135.68,74.62,0
O101732,C00803,2025-10-01,Electronics,South,2,278.07,0.0,556.14,400.42,0
O103892,C01792,2025-10-01,Home & Kitchen,North,2,110.94,0.05,210.79,122.03,0
O111102,C05164,2025-10-01,Home & Kitchen,North,1,93.47,0.0,93.47,51.41,0
O101222,C00565,2025-10-01,Beauty,West,2,35.91,0.0,71.82,28.73,0
O106532,C03030,2025-10-01,Books,North,1,20.43,0.0,20.43,10.22,0
O111080,C05156,2025-10-01,Fashion,West,3,31.94,0.05,91.03,43.12,0
O102135,C00986,2025-10-01,Sports,North,1,133.12,0.0,133.12,77.21,0
O101416,C00648,2025-10-01,Home & Kitchen,South,1,36.43,0.1,32.79,20.04,0
O106818,C03162,2025-10-01,Fashion,East,2,119.72,0.05,227.47,107.75,0
O107772,C03627,2025-10-01,Electronics,East,3,223.23,0.05,636.21,482.18,1
O111914,C05546,2025-10-01,Fashion,East,1,99.32,0.3,69.52,44.69,0
O110445,C04850,2025-10-01,Home & Kitchen,East,1,80.97,0.0,80.97,44.53,0
O103805,C01752,2025-10-02,Books,East,3,28.94,0.05,82.48,43.41,0
O108032,C03737,2025-10-02,Electronics,North,2,244.02,0.0,488.04,351.39,0
O109687,C04491,2025-10-02,Home & Kitchen,West,1,163.45,0.0,163.45,89.9,0
O103864,C01778,2025-10-02,Sports,North,2,31.44,0.15,53.45,36.47,0
O100440,C00215,2025-10-02,Home & Kitchen,North,1,103.83,0.0,103.83,57.11,0
O104463,C02064,2025-10-02,Sports,North,2,203.57,0.0,407.14,236.14,0
O102758,C01287,2025-10-02,Electronics,West,1,144.65,0.05,137.42,104.15,0
O103577,C01648,2025-10-02,Beauty,North,1,57.83,0.0,57.83,23.13,0
O112294,C05705,2025-10-02,Fashion,South,1,76.55,0.0,76.55,34.45,0
O104526,C02091,2025-10-02,Fashion,South,2,58.56,0.0,117.12,52.7,0
O103392,C01572,2025-10-02,Fashion,West,2,80.16,0.0,160.32,72.14,0
O100758,C00358,2025-10-02,Beauty,South,1,53.9,0.0,53.9,21.56,0
O109464,C04392,2025-10-02,Fashion,North,2,111.48,0.0,222.96,100.33,0
O105836,C02699,2025-10-02,Home & Kitchen,West,1,28.13,0.0,28.13,15.47,0
O100044,C00019,2025-10-02,Sports,South,1,170.42,0.0,170.42,98.84,0
O104951,C02287,2025-10-02,Beauty,East,1,18.53,0.15,15.75,7.41,0
O104980,C02300,2025-10-02,Home & Kitchen,North,1,132.55,0.0,132.55,72.9,0
O103750,C01725,2025-10-02,Books,North,3,33.33,0.0,99.99,50.0,0
O108209,C03818,2025-10-02,Beauty,North,2,34.2,0.05,64.98,27.36,0
O102831,C01315,2025-10-02,Fashion,North,1,97.0,0.15,82.45,43.65,0
O111835,C05513,2025-10-02,Beauty,East,2,20.28,0.0,40.56,16.22,0
O110784,C05019,2025-10-02,Fashion,South,2,103.78,0.0,207.56,93.4,0
O102523,C01175,2025-10-02,Fashion,East,1,57.99,0.05,55.09,26.1,0
O111645,C05427,2025-10-02,Fashion,East,1,41.34,0.0,41.34,18.6,0
O111700,C05454,2025-10-03,Fashion,West,3,78.14,0.15,199.26,105.49,0
O100233,C00112,2025-10-03,Electronics,North,1,592.16,0.0,592.16,426.36,0
O110917,C05080,2025-10-03,Beauty,West,2,45.77,0.0,91.54,36.62,0
O104454,C02061,2025-10-03,Fashion,North,1,89.93,0.1,80.94,40.47,0
O109644,C04469,2025-10-03,Fashion,East,1,44.48,0.0,44.48,20.02,0
O112756,C05925,2025-10-03,Fashion,South,1,101.3,0.05,96.23,45.58,0
O106524,C03025,2025-10-03,Beauty,West,1,54.98,0.0,54.98,21.99,0
O106254,C02894,2025-10-03,Home & Kitchen,West,3,89.38,0.3,187.7,147.48,0
O107990,C03722,2025-10-03,Home & Kitchen,South,1,73.73,0.1,66.36,40.55,0
O108247,C03833,2025-10-03,Beauty,North,3,67.43,0.3,141.6,80.92,0
O109457,C04388,2025-10-03,Fashion,North,1,98.74,0.0,98.74,44.43,0
O108299,C03858,2025-10-03,Fashion,South,2,132.74,0.0,265.48,119.47,0
O106745,C03126,2025-10-03,Beauty,South,2,50.02,0.0,100.04,40.02,0
O101776,C00829,2025-10-03,Fashion,West,3,46.03,0.1,124.28,62.14,0
O100456,C00220,2025-10-03,Beauty,South,2,14.77,0.0,29.54,11.82,0
O102343,C01086,2025-10-03,Sports,West,1,186.53,0.0,186.53,108.19,0
O109220,C04282,2025-10-03,Beauty,North,3,38.7,0.3,81.27,46.44,0
O101261,C00579,2025-10-03,Fashion,East,2,103.11,0.1,185.6,92.8,0
O109161,C04257,2025-10-03,Home & Kitchen,South,1,174.18,0.1,156.76,95.8,0
O101238,C00570,2025-10-03,Home & Kitchen,South,2,34.37,0.0,68.74,37.81,0
O101089,C00502,2025-10-03,Fashion,East,3,98.2,0.0,294.6,132.57,0
O101282,C00589,2025-10-04,Fashion,East,3,90.95,0.0,272.85,122.78,1
O110868,C05060,2025-10-04,Sports,West,2,208.23,0.0,416.46,241.55,0
O107001,C03252,2025-10-04,Books,North,1,28.47,0.2,22.78,14.24,0
O110794,C05025,2025-10-04,Electronics,North,3,345.65,0.05,985.1,746.6,0
O102903,C01354,2025-10-04,Sports,North,2,111.42,0.0,222.84,129.25,0
O112662,C05877,2025-10-04,Home & Kitchen,West,2,151.21,0.05,287.3,166.33,0
O104189,C01937,2025-10-04,Fashion,South,1,114.75,0.0,114.75,51.64,0
O102594,C01208,2025-10-04,Sports,North,2,214.42,0.05,407.4,248.73,0
O102517,C01173,2025-10-04,Sports,West,2,222.71,0.0,445.42,258.34,1
O103153,C01465,2025-10-04,Home & Kitchen,North,3,158.05,0.0,474.15,260.78,0
O108954,C04165,2025-10-04,Home & Kitchen,West,3,48.17,0.0,144.51,79.48,0
O100729,C00345,2025-10-04,Fashion,East,1,66.24,0.1,59.62,29.81,0
O108470,C03939,2025-10-04,Beauty,North,1,46.07,0.0,46.07,18.43,0
O107274,C03384,2025-10-04,Home & Kitchen,East,2,121.22,0.0,242.44,133.34,0
O101666,C00774,2025-10-04,Electronics,West,1,180.42,0.3,126.29,129.9,0
O109335,C04334,2025-10-04,Home & Kitchen,East,1,159.89,0.3,111.92,87.94,0
O105950,C02753,2025-10-04,Sports,East,1,93.16,0.0,93.16,54.03,0
O105072,C02341,2025-10-04,Sports,South,3,170.06,0.05,484.67,295.9,0
O111247,C05243,2025-10-04,Electronics,West,1,538.71,0.1,484.84,387.87,0
O105891,C02726,2025-10-04,Home & Kitchen,West,1,120.25,0.0,120.25,66.14,0
O112372,C05743,2025-10-05,Fashion,North,1,84.75,0.0,84.75,38.14,0
O100316,C00156,2025-10-05,Beauty,South,1,59.18,0.0,59.18,23.67,0
O101849,C00865,2025-10-05,Fashion,West,1,59.71,0.2,47.77,26.87,0
O111572,C05393,2025-10-05,Beauty,South,1,61.82,0.05,58.73,24.73,0
O106574,C03047,2025-10-05,Sports,South,1,177.69,0.15,151.04,103.06,0
O111000,C05122,2025-10-05,Beauty,East,1,37.73,0.0,37.73,15.09,0
O110827,C05037,2025-10-05,Beauty,South,1,22.05,0.0,22.05,8.82,0
O100057,C00025,2025-10-05,Sports,South,2,88.36,0.0,176.72,102.5,0
O102702,C01260,2025-10-05,Home & Kitchen,North,1,45.19,0.0,45.19,24.85,0
O105165,C02386,2025-10-05,Electronics,East,3,478.87,0.0,1436.61,1034.36,0
O108354,C03881,2025-10-05,Sports,North,1,41.37,0.05,39.3,23.99,0
O111716,C05461,2025-10-05,Electronics,West,2,231.7,0.1,417.06,333.65,0
O109213,C04279,2025-10-05,Beauty,East,3,68.01,0.0,204.03,81.61,0
O101801,C00840,2025-10-05,Home & Kitchen,South,2,163.82,0.1,294.88,180.2,0
O100633,C00304,2025-10-05,Fashion,West,3,27.19,0.15,69.33,36.71,0
O110472,C04867,2025-10-05,Books,North,1,13.67,0.0,13.67,6.84,0
O102380,C01103,2025-10-06,Sports,East,2,212.79,0.1,383.02,246.84,0
O106748,C03128,2025-10-06,Electronics,North,3,137.02,0.0,411.06,295.96,0
O100938,C00435,2025-10-06,Electronics,North,1,340.32,0.15,289.27,245.03,0
O107554,C03518,2025-10-06,Books,East,1,20.5,0.0,20.5,10.25,0
O108929,C04153,2025-10-06,Fashion,West,2,29.03,0.05,55.16,26.13,0
O108544,C03973,2025-10-06,Home & Kitchen,North,1,104.45,0.0,104.45,57.45,0
O101543,C00715,2025-10-06,Beauty,West,1,16.17,0.0,16.17,6.47,0
O111423,C05325,2025-10-06,Books,West,3,10.58,0.0,31.74,15.87,0
O112215,C05674,2025-10-06,Books,North,1,10.52,0.0,10.52,5.26,0
O106020,C02785,2025-10-06,Beauty,North,2,19.83,0.3,27.76,15.86,0
O111836,C05513,2025-10-06,Electronics,East,1,520.02,0.0,520.02,374.41,0
O110735,C04997,2025-10-06,Beauty,North,1,16.85,0.0,16.85,6.74,0
O109011,C04191,2025-10-06,Beauty,East,1,44.87,0.05,42.63,17.95,0
O102500,C01163,2025-10-06,Books,West,2,22.33,0.2,35.73,22.33,0
O111260,C05249,2025-10-06,Fashion,South,1,59.33,0.0,59.33,26.7,0
O112901,C05987,2025-10-06,Sports,South,2,223.62,0.15,380.15,259.4,0
O109126,C04243,2025-10-06,Books,East,1,30.3,0.15,25.75,15.15,0
O103059,C01424,2025-10-06,Fashion,North,3,138.13,0.1,372.95,186.48,0
O105310,C02446,2025-10-06,Home & Kitchen,North,1,133.4,0.3,93.38,73.37,0
O104465,C02065,2025-10-06,Fashion,West,2,63.03,0.0,126.06,56.73,0
O100889,C00414,2025-10-06,Home & Kitchen,North,2,165.98,0.15,282.17,182.58,0
O111535,C05378,2025-10-06,Sports,West,2,164.11,0.05,311.81,190.37,0
O104533,C02092,2025-10-06,Home & Kitchen,East,3,86.03,0.05,245.19,141.95,1
O101404,C00642,2025-10-07,Books,North,1,22.62,0.0,22.62,11.31,0
O105847,C02704,2025-10-07,Fashion,East,1,124.77,0.3,87.34,56.15,0
O103049,C01420,2025-10-07,Books,East,2,24.87,0.0,49.74,24.87,0
O101143,C00529,2025-10-07,Sports,West,2,200.44,0.0,400.88,232.51,0
O101145,C00530,2025-10-07,Books,South,2,36.02,0.0,72.04,36.02,0
O101733,C00804,2025-10-07,Home & Kitchen,North,1,71.12,0.0,71.12,39.12,0
O103068,C01428,2025-10-07,Beauty,North,3,23.09,0.1,62.34,27.71,0
O103248,C01507,2025-10-07,Fashion,South,1,93.74,0.0,93.74,42.18,0
O108497,C03953,2025-10-07,Beauty,North,1,14.73,0.2,11.78,5.89,0
O103164,C01471,2025-10-07,Fashion,West,2,113.39,0.05,215.44,102.05,0
O103709,C01708,2025-10-07,Fashion,South,2,114.57,0.0,229.14,103.11,0
O101594,C00740,2025-10-07,Fashion,South,1,55.98,0.0,55.98,25.19,0
O110851,C05050,2025-10-07,Fashion,East,1,99.36,0.0,99.36,44.71,0
O100362,C00179,2025-10-07,Fashion,North,1,36.05,0.1,32.45,16.22,0
O109556,C04431,2025-10-07,Fashion,West,2,32.14,0.1,57.85,28.93,0
O101894,C00883,2025-10-07,Books,East,2,32.85,0.1,59.13,32.85,0
O100670,C00316,2025-10-07,Electronics,North,1,474.59,0.2,379.67,341.7,0
O104095,C01887,2025-10-07,Books,North,2,10.08,0.1,18.14,10.08,0
O110918,C05080,2025-10-07,Books,West,1,16.9,0.0,16.9,8.45,0
O112785,C05935,2025-10-07,Beauty,West,3,58.53,0.15,149.25,70.24,0
O112550,C05828,2025-10-07,Fashion,West,2,137.15,0.05,260.58,123.44,0
O106784,C03143,2025-10-07,Books,North,3,20.79,0.05,59.25,31.18,0
O108243,C03831,2025-10-07,Sports,South,1,91.79,0.05,87.2,53.24,0
O104067,C01873,2025-10-07,Sports,East,1,177.52,0.0,177.52,102.96,0
O107105,C03298,2025-10-08,Fashion,East,2,124.86,0.2,199.78,112.37,0
O109182,C04267,2025-10-08,Fashion,South,1,38.61,0.2,30.89,17.37,0
O102989,C01390,2025-10-08,Beauty,East,2,10.66,0.2,17.06,8.53,0
O111309,C05273,2025-10-08,Fashion,West,2,136.11,0.0,272.22,122.5,0
O106674,C03095,2025-10-08,Sports,West,1,227.16,0.15,193.09,131.75,0
O112916,C05997,2025-10-08,Home & Kitchen,West,2,139.95,0.2,223.92,153.94,1
O105694,C02632,2025-10-08,Fashion,North,1,29.28,0.0,29.28,13.18,0
O106131,C02833,2025-10-08,Beauty,South,1,61.28,0.05,58.22,24.51,1
O111244,C05240,2025-10-08,Electronics,South,1,548.84,0.05,521.4,395.16,1
O106525,C03025,2025-10-08,Fashion,West,1,52.32,0.2,41.86,23.54,0
O112748,C05920,2025-10-08,Sports,East,2,243.53,0.2,389.65,282.49,0
O106127,C02832,2025-10-08,Beauty,South,1,55.2,0.0,55.2,22.08,1
O105236,C02416,2025-10-08,Electronics,South,2,581.74,0.2,930.78,837.71,0
O110716,C04988,2025-10-08,Beauty,West,1,32.71,0.1,29.44,13.08,0
O106320,C02927,2025-10-08,Books,West,3,19.08,0.0,57.24,28.62,0
O112191,C05663,2025-10-08,Home & Kitchen,West,1,46.64,0.05,44.31,25.65,0
O100310,C00153,2025-10-08,Home & Kitchen,South,2,57.69,0.15,98.07,63.46,0
O107971,C03715,2025-10-08,Sports,East,2,80.86,0.2,129.38,93.8,0
O103850,C01773,2025-10-08,Books,North,1,28.81,0.2,23.05,14.4,0
O108053,C03749,2025-10-08,Home & Kitchen,South,1,109.94,0.1,98.95,60.47,0
O101141,C00527,2025-10-08,Beauty,North,3,55.63,0.0,166.89,66.76,0
O103773,C01736,2025-10-08,Home & Kitchen,East,1,111.29,0.0,111.29,61.21,0
O106651,C03085,2025-10-08,Beauty,North,2,69.44,0.05,131.94,55.55,0
O104257,C01972,2025-10-08,Sports,North,1,47.42,0.15,40.31,27.5,0
O109732,C04514,2025-10-08,Books,East,3,31.74,0.05,90.46,47.61,0
O111844,C05516,2025-10-08,Books,East,2,8.55,0.05,16.25,8.55,0
O102736,C01277,2025-10-08,Home & Kitchen,South,1,135.98,0.05,129.18,74.79,0
O110596,C04930,2025-10-09,Electronics,East,1,177.02,0.0,177.02,127.45,0
O111501,C05364,2025-10-09,Fashion,South,2,124.21,0.0,248.42,111.79,0
O103108,C01449,2025-10-09,Home & Kitchen,East,1,113.22,0.1,101.9,62.27,0
O102032,C00943,2025-10-09,Beauty,North,3,14.3,0.05,40.76,17.16,0
O106219,C02877,2025-10-09,Sports,East,1,214.86,0.0,214.86,124.62,0
O112532,C05818,2025-10-09,Home & Kitchen,East,1,79.02,0.0,79.02,43.46,0
O103465,C01602,2025-10-09,Home & Kitchen,West,1,177.63,0.0,177.63,97.7,0
O100589,C00284,2025-10-09,Home & Kitchen,North,1,142.05,0.0,142.05,78.13,0
O101945,C00903,2025-10-09,Electronics,East,1,411.87,0.05,391.28,296.55,0
O100274,C00132,2025-10-09,Books,West,1,20.23,0.0,20.23,10.12,0
O104991,C02305,2025-10-09,Beauty,North,2,47.21,0.1,84.98,37.77,0
O100977,C00452,2025-10-09,Fashion,East,1,111.18,0.0,111.18,50.03,0
O110699,C04981,2025-10-09,Home & Kitchen,South,1,77.77,0.1,69.99,42.77,0
O109734,C04515,2025-10-09,Beauty,East,1,25.87,0.0,25.87,10.35,0
O100122,C00061,2025-10-09,Books,East,2,19.95,0.2,31.92,19.95,0
O107309,C03402,2025-10-10,Home & Kitchen,North,1,173.48,0.1,156.13,95.41,0
O102310,C01071,2025-10-10,Electronics,South,1,426.41,0.0,426.41,307.02,0
O111851,C05520,2025-10-10,Fashion,North,1,37.8,0.0,37.8,17.01,0
O100880,C00410,2025-10-10,Home & Kitchen,North,1,147.69,0.0,147.69,81.23,0
O102846,C01324,2025-10-10,Beauty,North,1,60.46,0.05,57.44,24.18,0
O102088,C00969,2025-10-10,Beauty,South,1,24.84,0.0,24.84,9.94,0
O107637,C03564,2025-10-10,Electronics,West,2,319.98,0.05,607.96,460.77,0
O100417,C00202,2025-10-10,Fashion,West,1,138.86,0.1,124.97,62.49,0
O110978,C05110,2025-10-10,Beauty,East,2,55.84,0.0,111.68,44.67,0
O102751,C01284,2025-10-10,Fashion,North,1,53.22,0.0,53.22,23.95,1
O111242,C05239,2025-10-10,Beauty,East,1,33.01,0.2,26.41,13.2,0
O107406,C03448,2025-10-10,Beauty,South,1,68.02,0.15,57.82,27.21,0
O109865,C04584,2025-10-10,Sports,East,2,249.16,0.3,348.82,289.03,0
O100085,C00042,2025-10-10,Electronics,West,1,137.0,0.0,137.0,98.64,0
O101286,C00590,2025-10-10,Home & Kitchen,South,1,129.04,0.0,129.04,70.97,0
O110031,C04661,2025-10-10,Beauty,South,2,55.47,0.3,77.66,44.38,0
O100682,C00324,2025-10-10,Home & Kitchen,West,2,66.66,0.3,93.32,73.33,0
O101579,C00733,2025-10-10,Home & Kitchen,East,2,66.13,0.0,132.26,72.74,0
O108525,C03966,2025-10-10,Fashion,East,1,22.98,0.0,22.98,10.34,1
O105827,C02693,2025-10-10,Home & Kitchen,East,1,34.71,0.0,34.71,19.09,0
O109336,C04335,2025-10-10,Fashion,South,1,34.63,0.3,24.24,15.58,0
O107057,C03276,2025-10-10,Electronics,East,1,280.46,0.0,280.46,201.93,0
O107033,C03265,2025-10-10,Home & Kitchen,South,1,28.84,0.0,28.84,15.86,0
O105525,C02548,2025-10-10,Home & Kitchen,East,1,46.66,0.1,41.99,25.66,0
O110860,C05056,2025-10-10,Home & Kitchen,East,1,38.06,0.2,30.45,20.93,1
O105783,C02672,2025-10-10,Sports,West,3,101.89,0.0,305.67,177.29,0
O106592,C03056,2025-10-11,Home & Kitchen,North,1,126.98,0.05,120.63,69.84,0
O100612,C00295,2025-10-11,Electronics,South,2,510.3,0.0,1020.6,734.83,1
O109378,C04351,2025-10-11,Fashion,North,1,132.81,0.0,132.81,59.76,0
O104038,C01859,2025-10-11,Fashion,North,2,37.37,0.05,71.0,33.63,0
O105695,C02633,2025-10-11,Fashion,South,2,94.53,0.0,189.06,85.08,0
O107926,C03697,2025-10-11,Beauty,South,2,49.63,0.1,89.33,39.7,0
O103764,C01732,2025-10-11,Home & Kitchen,West,1,148.98,0.0,148.98,81.94,0
O106798,C03151,2025-10-11,Fashion,West,2,70.61,0.0,141.22,63.55,1
O104508,C02084,2025-10-11,Books,North,2,26.34,0.05,50.05,26.34,0
O107167,C03330,2025-10-11,Books,North,3,34.2,0.0,102.6,51.3,0
O101561,C00725,2025-10-11,Books,West,2,23.24,0.0,46.48,23.24,0
O103660,C01685,2025-10-11,Electronics,West,1,573.33,0.0,573.33,412.8,0
O102766,C01290,2025-10-11,Beauty,East,3,46.09,0.0,138.27,55.31,0
O104358,C02014,2025-10-11,Fashion,East,3,82.04,0.1,221.51,110.75,0
O100385,C00189,2025-10-11,Sports,North,1,65.8,0.3,46.06,38.16,0
O102704,C01262,2025-10-11,Home & Kitchen,West,2,26.77,0.0,53.54,29.45,0
O111882,C05531,2025-10-11,Books,East,1,10.47,0.15,8.9,5.24,0
O105497,C02531,2025-10-11,Fashion,South,2,21.42,0.3,29.99,19.28,1
O108372,C03892,2025-10-12,Home & Kitchen,South,3,165.87,0.15,422.97,273.69,0
O110446,C04851,2025-10-12,Books,East,2,17.31,0.1,31.16,17.31,0
O101029,C00474,2025-10-12,Home & Kitchen,South,1,81.76,0.0,81.76,44.97,0
O108054,C03750,2025-10-12,Sports,East,3,77.34,0.2,185.62,134.57,0
O105419,C02493,2025-10-12,Electronics,North,2,163.2,0.05,310.08,235.01,0
O101093,C00504,2025-10-12,Books,East,2,24.38,0.0,48.76,24.38,0
O101144,C00529,2025-10-12,Electronics,West,3,158.9,0.0,476.7,343.22,0
O109421,C04371,2025-10-12,Fashion,South,1,88.52,0.1,79.67,39.83,0
O109142,C04249,2025-10-12,Books,East,2,28.09,0.0,56.18,28.09,0
O111393,C05311,2025-10-12,Electronics,West,2,255.42,0.0,510.84,367.8,0
O101790,C00835,2025-10-12,Sports,South,1,204.56,0.2,163.65,118.64,0
O102483,C01154,2025-10-12,Beauty,South,1,48.34,0.15,41.09,19.34,0
O107947,C03704,2025-10-12,Home & Kitchen,North,1,95.43,0.2,76.34,52.49,0
O112739,C05915,2025-10-12,Home & Kitchen,South,1,97.86,0.0,97.86,53.82,0
O104686,C02166,2025-10-12,Beauty,East,2,52.66,0.05,100.05,42.13,0
O104241,C01964,2025-10-12,Beauty,North,2,35.82,0.3,50.15,28.66,0
O100055,C00024,2025-10-12,Books,East,1,34.58,0.0,34.58,17.29,0
O102742,C01280,2025-10-12,Fashion,East,1,127.54,0.0,127.54,57.39,0
O105500,C02533,2025-10-12,Sports,East,3,241.65,0.0,724.95,420.47,0
O100311,C00153,2025-10-12,Sports,South,1,190.27,0.1,171.24,110.36,0
O110842,C05045,2025-10-12,Fashion,West,1,53.57,0.0,53.57,24.11,1
O111858,C05524,2025-10-12,Beauty,South,3,47.27,0.0,141.81,56.72,0
O111055,C05145,2025-10-12,Books,East,1,15.94,0.3,11.16,7.97,0
O101823,C00849,2025-10-12,Fashion,North,2,121.2,0.0,242.4,109.08,0
O106562,C03042,2025-10-12,Sports,North,1,102.45,0.15,87.08,59.42,1
O100978,C00452,2025-10-12,Home & Kitchen,East,1,26.92,0.05,25.57,14.81,0
O106905,C03202,2025-10-12,Beauty,South,2,50.96,0.2,81.54,40.77,0
O104549,C02099,2025-10-12,Electronics,West,1,160.35,0.15,136.3,115.45,1
O107801,C03640,2025-10-12,Sports,South,1,137.35,0.1,123.61,79.66,0
O104865,C02245,2025-10-12,Books,South,2,25.56,0.1,46.01,25.56,0
O105653,C02612,2025-10-13,Fashion,East,2,134.63,0.0,269.26,121.17,0
O104552,C02101,2025-10-13,Beauty,East,2,53.91,0.0,107.82,43.13,0
O103376,C01564,2025-10-13,Fashion,West,1,126.53,0.0,126.53,56.94,0
O108788,C04081,2025-10-13,Sports,West,2,127.11,0.0,254.22,147.45,0
O103508,C01618,2025-10-13,Sports,East,1,116.84,0.0,116.84,67.77,0
O110224,C04747,2025-10-13,Sports,East,2,245.19,0.0,490.38,284.42,0
O109415,C04369,2025-10-13,Home & Kitchen,West,1,161.68,0.1,145.51,88.92,0
O105487,C02526,2025-10-13,Home & Kitchen,West,2,52.2,0.0,104.4,57.42,0
O102474,C01148,2025-10-13,Sports,East,2,213.49,0.0,426.98,247.65,0
O109943,C04620,2025-10-13,Fashion,West,2,52.45,0.1,94.41,47.21,0
O101278,C00586,2025-10-13,Home & Kitchen,West,1,65.24,0.3,45.67,35.88,0
O108232,C03826,2025-10-13,Books,East,1,16.61,0.1,14.95,8.3,0
O102591,C01206,2025-10-13,Books,East,2,39.13,0.0,78.26,39.13,0
O103807,C01753,2025-10-13,Fashion,South,1,108.54,0.0,108.54,48.84,0
O103803,C01751,2025-10-13,Beauty,North,1,45.16,0.0,45.16,18.06,0
O107684,C03587,2025-10-13,Fashion,North,2,96.21,0.15,163.56,86.59,0
O107647,C03571,2025-10-13,Home & Kitchen,East,1,123.7,0.15,105.14,68.04,0
O110393,C04829,2025-10-13,Sports,West,3,150.32,0.1,405.86,261.56,0
O110351,C04808,2025-10-13,Books,South,1,35.9,0.2,28.72,17.95,0
O107805,C03642,2025-10-13,Home & Kitchen,West,1,74.79,0.0,74.79,41.13,0
O101234,C00569,2025-10-13,Beauty,West,3,29.93,0.0,89.79,35.92,0
O109250,C04295,2025-10-13,Fashion,East,1,53.03,0.0,53.03,23.86,0
O104751,C02196,2025-10-13,Electronics,West,1,364.85,0.05,346.61,262.69,0
O107508,C03495,2025-10-13,Fashion,West,1,38.22,0.1,34.4,17.2,0
O109820,C04560,2025-10-14,Electronics,West,1,160.59,0.05,152.56,115.62,1
O111394,C05312,2025-10-14,Home & Kitchen,South,2,34.55,0.15,58.73,38.01,0
O107726,C03605,2025-10-14,Fashion,East,3,48.32,0.0,144.96,65.23,0
O105842,C02701,2025-10-14,Fashion,West,1,36.61,0.0,36.61,16.47,0
O100811,C00377,2025-10-14,Beauty,North,3,41.62,0.3,87.4,49.94,1
O102771,C01292,2025-10-14,Home & Kitchen,North,2,123.38,0.0,246.76,135.72,0
O105321,C02452,2025-10-14,Books,East,2,35.73,0.3,50.02,35.73,0
O110149,C04712,2025-10-14,Sports,East,1,240.28,0.0,240.28,139.36,0
O104331,C02005,2025-10-14,Fashion,North,1,54.13,0.05,51.42,24.36,0
O100799,C00372,2025-10-14,Fashion,North,1,49.13,0.2,39.3,22.11,0
O112385,C05749,2025-10-14,Books,East,2,20.68,0.0,41.36,20.68,0
O106903,C03201,2025-10-14,Home & Kitchen,East,2,36.3,0.0,72.6,39.93,0
O108391,C03900,2025-10-14,Beauty,West,1,14.5,0.0,14.5,5.8,0
O104580,C02113,2025-10-14,Beauty,East,3,44.86,0.3,94.21,53.83,0
O111344,C05288,2025-10-14,Fashion,West,1,36.37,0.05,34.55,16.37,0
O101287,C00590,2025-10-14,Sports,South,1,55.78,0.1,50.2,32.35,0
O105638,C02603,2025-10-14,Fashion,West,1,74.83,0.0,74.83,33.67,0
O105431,C02501,2025-10-14,Fashion,North,1,113.3,0.0,113.3,50.98,1
O103167,C01472,2025-10-14,Beauty,North,1,53.71,0.0,53.71,21.48,0
O108272,C03847,2025-10-15,Books,North,2,24.92,0.0,49.84,24.92,0
O100032,C00015,2025-10-15,Home & Kitchen,North,2,73.57,0.1,132.43,80.93,0
O112505,C05804,2025-10-15,Beauty,North,1,17.52,0.15,14.89,7.01,0
O103384,C01569,2025-10-15,Electronics,East,3,329.48,0.1,889.6,711.68,0
O112639,C05865,2025-10-15,Beauty,North,1,31.25,0.3,21.88,12.5,0
O102578,C01201,2025-10-15,Fashion,North,2,77.66,0.0,155.32,69.89,0
O104483,C02073,2025-10-15,Fashion,South,1,121.78,0.0,121.78,54.8,0
O109198,C04273,2025-10-15,Beauty,North,1,36.09,0.0,36.09,14.44,0
O107064,C03280,2025-10-15,Fashion,North,1,53.19,0.0,53.19,23.94,0
O102512,C01170,2025-10-15,Fashion,South,3,70.11,0.0,210.33,94.65,0
O105902,C02733,2025-10-15,Home & Kitchen,East,3,98.56,0.05,280.9,162.62,0
O100013,C00006,2025-10-15,Beauty,East,2,22.76,0.1,40.97,18.21,0
O111081,C05156,2025-10-15,Fashion,West,2,39.37,0.2,62.99,35.43,0
O107727,C03605,2025-10-15,Fashion,East,2,75.72,0.05,143.87,68.15,0
O109416,C04369,2025-10-15,Sports,West,1,217.72,0.0,217.72,126.28,0
O102449,C01137,2025-10-15,Electronics,East,2,133.08,0.1,239.54,191.64,0
O106749,C03128,2025-10-15,Electronics,North,3,467.44,0.2,1121.86,1009.67,0
O108233,C03826,2025-10-15,Fashion,East,2,53.34,0.0,106.68,48.01,0
O100771,C00362,2025-10-15,Books,South,2,9.68,0.3,13.55,9.68,0
O111791,C05491,2025-10-15,Books,North,2,14.58,0.0,29.16,14.58,0
O109982,C04640,2025-10-15,Books,South,1,14.71,0.05,13.97,7.36,0
O112724,C05908,2025-10-15,Beauty,West,3,54.97,0.3,115.44,65.96,0
O111359,C05295,2025-10-15,Home & Kitchen,East,1,118.07,0.2,94.46,64.94,0
O110759,C05008,2025-10-15,Fashion,West,3,66.69,0.05,190.07,90.03,0
O104582,C02114,2025-10-15,Sports,West,2,99.77,0.0,199.54,115.73,0
O102000,C00927,2025-10-15,Home & Kitchen,East,1,162.7,0.0,162.7,89.48,0
O105645,C02607,2025-10-16,Books,North,3,37.42,0.0,112.26,56.13,0
O109445,C04380,2025-10-16,Fashion,South,3,121.3,0.3,254.73,163.76,1
O112813,C05948,2025-10-16,Books,East,2,10.7,0.05,20.33,10.7,0
O108015,C03731,2025-10-16,Sports,West,2,192.05,0.05,364.89,222.78,0
O108888,C04132,2025-10-16,Electronics,East,2,572.98,0.0,1145.96,825.09,1
O111335,C05284,2025-10-16,Beauty,East,1,65.71,0.0,65.71,26.28,0
O107972,C03715,2025-10-16,Fashion,East,2,23.99,0.0,47.98,21.59,0
O111149,C05192,2025-10-16,Books,West,1,28.2,0.05,26.79,14.1,0
O107558,C03520,2025-10-16,Fashion,South,1,31.62,0.0,31.62,14.23,0
O103154,C01465,2025-10-16,Sports,North,1,78.94,0.0,78.94,45.79,0
O100171,C00086,2025-10-16,Beauty,South,2,36.25,0.05,68.88,29.0,0
O103832,C01766,2025-10-16,Fashion,North,1,80.04,0.15,68.03,36.02,1
O100388,C00190,2025-10-16,Home & Kitchen,South,1,88.45,0.1,79.61,48.65,0
O106238,C02887,2025-10-16,Books,North,2,28.69,0.0,57.38,28.69,0
O104542,C02096,2025-10-16,Home & Kitchen,East,1,40.8,0.2,32.64,22.44,0
O108269,C03845,2025-10-16,Electronics,East,3,252.21,0.15,643.14,544.77,0
O110183,C04731,2025-10-16,Fashion,East,2,83.65,0.0,167.3,75.29,0
O103710,C01708,2025-10-16,Fashion,South,1,35.42,0.0,35.42,15.94,1
O110654,C04959,2025-10-16,Books,North,1,17.36,0.05,16.49,8.68,0
O104785,C02208,2025-10-16,Home & Kitchen,West,3,54.0,0.0,162.0,89.1,0
O101989,C00924,2025-10-16,Electronics,West,1,209.06,0.0,209.06,150.52,0
O104117,C01901,2025-10-16,Books,South,3,34.87,0.0,104.61,52.3,0
O104460,C02063,2025-10-16,Electronics,South,3,285.0,0.05,812.25,615.6,0
O107803,C03641,2025-10-17,Fashion,North,1,73.76,0.0,73.76,33.19,0
O109039,C04205,2025-10-17,Fashion,East,1,47.44,0.0,47.44,21.35,0
O109043,C04208,2025-10-17,Fashion,North,1,72.57,0.05,68.94,32.66,0
O102767,C01290,2025-10-17,Books,East,3,8.34,0.3,17.51,12.51,0
O107483,C03482,2025-10-17,Sports,South,1,238.15,0.0,238.15,138.13,0
O103517,C01623,2025-10-17,Fashion,East,3,113.76,0.0,341.28,153.58,0
O103494,C01614,2025-10-17,Electronics,South,1,415.38,0.0,415.38,299.07,0
O104473,C02068,2025-10-17,Beauty,South,3,41.56,0.0,124.68,49.87,0
O104939,C02280,2025-10-17,Fashion,East,1,127.81,0.0,127.81,57.51,0
O112196,C05665,2025-10-17,Beauty,North,3,46.84,0.0,140.52,56.21,0
O106046,C02796,2025-10-17,Sports,East,2,37.82,0.15,64.29,43.87,0
O112383,C05747,2025-10-17,Fashion,East,1,48.88,0.3,34.22,22.0,0
O110378,C04820,2025-10-17,Home & Kitchen,South,2,59.83,0.0,119.66,65.81,0
O107341,C03418,2025-10-17,Sports,North,2,59.85,0.05,113.72,69.43,0
O104255,C01971,2025-10-17,Books,East,1,25.55,0.0,25.55,12.78,0
O101580,C00733,2025-10-17,Home & Kitchen,East,1,162.88,0.2,130.3,89.58,0
O103304,C01530,2025-10-17,Fashion,East,2,27.47,0.05,52.19,24.72,0
O110382,C04823,2025-10-17,Fashion,South,3,53.49,0.3,112.33,72.21,0
O104683,C02164,2025-10-18,Electronics,South,2,191.09,0.0,382.18,275.17,1
O104758,C02198,2025-10-18,Books,South,2,19.17,0.0,38.34,19.17,0
O104724,C02185,2025-10-18,Books,North,2,14.76,0.0,29.52,14.76,0
O110694,C04979,2025-10-18,Sports,West,3,99.31,0.0,297.93,172.8,0
O101256,C00577,2025-10-18,Electronics,West,1,215.04,0.2,172.03,154.83,0
O109096,C04232,2025-10-18,Books,North,1,21.32,0.05,20.25,10.66,0
O102863,C01333,2025-10-18,Home & Kitchen,North,1,39.72,0.05,37.73,21.85,0
O107409,C03449,2025-10-18,Electronics,East,3,471.18,0.1,1272.19,1017.75,0
O102395,C01111,2025-10-18,Sports,South,1,164.53,0.0,164.53,95.43,0
O105672,C02619,2025-10-18,Beauty,East,1,16.3,0.05,15.48,6.52,0
O112893,C05982,2025-10-18,Electronics,East,1,534.8,0.1,481.32,385.06,0
O111649,C05430,2025-10-18,Fashion,East,1,24.16,0.1,21.74,10.87,0
O105498,C02531,2025-10-18,Electronics,South,3,420.58,0.2,1009.39,908.45,0
O106724,C03114,2025-10-19,Electronics,West,1,193.17,0.3,135.22,139.08,0
O108581,C03990,2025-10-19,Home & Kitchen,North,2,28.27,0.15,48.06,31.1,0
O108540,C03972,2025-10-19,Fashion,South,2,87.91,0.0,175.82,79.12,1
O110955,C05097,2025-10-19,Fashion,North,2,137.68,0.1,247.82,123.91,0
O101845,C00862,2025-10-19,Beauty,North,3,68.9,0.3,144.69,82.68,0
O101037,C00479,2025-10-19,Beauty,West,2,19.1,0.0,38.2,15.28,0
O104296,C01990,2025-10-19,Books,North,3,10.6,0.0,31.8,15.9,0
O103711,C01708,2025-10-19,Sports,South,1,235.7,0.0,235.7,136.71,0
O102335,C01081,2025-10-19,Fashion,South,2,93.09,0.1,167.56,83.78,0
O103669,C01689,2025-10-19,Home & Kitchen,West,2,130.06,0.3,182.08,143.07,0
O107278,C03385,2025-10-19,Electronics,North,3,400.79,0.1,1082.13,865.71,0
O105633,C02601,2025-10-19,Books,East,1,20.06,0.0,20.06,10.03,0
O105682,C02625,2025-10-19,Books,North,2,15.77,0.0,31.54,15.77,0
O103097,C01443,2025-10-19,Electronics,West,1,122.91,0.3,86.04,88.5,1
O110717,C04989,2025-10-19,Fashion,East,1,135.74,0.05,128.95,61.08,0
O110959,C05099,2025-10-19,Sports,South,1,62.33,0.0,62.33,36.15,0
O103540,C01633,2025-10-19,Books,South,1,15.97,0.0,15.97,7.98,0
O112350,C05733,2025-10-19,Sports,South,1,216.53,0.0,216.53,125.59,0
O111678,C05443,2025-10-19,Beauty,South,1,40.91,0.0,40.91,16.36,0
O104209,C01948,2025-10-19,Beauty,East,1,31.6,0.3,22.12,12.64,0
O101595,C00740,2025-10-19,Electronics,South,3,244.68,0.15,623.93,528.51,0
O112164,C05651,2025-10-19,Home & Kitchen,South,1,144.51,0.0,144.51,79.48,0
O105392,C02482,2025-10-19,Beauty,North,1,50.34,0.0,50.34,20.14,0
O107650,C03572,2025-10-19,Books,East,1,36.35,0.1,32.72,18.18,0
O103466,C01602,2025-10-19,Home & Kitchen,West,2,81.39,0.15,138.36,89.53,0
O101534,C00710,2025-10-19,Fashion,East,2,64.66,0.2,103.46,58.19,0
O108462,C03936,2025-10-20,Beauty,East,1,30.98,0.0,30.98,12.39,0
O111082,C05157,2025-10-20,Home & Kitchen,West,1,89.5,0.0,89.5,49.22,0
O104656,C02148,2025-10-20,Home & Kitchen,South,1,142.59,0.0,142.59,78.42,0
O106779,C03140,2025-10-20,Fashion,South,2,134.86,0.0,269.72,121.37,0
O101556,C00722,2025-10-20,Electronics,East,3,330.95,0.05,943.21,714.85,0
O102300,C01067,2025-10-20,Fashion,South,3,54.36,0.15,138.62,73.39,0
O105462,C02516,2025-10-20,Fashion,West,3,124.53,0.1,336.23,168.12,0
O100488,C00236,2025-10-20,Books,North,3,37.77,0.0,113.31,56.66,0
O112876,C05977,2025-10-20,Books,North,3,22.43,0.0,67.29,33.64,0
O102543,C01182,2025-10-20,Fashion,North,1,45.7,0.0,45.7,20.56,0
O105335,C02458,2025-10-20,Books,East,1,35.89,0.0,35.89,17.94,0
O106255,C02894,2025-10-20,Books,West,3,35.0,0.0,105.0,52.5,0
O102729,C01273,2025-10-20,Electronics,West,2,569.99,0.0,1139.98,820.79,0
O105160,C02383,2025-10-20,Electronics,East,2,372.88,0.0,745.76,536.95,1
O105341,C02461,2025-10-20,Fashion,East,3,99.65,0.0,298.95,134.53,0
O107648,C03571,2025-10-20,Electronics,East,1,265.61,0.15,225.77,191.24,0
O108164,C03797,2025-10-20,Electronics,East,3,527.02,0.0,1581.06,1138.36,1
O103748,C01724,2025-10-20,Beauty,East,2,54.23,0.05,103.04,43.38,0
O110857,C05054,2025-10-20,Beauty,East,1,54.4,0.05,51.68,21.76,0
O106361,C02945,2025-10-20,Home & Kitchen,North,1,65.37,0.3,45.76,35.95,0
O104834,C02233,2025-10-20,Electronics,South,2,301.5,0.0,603.0,434.16,1
O101477,C00680,2025-10-21,Fashion,North,2,138.08,0.1,248.54,124.27,0
O110777,C05016,2025-10-21,Home & Kitchen,North,2,73.61,0.1,132.5,80.97,0
O104215,C01951,2025-10-21,Books,North,2,33.42,0.2,53.47,33.42,0
O109661,C04478,2025-10-21,Fashion,North,1,36.73,0.0,36.73,16.53,0
O102288,C01061,2025-10-21,Home & Kitchen,West,3,53.49,0.15,136.4,88.26,0
O112768,C05931,2025-10-21,Electronics,East,1,252.72,0.0,252.72,181.96,0
O105231,C02414,2025-10-21,Fashion,North,1,90.8,0.05,86.26,40.86,0
O110584,C04924,2025-10-21,Books,East,2,27.07,0.0,54.14,27.07,0
O108276,C03849,2025-10-21,Books,North,3,24.03,0.05,68.49,36.04,0
O106840,C03172,2025-10-21,Books,South,3,37.16,0.3,78.04,55.74,0
O103706,C01705,2025-10-21,Beauty,North,1,22.12,0.1,19.91,8.85,0
O108889,C04132,2025-10-21,Sports,East,2,135.55,0.15,230.44,157.24,0
O105726,C02649,2025-10-21,Beauty,South,1,59.54,0.05,56.56,23.82,0
O108904,C04142,2025-10-21,Beauty,East,2,20.32,0.0,40.64,16.26,0
O111083,C05157,2025-10-21,Electronics,West,2,440.96,0.1,793.73,634.98,0
O109733,C04514,2025-10-21,Sports,East,3,228.94,0.0,686.82,398.36,0
O106332,C02932,2025-10-21,Books,North,2,22.81,0.0,45.62,22.81,0
O106732,C03117,2025-10-21,Home & Kitchen,South,1,169.98,0.3,118.99,93.49,0
O112781,C05934,2025-10-21,Fashion,West,2,125.23,0.0,250.46,112.71,0
O105692,C02631,2025-10-21,Fashion,South,2,93.39,0.1,168.1,84.05,0
O101458,C00669,2025-10-21,Books,South,2,30.03,0.0,60.06,30.03,0
O111794,C05492,2025-10-21,Home & Kitchen,West,1,62.16,0.15,52.84,34.19,0
O100993,C00458,2025-10-22,Books,West,2,22.65,0.0,45.3,22.65,0
O103599,C01657,2025-10-22,Books,West,1,30.83,0.0,30.83,15.42,0
O104068,C01874,2025-10-22,Fashion,East,2,36.78,0.0,73.56,33.1,0
O100945,C00438,2025-10-22,Home & Kitchen,South,2,132.37,0.0,264.74,145.61,0
O105829,C02695,2025-10-22,Books,East,2,10.23,0.0,20.46,10.23,0
O102976,C01384,2025-10-22,Fashion,South,2,32.1,0.0,64.2,28.89,0
O109184,C04268,2025-10-22,Books,East,3,27.73,0.0,83.19,41.6,0
O105681,C02624,2025-10-22,Electronics,East,1,304.58,0.0,304.58,219.3,0
O108013,C03730,2025-10-22,Sports,East,2,73.82,0.0,147.64,85.63,0
O108172,C03801,2025-10-22,Home & Kitchen,South,2,173.34,0.0,346.68,190.67,0
O105903,C02733,2025-10-22,Beauty,East,2,49.79,0.0,99.58,39.83,0
O102355,C01093,2025-10-22,Beauty,West,3,61.91,0.0,185.73,74.29,0
O110208,C04742,2025-10-22,Electronics,South,3,217.66,0.0,652.98,470.15,1
O111834,C05512,2025-10-22,Books,East,1,11.49,0.3,8.04,5.74,0
O108087,C03765,2025-10-22,Fashion,South,1,139.85,0.05,132.86,62.93,1
O107616,C03551,2025-10-22,Fashion,West,1,67.34,0.15,57.24,30.3,0
O106069,C02805,2025-10-22,Home & Kitchen,East,1,39.74,0.0,39.74,21.86,0
O102757,C01286,2025-10-22,Fashion,North,2,58.32,0.0,116.64,52.49,0
O103249,C01507,2025-10-22,Fashion,South,2,80.53,0.0,161.06,72.48,0
O101608,C00745,2025-10-22,Books,North,3,28.25,0.15,72.04,42.38,0
O101649,C00764,2025-10-22,Home & Kitchen,North,2,154.3,0.2,246.88,169.73,0
O100906,C00421,2025-10-22,Beauty,West,1,61.65,0.0,61.65,24.66,0
O109342,C04339,2025-10-22,Sports,North,1,179.11,0.2,143.29,103.88,0
O101084,C00500,2025-10-23,Fashion,West,2,77.83,0.0,155.66,70.05,0
O105414,C02491,2025-10-23,Fashion,South,2,81.05,0.0,162.1,72.94,0
O102864,C01333,2025-10-23,Sports,North,1,97.01,0.0,97.01,56.27,0
O103000,C01396,2025-10-23,Books,South,1,22.46,0.3,15.72,11.23,0
O104268,C01977,2025-10-23,Sports,South,1,30.97,0.3,21.68,17.96,0
O106125,C02831,2025-10-23,Sports,East,1,115.51,0.05,109.73,67.0,0
O107349,C03421,2025-10-23,Home & Kitchen,South,2,54.33,0.0,108.66,59.76,0
O101716,C00795,2025-10-23,Fashion,East,2,124.63,0.0,249.26,112.17,0
O101271,C00582,2025-10-23,Home & Kitchen,East,1,52.1,0.0,52.1,28.66,0
O112721,C05906,2025-10-23,Electronics,North,1,405.31,0.0,405.31,291.82,0
O112265,C05693,2025-10-23,Beauty,North,1,47.87,0.1,43.08,19.15,0
O107398,C03445,2025-10-23,Electronics,North,2,254.59,0.0,509.18,366.61,0
O103670,C01689,2025-10-23,Beauty,West,1,17.22,0.0,17.22,6.89,1
O103646,C01681,2025-10-23,Electronics,West,1,518.56,0.05,492.63,373.36,0
O106856,C03180,2025-10-23,Electronics,South,1,247.5,0.15,210.38,178.2,1
O104981,C02300,2025-10-23,Sports,North,2,198.47,0.0,396.94,230.23,0
O104954,C02289,2025-10-23,Fashion,South,2,103.05,0.2,164.88,92.74,1
O110291,C04782,2025-10-23,Books,South,1,27.96,0.0,27.96,13.98,0
O110880,C05065,2025-10-23,Home & Kitchen,West,2,88.52,0.05,168.19,97.37,0
O111209,C05223,2025-10-23,Electronics,South,3,296.11,0.0,888.33,639.6,1
O109305,C04319,2025-10-23,Sports,South,1,153.86,0.0,153.86,89.24,0
O107948,C03704,2025-10-23,Home & Kitchen,North,1,58.2,0.1,52.38,32.01,0
O102169,C01006,2025-10-24,Sports,North,1,111.65,0.3,78.16,64.76,0
O105226,C02413,2025-10-24,Electronics,South,3,148.35,0.0,445.05,320.44,0
O112706,C05901,2025-10-24,Electronics,North,1,315.76,0.05,299.97,227.35,0
O109785,C04543,2025-10-24,Beauty,East,2,26.07,0.1,46.93,20.86,0
O110267,C04772,2025-10-24,Home & Kitchen,North,2,62.54,0.15,106.32,68.79,0
O107806,C03643,2025-10-24,Beauty,North,1,49.31,0.0,49.31,19.72,0
O106095,C02817,2025-10-24,Home & Kitchen,South,3,65.98,0.0,197.94,108.87,0
O100877,C00409,2025-10-24,Fashion,East,2,52.03,0.0,104.06,46.83,0
O103642,C01679,2025-10-24,Beauty,North,1,66.21,0.1,59.59,26.48,0
O104811,C02221,2025-10-24,Fashion,North,1,124.74,0.0,124.74,56.13,0
O101573,C00729,2025-10-24,Fashion,East,2,117.35,0.0,234.7,105.62,0
O109242,C04292,2025-10-24,Home & Kitchen,North,2,80.89,0.2,129.42,88.98,0
O100759,C00358,2025-10-24,Books,South,2,38.58,0.0,77.16,38.58,0
O102021,C00936,2025-10-24,Home & Kitchen,North,1,129.57,0.05,123.09,71.26,0
O109179,C04265,2025-10-24,Fashion,East,1,40.42,0.0,40.42,18.19,0
O106190,C02862,2025-10-24,Home & Kitchen,North,1,45.86,0.0,45.86,25.22,0
O111776,C05485,2025-10-24,Beauty,East,1,44.68,0.0,44.68,17.87,0
O103270,C01516,2025-10-24,Fashion,South,1,47.72,0.3,33.4,21.47,1
O107209,C03352,2025-10-25,Beauty,West,3,51.63,0.0,154.89,61.96,0
O108739,C04060,2025-10-25,Beauty,South,2,17.72,0.0,35.44,14.18,0
O105605,C02587,2025-10-25,Books,East,1,20.54,0.0,20.54,10.27,0
O102381,C01103,2025-10-25,Home & Kitchen,East,2,158.04,0.0,316.08,173.84,1
O108474,C03943,2025-10-25,Electronics,East,1,321.77,0.0,321.77,231.67,0
O103377,C01564,2025-10-25,Electronics,West,2,577.76,0.3,808.86,831.97,0
O102099,C00972,2025-10-25,Electronics,North,1,240.05,0.0,240.05,172.84,0
O107186,C03339,2025-10-25,Sports,North,2,78.15,0.3,109.41,90.65,0
O100546,C00264,2025-10-25,Electronics,South,1,447.94,0.0,447.94,322.52,0
O109555,C04430,2025-10-25,Fashion,West,2,85.06,0.1,153.11,76.55,0
O111974,C05578,2025-10-25,Home & Kitchen,North,1,117.7,0.0,117.7,64.74,0
O109658,C04477,2025-10-25,Fashion,South,1,80.75,0.05,76.71,36.34,0
O111090,C05160,2025-10-25,Fashion,South,1,52.89,0.0,52.89,23.8,0
O111883,C05532,2025-10-25,Fashion,North,1,103.47,0.2,82.78,46.56,0
O105673,C02620,2025-10-25,Home & Kitchen,North,3,175.19,0.0,525.57,289.06,0
O109217,C04280,2025-10-25,Fashion,East,2,135.07,0.0,270.14,121.56,0
O101080,C00499,2025-10-25,Beauty,South,2,42.41,0.1,76.34,33.93,0
O108773,C04074,2025-10-25,Electronics,East,2,430.52,0.2,688.83,619.95,1
O106392,C02961,2025-10-25,Fashion,North,1,137.81,0.0,137.81,62.01,0
O107434,C03462,2025-10-25,Fashion,East,3,25.29,0.0,75.87,34.14,0
O105172,C02390,2025-10-25,Home & Kitchen,West,1,95.44,0.0,95.44,52.49,0
O104989,C02304,2025-10-25,Sports,South,2,154.43,0.0,308.86,179.14,0
O104042,C01861,2025-10-25,Home & Kitchen,East,1,25.2,0.1,22.68,13.86,0
O110475,C04869,2025-10-25,Sports,East,1,49.95,0.1,44.96,28.97,0
O112146,C05640,2025-10-25,Books,North,2,33.44,0.1,60.19,33.44,0
O109834,C04565,2025-10-25,Fashion,South,3,53.9,0.0,161.7,72.76,0
O109983,C04640,2025-10-25,Fashion,South,3,87.65,0.0,262.95,118.33,0
O108863,C04122,2025-10-25,Books,North,2,20.36,0.0,40.72,20.36,0
O102705,C01262,2025-10-25,Home & Kitchen,West,1,46.75,0.1,42.08,25.71,0
O100737,C00348,2025-10-25,Sports,East,2,95.24,0.0,190.48,110.48,0
O106295,C02918,2025-10-26,Beauty,East,1,27.45,0.0,27.45,10.98,0
O112894,C05983,2025-10-26,Books,East,3,37.78,0.0,113.34,56.67,0
O100830,C00389,2025-10-26,Home & Kitchen,South,1,81.54,0.1,73.39,44.85,0
O105073,C02341,2025-10-26,Home & Kitchen,South,2,102.2,0.0,204.4,112.42,0
O107688,C03589,2025-10-26,Books,West,3,13.16,0.15,33.56,19.74,0
O111604,C05408,2025-10-26,Home & Kitchen,East,1,31.96,0.0,31.96,17.58,0
O103600,C01657,2025-10-26,Fashion,West,1,60.55,0.0,60.55,27.25,0
O103232,C01501,2025-10-26,Fashion,North,1,123.48,0.1,111.13,55.57,0
O107835,C03658,2025-10-26,Beauty,West,2,39.25,0.05,74.58,31.4,0
O112663,C05877,2025-10-26,Books,West,3,33.55,0.1,90.58,50.32,0
O104346,C02009,2025-10-26,Electronics,East,2,350.57,0.05,666.08,504.82,0
O101050,C00485,2025-10-26,Fashion,East,3,46.87,0.0,140.61,63.27,0
O102796,C01301,2025-10-26,Books,South,2,16.91,0.0,33.82,16.91,0
O109490,C04404,2025-10-26,Beauty,East,2,26.51,0.3,37.11,21.21,0
O111717,C05461,2025-10-26,Fashion,West,3,87.06,0.0,261.18,117.53,1
O106034,C02791,2025-10-26,Sports,West,2,169.64,0.2,271.42,196.78,0
O109900,C04600,2025-10-26,Home & Kitchen,East,2,129.03,0.0,258.06,141.93,0
O105571,C02571,2025-10-26,Home & Kitchen,North,1,150.34,0.05,142.82,82.69,0
O105337,C02459,2025-10-26,Home & Kitchen,North,1,62.63,0.0,62.63,34.45,0
O101497,C00693,2025-10-26,Beauty,North,2,69.19,0.0,138.38,55.35,0
O103701,C01703,2025-10-26,Home & Kitchen,South,1,39.64,0.1,35.68,21.8,0
O109012,C04191,2025-10-26,Books,East,1,34.67,0.0,34.67,17.34,0
O107135,C03313,2025-10-26,Books,West,2,16.31,0.0,32.62,16.31,0
O100547,C00264,2025-10-26,Beauty,South,1,42.41,0.0,42.41,16.96,0
O108513,C03962,2025-10-26,Home & Kitchen,North,1,53.5,0.0,53.5,29.42,0
O108801,C04088,2025-10-26,Electronics,North,1,255.9,0.0,255.9,184.25,0
O106793,C03148,2025-10-26,Electronics,South,1,156.43,0.0,156.43,112.63,0
O111922,C05550,2025-10-26,Electronics,East,1,325.91,0.0,325.91,234.66,0
O102140,C00989,2025-10-27,Fashion,West,3,77.01,0.0,231.03,103.96,0
O101613,C00746,2025-10-27,Electronics,East,3,174.68,0.2,419.23,377.31,0
O107428,C03459,2025-10-27,Books,East,2,38.56,0.05,73.26,38.56,0
O100674,C00319,2025-10-27,Home & Kitchen,North,1,156.29,0.1,140.66,85.96,0
O100705,C00334,2025-10-27,Sports,North,1,177.58,0.1,159.82,103.0,0
O102810,C01305,2025-10-27,Fashion,North,2,45.64,0.0,91.28,41.08,0
O112649,C05869,2025-10-27,Home & Kitchen,South,2,145.1,0.0,290.2,159.61,0
O103064,C01425,2025-10-27,Electronics,East,1,247.81,0.2,198.25,178.42,0
O104250,C01969,2025-10-27,Fashion,North,1,136.57,0.0,136.57,61.46,0
O109097,C04232,2025-10-27,Electronics,North,2,257.27,0.3,360.18,370.47,1
O112369,C05741,2025-10-27,Home & Kitchen,North,2,138.65,0.0,277.3,152.52,0
O101668,C00776,2025-10-27,Books,South,1,13.97,0.0,13.97,6.98,0
O103355,C01552,2025-10-27,Home & Kitchen,East,1,138.68,0.0,138.68,76.27,0
O107279,C03385,2025-10-27,Fashion,North,1,37.72,0.0,37.72,16.97,0
O109720,C04508,2025-10-27,Books,West,1,12.58,0.0,12.58,6.29,0
O100426,C00207,2025-10-27,Books,North,1,34.64,0.1,31.18,17.32,0
O103457,C01600,2025-10-27,Electronics,South,1,229.85,0.3,160.89,165.49,0
O105567,C02570,2025-10-27,Beauty,West,1,20.26,0.1,18.23,8.1,0
O103315,C01533,2025-10-27,Home & Kitchen,East,1,82.49,0.15,70.12,45.37,0
O101201,C00558,2025-10-27,Electronics,West,2,177.29,0.0,354.58,255.3,1
O108744,C04063,2025-10-27,Home & Kitchen,North,2,44.64,0.0,89.28,49.1,1
O110074,C04679,2025-10-27,Beauty,West,2,55.81,0.0,111.62,44.65,0
O112725,C05908,2025-10-27,Fashion,West,2,93.98,0.0,187.96,84.58,0
O105427,C02500,2025-10-27,Fashion,North,2,106.7,0.0,213.4,96.03,0
O112305,C05712,2025-10-27,Books,North,1,28.97,0.0,28.97,14.48,0
O107168,C03330,2025-10-27,Sports,North,1,115.67,0.0,115.67,67.09,0
O110861,C05057,2025-10-27,Books,East,3,25.73,0.1,69.47,38.6,0
O108501,C03956,2025-10-28,Beauty,South,3,66.74,0.1,180.2,80.09,1
O112048,C05604,2025-10-28,Books,West,1,16.82,0.0,16.82,8.41,0
O105788,C02675,2025-10-28,Electronics,East,2,542.67,0.0,1085.34,781.44,0
O105875,C02718,2025-10-28,Home & Kitchen,West,1,140.71,0.2,112.57,77.39,1
O105888,C02725,2025-10-28,Home & Kitchen,West,1,95.02,0.15,80.77,52.26,0
O108424,C03921,2025-10-28,Fashion,East,1,132.62,0.1,119.36,59.68,0
O107827,C03654,2025-10-28,Books,East,1,38.17,0.1,34.35,19.08,0
O106482,C03003,2025-10-28,Beauty,East,2,21.71,0.0,43.42,17.37,0
O112361,C05738,2025-10-28,Fashion,South,1,60.36,0.1,54.32,27.16,0
O101471,C00676,2025-10-28,Fashion,West,2,70.12,0.05,133.23,63.11,0
O100058,C00025,2025-10-28,Home & Kitchen,South,3,131.49,0.05,374.75,216.96,0
O104687,C02166,2025-10-28,Electronics,East,2,319.85,0.15,543.75,460.58,0
O106844,C03173,2025-10-28,Home & Kitchen,South,2,55.22,0.1,99.4,60.74,0
O102544,C01182,2025-10-28,Electronics,North,2,184.06,0.0,368.12,265.05,0
O105864,C02713,2025-10-28,Fashion,West,2,101.74,0.1,183.13,91.57,0
O106333,C02932,2025-10-28,Fashion,North,1,36.01,0.15,30.61,16.2,0
O103989,C01837,2025-10-28,Sports,North,1,34.32,0.0,34.32,19.91,0
O108173,C03801,2025-10-28,Fashion,South,1,101.62,0.0,101.62,45.73,0
O104544,C02097,2025-10-28,Fashion,East,2,111.8,0.0,223.6,100.62,1
O102952,C01375,2025-10-28,Electronics,East,1,526.29,0.0,526.29,378.93,1
O101648,C00763,2025-10-29,Fashion,North,1,83.74,0.2,66.99,37.68,0
O100609,C00294,2025-10-29,Books,South,1,8.19,0.0,8.19,4.1,0
O110755,C05006,2025-10-29,Electronics,East,1,341.78,0.3,239.25,246.08,1
O104390,C02028,2025-10-29,Beauty,South,1,49.31,0.0,49.31,19.72,0
O109643,C04468,2025-10-29,Books,North,2,39.63,0.0,79.26,39.63,0
O111418,C05322,2025-10-29,Home & Kitchen,East,1,65.86,0.0,65.86,36.22,0
O106117,C02828,2025-10-29,Beauty,North,1,41.2,0.05,39.14,16.48,0
O106181,C02858,2025-10-29,Sports,East,1,71.03,0.0,71.03,41.2,0
O112842,C05961,2025-10-29,Home & Kitchen,North,1,101.3,0.0,101.3,55.72,0
O102759,C01287,2025-10-29,Home & Kitchen,West,1,159.21,0.0,159.21,87.57,0
O108379,C03896,2025-10-29,Home & Kitchen,North,2,106.18,0.2,169.89,116.8,0
O105837,C02699,2025-10-29,Home & Kitchen,West,2,132.14,0.05,251.07,145.35,0
O110000,C04647,2025-10-29,Electronics,North,1,444.73,0.0,444.73,320.21,0
O108771,C04073,2025-10-29,Beauty,South,1,10.21,0.0,10.21,4.08,0
O101239,C00570,2025-10-29,Home & Kitchen,South,1,83.56,0.1,75.2,45.96,1
O101190,C00552,2025-10-29,Electronics,East,1,561.96,0.1,505.76,404.61,1
O110811,C05032,2025-10-29,Beauty,South,2,30.54,0.0,61.08,24.43,0
O110655,C04960,2025-10-29,Fashion,West,2,37.11,0.05,70.51,33.4,0
O108607,C04006,2025-10-29,Home & Kitchen,South,2,71.33,0.05,135.53,78.46,0
O104130,C01910,2025-10-29,Books,North,1,16.13,0.2,12.9,8.06,0
O105797,C02680,2025-10-29,Home & Kitchen,South,2,96.74,0.0,193.48,106.41,0
O101629,C00754,2025-10-29,Beauty,East,1,10.71,0.2,8.57,4.28,0
O111160,C05197,2025-10-29,Home & Kitchen,East,2,156.42,0.0,312.84,172.06,0
O100955,C00442,2025-10-29,Electronics,North,1,120.27,0.0,120.27,86.59,0
O111528,C05375,2025-10-29,Books,East,1,39.86,0.2,31.89,19.93,0
O108260,C03840,2025-10-29,Home & Kitchen,West,2,66.93,0.1,120.47,73.62,0
O104154,C01918,2025-10-29,Books,East,2,35.72,0.0,71.44,35.72,0
O100151,C00076,2025-10-30,Home & Kitchen,West,3,128.66,0.0,385.98,212.29,0
O108667,C04030,2025-10-30,Home & Kitchen,West,1,36.47,0.0,36.47,20.06,0
O111259,C05248,2025-10-30,Electronics,North,3,271.28,0.3,569.69,585.96,0
O107509,C03495,2025-10-30,Home & Kitchen,West,2,30.6,0.0,61.2,33.66,0
O110154,C04714,2025-10-30,Home & Kitchen,North,2,114.92,0.0,229.84,126.41,0
O104596,C02122,2025-10-30,Beauty,South,3,11.44,0.0,34.32,13.73,0
O102085,C00967,2025-10-30,Books,South,1,10.14,0.15,8.62,5.07,0
O103458,C01600,2025-10-30,Sports,South,1,212.0,0.15,180.2,122.96,0
O109597,C04450,2025-10-30,Home & Kitchen,South,1,68.38,0.0,68.38,37.61,0
O107903,C03688,2025-10-30,Fashion,West,1,111.02,0.2,88.82,49.96,0
O109897,C04599,2025-10-30,Books,South,3,30.94,0.2,74.26,46.41,0
O103867,C01780,2025-10-30,Home & Kitchen,East,3,109.89,0.1,296.7,181.32,0
O101018,C00470,2025-10-30,Sports,West,1,70.89,0.0,70.89,41.12,0
O108498,C03953,2025-10-30,Sports,North,1,138.01,0.1,124.21,80.05,0
O108046,C03743,2025-10-30,Fashion,North,3,104.03,0.2,249.67,140.44,0
O110776,C05015,2025-10-30,Books,North,1,19.84,0.05,18.85,9.92,0
O111583,C05399,2025-10-30,Home & Kitchen,West,2,178.58,0.0,357.16,196.44,0
O103625,C01670,2025-10-30,Electronics,North,3,458.13,0.05,1305.67,989.56,0
O109902,C04602,2025-10-30,Home & Kitchen,West,3,154.68,0.0,464.04,255.22,0
O101066,C00491,2025-10-30,Home & Kitchen,East,1,122.26,0.0,122.26,67.24,0
O106270,C02902,2025-10-30,Books,North,2,23.66,0.0,47.32,23.66,0
O108199,C03814,2025-10-30,Beauty,North,3,23.78,0.1,64.21,28.54,0
O100615,C00297,2025-10-30,Beauty,East,1,67.05,0.1,60.34,26.82,0
O111197,C05217,2025-10-30,Sports,West,1,199.44,0.1,179.5,115.68,0
O108277,C03849,2025-10-31,Beauty,North,1,55.69,0.1,50.12,22.28,0
O104167,C01923,2025-10-31,Fashion,North,1,134.02,0.0,134.02,60.31,0
O107130,C03310,2025-10-31,Beauty,East,2,28.32,0.0,56.64,22.66,0
O109564,C04436,2025-10-31,Sports,South,2,105.7,0.1,190.26,122.61,0
O112213,C05673,2025-10-31,Sports,West,3,49.02,0.0,147.06,85.29,0
O106010,C02782,2025-10-31,Fashion,West,2,87.88,0.1,158.18,79.09,0
O109248,C04293,2025-10-31,Fashion,West,3,119.52,0.0,358.56,161.35,0
O112017,C05593,2025-10-31,Fashion,West,1,138.18,0.1,124.36,62.18,0
O104471,C02067,2025-10-31,Home & Kitchen,East,3,138.51,0.1,373.98,228.54,0
O112814,C05949,2025-10-31,Home & Kitchen,South,1,154.39,0.0,154.39,84.91,0
O104353,C02011,2025-10-31,Sports,North,1,215.79,0.3,151.05,125.16,0
O109446,C04381,2025-10-31,Fashion,South,1,38.33,0.1,34.5,17.25,0
O101777,C00829,2025-10-31,Books,West,1,38.36,0.0,38.36,19.18,0
O111161,C05198,2025-10-31,Sports,North,3,114.95,0.0,344.85,200.01,0
O109330,C04330,2025-10-31,Electronics,South,1,489.61,0.15,416.17,352.52,0
O104286,C01985,2025-10-31,Electronics,South,2,403.17,0.0,806.34,580.56,0
O101240,C00571,2025-10-31,Electronics,East,1,511.76,0.0,511.76,368.47,0
O105740,C02655,2025-10-31,Home & Kitchen,South,2,90.85,0.2,145.36,99.94,0
O109032,C04203,2025-10-31,Home & Kitchen,North,2,147.92,0.0,295.84,162.71,0
O110416,C04840,2025-10-31,Beauty,South,1,56.76,0.15,48.25,22.7,0
O109113,C04237,2025-10-31,Home & Kitchen,South,2,147.94,0.05,281.09,162.73,0
O107949,C03705,2025-10-31,Electronics,South,2,595.66,0.0,1191.32,857.75,0
O102462,C01143,2025-11-01,Fashion,North,1,86.34,0.15,73.39,38.85,0
O105683,C02625,2025-11-01,Sports,North,1,92.29,0.15,78.45,53.53,0
O100675,C00319,2025-11-01,Electronics,North,3,287.47,0.2,689.93,620.94,0
O112031,C05598,2025-11-01,Sports,East,2,50.81,0.2,81.3,58.94,0
O110666,C04965,2025-11-01,Fashion,North,1,88.59,0.15,75.3,39.87,0
O101995,C00926,2025-11-01,Fashion,East,2,128.5,0.3,179.9,115.65,0
O110626,C04946,2025-11-01,Electronics,North,2,514.38,0.2,823.01,740.71,1
O113515,C02169,2025-11-01,Books,North,1,30.08,0.15,25.57,15.04,0
O114163,C04687,2025-11-01,Books,South,2,10.63,0.2,17.01,10.63,0
O113666,C00926,2025-11-01,Fashion,East,2,128.5,0.3,179.9,115.65,0
O101241,C00571,2025-11-01,Home & Kitchen,East,2,125.89,0.2,201.42,138.48,0
O113901,C04946,2025-11-01,Electronics,North,2,514.38,0.2,823.01,740.71,1
O111968,C05574,2025-11-01,Fashion,South,2,44.88,0.2,71.81,40.39,1
O110092,C04687,2025-11-01,Books,South,2,10.63,0.2,17.01,10.63,0
O112957,C05637,2025-11-01,Fashion,North,1,126.53,0.3,88.57,56.94,1
O101725,C00800,2025-11-01,Electronics,North,2,434.82,0.15,739.19,626.14,0
O108319,C03865,2025-11-01,Fashion,East,2,37.72,0.1,67.9,33.95,0
O112096,C05624,2025-11-01,Books,East,1,27.17,0.2,21.74,13.58,0
O114173,C00800,2025-11-01,Electronics,North,2,434.82,0.15,739.19,626.14,0
O113664,C04965,2025-11-01,Fashion,North,1,88.59,0.15,75.3,39.87,0
O113463,C05624,2025-11-01,Books,East,1,27.17,0.2,21.74,13.58,0
O106375,C02953,2025-11-01,Electronics,South,1,473.31,0.2,378.65,340.78,0
O105572,C02572,2025-11-01,Home & Kitchen,North,2,93.05,0.1,167.49,102.36,0
O113464,C04267,2025-11-01,Beauty,South,3,53.32,0.15,135.97,63.98,0
O106418,C02971,2025-11-01,Electronics,South,2,196.65,0.3,275.31,283.18,0
O104692,C02169,2025-11-01,Books,North,1,30.08,0.15,25.57,15.04,0
O100159,C00081,2025-11-01,Home & Kitchen,North,3,55.89,0.3,117.37,92.22,0
O106438,C02981,2025-11-01,Home & Kitchen,East,2,114.63,0.3,160.48,126.09,0
O113465,C02572,2025-11-01,Home & Kitchen,North,2,93.05,0.1,167.49,102.36,0
O113075,C02971,2025-11-01,Electronics,South,2,196.65,0.3,275.31,283.18,0
O112281,C05699,2025-11-01,Sports,North,1,99.28,0.3,69.5,57.58,0
O114245,C00319,2025-11-01,Electronics,North,3,287.47,0.2,689.93,620.94,0
O109183,C04267,2025-11-01,Beauty,South,3,53.32,0.15,135.97,63.98,0
O102676,C01242,2025-11-01,Electronics,West,1,440.56,0.2,352.45,317.2,0
O113060,C02625,2025-11-01,Sports,North,1,92.29,0.15,78.45,53.53,0
O112140,C05637,2025-11-01,Fashion,North,1,126.53,0.3,88.57,56.94,1
O113759,C05699,2025-11-01,Sports,North,1,99.28,0.3,69.5,57.58,0
O100591,C00286,2025-11-02,Sports,East,1,236.85,0.15,201.32,137.37,0
O113672,C01292,2025-11-02,Fashion,North,2,129.13,0.3,180.78,116.22,0
O102772,C01292,2025-11-02,Fashion,North,2,129.13,0.3,180.78,116.22,0
O114152,C02782,2025-11-02,Fashion,West,1,65.23,0.1,58.71,29.35,0
O113207,C02228,2025-11-02,Electronics,North,1,365.09,0.2,292.07,262.86,1
O112970,C01448,2025-11-02,Fashion,South,2,29.18,0.3,40.85,26.26,0
O113618,C02164,2025-11-02,Electronics,South,1,207.26,0.3,145.08,149.23,0
O100820,C00382,2025-11-02,Fashion,West,1,139.96,0.2,111.97,62.98,0
O112979,C00286,2025-11-02,Sports,East,1,236.85,0.15,201.32,137.37,0
O113475,C02134,2025-11-02,Fashion,South,2,23.04,0.3,32.26,20.74,0
O110478,C04872,2025-11-02,Fashion,North,2,36.36,0.15,61.81,32.72,0
O112160,C05648,2025-11-02,Fashion,North,2,109.48,0.3,153.27,98.53,0
O104626,C02134,2025-11-02,Fashion,South,2,23.04,0.3,32.26,20.74,0
O104824,C02228,2025-11-02,Electronics,North,1,365.09,0.2,292.07,262.86,1
O106011,C02782,2025-11-02,Fashion,West,1,65.23,0.1,58.71,29.35,0
O112992,C05648,2025-11-02,Fashion,North,2,109.48,0.3,153.27,98.53,0
O104684,C02164,2025-11-02,Electronics,South,1,207.26,0.3,145.08,149.23,0
O103106,C01448,2025-11-02,Fashion,South,2,29.18,0.3,40.85,26.26,0
O107389,C03439,2025-11-03,Home & Kitchen,West,3,82.0,0.3,172.2,135.3,0
O110771,C05014,2025-11-03,Books,South,2,36.77,0.3,51.48,36.77,0
O104310,C01993,2025-11-03,Fashion,East,1,71.17,0.15,60.49,32.03,0
O104142,C01914,2025-11-03,Beauty,West,2,44.15,0.3,61.81,35.32,0
O104725,C02185,2025-11-03,Fashion,North,3,36.4,0.2,87.36,49.14,0
O107053,C03274,2025-11-03,Fashion,North,2,74.82,0.3,104.75,67.34,0
O114208,C02500,2025-11-03,Fashion,North,1,42.6,0.3,29.82,19.17,0
O100979,C00452,2025-11-03,Fashion,East,3,83.48,0.15,212.87,112.7,0
O108021,C03734,2025-11-03,Books,East,1,16.92,0.15,14.38,8.46,0
O108426,C03922,2025-11-03,Beauty,East,3,40.62,0.15,103.58,48.74,0
O113048,C03734,2025-11-03,Books,East,1,16.92,0.15,14.38,8.46,0
O113226,C02185,2025-11-03,Fashion,North,3,36.4,0.2,87.36,49.14,0
O108259,C03839,2025-11-03,Books,West,1,12.77,0.3,8.94,6.38,0
O105428,C02500,2025-11-03,Fashion,North,1,42.6,0.3,29.82,19.17,0
O113899,C02878,2025-11-03,Fashion,North,1,91.58,0.3,64.11,41.21,0
O113702,C01173,2025-11-03,Fashion,West,2,112.8,0.1,203.04,101.52,0
O113703,C01993,2025-11-03,Fashion,East,1,71.17,0.15,60.49,32.03,0
O106220,C02878,2025-11-03,Fashion,North,1,91.58,0.3,64.11,41.21,0
O113635,C03439,2025-11-03,Home & Kitchen,West,3,82.0,0.3,172.2,135.3,0
O112112,C05629,2025-11-03,Electronics,South,3,509.07,0.3,1069.05,1099.59,0
O114037,C03922,2025-11-03,Beauty,East,3,40.62,0.15,103.58,48.74,0
O102518,C01173,2025-11-03,Fashion,West,2,112.8,0.1,203.04,101.52,0
O107904,C03688,2025-11-03,Home & Kitchen,West,2,96.17,0.15,163.49,105.79,0
O113583,C00452,2025-11-03,Fashion,East,3,83.48,0.15,212.87,112.7,0
O104955,C02289,2025-11-03,Fashion,South,1,68.19,0.3,47.73,30.69,0
O113737,C02289,2025-11-03,Fashion,South,1,68.19,0.3,47.73,30.69,0
O106222,C02879,2025-11-04,Electronics,East,2,434.45,0.2,695.12,625.61,0
O103105,C01447,2025-11-04,Books,South,2,26.72,0.15,45.42,26.72,0
O113494,C05898,2025-11-04,Home & Kitchen,South,1,142.63,0.3,99.84,78.45,0
O104982,C02300,2025-11-04,Fashion,North,3,123.36,0.15,314.57,166.54,0
O100719,C00340,2025-11-04,Sports,East,1,93.75,0.1,84.38,54.37,0
O114299,C04937,2025-11-04,Beauty,North,2,19.66,0.3,27.52,15.73,0
O112732,C05913,2025-11-04,Home & Kitchen,East,1,173.99,0.2,139.19,95.69,0
O112703,C05898,2025-11-04,Home & Kitchen,South,1,142.63,0.3,99.84,78.45,0
O113487,C00340,2025-11-04,Sports,East,1,93.75,0.1,84.38,54.37,0
O114071,C01447,2025-11-04,Books,South,2,26.72,0.15,45.42,26.72,0
O106356,C02942,2025-11-04,Fashion,East,3,22.18,0.3,46.58,29.94,0
O104192,C01939,2025-11-04,Books,East,1,31.28,0.3,21.9,15.64,0
O100366,C00181,2025-11-04,Books,West,1,12.54,0.3,8.78,6.27,0
O113428,C01939,2025-11-04,Books,East,1,31.28,0.3,21.9,15.64,0
O103770,C01734,2025-11-04,Home & Kitchen,North,1,26.46,0.2,21.17,14.55,0
O108244,C03831,2025-11-04,Fashion,South,3,111.5,0.1,301.05,150.52,0
O113268,C02300,2025-11-04,Fashion,North,3,123.36,0.15,314.57,166.54,0
O114167,C05913,2025-11-04,Home & Kitchen,East,1,173.99,0.2,139.19,95.69,0
O113991,C02879,2025-11-04,Electronics,East,2,434.45,0.2,695.12,625.61,0
O106915,C03206,2025-11-04,Home & Kitchen,East,3,115.41,0.15,294.3,190.43,0
O110869,C05060,2025-11-04,Beauty,West,2,35.9,0.3,50.26,28.72,0
O102477,C01150,2025-11-04,Sports,South,1,55.2,0.3,38.64,32.02,0
O113348,C03206,2025-11-04,Home & Kitchen,East,3,115.41,0.15,294.3,190.43,0
O106873,C03186,2025-11-04,Electronics,East,3,374.25,0.2,898.2,808.38,1
O100515,C00249,2025-11-04,Home & Kitchen,West,2,54.29,0.2,86.86,59.72,0
O113774,C01643,2025-11-04,Fashion,South,1,42.35,0.1,38.12,19.06,0
O113468,C00181,2025-11-04,Books,West,1,12.54,0.3,8.78,6.27,0
O110218,C04745,2025-11-04,Home & Kitchen,East,1,40.27,0.3,28.19,22.15,0
O113529,C00249,2025-11-04,Home & Kitchen,West,2,54.29,0.2,86.86,59.72,0
O110606,C04937,2025-11-04,Beauty,North,2,19.66,0.3,27.52,15.73,0
O101851,C00866,2025-11-04,Home & Kitchen,South,1,85.63,0.15,72.79,47.1,0
O103979,C01832,2025-11-04,Home & Kitchen,South,1,67.95,0.2,54.36,37.37,0
O108510,C03961,2025-11-04,Beauty,South,2,22.7,0.15,38.59,18.16,1
O103563,C01643,2025-11-04,Fashion,South,1,42.35,0.1,38.12,19.06,0
O112786,C05935,2025-11-05,Books,West,1,25.59,0.3,17.91,12.8,0
O113594,C01510,2025-11-05,Fashion,South,1,128.52,0.3,89.96,57.83,0
O101090,C00503,2025-11-05,Books,North,1,25.02,0.15,21.27,12.51,0
O114287,C03734,2025-11-05,Fashion,East,1,89.92,0.1,80.93,40.46,0
O113907,C05501,2025-11-05,Books,North,2,20.55,0.2,32.88,20.55,0
O113151,C04975,2025-11-05,Fashion,East,2,59.95,0.3,83.93,53.96,0
O103256,C01510,2025-11-05,Fashion,South,1,128.52,0.3,89.96,57.83,0
O100209,C00103,2025-11-05,Fashion,West,2,25.51,0.3,35.71,22.96,1
O113990,C04643,2025-11-05,Fashion,South,3,93.84,0.3,197.06,126.68,0
O114052,C04745,2025-11-05,Sports,East,1,155.38,0.15,132.07,90.12,0
O109434,C04376,2025-11-05,Home & Kitchen,North,2,52.64,0.3,73.7,57.9,0
O109397,C04359,2025-11-05,Fashion,North,2,120.81,0.2,193.3,108.73,0
O108022,C03734,2025-11-05,Fashion,East,1,89.92,0.1,80.93,40.46,0
O110209,C04742,2025-11-05,Fashion,South,1,49.19,0.15,41.81,22.14,0
O112782,C05934,2025-11-05,Beauty,West,1,31.14,0.3,21.8,12.46,0
O110219,C04745,2025-11-05,Sports,East,1,155.38,0.15,132.07,90.12,0
O113355,C05145,2025-11-05,Fashion,East,2,109.46,0.15,186.08,98.51,0
O109295,C04315,2025-11-05,Fashion,South,2,63.89,0.1,115.0,57.5,0
O111056,C05145,2025-11-05,Fashion,East,2,109.46,0.15,186.08,98.51,0
O110687,C04975,2025-11-05,Fashion,East,2,59.95,0.3,83.93,53.96,0
O112952,C00103,2025-11-05,Fashion,West,2,25.51,0.3,35.71,22.96,1
O113056,C05934,2025-11-05,Beauty,West,1,31.14,0.3,21.8,12.46,0
O109989,C04643,2025-11-05,Fashion,South,3,93.84,0.3,197.06,126.68,0
O111962,C05571,2025-11-05,Books,East,2,11.17,0.3,15.64,11.17,0
O104031,C01856,2025-11-05,Fashion,West,1,37.58,0.3,26.31,16.91,0
O111813,C05501,2025-11-05,Books,North,2,20.55,0.2,32.88,20.55,0
O101272,C00582,2025-11-05,Sports,East,3,92.18,0.3,193.58,160.39,0
O113073,C00503,2025-11-05,Books,North,1,25.02,0.15,21.27,12.51,0
O110554,C04908,2025-11-05,Fashion,West,3,96.94,0.2,232.66,130.87,0
O113068,C04908,2025-11-05,Fashion,West,3,96.94,0.2,232.66,130.87,0
O112995,C05571,2025-11-05,Books,East,2,11.17,0.3,15.64,11.17,0
O110856,C05053,2025-11-06,Sports,West,2,182.45,0.15,310.16,211.64,0
O106132,C02833,2025-11-06,Home & Kitchen,South,1,73.24,0.15,62.25,40.28,0
O113077,C03553,2025-11-06,Fashion,West,1,26.2,0.3,18.34,11.79,0
O109789,C04544,2025-11-06,Home & Kitchen,West,1,173.88,0.2,139.1,95.63,1
O113927,C02117,2025-11-06,Home & Kitchen,East,1,135.27,0.3,94.69,74.4,0
O113221,C05053,2025-11-06,Sports,West,2,182.45,0.15,310.16,211.64,0
O108813,C04095,2025-11-06,Electronics,East,2,496.13,0.3,694.58,714.43,1
O114142,C00106,2025-11-06,Beauty,East,1,55.59,0.3,38.91,22.24,0
O114280,C00683,2025-11-06,Beauty,South,1,10.89,0.15,9.26,4.36,0
O111718,C05461,2025-11-06,Sports,West,2,154.8,0.2,247.68,179.57,0
O113783,C00560,2025-11-06,Electronics,East,1,120.09,0.2,96.07,86.46,0
O113799,C02833,2025-11-06,Home & Kitchen,South,1,73.24,0.15,62.25,40.28,0
O101578,C00732,2025-11-06,Beauty,West,1,23.31,0.3,16.32,9.32,0
O101481,C00683,2025-11-06,Beauty,South,1,10.89,0.15,9.26,4.36,0
O107618,C03553,2025-11-06,Fashion,West,1,26.2,0.3,18.34,11.79,0
O113598,C01513,2025-11-06,Fashion,West,1,82.56,0.1,74.3,37.15,0
O113653,C03470,2025-11-06,Home & Kitchen,West,3,158.25,0.3,332.32,261.11,0
O113132,C04095,2025-11-06,Electronics,East,2,496.13,0.3,694.58,714.43,1
O107453,C03470,2025-11-06,Home & Kitchen,West,3,158.25,0.3,332.32,261.11,0
O113399,C03902,2025-11-06,Home & Kitchen,East,1,137.93,0.2,110.34,75.86,0
O113362,C04544,2025-11-06,Home & Kitchen,West,1,173.88,0.2,139.1,95.63,1
O101204,C00560,2025-11-06,Electronics,East,1,120.09,0.2,96.07,86.46,0
O108393,C03902,2025-11-06,Home & Kitchen,East,1,137.93,0.2,110.34,75.86,0
O104586,C02117,2025-11-06,Home & Kitchen,East,1,135.27,0.3,94.69,74.4,0
O113105,C05461,2025-11-06,Sports,West,2,154.8,0.2,247.68,179.57,0
O103264,C01513,2025-11-06,Fashion,West,1,82.56,0.1,74.3,37.15,0
O100218,C00106,2025-11-06,Beauty,East,1,55.59,0.3,38.91,22.24,0
O114203,C03575,2025-11-07,Sports,South,1,68.08,0.2,54.46,39.49,0
O107643,C03569,2025-11-07,Books,East,3,19.95,0.1,53.86,29.92,0
O111358,C05294,2025-11-07,Books,North,1,34.22,0.2,27.38,17.11,0
O102081,C00965,2025-11-07,Beauty,South,1,66.24,0.1,59.62,26.5,0
O112749,C05920,2025-11-07,Fashion,East,2,105.32,0.2,168.51,94.79,0
O103973,C01829,2025-11-07,Electronics,East,2,125.67,0.1,226.21,180.96,0
O113537,C02236,2025-11-07,Home & Kitchen,East,2,142.99,0.3,200.19,157.29,0
O114212,C02644,2025-11-07,Beauty,South,1,14.17,0.1,12.75,5.67,0
O107261,C03378,2025-11-07,Sports,West,1,110.27,0.2,88.22,63.96,0
O113003,C00981,2025-11-07,Home & Kitchen,North,3,131.15,0.3,275.42,216.4,0
O109227,C04286,2025-11-07,Books,West,1,37.86,0.1,34.07,18.93,0
O104843,C02236,2025-11-07,Home & Kitchen,East,2,142.99,0.3,200.19,157.29,0
O111248,C05244,2025-11-07,Sports,South,2,226.44,0.3,317.02,262.67,0
O105714,C02644,2025-11-07,Beauty,South,1,14.17,0.1,12.75,5.67,0
O101507,C00698,2025-11-07,Books,North,1,29.65,0.2,23.72,14.82,0
O102122,C00981,2025-11-07,Home & Kitchen,North,3,131.15,0.3,275.42,216.4,0
O105118,C02363,2025-11-07,Electronics,North,2,454.33,0.15,772.36,654.24,0
O113926,C00698,2025-11-07,Books,North,1,29.65,0.2,23.72,14.82,0
O113009,C01177,2025-11-07,Beauty,East,1,39.18,0.3,27.43,15.67,0
O113154,C05378,2025-11-07,Sports,West,2,214.2,0.3,299.88,248.47,0
O105122,C02365,2025-11-07,Home & Kitchen,West,1,77.49,0.15,65.87,42.62,0
O102529,C01177,2025-11-07,Beauty,East,1,39.18,0.3,27.43,15.67,0
O107657,C03575,2025-11-07,Sports,South,1,68.08,0.2,54.46,39.49,0
O113010,C03378,2025-11-07,Sports,West,1,110.27,0.2,88.22,63.96,0
O111536,C05378,2025-11-07,Sports,West,2,214.2,0.3,299.88,248.47,0
O108415,C03915,2025-11-08,Fashion,East,3,109.7,0.3,230.37,148.1,0
O106563,C03042,2025-11-08,Sports,North,1,223.5,0.1,201.15,129.63,0
O100752,C00354,2025-11-08,Electronics,South,2,227.81,0.15,387.28,328.05,1
O111521,C05372,2025-11-08,Beauty,East,2,28.58,0.3,40.01,22.86,0
O113868,C05776,2025-11-08,Home & Kitchen,North,1,104.37,0.15,88.71,57.4,0
O104835,C02233,2025-11-08,Beauty,South,1,43.4,0.15,36.89,17.36,0
O113531,C00577,2025-11-08,Beauty,West,1,60.15,0.2,48.12,24.06,0
O113406,C00949,2025-11-08,Home & Kitchen,West,1,104.43,0.3,73.1,57.44,0
O110044,C04666,2025-11-08,Beauty,South,1,38.47,0.2,30.78,15.39,0
O102391,C01109,2025-11-08,Fashion,West,1,57.19,0.15,48.61,25.74,1
O111547,C05382,2025-11-08,Sports,East,1,55.4,0.3,38.78,32.13,0
O107182,C03337,2025-11-08,Fashion,South,2,135.72,0.1,244.3,122.15,0
O113370,C05382,2025-11-08,Sports,East,1,55.4,0.3,38.78,32.13,0
O109405,C04362,2025-11-08,Beauty,East,1,67.6,0.2,54.08,27.04,0
O101518,C00701,2025-11-08,Electronics,West,3,235.16,0.2,564.38,507.95,0
O113935,C04620,2025-11-08,Electronics,West,1,531.17,0.15,451.49,382.44,0
O110751,C05004,2025-11-08,Fashion,North,1,115.81,0.15,98.44,52.11,0
O102043,C00949,2025-11-08,Home & Kitchen,West,1,104.43,0.3,73.1,57.44,0
O109944,C04620,2025-11-08,Electronics,West,1,531.17,0.15,451.49,382.44,0
O105183,C02397,2025-11-08,Fashion,South,1,50.71,0.15,43.1,22.82,0
O113873,C00301,2025-11-08,Beauty,West,1,28.06,0.15,23.85,11.22,0
O112447,C05776,2025-11-08,Home & Kitchen,North,1,104.37,0.15,88.71,57.4,0
O113242,C03042,2025-11-08,Sports,North,1,223.5,0.1,201.15,129.63,0
O101257,C00577,2025-11-08,Beauty,West,1,60.15,0.2,48.12,24.06,0
O111046,C05143,2025-11-08,Fashion,South,2,25.34,0.3,35.48,22.81,0
O100628,C00301,2025-11-08,Beauty,West,1,28.06,0.15,23.85,11.22,0
O106267,C02901,2025-11-08,Electronics,West,2,210.2,0.3,294.28,302.69,1
O114067,C04666,2025-11-08,Beauty,South,1,38.47,0.2,30.78,15.39,0
O114292,C01109,2025-11-08,Fashion,West,1,57.19,0.15,48.61,25.74,1
O113267,C05143,2025-11-08,Fashion,South,2,25.34,0.3,35.48,22.81,0
O114108,C00701,2025-11-08,Electronics,West,3,235.16,0.2,564.38,507.95,0
O114166,C05070,2025-11-09,Fashion,West,1,48.87,0.1,43.98,21.99,0
O110151,C04713,2025-11-09,Sports,South,2,175.14,0.2,280.22,203.16,0
O110896,C05070,2025-11-09,Fashion,West,1,48.87,0.1,43.98,21.99,0
O106084,C02814,2025-11-09,Electronics,East,3,254.11,0.1,686.1,548.88,0
O110884,C05066,2025-11-09,Electronics,North,1,463.14,0.1,416.83,333.46,0
O114180,C01324,2025-11-09,Home & Kitchen,North,1,122.02,0.2,97.62,67.11,0
O109558,C04432,2025-11-09,Electronics,East,1,383.88,0.1,345.49,276.39,0
O101719,C00797,2025-11-09,Fashion,East,1,27.01,0.1,24.31,12.15,0
O112601,C05851,2025-11-09,Fashion,South,3,97.07,0.3,203.85,131.04,0
O102721,C01269,2025-11-09,Fashion,East,2,107.69,0.15,183.07,96.92,0
O105775,C02668,2025-11-09,Beauty,West,1,19.99,0.1,17.99,8.0,0
O113769,C05397,2025-11-09,Sports,East,2,120.42,0.2,192.67,139.69,0
O108990,C04182,2025-11-09,Fashion,South,2,32.11,0.2,51.38,28.9,0
O114025,C05851,2025-11-09,Fashion,South,3,97.07,0.3,203.85,131.04,0
O107391,C03441,2025-11-09,Fashion,South,2,83.73,0.15,142.34,75.36,0
O111580,C05397,2025-11-09,Sports,East,2,120.42,0.2,192.67,139.69,0
O113386,C05066,2025-11-09,Electronics,North,1,463.14,0.1,416.83,333.46,0
O102184,C01013,2025-11-09,Home & Kitchen,West,2,167.61,0.15,284.94,184.37,0
O102847,C01324,2025-11-09,Home & Kitchen,North,1,122.02,0.2,97.62,67.11,0
O102953,C01376,2025-11-09,Beauty,North,1,49.04,0.2,39.23,19.62,0
O113562,C01013,2025-11-09,Home & Kitchen,West,2,167.61,0.15,284.94,184.37,0
O112982,C05637,2025-11-09,Beauty,North,1,43.17,0.15,36.69,17.27,0
O114097,C02054,2025-11-09,Home & Kitchen,North,2,98.79,0.1,177.82,108.67,0
O112141,C05637,2025-11-09,Beauty,North,1,43.17,0.15,36.69,17.27,0
O113317,C02668,2025-11-09,Beauty,West,1,19.99,0.1,17.99,8.0,0
O110971,C05108,2025-11-09,Home & Kitchen,West,2,146.06,0.2,233.7,160.67,0
O110956,C05097,2025-11-09,Beauty,North,2,19.92,0.15,33.86,15.94,0
O114272,C00797,2025-11-09,Fashion,East,1,27.01,0.1,24.31,12.15,0
O100412,C00200,2025-11-09,Fashion,West,1,61.95,0.2,49.56,27.88,0
O113019,C04713,2025-11-09,Sports,South,2,175.14,0.2,280.22,203.16,0
O104442,C02054,2025-11-09,Home & Kitchen,North,2,98.79,0.1,177.82,108.67,0
O113814,C01269,2025-11-09,Fashion,East,2,107.69,0.15,183.07,96.92,0
O114010,C03441,2025-11-09,Fashion,South,2,83.73,0.15,142.34,75.36,0
O102598,C01210,2025-11-09,Electronics,North,2,253.1,0.15,430.27,364.46,1
O107459,C03473,2025-11-10,Books,West,1,8.78,0.3,6.15,4.39,0
O113732,C03473,2025-11-10,Books,West,1,8.78,0.3,6.15,4.39,0
O114122,C03629,2025-11-10,Beauty,North,2,43.88,0.2,70.21,35.1,0
O113407,C05527,2025-11-10,Beauty,West,2,19.15,0.15,32.55,15.32,0
O112478,C05789,2025-11-10,Books,South,2,29.13,0.2,46.61,29.13,0
O107778,C03629,2025-11-10,Beauty,North,2,43.88,0.2,70.21,35.1,0
O107454,C03470,2025-11-10,Books,West,1,32.55,0.1,29.29,16.27,0
O112944,C05789,2025-11-10,Books,South,2,29.13,0.2,46.61,29.13,0
O108485,C03949,2025-11-10,Home & Kitchen,East,1,107.8,0.2,86.24,59.29,0
O114086,C05470,2025-11-10,Books,South,1,34.92,0.15,29.68,17.46,0
O112921,C02837,2025-11-10,Fashion,West,1,121.71,0.2,97.37,54.77,0
O113655,C04374,2025-11-10,Electronics,West,1,347.49,0.2,277.99,250.19,0
O104804,C02217,2025-11-10,Electronics,South,1,411.44,0.1,370.3,296.24,0
O109937,C04617,2025-11-10,Fashion,South,1,137.8,0.2,110.24,62.01,0
O106141,C02837,2025-11-10,Fashion,West,1,121.71,0.2,97.37,54.77,0
O113731,C04723,2025-11-10,Fashion,North,1,127.48,0.2,101.98,57.37,0
O104825,C02228,2025-11-10,Fashion,North,2,116.36,0.15,197.81,104.72,0
O111748,C05470,2025-11-10,Books,South,1,34.92,0.15,29.68,17.46,0
O108691,C04038,2025-11-10,Sports,East,1,48.98,0.3,34.29,28.41,0
O113319,C03470,2025-11-10,Books,West,1,32.55,0.1,29.29,16.27,0
O104441,C02053,2025-11-10,Fashion,East,2,97.1,0.1,174.78,87.39,0
O114044,C03949,2025-11-10,Home & Kitchen,East,1,107.8,0.2,86.24,59.29,0
O110170,C04723,2025-11-10,Fashion,North,1,127.48,0.2,101.98,57.37,0
O105518,C02543,2025-11-10,Sports,East,3,88.21,0.3,185.24,153.49,0
O111868,C05527,2025-11-10,Beauty,West,2,19.15,0.15,32.55,15.32,0
O109430,C04374,2025-11-10,Electronics,West,1,347.49,0.2,277.99,250.19,0
O102677,C01243,2025-11-10,Beauty,South,1,63.14,0.15,53.67,25.26,0
O113555,C01955,2025-11-11,Sports,North,1,68.49,0.15,58.22,39.72,0
O113544,C00210,2025-11-11,Sports,North,1,210.57,0.2,168.46,122.13,0
O100431,C00210,2025-11-11,Sports,North,1,210.57,0.2,168.46,122.13,0
O105930,C02744,2025-11-11,Home & Kitchen,West,1,112.68,0.2,90.14,61.97,0
O105166,C02387,2025-11-11,Fashion,North,3,86.17,0.3,180.96,116.33,1
O111091,C05160,2025-11-11,Books,South,1,18.61,0.2,14.89,9.3,0
O113962,C00513,2025-11-11,Electronics,West,1,558.57,0.2,446.86,402.17,0
O113323,C02165,2025-11-11,Fashion,East,1,71.79,0.2,57.43,32.31,0
O100548,C00264,2025-11-11,Electronics,South,2,353.02,0.15,600.13,508.35,0
O113474,C00698,2025-11-11,Fashion,North,1,71.61,0.1,64.45,32.22,0
O113400,C00999,2025-11-11,Beauty,South,1,11.88,0.3,8.32,4.75,0
O106775,C03139,2025-11-11,Electronics,North,1,190.84,0.1,171.76,137.4,0
O112976,C01371,2025-11-11,Home & Kitchen,South,1,87.74,0.1,78.97,48.26,0
O104685,C02165,2025-11-11,Fashion,East,1,71.79,0.2,57.43,32.31,0
O105858,C02710,2025-11-11,Fashion,East,2,90.69,0.3,126.97,81.62,1
O112929,C02744,2025-11-11,Home & Kitchen,West,1,112.68,0.2,90.14,61.97,0
O105592,C02581,2025-11-11,Fashion,East,1,104.12,0.1,93.71,46.85,0
O112984,C00264,2025-11-11,Electronics,South,2,353.02,0.15,600.13,508.35,0
O102941,C01371,2025-11-11,Home & Kitchen,South,1,87.74,0.1,78.97,48.26,0
O101117,C00513,2025-11-11,Electronics,West,1,558.57,0.2,446.86,402.17,0
O107269,C03381,2025-11-11,Electronics,East,2,467.4,0.3,654.36,673.06,1
O110558,C04911,2025-11-11,Sports,West,1,68.77,0.1,61.89,39.89,0
O109568,C04438,2025-11-11,Beauty,South,1,63.02,0.15,53.57,25.21,0
O102156,C00999,2025-11-11,Beauty,South,1,11.88,0.3,8.32,4.75,0
O110064,C04674,2025-11-11,Home & Kitchen,South,1,54.47,0.3,38.13,29.96,0
O102936,C01369,2025-11-11,Sports,North,2,110.06,0.1,198.11,127.67,0
O113790,C04674,2025-11-11,Home & Kitchen,South,1,54.47,0.3,38.13,29.96,0
O104224,C01955,2025-11-11,Sports,North,1,68.49,0.15,58.22,39.72,0
O101051,C00485,2025-11-11,Beauty,East,1,23.54,0.15,20.01,9.42,0
O114091,C03139,2025-11-11,Electronics,North,1,190.84,0.1,171.76,137.4,0
O112347,C05732,2025-11-11,Home & Kitchen,East,2,36.35,0.15,61.8,39.99,0
O101508,C00698,2025-11-11,Fashion,North,1,71.61,0.1,64.45,32.22,0
O113500,C05051,2025-11-12,Fashion,South,1,94.6,0.15,80.41,42.57,0
O113984,C00383,2025-11-12,Beauty,West,1,46.09,0.15,39.18,18.44,0
O111831,C05510,2025-11-12,Electronics,West,1,128.96,0.15,109.62,92.85,1
O113514,C03778,2025-11-12,Books,East,2,39.62,0.2,63.39,39.62,0
O113713,C00208,2025-11-12,Fashion,North,2,99.9,0.3,139.86,89.91,0
O114204,C02286,2025-11-12,Electronics,North,3,179.13,0.3,376.17,386.92,0
O113478,C02579,2025-11-12,Electronics,West,1,287.98,0.3,201.59,207.35,0
O107844,C03663,2025-11-12,Beauty,North,3,36.71,0.15,93.61,44.05,0
O113118,C05964,2025-11-12,Fashion,East,2,111.39,0.2,178.22,100.25,0
O100427,C00208,2025-11-12,Fashion,North,2,99.9,0.3,139.86,89.91,0
O101312,C00602,2025-11-12,Beauty,North,1,63.41,0.1,57.07,25.36,0
O100821,C00383,2025-11-12,Beauty,West,1,46.09,0.15,39.18,18.44,0
O114171,C04137,2025-11-12,Home & Kitchen,North,2,178.66,0.1,321.59,196.53,0
O108117,C03778,2025-11-12,Books,East,2,39.62,0.2,63.39,39.62,0
O106280,C02908,2025-11-12,Fashion,East,1,100.98,0.3,70.69,45.44,0
O105778,C02670,2025-11-12,Home & Kitchen,West,1,28.19,0.1,25.37,15.5,0
O113588,C04295,2025-11-12,Electronics,East,3,529.29,0.1,1429.08,1143.27,0
O101400,C00640,2025-11-12,Electronics,East,2,150.15,0.3,210.21,216.22,0
O112161,C05649,2025-11-12,Home & Kitchen,South,2,75.16,0.2,120.26,82.68,0
O108541,C03972,2025-11-12,Fashion,South,1,123.05,0.2,98.44,55.37,0
O101625,C00751,2025-11-12,Beauty,North,1,63.85,0.3,44.7,25.54,0
O113567,C03944,2025-11-12,Fashion,East,1,133.82,0.15,113.75,60.22,0
O113458,C05045,2025-11-12,Beauty,West,1,38.21,0.3,26.75,15.28,0
O112849,C05964,2025-11-12,Fashion,East,2,111.39,0.2,178.22,100.25,0
O108452,C03933,2025-11-12,Electronics,East,1,214.9,0.1,193.41,154.73,0
O108895,C04137,2025-11-12,Home & Kitchen,North,2,178.66,0.1,321.59,196.53,0
O104176,C01930,2025-11-12,Home & Kitchen,South,2,73.54,0.1,132.37,80.89,0
O109251,C04295,2025-11-12,Electronics,East,3,529.29,0.1,1429.08,1143.27,0
O113138,C00694,2025-11-12,Electronics,East,1,448.24,0.1,403.42,322.73,0
O101499,C00694,2025-11-12,Electronics,East,1,448.24,0.1,403.42,322.73,0
O105587,C02579,2025-11-12,Electronics,West,1,287.98,0.3,201.59,207.35,0
O104950,C02286,2025-11-12,Electronics,North,3,179.13,0.3,376.17,386.92,0
O113744,C00640,2025-11-12,Electronics,East,2,150.15,0.3,210.21,216.22,0
O113266,C00602,2025-11-12,Beauty,North,1,63.41,0.1,57.07,25.36,0
O110843,C05045,2025-11-12,Beauty,West,1,38.21,0.3,26.75,15.28,0
O109407,C04364,2025-11-12,Beauty,West,1,29.6,0.15,25.16,11.84,0
O108475,C03944,2025-11-12,Fashion,East,1,133.82,0.15,113.75,60.22,0
O110854,C05051,2025-11-12,Fashion,South,1,94.6,0.15,80.41,42.57,0
O104992,C02305,2025-11-13,Sports,North,2,71.08,0.15,120.84,82.45,0
O103250,C01507,2025-11-13,Home & Kitchen,South,2,53.64,0.3,75.1,59.0,0
O113589,C05975,2025-11-13,Sports,South,1,123.99,0.3,86.79,71.91,0
O113228,C01727,2025-11-13,Home & Kitchen,West,1,85.59,0.2,68.47,47.07,0
O113929,C00163,2025-11-13,Fashion,North,2,37.48,0.15,63.72,33.73,0
O100604,C00293,2025-11-13,Electronics,East,2,137.96,0.3,193.14,198.66,1
O103754,C01727,2025-11-13,Home & Kitchen,West,1,85.59,0.2,68.47,47.07,0
O106575,C03047,2025-11-13,Fashion,South,2,98.97,0.15,168.25,89.07,0
O104836,C02233,2025-11-13,Home & Kitchen,South,1,94.99,0.1,85.49,52.24,0
O100331,C00163,2025-11-13,Fashion,North,2,37.48,0.15,63.72,33.73,0
O106548,C03036,2025-11-13,Fashion,West,2,131.31,0.1,236.36,118.18,0
O114136,C03036,2025-11-13,Fashion,West,2,131.31,0.1,236.36,118.18,0
O101460,C00671,2025-11-13,Books,South,3,19.25,0.2,46.2,28.88,0
O113264,C02305,2025-11-13,Sports,North,2,71.08,0.15,120.84,82.45,0
O101482,C00684,2025-11-13,Electronics,South,1,166.81,0.3,116.77,120.1,0
O113295,C03047,2025-11-13,Fashion,South,2,98.97,0.15,168.25,89.07,0
O113968,C00671,2025-11-13,Books,South,3,19.25,0.2,46.2,28.88,0
O105024,C02319,2025-11-13,Fashion,South,3,55.94,0.2,134.26,75.52,0
O108187,C03810,2025-11-13,Sports,East,3,201.49,0.15,513.8,350.59,1
O114022,C01295,2025-11-13,Books,West,3,34.65,0.15,88.36,51.97,0
O112872,C05975,2025-11-13,Sports,South,1,123.99,0.3,86.79,71.91,0
O107847,C03664,2025-11-13,Electronics,West,1,258.58,0.15,219.79,186.18,0
O109583,C04444,2025-11-13,Books,North,1,20.8,0.1,18.72,10.4,0
O110520,C04891,2025-11-13,Electronics,East,1,139.17,0.2,111.34,100.2,0
O113623,C04891,2025-11-13,Electronics,East,1,139.17,0.2,111.34,100.2,0
O109027,C04199,2025-11-13,Fashion,East,2,53.2,0.3,74.48,47.88,0
O102778,C01295,2025-11-13,Books,West,3,34.65,0.15,88.36,51.97,0
O113373,C00684,2025-11-13,Electronics,South,1,166.81,0.3,116.77,120.1,0
O109662,C04478,2025-11-13,Electronics,North,2,210.02,0.3,294.03,302.43,0
O114093,C03810,2025-11-13,Sports,East,3,201.49,0.15,513.8,350.59,1
O114234,C03664,2025-11-13,Electronics,West,1,258.58,0.15,219.79,186.18,0
O106428,C02975,2025-11-14,Books,West,2,21.58,0.2,34.53,21.58,0
O107552,C03516,2025-11-14,Books,South,2,17.76,0.3,24.86,17.76,0
O114106,C05157,2025-11-14,Beauty,West,2,62.23,0.15,105.79,49.78,0
O113293,C05300,2025-11-14,Beauty,South,3,21.68,0.3,45.53,26.02,0
O113569,C00308,2025-11-14,Fashion,North,2,77.95,0.3,109.13,70.16,0
O112535,C05819,2025-11-14,Fashion,East,1,115.81,0.3,81.07,52.11,0
O104040,C01860,2025-11-14,Books,North,2,9.99,0.15,16.98,9.99,0
O108466,C03937,2025-11-14,Electronics,West,2,586.32,0.3,820.85,844.3,0
O113239,C01421,2025-11-14,Electronics,South,1,431.67,0.15,366.92,310.8,0
O114262,C05928,2025-11-14,Electronics,West,1,529.51,0.1,476.56,381.25,1
O110877,C05064,2025-11-14,Electronics,East,1,596.06,0.15,506.65,429.16,0
O112873,C05975,2025-11-14,Sports,South,1,156.04,0.1,140.44,90.5,0
O114216,C03937,2025-11-14,Electronics,West,2,586.32,0.3,820.85,844.3,0
O113277,C01860,2025-11-14,Books,North,2,9.99,0.15,16.98,9.99,0
O113756,C03689,2025-11-14,Books,East,2,37.34,0.3,52.28,37.34,0
O100565,C00274,2025-11-14,Electronics,East,3,446.73,0.1,1206.17,964.94,0
O104184,C01934,2025-11-14,Fashion,North,1,50.82,0.3,35.57,22.87,0
O107906,C03689,2025-11-14,Books,East,2,37.34,0.3,52.28,37.34,0
O110316,C04793,2025-11-14,Electronics,North,1,492.44,0.15,418.57,354.56,0
O105491,C02528,2025-11-14,Electronics,North,1,270.13,0.15,229.61,194.49,0
O113794,C05200,2025-11-14,Home & Kitchen,North,1,117.37,0.15,99.76,64.55,0
O100648,C00308,2025-11-14,Fashion,North,2,77.95,0.3,109.13,70.16,0
O106441,C02983,2025-11-14,Fashion,West,2,84.52,0.2,135.23,76.07,0
O111164,C05200,2025-11-14,Home & Kitchen,North,1,117.37,0.15,99.76,64.55,0
O113135,C05819,2025-11-14,Fashion,East,1,115.81,0.3,81.07,52.11,0
O112763,C05928,2025-11-14,Electronics,West,1,529.51,0.1,476.56,381.25,1
O114017,C00466,2025-11-14,Beauty,East,2,60.34,0.15,102.58,48.27,0
O101009,C00466,2025-11-14,Beauty,East,2,60.34,0.15,102.58,48.27,0
O101500,C00694,2025-11-14,Fashion,East,1,115.92,0.1,104.33,52.16,0
O113931,C02513,2025-11-14,Home & Kitchen,South,2,72.9,0.15,123.93,80.19,0
O111084,C05157,2025-11-14,Beauty,West,2,62.23,0.15,105.79,49.78,0
O111367,C05300,2025-11-14,Beauty,South,3,21.68,0.3,45.53,26.02,0
O101191,C00552,2025-11-14,Home & Kitchen,East,2,105.67,0.3,147.94,116.24,0
O113180,C05064,2025-11-14,Electronics,East,1,596.06,0.15,506.65,429.16,0
O113124,C02983,2025-11-14,Fashion,West,2,84.52,0.2,135.23,76.07,0
O103051,C01421,2025-11-14,Electronics,South,1,431.67,0.15,366.92,310.8,0
O102779,C01295,2025-11-14,Books,West,1,32.36,0.15,27.51,16.18,0
O114224,C00195,2025-11-14,Beauty,East,1,20.26,0.3,14.18,8.1,0
O102633,C01223,2025-11-14,Sports,South,2,145.88,0.3,204.23,169.22,0
O105457,C02513,2025-11-14,Home & Kitchen,South,2,72.9,0.15,123.93,80.19,0
O100395,C00195,2025-11-14,Beauty,East,1,20.26,0.3,14.18,8.1,0
O114133,C03876,2025-11-14,Beauty,East,1,66.86,0.15,56.83,26.74,0
O108339,C03876,2025-11-14,Beauty,East,1,66.86,0.15,56.83,26.74,0
O113740,C02528,2025-11-14,Electronics,North,1,270.13,0.15,229.61,194.49,0
O100660,C00312,2025-11-15,Fashion,West,2,45.45,0.3,63.63,40.9,0
O106223,C02880,2025-11-15,Electronics,South,3,207.57,0.1,560.44,448.35,0
O113705,C03114,2025-11-15,Home & Kitchen,West,2,161.87,0.2,258.99,178.06,0
O114117,C01603,2025-11-15,Fashion,West,3,62.22,0.15,158.66,84.0,0
O107993,C03723,2025-11-15,Sports,South,3,153.23,0.2,367.75,266.62,0
O103874,C01784,2025-11-15,Electronics,East,1,172.06,0.2,137.65,123.88,0
O113883,C03723,2025-11-15,Sports,South,3,153.23,0.2,367.75,266.62,0
O113216,C00448,2025-11-15,Sports,East,1,72.78,0.3,50.95,42.21,0
O100969,C00448,2025-11-15,Sports,East,1,72.78,0.3,50.95,42.21,0
O106725,C03114,2025-11-15,Home & Kitchen,West,2,161.87,0.2,258.99,178.06,0
O103173,C01475,2025-11-15,Home & Kitchen,South,2,153.03,0.1,275.45,168.33,0
O110715,C04987,2025-11-15,Electronics,West,2,231.7,0.15,393.89,333.65,0
O103094,C01440,2025-11-15,Beauty,South,2,55.32,0.1,99.58,44.26,0
O104699,C02172,2025-11-15,Home & Kitchen,East,1,82.68,0.15,70.28,45.47,0
O114036,C01440,2025-11-15,Beauty,South,2,55.32,0.1,99.58,44.26,0
O100219,C00106,2025-11-15,Fashion,East,2,50.91,0.1,91.64,45.82,0
O107263,C03379,2025-11-15,Fashion,South,1,49.98,0.1,44.98,22.49,1
O114187,C01784,2025-11-15,Electronics,East,1,172.06,0.2,137.65,123.88,0
O112070,C05615,2025-11-15,Fashion,North,2,57.99,0.15,98.58,52.19,0
O113351,C01475,2025-11-15,Home & Kitchen,South,2,153.03,0.1,275.45,168.33,0
O114034,C00312,2025-11-15,Fashion,West,2,45.45,0.3,63.63,40.9,0
O113992,C03379,2025-11-15,Fashion,South,1,49.98,0.1,44.98,22.49,1
O103468,C01603,2025-11-15,Fashion,West,3,62.22,0.15,158.66,84.0,0
O113281,C04987,2025-11-15,Electronics,West,2,231.7,0.15,393.89,333.65,0
O101417,C00649,2025-11-15,Beauty,North,1,43.43,0.3,30.4,17.37,0
O113960,C00649,2025-11-15,Beauty,North,1,43.43,0.3,30.4,17.37,0
O105953,C02754,2025-11-15,Home & Kitchen,East,3,77.59,0.1,209.49,128.02,0
O107272,C03383,2025-11-15,Electronics,East,2,400.33,0.15,680.56,576.48,0
O114023,C02880,2025-11-15,Electronics,South,3,207.57,0.1,560.44,448.35,0
O112747,C05919,2025-11-16,Beauty,West,1,17.64,0.15,14.99,7.06,0
O110184,C04731,2025-11-16,Home & Kitchen,East,1,166.39,0.3,116.47,91.51,0
O111442,C05332,2025-11-16,Fashion,East,2,78.37,0.2,125.39,70.53,0
O109725,C04510,2025-11-16,Beauty,East,2,57.31,0.3,80.23,45.85,0
O108058,C03753,2025-11-16,Books,East,2,38.42,0.2,61.47,38.42,0
O112755,C05924,2025-11-16,Books,South,1,17.42,0.15,14.81,8.71,0
O113792,C00451,2025-11-16,Fashion,East,1,83.96,0.1,75.56,37.78,0
O113958,C05618,2025-11-16,Sports,East,1,219.22,0.3,153.45,127.15,0
O111293,C05266,2025-11-16,Electronics,West,2,568.58,0.1,1023.44,818.76,0
O113394,C00853,2025-11-16,Sports,South,2,50.67,0.1,91.21,58.78,0
O113368,C02274,2025-11-16,Fashion,West,1,108.19,0.2,86.55,48.69,0
O113405,C00489,2025-11-16,Home & Kitchen,North,2,146.55,0.15,249.14,161.21,0
O111799,C05493,2025-11-16,Books,South,2,21.89,0.15,37.21,21.89,0
O114271,C05919,2025-11-16,Beauty,West,1,17.64,0.15,14.99,7.06,0
O101288,C00590,2025-11-16,Fashion,South,1,118.6,0.1,106.74,53.37,0
O104584,C02115,2025-11-16,Fashion,North,2,39.55,0.3,55.37,35.6,0
O108399,C03905,2025-11-16,Fashion,South,1,86.43,0.15,73.47,38.89,0
O101064,C00489,2025-11-16,Home & Kitchen,North,2,146.55,0.15,249.14,161.21,0
O101829,C00853,2025-11-16,Sports,South,2,50.67,0.1,91.21,58.78,0
O100975,C00451,2025-11-16,Fashion,East,1,83.96,0.1,75.56,37.78,0
O113758,C03905,2025-11-16,Fashion,South,1,86.43,0.15,73.47,38.89,0
O113401,C04510,2025-11-16,Beauty,East,2,57.31,0.3,80.23,45.85,0
O104925,C02274,2025-11-16,Fashion,West,1,108.19,0.2,86.55,48.69,0
O100710,C00336,2025-11-16,Home & Kitchen,South,1,136.92,0.15,116.38,75.31,0
O112080,C05618,2025-11-16,Sports,East,1,219.22,0.3,153.45,127.15,0
O109114,C04237,2025-11-16,Fashion,South,1,104.06,0.3,72.84,46.83,0
O113389,C00868,2025-11-17,Home & Kitchen,North,1,142.67,0.1,128.4,78.47,0
O104618,C02132,2025-11-17,Home & Kitchen,North,2,73.58,0.2,117.73,80.94,0
O102963,C01381,2025-11-17,Sports,East,1,190.56,0.2,152.45,110.52,0
O106463,C02995,2025-11-17,Books,East,1,33.56,0.3,23.49,16.78,0
O113396,C03488,2025-11-17,Beauty,East,1,66.42,0.2,53.14,26.57,0
O103129,C01456,2025-11-17,Beauty,South,2,45.93,0.15,78.08,36.74,0
O101614,C00746,2025-11-17,Fashion,East,1,89.38,0.2,71.5,40.22,0
O113098,C01381,2025-11-17,Sports,East,1,190.56,0.2,152.45,110.52,0
O111650,C05431,2025-11-17,Sports,North,1,112.56,0.2,90.05,65.28,0
O113141,C00515,2025-11-17,Electronics,West,1,449.62,0.3,314.73,323.73,1
O106920,C03211,2025-11-17,Beauty,North,2,47.39,0.3,66.35,37.91,0
O108486,C03949,2025-11-17,Electronics,East,2,521.78,0.2,834.85,751.36,0
O109542,C04423,2025-11-17,Fashion,South,3,138.14,0.1,372.98,186.49,0
O101120,C00515,2025-11-17,Electronics,West,1,449.62,0.3,314.73,323.73,1
O114151,C01054,2025-11-17,Fashion,South,2,112.34,0.1,202.21,101.11,0
O114259,C05533,2025-11-17,Home & Kitchen,North,1,67.47,0.3,47.23,37.11,0
O101854,C00868,2025-11-17,Home & Kitchen,North,1,142.67,0.1,128.4,78.47,0
O108445,C03929,2025-11-17,Sports,South,1,141.02,0.3,98.71,81.79,0
O114279,C02995,2025-11-17,Books,East,1,33.56,0.3,23.49,16.78,0
O100921,C00427,2025-11-17,Fashion,North,3,60.67,0.1,163.81,81.9,1
O107493,C03488,2025-11-17,Beauty,East,1,66.42,0.2,53.14,26.57,0
O111885,C05533,2025-11-17,Home & Kitchen,North,1,67.47,0.3,47.23,37.11,0
O113339,C03929,2025-11-17,Sports,South,1,141.02,0.3,98.71,81.79,0
O102276,C01054,2025-11-17,Fashion,South,2,112.34,0.1,202.21,101.11,0
O113269,C00746,2025-11-17,Fashion,East,1,89.38,0.2,71.5,40.22,0
O100724,C00343,2025-11-17,Home & Kitchen,North,1,141.11,0.1,127.0,77.61,1
O113791,C00427,2025-11-17,Fashion,North,3,60.67,0.1,163.81,81.9,1
O103675,C01692,2025-11-18,Sports,North,1,212.17,0.15,180.34,123.06,0
O111983,C05581,2025-11-18,Sports,East,3,88.64,0.2,212.74,154.23,0
O113486,C01083,2025-11-18,Home & Kitchen,East,2,77.48,0.2,123.97,85.23,0
O105503,C02536,2025-11-18,Books,East,2,8.42,0.15,14.31,8.42,0
O105170,C02389,2025-11-18,Home & Kitchen,South,1,136.03,0.3,95.22,74.82,0
O103621,C01668,2025-11-18,Beauty,South,2,38.03,0.1,68.45,30.42,0
O103579,C01649,2025-11-18,Sports,South,1,201.86,0.3,141.3,117.08,0
O114021,C03398,2025-11-18,Fashion,North,1,76.09,0.3,53.26,34.24,0
O113142,C05581,2025-11-18,Sports,East,3,88.64,0.2,212.74,154.23,0
O109389,C04356,2025-11-18,Electronics,South,1,279.35,0.15,237.45,201.13,0
O102337,C01083,2025-11-18,Home & Kitchen,East,2,77.48,0.2,123.97,85.23,0
O111997,C05586,2025-11-18,Fashion,South,1,44.53,0.3,31.17,20.04,0
O108596,C03999,2025-11-18,Books,West,2,21.55,0.15,36.63,21.55,0
O106140,C02836,2025-11-18,Books,North,3,33.98,0.3,71.36,50.97,0
O113391,C04073,2025-11-18,Books,South,1,33.54,0.3,23.48,16.77,0
O108772,C04073,2025-11-18,Books,South,1,33.54,0.3,23.48,16.77,0
O113580,C05160,2025-11-18,Home & Kitchen,South,1,149.53,0.2,119.62,82.24,0
O100292,C00141,2025-11-18,Home & Kitchen,South,2,88.3,0.2,141.28,97.13,0
O113249,C00962,2025-11-18,Beauty,North,2,42.77,0.2,68.43,34.22,0
O113444,C02389,2025-11-18,Home & Kitchen,South,1,136.03,0.3,95.22,74.82,0
O113253,C03645,2025-11-18,Beauty,East,3,41.64,0.15,106.18,49.97,0
O107270,C03381,2025-11-18,Electronics,East,1,386.22,0.15,328.29,278.08,0
O111092,C05160,2025-11-18,Home & Kitchen,South,1,149.53,0.2,119.62,82.24,0
O104403,C02036,2025-11-18,Sports,North,1,162.74,0.1,146.47,94.39,0
O100092,C00046,2025-11-18,Sports,West,1,61.65,0.15,52.4,35.76,0
O112924,C00141,2025-11-18,Home & Kitchen,South,2,88.3,0.2,141.28,97.13,0
O107808,C03645,2025-11-18,Beauty,East,3,41.64,0.15,106.18,49.97,0
O113017,C02536,2025-11-18,Books,East,2,8.42,0.15,14.31,8.42,0
O107790,C03635,2025-11-18,Sports,East,2,36.11,0.1,65.0,41.89,0
O107303,C03398,2025-11-18,Fashion,North,1,76.09,0.3,53.26,34.24,0
O112981,C05586,2025-11-18,Fashion,South,1,44.53,0.3,31.17,20.04,0
O102075,C00962,2025-11-18,Beauty,North,2,42.77,0.2,68.43,34.22,0
O102609,C01214,2025-11-18,Books,North,2,11.9,0.1,21.42,11.9,0
O110220,C04745,2025-11-19,Electronics,East,1,171.77,0.1,154.59,123.67,0
O106277,C02906,2025-11-19,Fashion,West,1,69.52,0.15,59.09,31.28,0
O110701,C04982,2025-11-19,Sports,West,2,243.75,0.15,414.38,282.75,0
O105988,C02770,2025-11-19,Books,East,1,28.16,0.2,22.53,14.08,0
O110719,C04990,2025-11-19,Beauty,West,3,36.47,0.15,93.0,43.76,0
O113133,C03948,2025-11-19,Fashion,East,2,130.48,0.1,234.86,117.43,0
O108484,C03948,2025-11-19,Fashion,East,2,130.48,0.1,234.86,117.43,0
O100895,C00416,2025-11-19,Beauty,North,1,47.24,0.2,37.79,18.9,0
O112553,C05829,2025-11-19,Electronics,North,2,246.35,0.3,344.89,354.74,0
O108847,C04114,2025-11-19,Books,East,3,9.77,0.1,26.38,14.66,0
O113298,C03421,2025-11-19,Home & Kitchen,South,1,130.62,0.1,117.56,71.84,0
O102639,C01226,2025-11-19,Sports,West,1,186.84,0.3,130.79,108.37,1
O105900,C02731,2025-11-19,Beauty,North,1,66.55,0.2,53.24,26.62,0
O107543,C03511,2025-11-19,Fashion,East,1,38.61,0.2,30.89,17.37,0
O113050,C04990,2025-11-19,Beauty,West,3,36.47,0.15,93.0,43.76,0
O103578,C01648,2025-11-19,Beauty,North,2,60.53,0.15,102.9,48.42,0
O108416,C03915,2025-11-19,Home & Kitchen,East,3,165.14,0.3,346.79,272.48,0
O108410,C03912,2025-11-19,Fashion,East,1,21.58,0.15,18.34,9.71,0
O108394,C03902,2025-11-19,Fashion,East,1,128.4,0.3,89.88,57.78,0
O112310,C05715,2025-11-19,Books,North,2,21.44,0.2,34.3,21.44,0
O114229,C03601,2025-11-19,Home & Kitchen,North,2,125.09,0.2,200.14,137.6,0
O114160,C05829,2025-11-19,Electronics,North,2,246.35,0.3,344.89,354.74,0
O113904,C04982,2025-11-19,Sports,West,2,243.75,0.15,414.38,282.75,0
O103731,C01716,2025-11-19,Books,North,3,23.43,0.1,63.26,35.14,0
O107716,C03601,2025-11-19,Home & Kitchen,North,2,125.09,0.2,200.14,137.6,0
O114250,C00416,2025-11-19,Beauty,North,1,47.24,0.2,37.79,18.9,0
O113200,C03915,2025-11-19,Home & Kitchen,East,3,165.14,0.3,346.79,272.48,0
O105579,C02575,2025-11-19,Home & Kitchen,South,3,63.85,0.2,153.24,105.35,0
O113607,C05715,2025-11-19,Books,North,2,21.44,0.2,34.3,21.44,0
O113166,C05589,2025-11-19,Home & Kitchen,South,1,145.37,0.1,130.83,79.95,0
O113083,C01226,2025-11-19,Sports,West,1,186.84,0.3,130.79,108.37,1
O105609,C02589,2025-11-19,Fashion,South,2,106.44,0.3,149.02,95.8,1
O113753,C04801,2025-11-19,Fashion,North,1,76.14,0.3,53.3,34.26,0
O107350,C03421,2025-11-19,Home & Kitchen,South,1,130.62,0.1,117.56,71.84,0
O107183,C03337,2025-11-19,Home & Kitchen,South,2,32.72,0.2,52.35,35.99,1
O104642,C02143,2025-11-19,Beauty,South,2,22.44,0.2,35.9,17.95,0
O114172,C03068,2025-11-19,Home & Kitchen,North,2,117.99,0.15,200.58,129.79,0
O113476,C01716,2025-11-19,Books,North,3,23.43,0.1,63.26,35.14,0
O110335,C04801,2025-11-19,Fashion,North,1,76.14,0.3,53.3,34.26,0
O113001,C02906,2025-11-19,Fashion,West,1,69.52,0.15,59.09,31.28,0
O106750,C03128,2025-11-19,Beauty,North,1,20.02,0.15,17.02,8.01,0
O108894,C04136,2025-11-19,Books,East,3,39.12,0.3,82.15,58.68,0
O101688,C00783,2025-11-19,Fashion,West,1,124.31,0.15,105.66,55.94,0
O114068,C03902,2025-11-19,Fashion,East,1,128.4,0.3,89.88,57.78,0
O113847,C03128,2025-11-19,Beauty,North,1,20.02,0.15,17.02,8.01,0
O112005,C05589,2025-11-19,Home & Kitchen,South,1,145.37,0.1,130.83,79.95,0
O106615,C03068,2025-11-19,Home & Kitchen,North,2,117.99,0.15,200.58,129.79,0
O113719,C02426,2025-11-20,Home & Kitchen,East,1,106.86,0.1,96.17,58.77,0
O103695,C01700,2025-11-20,Books,East,1,17.98,0.3,12.59,8.99,0
O104786,C02208,2025-11-20,Fashion,West,1,44.53,0.1,40.08,20.04,1
O107695,C03593,2025-11-20,Sports,South,1,190.42,0.1,171.38,110.44,0
O113308,C05794,2025-11-20,Books,East,1,18.99,0.15,16.14,9.49,0
O114060,C02208,2025-11-20,Fashion,West,1,44.53,0.1,40.08,20.04,1
O113473,C05523,2025-11-20,Sports,West,2,171.13,0.3,239.58,198.51,1
O106927,C03214,2025-11-20,Books,East,1,30.31,0.15,25.76,15.16,0
O111823,C05506,2025-11-20,Home & Kitchen,North,1,70.45,0.1,63.41,38.75,0
O101283,C00589,2025-11-20,Beauty,East,3,29.99,0.2,71.98,35.99,0
O105565,C02568,2025-11-20,Home & Kitchen,North,2,79.35,0.3,111.09,87.28,1
O112836,C05960,2025-11-20,Home & Kitchen,East,2,86.16,0.2,137.86,94.78,0
O104469,C02066,2025-11-20,Sports,East,2,41.52,0.2,66.43,48.16,0
O109374,C04349,2025-11-20,Books,North,1,29.25,0.1,26.32,14.62,0
O114215,C00064,2025-11-20,Home & Kitchen,West,3,122.69,0.15,312.86,202.44,0
O107237,C03366,2025-11-20,Home & Kitchen,South,2,163.79,0.3,229.31,180.17,0
O108930,C04154,2025-11-20,Electronics,East,3,124.5,0.2,298.8,268.92,0
O112934,C04349,2025-11-20,Books,North,1,29.25,0.1,26.32,14.62,0
O114026,C02568,2025-11-20,Home & Kitchen,North,2,79.35,0.3,111.09,87.28,1
O114048,C03742,2025-11-20,Home & Kitchen,South,1,152.54,0.2,122.03,83.9,0
O104693,C02170,2025-11-20,Books,South,1,14.46,0.15,12.29,7.23,0
O100126,C00064,2025-11-20,Home & Kitchen,West,3,122.69,0.15,312.86,202.44,0
O105263,C02426,2025-11-20,Home & Kitchen,East,1,106.86,0.1,96.17,58.77,0
O113288,C03593,2025-11-20,Sports,South,1,190.42,0.1,171.38,110.44,0
O113502,C00589,2025-11-20,Beauty,East,3,29.99,0.2,71.98,35.99,0
O114251,C03366,2025-11-20,Home & Kitchen,South,2,163.79,0.3,229.31,180.17,0
O104917,C02270,2025-11-20,Beauty,South,1,68.88,0.3,48.22,27.55,0
O112485,C05794,2025-11-20,Books,East,1,18.99,0.15,16.14,9.49,0
O113044,C01700,2025-11-20,Books,East,1,17.98,0.3,12.59,8.99,0
O108101,C03773,2025-11-20,Electronics,South,2,476.38,0.2,762.21,685.99,0
O111857,C05523,2025-11-20,Sports,West,2,171.13,0.3,239.58,198.51,1
O113074,C04154,2025-11-20,Electronics,East,3,124.5,0.2,298.8,268.92,0
O113093,C03773,2025-11-20,Electronics,South,2,476.38,0.2,762.21,685.99,0
O108044,C03742,2025-11-20,Home & Kitchen,South,1,152.54,0.2,122.03,83.9,0
O109861,C04582,2025-11-20,Home & Kitchen,West,1,50.12,0.3,35.08,27.57,0
O107877,C03679,2025-11-20,Home & Kitchen,North,2,55.53,0.1,99.95,61.08,0
O113149,C04582,2025-11-20,Home & Kitchen,West,1,50.12,0.3,35.08,27.57,0
O111502,C05364,2025-11-21,Home & Kitchen,South,1,86.87,0.3,60.81,47.78,0
O106328,C02930,2025-11-21,Fashion,North,1,111.19,0.1,100.07,50.04,0
O113902,C00466,2025-11-21,Home & Kitchen,East,1,25.23,0.3,17.66,13.88,0
O112622,C05857,2025-11-21,Sports,West,2,74.49,0.3,104.29,86.41,0
O110010,C04652,2025-11-21,Sports,North,2,208.9,0.2,334.24,242.32,0
O105652,C02611,2025-11-21,Fashion,North,2,74.69,0.15,126.97,67.22,0
O101583,C00734,2025-11-21,Sports,East,1,181.4,0.1,163.26,105.21,0
O114139,C01679,2025-11-21,Fashion,North,1,48.47,0.2,38.78,21.81,0
O100364,C00180,2025-11-21,Fashion,East,1,60.23,0.3,42.16,27.1,0
O101010,C00466,2025-11-21,Home & Kitchen,East,1,25.23,0.3,17.66,13.88,0
O102892,C01349,2025-11-21,Fashion,East,1,24.59,0.15,20.9,11.07,0
O113115,C04879,2025-11-21,Fashion,West,2,103.75,0.1,186.75,93.38,0
O103643,C01679,2025-11-21,Fashion,North,1,48.47,0.2,38.78,21.81,0
O103708,C01707,2025-11-21,Electronics,North,1,412.92,0.15,350.98,297.3,1
O114066,C03815,2025-11-21,Sports,East,1,95.33,0.3,66.73,55.29,0
O113341,C02930,2025-11-21,Fashion,North,1,111.19,0.1,100.07,50.04,0
O102746,C01282,2025-11-21,Books,South,1,32.39,0.1,29.15,16.2,0
O114094,C02611,2025-11-21,Fashion,North,2,74.69,0.15,126.97,67.22,0
O113691,C05857,2025-11-21,Sports,West,2,74.49,0.3,104.29,86.41,0
O110698,C04980,2025-11-21,Sports,South,1,51.27,0.3,35.89,29.74,0
O102334,C01080,2025-11-21,Home & Kitchen,South,1,130.32,0.2,104.26,71.68,0
O112323,C05721,2025-11-21,Electronics,West,2,430.02,0.2,688.03,619.23,0
O112963,C01810,2025-11-21,Home & Kitchen,East,1,74.9,0.3,52.43,41.2,0
O110492,C04879,2025-11-21,Fashion,West,2,103.75,0.1,186.75,93.38,0
O107690,C03590,2025-11-21,Books,East,3,16.08,0.15,41.0,24.12,0
O109871,C04587,2025-11-21,Beauty,North,1,26.44,0.1,23.8,10.58,0
O103930,C01810,2025-11-21,Home & Kitchen,East,1,74.9,0.3,52.43,41.2,0
O114258,C00734,2025-11-21,Sports,East,1,181.4,0.1,163.26,105.21,0
O110858,C05054,2025-11-21,Fashion,East,2,84.39,0.2,135.02,75.95,0
O105608,C02588,2025-11-21,Fashion,South,1,122.25,0.2,97.8,55.01,0
O108204,C03815,2025-11-21,Sports,East,1,95.33,0.3,66.73,55.29,0
O110561,C04912,2025-11-21,Fashion,North,1,32.36,0.3,22.65,14.56,0
O113749,C04652,2025-11-21,Sports,North,2,208.9,0.2,334.24,242.32,0
O113033,C00180,2025-11-21,Fashion,East,1,60.23,0.3,42.16,27.1,0
O106483,C03004,2025-11-22,Fashion,North,2,114.44,0.3,160.22,103.0,0
O113046,C04089,2025-11-22,Books,North,2,36.23,0.3,50.72,36.23,0
O109301,C04317,2025-11-22,Books,West,1,39.09,0.2,31.27,19.55,0
O111586,C05400,2025-11-22,Fashion,East,2,95.85,0.3,134.19,86.26,0
O113014,C01010,2025-11-22,Electronics,East,2,229.81,0.1,413.66,330.93,0
O104859,C02242,2025-11-22,Home & Kitchen,South,1,39.96,0.2,31.97,21.98,0
O100169,C00085,2025-11-22,Fashion,East,2,56.98,0.2,91.17,51.28,0
O102634,C01223,2025-11-22,Beauty,South,1,30.79,0.2,24.63,12.32,0
O113024,C05400,2025-11-22,Fashion,East,2,95.85,0.3,134.19,86.26,0
O108802,C04089,2025-11-22,Books,North,2,36.23,0.3,50.72,36.23,0
O110972,C05108,2025-11-22,Home & Kitchen,West,1,56.89,0.1,51.2,31.29,0
O109362,C04346,2025-11-22,Fashion,East,1,33.54,0.2,26.83,15.09,1
O112465,C05784,2025-11-22,Sports,North,1,151.11,0.3,105.78,87.64,0
O102640,C01226,2025-11-22,Fashion,West,1,38.94,0.1,35.05,17.52,0
O105859,C02710,2025-11-22,Fashion,East,2,113.28,0.15,192.58,101.95,0
O102955,C01377,2025-11-22,Beauty,East,1,38.02,0.1,34.22,15.21,0
O113053,C02324,2025-11-22,Home & Kitchen,North,3,76.26,0.15,194.46,125.83,1
O105258,C02424,2025-11-22,Fashion,North,3,68.03,0.1,183.68,91.84,0
O113795,C02710,2025-11-22,Fashion,East,2,113.28,0.15,192.58,101.95,0
O104581,C02113,2025-11-22,Sports,East,1,160.79,0.1,144.71,93.26,0
O114213,C01226,2025-11-22,Fashion,West,1,38.94,0.1,35.05,17.52,0
O113143,C02555,2025-11-22,Beauty,East,1,17.23,0.15,14.65,6.89,0
O110580,C04921,2025-11-22,Books,East,2,14.1,0.15,23.97,14.1,0
O102685,C01250,2025-11-22,Sports,West,1,31.53,0.15,26.8,18.29,0
O112479,C05790,2025-11-22,Books,West,3,11.54,0.1,31.16,17.31,0
O114238,C05784,2025-11-22,Sports,North,1,151.11,0.3,105.78,87.64,0
O113183,C04921,2025-11-22,Books,East,2,14.1,0.15,23.97,14.1,0
O113279,C05108,2025-11-22,Home & Kitchen,West,1,56.89,0.1,51.2,31.29,0
O101295,C00594,2025-11-22,Fashion,North,1,87.2,0.1,78.48,39.24,0
O106502,C03014,2025-11-22,Fashion,East,2,40.67,0.15,69.14,36.6,0
O113285,C00594,2025-11-22,Fashion,North,1,87.2,0.1,78.48,39.24,0
O102179,C01010,2025-11-22,Electronics,East,2,229.81,0.1,413.66,330.93,0
O105035,C02324,2025-11-22,Home & Kitchen,North,3,76.26,0.15,194.46,125.83,1
O105543,C02555,2025-11-22,Beauty,East,1,17.23,0.15,14.65,6.89,0
O111377,C05303,2025-11-22,Sports,North,1,136.56,0.3,95.59,79.2,0
O114300,C02242,2025-11-22,Home & Kitchen,South,1,39.96,0.2,31.97,21.98,0
O109042,C04207,2025-11-22,Beauty,East,3,24.12,0.3,50.65,28.94,0
O110001,C04647,2025-11-22,Home & Kitchen,North,1,49.24,0.1,44.32,27.08,0
O109390,C04357,2025-11-22,Beauty,East,1,34.2,0.3,23.94,13.68,0
O112997,C05303,2025-11-22,Sports,North,1,136.56,0.3,95.59,79.2,0
O106118,C02828,2025-11-22,Electronics,North,1,480.35,0.15,408.3,345.85,1
O102039,C00946,2025-11-22,Home & Kitchen,West,1,151.24,0.1,136.12,83.18,0
O100027,C00012,2025-11-22,Sports,West,3,78.68,0.1,212.44,136.9,0
O101968,C00914,2025-11-22,Home & Kitchen,South,1,152.54,0.2,122.03,83.9,0
O101844,C00861,2025-11-22,Fashion,South,1,87.44,0.1,78.7,39.35,0
O106070,C02806,2025-11-22,Home & Kitchen,East,3,26.37,0.3,55.38,43.51,0
O114137,C02424,2025-11-22,Fashion,North,3,68.03,0.1,183.68,91.84,0
O106988,C03246,2025-11-22,Sports,North,2,226.06,0.3,316.48,262.23,0
O114102,C04346,2025-11-22,Fashion,East,1,33.54,0.2,26.83,15.09,1
O114162,C02113,2025-11-22,Sports,East,1,160.79,0.1,144.71,93.26,0
O113735,C03014,2025-11-22,Fashion,East,2,40.67,0.15,69.14,36.6,0
O104433,C02050,2025-11-23,Home & Kitchen,West,2,147.94,0.2,236.7,162.73,0
O110803,C05029,2025-11-23,Home & Kitchen,West,1,66.02,0.2,52.82,36.31,0
O109794,C04546,2025-11-23,Sports,South,1,172.19,0.15,146.36,99.87,0
O112033,C05599,2025-11-23,Home & Kitchen,South,1,143.48,0.2,114.78,78.91,0
O113539,C02750,2025-11-23,Beauty,West,3,41.24,0.2,98.98,49.49,0
O114189,C05029,2025-11-23,Home & Kitchen,West,1,66.02,0.2,52.82,36.31,0
O105568,C02570,2025-11-23,Fashion,West,1,104.74,0.2,83.79,47.13,0
O107208,C03351,2025-11-23,Fashion,East,2,62.12,0.2,99.39,55.91,0
O109746,C04524,2025-11-23,Fashion,North,1,119.11,0.15,101.24,53.6,0
O113067,C02050,2025-11-23,Home & Kitchen,West,2,147.94,0.2,236.7,162.73,0
O113480,C02098,2025-11-23,Books,East,1,29.96,0.2,23.97,14.98,0
O107361,C03426,2025-11-23,Fashion,North,1,98.44,0.15,83.67,44.3,0
O103382,C01567,2025-11-23,Home & Kitchen,East,1,170.86,0.1,153.77,93.97,0
O114019,C04360,2025-11-23,Electronics,East,3,280.91,0.3,589.91,606.77,1
O105792,C02677,2025-11-23,Electronics,North,3,272.71,0.1,736.32,589.05,0
O107845,C03663,2025-11-23,Home & Kitchen,North,3,42.46,0.1,114.64,70.06,0
O105685,C02627,2025-11-23,Fashion,East,1,136.14,0.15,115.72,61.26,0
O110270,C04774,2025-11-23,Electronics,West,3,474.65,0.3,996.76,1025.24,0
O110246,C04761,2025-11-23,Home & Kitchen,South,2,82.43,0.3,115.4,90.67,0
O108554,C03977,2025-11-23,Books,West,2,26.68,0.3,37.35,26.68,0
O107215,C03355,2025-11-23,Fashion,North,2,106.03,0.15,180.25,95.43,0
O104546,C02098,2025-11-23,Books,East,1,29.96,0.2,23.97,14.98,0
O101825,C00851,2025-11-23,Electronics,South,1,237.27,0.15,201.68,170.83,0
O109398,C04360,2025-11-23,Electronics,East,3,280.91,0.3,589.91,606.77,1
O106899,C03198,2025-11-23,Beauty,North,3,47.24,0.15,120.46,56.69,0
O113363,C02570,2025-11-23,Fashion,West,1,104.74,0.2,83.79,47.13,0
O113898,C03426,2025-11-23,Fashion,North,1,98.44,0.15,83.67,44.3,0
O110354,C04809,2025-11-23,Electronics,West,2,289.99,0.1,521.98,417.59,0
O114070,C02677,2025-11-23,Electronics,North,3,272.71,0.1,736.32,589.05,0
O113004,C01567,2025-11-23,Home & Kitchen,East,1,170.86,0.1,153.77,93.97,0
O105943,C02750,2025-11-23,Beauty,West,3,41.24,0.2,98.98,49.49,0
O108050,C03746,2025-11-23,Fashion,North,1,99.14,0.2,79.31,44.61,0
O114214,C04774,2025-11-23,Electronics,West,3,474.65,0.3,996.76,1025.24,0
O114220,C03746,2025-11-23,Fashion,North,1,99.14,0.2,79.31,44.61,0
O113977,C04761,2025-11-23,Home & Kitchen,South,2,82.43,0.3,115.4,90.67,0
O113811,C03198,2025-11-23,Beauty,North,3,47.24,0.15,120.46,56.69,0
O113675,C00851,2025-11-23,Electronics,South,1,237.27,0.15,201.68,170.83,0
O103635,C01675,2025-11-23,Home & Kitchen,East,1,103.94,0.1,93.55,57.17,0
O112441,C05773,2025-11-23,Home & Kitchen,East,1,64.8,0.15,55.08,35.64,0
O114284,C05310,2025-11-24,Fashion,West,2,57.79,0.3,80.91,52.01,1
O110930,C05087,2025-11-24,Beauty,West,1,49.15,0.2,39.32,19.66,0
O111392,C05310,2025-11-24,Fashion,West,2,57.79,0.3,80.91,52.01,1
O113893,C01457,2025-11-24,Books,North,1,9.29,0.15,7.9,4.64,0
O106442,C02983,2025-11-24,Electronics,West,2,597.79,0.2,956.46,860.82,0
O113663,C00002,2025-11-24,Beauty,East,1,58.93,0.15,50.09,23.57,0
O113878,C02983,2025-11-24,Electronics,West,2,597.79,0.2,956.46,860.82,0
O103130,C01457,2025-11-24,Books,North,1,9.29,0.15,7.9,4.64,0
O106033,C02790,2025-11-24,Sports,South,1,166.91,0.3,116.84,96.81,0
O113696,C00337,2025-11-24,Home & Kitchen,East,1,122.4,0.15,104.04,67.32,0
O113568,C05397,2025-11-24,Fashion,East,1,52.25,0.1,47.02,23.51,0
O113054,C02820,2025-11-24,Fashion,South,1,121.23,0.3,84.86,54.55,0
O107658,C03575,2025-11-24,Home & Kitchen,South,1,119.31,0.3,83.52,65.62,0
O113344,C04521,2025-11-24,Home & Kitchen,North,1,53.13,0.1,47.82,29.22,0
O105629,C02599,2025-11-24,Fashion,East,2,137.34,0.3,192.28,123.61,0
O100004,C00002,2025-11-24,Beauty,East,1,58.93,0.15,50.09,23.57,0
O113815,C02098,2025-11-24,Fashion,East,1,46.55,0.15,39.57,20.95,0
O113998,C05320,2025-11-24,Beauty,South,1,53.08,0.3,37.16,21.23,0
O101791,C00835,2025-11-24,Books,South,1,12.89,0.3,9.02,6.44,0
O107894,C03685,2025-11-24,Books,North,1,25.97,0.3,18.18,12.98,0
O113206,C02599,2025-11-24,Fashion,East,2,137.34,0.3,192.28,123.61,0
O106101,C02820,2025-11-24,Fashion,South,1,121.23,0.3,84.86,54.55,0
O106362,C02945,2025-11-24,Home & Kitchen,North,1,163.97,0.3,114.78,90.18,0
O100172,C00086,2025-11-24,Fashion,South,2,118.83,0.3,166.36,106.95,0
O109318,C04325,2025-11-24,Electronics,East,2,355.05,0.15,603.59,511.27,0
O104547,C02098,2025-11-24,Fashion,East,1,46.55,0.15,39.57,20.95,0
O103071,C01429,2025-11-24,Fashion,North,1,74.49,0.2,59.59,33.52,0
O112640,C05865,2025-11-24,Fashion,North,1,52.67,0.1,47.4,23.7,1
O113241,C02945,2025-11-24,Home & Kitchen,North,1,163.97,0.3,114.78,90.18,0
O113338,C01429,2025-11-24,Fashion,North,1,74.49,0.2,59.59,33.52,0
O111581,C05397,2025-11-24,Fashion,East,1,52.25,0.1,47.02,23.51,0
O114116,C04325,2025-11-24,Electronics,East,2,355.05,0.15,603.59,511.27,0
O111412,C05320,2025-11-24,Beauty,South,1,53.08,0.3,37.16,21.23,0
O100712,C00337,2025-11-24,Home & Kitchen,East,1,122.4,0.15,104.04,67.32,0
O109742,C04521,2025-11-24,Home & Kitchen,North,1,53.13,0.1,47.82,29.22,0
O113836,C04423,2025-11-25,Books,South,1,30.61,0.1,27.55,15.3,0
O108405,C03908,2025-11-25,Books,West,3,10.4,0.1,28.08,15.6,0
O102069,C00959,2025-11-25,Fashion,North,1,78.32,0.1,70.49,35.24,0
O109543,C04423,2025-11-25,Books,South,1,30.61,0.1,27.55,15.3,0
O113231,C01203,2025-11-25,Books,North,2,25.62,0.15,43.55,25.62,0
O111634,C05422,2025-11-25,Fashion,West,2,112.07,0.15,190.52,100.86,0
O106303,C02921,2025-11-25,Home & Kitchen,South,2,138.12,0.1,248.62,151.93,0
O113265,C03908,2025-11-25,Books,West,3,10.4,0.1,28.08,15.6,0
O113070,C02869,2025-11-25,Home & Kitchen,North,1,122.02,0.2,97.62,67.11,0
O112793,C05939,2025-11-25,Books,South,1,11.65,0.15,9.9,5.82,0
O105823,C02690,2025-11-25,Fashion,West,1,75.08,0.2,60.06,33.79,0
O102583,C01203,2025-11-25,Books,North,2,25.62,0.15,43.55,25.62,0
O106015,C02783,2025-11-25,Fashion,South,1,119.68,0.15,101.73,53.86,1
O104891,C02260,2025-11-25,Fashion,North,2,79.46,0.15,135.08,71.51,1
O102743,C01280,2025-11-25,Fashion,East,3,91.34,0.15,232.92,123.31,0
O111067,C05150,2025-11-25,Electronics,North,2,553.57,0.3,775.0,797.14,0
O106205,C02869,2025-11-25,Home & Kitchen,North,1,122.02,0.2,97.62,67.11,0
O108959,C04167,2025-11-25,Home & Kitchen,East,1,98.31,0.2,78.65,54.07,0
O107659,C03575,2025-11-25,Beauty,South,1,49.45,0.3,34.62,19.78,0
O100897,C00417,2025-11-25,Home & Kitchen,East,2,90.94,0.3,127.32,100.03,0
O101323,C00609,2025-11-25,Fashion,North,3,33.84,0.1,91.37,45.68,0
O113491,C02260,2025-11-25,Fashion,North,2,79.46,0.15,135.08,71.51,1
O110700,C04981,2025-11-25,Fashion,South,1,91.45,0.2,73.16,41.15,0
O114072,C02570,2025-11-25,Electronics,West,3,319.91,0.2,767.78,691.01,0
O108778,C04077,2025-11-25,Sports,North,3,229.25,0.2,550.2,398.9,0
O113196,C02783,2025-11-25,Fashion,South,1,119.68,0.15,101.73,53.86,1
O110406,C04835,2025-11-25,Electronics,East,1,164.09,0.15,139.48,118.14,0
O101183,C00548,2025-11-25,Sports,West,2,98.04,0.2,156.86,113.73,1
O106921,C03211,2025-11-25,Electronics,North,1,329.32,0.15,279.92,237.11,0
O104854,C02240,2025-11-25,Fashion,East,1,33.43,0.1,30.09,15.04,0
O106185,C02859,2025-11-25,Fashion,East,2,86.62,0.3,121.27,77.96,0
O104527,C02091,2025-11-25,Electronics,South,1,566.66,0.2,453.33,408.0,0
O104597,C02122,2025-11-25,Fashion,South,2,99.66,0.3,139.52,89.69,0
O113993,C02091,2025-11-25,Electronics,South,1,566.66,0.2,453.33,408.0,0
O113049,C03211,2025-11-25,Electronics,North,1,329.32,0.15,279.92,237.11,0
O105569,C02570,2025-11-25,Electronics,West,3,319.91,0.2,767.78,691.01,0
O112947,C05422,2025-11-25,Fashion,West,2,112.07,0.15,190.52,100.86,0
O110931,C05087,2025-11-26,Beauty,West,3,20.0,0.3,42.0,24.0,0
O110248,C04762,2025-11-26,Home & Kitchen,West,1,130.94,0.3,91.66,72.02,0
O114129,C03819,2025-11-26,Beauty,North,1,51.47,0.15,43.75,20.59,0
O111332,C05283,2025-11-26,Books,South,1,11.93,0.1,10.74,5.96,0
O100962,C00444,2025-11-26,Home & Kitchen,South,1,88.24,0.2,70.59,48.53,1
O113038,C05283,2025-11-26,Books,South,1,11.93,0.1,10.74,5.96,0
O113294,C00325,2025-11-26,Beauty,East,3,53.02,0.2,127.25,63.62,0
O100871,C00406,2025-11-26,Electronics,West,2,491.62,0.1,884.92,707.93,0
O113801,C00444,2025-11-26,Home & Kitchen,South,1,88.24,0.2,70.59,48.53,1
O102599,C01210,2025-11-26,Fashion,North,1,89.7,0.3,62.79,40.36,1
O100683,C00325,2025-11-26,Beauty,East,3,53.02,0.2,127.25,63.62,0
O102545,C01182,2025-11-26,Electronics,North,1,288.48,0.2,230.78,207.71,0
O108213,C03819,2025-11-26,Beauty,North,1,51.47,0.15,43.75,20.59,0
O100160,C00081,2025-11-26,Home & Kitchen,North,2,171.29,0.15,291.19,188.42,0
O110367,C04814,2025-11-26,Electronics,North,3,277.14,0.1,748.28,598.62,1
O106109,C02824,2025-11-26,Books,North,2,10.62,0.3,14.87,10.62,0
O114202,C04762,2025-11-26,Home & Kitchen,West,1,130.94,0.3,91.66,72.02,0
O113415,C04090,2025-11-26,Books,South,1,17.56,0.3,12.29,8.78,0
O113064,C05399,2025-11-26,Sports,West,2,244.5,0.15,415.65,283.62,0
O105667,C02617,2025-11-26,Beauty,South,2,52.22,0.15,88.77,41.78,0
O112192,C05663,2025-11-26,Books,West,1,31.46,0.2,25.17,15.73,0
O108283,C03851,2025-11-26,Home & Kitchen,West,1,135.37,0.3,94.76,74.45,0
O108803,C04090,2025-11-26,Books,South,1,17.56,0.3,12.29,8.78,0
O113553,C05087,2025-11-26,Beauty,West,3,20.0,0.3,42.0,24.0,0
O114141,C01210,2025-11-26,Fashion,North,1,89.7,0.3,62.79,40.36,1
O113874,C04693,2025-11-26,Fashion,South,2,43.62,0.15,74.15,39.26,0
O113366,C00406,2025-11-26,Electronics,West,2,491.62,0.1,884.92,707.93,0
O113831,C03004,2025-11-26,Sports,North,2,247.01,0.3,345.81,286.53,0
O112930,C02783,2025-11-26,Home & Kitchen,South,1,174.79,0.1,157.31,96.13,0
O113510,C03383,2025-11-26,Fashion,East,1,123.62,0.1,111.26,55.63,0
O112925,C02755,2025-11-26,Electronics,North,1,307.57,0.2,246.06,221.45,0
O106016,C02783,2025-11-26,Home & Kitchen,South,1,174.79,0.1,157.31,96.13,0
O108323,C03867,2025-11-26,Home & Kitchen,East,1,170.09,0.15,144.58,93.55,0
O111584,C05399,2025-11-26,Sports,West,2,244.5,0.15,415.65,283.62,0
O107273,C03383,2025-11-26,Fashion,East,1,123.62,0.1,111.26,55.63,0
O112464,C05783,2025-11-26,Books,West,1,25.3,0.2,20.24,12.65,0
O113390,C01182,2025-11-26,Electronics,North,1,288.48,0.2,230.78,207.71,0
O106484,C03004,2025-11-26,Sports,North,2,247.01,0.3,345.81,286.53,0
O105954,C02755,2025-11-26,Electronics,North,1,307.57,0.2,246.06,221.45,0
O110103,C04693,2025-11-26,Fashion,South,2,43.62,0.15,74.15,39.26,0
O113112,C05783,2025-11-26,Books,West,1,25.3,0.2,20.24,12.65,0
O103765,C01732,2025-11-27,Beauty,West,2,66.08,0.15,112.34,52.86,0
O104983,C02300,2025-11-27,Books,North,2,14.8,0.2,23.68,14.8,0
O107359,C03425,2025-11-27,Books,North,2,34.59,0.1,62.26,34.59,0
O113299,C01676,2025-11-27,Beauty,North,1,21.77,0.15,18.5,8.71,0
O103995,C01841,2025-11-27,Fashion,West,1,108.96,0.3,76.27,49.03,0
O104528,C02091,2025-11-27,Electronics,South,2,211.46,0.2,338.34,304.5,0
O101338,C00616,2025-11-27,Beauty,East,1,42.39,0.3,29.67,16.96,0
O111769,C05481,2025-11-27,Sports,North,3,93.39,0.1,252.15,162.5,0
O113483,C01620,2025-11-27,Fashion,East,2,38.78,0.3,54.29,34.9,0
O100952,C00441,2025-11-27,Beauty,North,1,64.7,0.3,45.29,25.88,0
O112528,C05814,2025-11-27,Fashion,West,2,70.48,0.15,119.82,63.43,0
O113168,C02840,2025-11-27,Fashion,North,1,136.99,0.15,116.44,61.65,0
O110383,C04824,2025-11-27,Fashion,North,3,32.05,0.3,67.3,43.27,0
O106209,C02872,2025-11-27,Home & Kitchen,South,3,153.65,0.3,322.67,253.52,0
O108608,C04006,2025-11-27,Beauty,South,3,28.91,0.1,78.06,34.69,0
O113462,C03354,2025-11-27,Home & Kitchen,South,1,45.38,0.1,40.84,24.96,0
O114131,C01610,2025-11-27,Home & Kitchen,West,1,132.59,0.15,112.7,72.92,0
O106147,C02840,2025-11-27,Fashion,North,1,136.99,0.15,116.44,61.65,0
O114027,C03175,2025-11-27,Fashion,South,1,81.32,0.2,65.06,36.59,0
O114013,C02388,2025-11-27,Fashion,North,3,22.29,0.2,53.5,30.09,0
O113122,C04006,2025-11-27,Beauty,South,3,28.91,0.1,78.06,34.69,0
O113884,C00616,2025-11-27,Beauty,East,1,42.39,0.3,29.67,16.96,0
O113796,C01841,2025-11-27,Fashion,West,1,108.96,0.3,76.27,49.03,0
O105168,C02388,2025-11-27,Fashion,North,3,22.29,0.2,53.5,30.09,0
O107214,C03354,2025-11-27,Home & Kitchen,South,1,45.38,0.1,40.84,24.96,0
O102655,C01233,2025-11-27,Home & Kitchen,East,2,129.44,0.15,220.05,142.38,0
O104776,C02205,2025-11-27,Electronics,North,1,203.63,0.2,162.9,146.61,0
O106513,C03019,2025-11-27,Electronics,East,1,322.02,0.1,289.82,231.85,0
O112996,C02447,2025-11-27,Fashion,West,2,110.82,0.3,155.15,99.74,0
O103909,C01800,2025-11-27,Sports,East,1,190.09,0.2,152.07,110.25,0
O113072,C02268,2025-11-27,Beauty,West,1,55.42,0.3,38.79,22.17,0
O104911,C02268,2025-11-27,Beauty,West,1,55.42,0.3,38.79,22.17,0
O113153,C05481,2025-11-27,Sports,North,3,93.39,0.1,252.15,162.5,0
O103512,C01620,2025-11-27,Fashion,East,2,38.78,0.3,54.29,34.9,0
O105314,C02447,2025-11-27,Fashion,West,2,110.82,0.3,155.15,99.74,0
O113059,C03019,2025-11-27,Electronics,East,1,322.02,0.1,289.82,231.85,0
O112928,C02091,2025-11-27,Electronics,South,2,211.46,0.2,338.34,304.5,0
O102336,C01082,2025-11-27,Home & Kitchen,North,1,150.27,0.15,127.73,82.65,0
O103486,C01610,2025-11-27,Home & Kitchen,West,1,132.59,0.15,112.7,72.92,0
O109149,C04253,2025-11-27,Fashion,West,2,88.87,0.3,124.42,79.98,1
O113511,C00441,2025-11-27,Beauty,North,1,64.7,0.3,45.29,25.88,0
O113556,C01732,2025-11-27,Beauty,West,2,66.08,0.15,112.34,52.86,0
O103636,C01676,2025-11-27,Beauty,North,1,21.77,0.15,18.5,8.71,0
O106848,C03175,2025-11-27,Fashion,South,1,81.32,0.2,65.06,36.59,0
O113892,C03185,2025-11-28,Sports,North,1,150.02,0.15,127.52,87.01,0
O114175,C02670,2025-11-28,Books,West,1,17.46,0.1,15.71,8.73,0
O113882,C03789,2025-11-28,Fashion,East,2,58.99,0.15,100.28,53.09,0
O113685,C01933,2025-11-28,Fashion,East,1,37.36,0.15,31.76,16.81,0
O113643,C05094,2025-11-28,Fashion,West,2,125.42,0.2,200.67,112.88,0
O100300,C00145,2025-11-28,Home & Kitchen,West,3,171.43,0.3,360.0,282.86,0
O113533,C00355,2025-11-28,Electronics,South,2,303.86,0.3,425.4,437.56,0
O113760,C05388,2025-11-28,Home & Kitchen,East,3,126.7,0.1,342.09,209.06,0
O100437,C00213,2025-11-28,Fashion,East,1,98.06,0.15,83.35,44.13,0
O114195,C03279,2025-11-28,Books,East,3,16.78,0.2,40.27,25.17,1
O113876,C03488,2025-11-28,Home & Kitchen,East,2,64.09,0.1,115.36,70.5,0
O105517,C02542,2025-11-28,Beauty,East,1,69.72,0.2,55.78,27.89,0
O105311,C02446,2025-11-28,Sports,North,1,75.91,0.1,68.32,44.03,0
O110948,C05094,2025-11-28,Fashion,West,2,125.42,0.2,200.67,112.88,0
O106224,C02880,2025-11-28,Home & Kitchen,South,1,109.9,0.3,76.93,60.45,1
O106119,C02828,2025-11-28,Beauty,North,1,67.85,0.1,61.06,27.14,0
O113250,C00485,2025-11-28,Sports,East,3,51.5,0.15,131.32,89.61,0
O113358,C02503,2025-11-28,Electronics,North,2,516.95,0.2,827.12,744.41,1
O101052,C00485,2025-11-28,Sports,East,3,51.5,0.15,131.32,89.61,0
O111560,C05388,2025-11-28,Home & Kitchen,East,3,126.7,0.1,342.09,209.06,0
O112943,C02542,2025-11-28,Beauty,East,1,69.72,0.2,55.78,27.89,0
O106396,C02963,2025-11-28,Fashion,South,2,127.39,0.3,178.35,114.65,0
O100753,C00355,2025-11-28,Electronics,South,2,303.86,0.3,425.4,437.56,0
O113021,C03510,2025-11-28,Sports,East,1,87.02,0.3,60.91,50.47,1
O108144,C03789,2025-11-28,Fashion,East,2,58.99,0.15,100.28,53.09,0
O111165,C05200,2025-11-28,Beauty,North,3,40.28,0.2,96.67,48.34,0
O107070,C03283,2025-11-28,Fashion,South,1,134.01,0.3,93.81,60.3,0
O107062,C03279,2025-11-28,Books,East,3,16.78,0.2,40.27,25.17,1
O105779,C02670,2025-11-28,Books,West,1,17.46,0.1,15.71,8.73,0
O107542,C03510,2025-11-28,Sports,East,1,87.02,0.3,60.91,50.47,1
O101334,C00614,2025-11-28,Home & Kitchen,West,1,50.52,0.2,40.42,27.79,0
O110725,C04993,2025-11-28,Fashion,North,2,101.39,0.3,141.95,91.25,0
O106871,C03185,2025-11-28,Sports,North,1,150.02,0.15,127.52,87.01,0
O104183,C01933,2025-11-28,Fashion,East,1,37.36,0.15,31.76,16.81,0
O103521,C01626,2025-11-28,Electronics,East,2,504.47,0.15,857.6,726.44,0
O105437,C02503,2025-11-28,Electronics,North,2,516.95,0.2,827.12,744.41,1
O107494,C03488,2025-11-28,Home & Kitchen,East,2,64.09,0.1,115.36,70.5,0
O107994,C03724,2025-11-28,Sports,North,1,245.69,0.3,171.98,142.5,0
O106935,C03219,2025-11-29,Books,North,1,20.29,0.2,16.23,10.14,0
O104529,C02091,2025-11-29,Electronics,South,2,397.21,0.15,675.26,571.98,0
O100922,C00427,2025-11-29,Beauty,North,1,28.65,0.2,22.92,11.46,0
O112360,C05737,2025-11-29,Beauty,East,1,47.15,0.2,37.72,18.86,0
O113722,C02508,2025-11-29,Electronics,South,3,216.9,0.2,520.56,468.5,0
O114231,C02091,2025-11-29,Electronics,South,2,397.21,0.15,675.26,571.98,0
O106424,C02974,2025-11-29,Home & Kitchen,West,1,106.05,0.3,74.23,58.33,0
O103796,C01746,2025-11-29,Home & Kitchen,North,1,111.5,0.3,78.05,61.32,0
O113681,C01746,2025-11-29,Home & Kitchen,North,1,111.5,0.3,78.05,61.32,0
O102040,C00947,2025-11-29,Sports,North,2,239.95,0.2,383.92,278.34,0
O114087,C04960,2025-11-29,Books,West,1,26.25,0.15,22.31,13.12,0
O110983,C05113,2025-11-29,Home & Kitchen,West,2,165.23,0.1,297.41,181.75,0
O101023,C00472,2025-11-29,Electronics,South,1,278.73,0.2,222.98,200.69,0
O110812,C05032,2025-11-29,Home & Kitchen,South,2,117.79,0.3,164.91,129.57,0
O105559,C02565,2025-11-29,Electronics,West,2,339.3,0.2,542.88,488.59,1
O108892,C04135,2025-11-29,Beauty,South,3,34.87,0.2,83.69,41.84,0
O113630,C01065,2025-11-29,Books,North,2,35.94,0.2,57.5,35.94,0
O102297,C01065,2025-11-29,Books,North,2,35.94,0.2,57.5,35.94,0
O114155,C05113,2025-11-29,Home & Kitchen,West,2,165.23,0.1,297.41,181.75,0
O114100,C00947,2025-11-29,Sports,North,2,239.95,0.2,383.92,278.34,0
O110656,C04960,2025-11-29,Books,West,1,26.25,0.15,22.31,13.12,0
O105450,C02508,2025-11-29,Electronics,South,3,216.9,0.2,520.56,468.5,0
O113163,C01708,2025-11-30,Sports,South,2,234.44,0.1,421.99,271.95,0
O100812,C00377,2025-11-30,Beauty,North,2,29.27,0.3,40.98,23.42,0
O101916,C00894,2025-11-30,Electronics,East,1,324.28,0.2,259.42,233.48,0
O107878,C03679,2025-11-30,Fashion,North,2,62.53,0.3,87.54,56.28,1
O109461,C04390,2025-11-30,Fashion,North,1,95.36,0.15,81.06,42.91,0
O113554,C04390,2025-11-30,Fashion,North,1,95.36,0.15,81.06,42.91,0
O114185,C05732,2025-11-30,Fashion,East,1,131.59,0.2,105.27,59.22,0
O102797,C01301,2025-11-30,Beauty,South,1,49.6,0.1,44.64,19.84,0
O112348,C05732,2025-11-30,Fashion,East,1,131.59,0.2,105.27,59.22,0
O100863,C00404,2025-11-30,Sports,West,3,195.35,0.2,468.84,339.91,1
O114138,C01668,2025-11-30,Fashion,South,2,117.79,0.1,212.02,106.01,0
O114004,C05842,2025-11-30,Electronics,North,3,526.38,0.2,1263.31,1136.98,0
O113416,C02403,2025-11-30,Beauty,South,1,39.62,0.3,27.73,15.85,0
O105201,C02403,2025-11-30,Beauty,South,1,39.62,0.3,27.73,15.85,0
O106128,C02832,2025-11-30,Beauty,South,1,17.22,0.1,15.5,6.89,0
O112939,C00420,2025-11-30,Home & Kitchen,West,1,145.11,0.2,116.09,79.81,0
O110011,C04652,2025-11-30,Home & Kitchen,North,2,170.44,0.15,289.75,187.48,0
O106448,C02987,2025-11-30,Home & Kitchen,North,3,72.87,0.2,174.89,120.24,0
O103622,C01668,2025-11-30,Fashion,South,2,117.79,0.1,212.02,106.01,0
O100905,C00420,2025-11-30,Home & Kitchen,West,1,145.11,0.2,116.09,79.81,0
O113867,C02987,2025-11-30,Home & Kitchen,North,3,72.87,0.2,174.89,120.24,0
O112931,C02832,2025-11-30,Beauty,South,1,17.22,0.1,15.5,6.89,0
O112580,C05842,2025-11-30,Electronics,North,3,526.38,0.2,1263.31,1136.98,0
O103712,C01708,2025-11-30,Sports,South,2,234.44,0.1,421.99,271.95,0
O112999,C03679,2025-11-30,Fashion,North,2,62.53,0.3,87.54,56.28,1
O103053,C01422,2025-12-01,Electronics,North,2,350.53,0.3,490.74,504.76,1
O113222,C03742,2025-12-01,Sports,South,2,69.95,0.1,125.91,81.14,0
O104780,C02206,2025-12-01,Electronics,North,3,194.17,0.15,495.13,419.41,0
O112843,C05961,2025-12-01,Electronics,North,1,311.4,0.3,217.98,224.21,0
O108555,C03978,2025-12-01,Beauty,North,3,10.18,0.1,27.49,12.22,0
O113435,C01422,2025-12-01,Electronics,North,2,350.53,0.3,490.74,504.76,1
O109061,C04216,2025-12-01,Sports,North,2,242.32,0.2,387.71,281.09,0
O105715,C02644,2025-12-01,Books,South,2,30.7,0.1,55.26,30.7,0
O113923,C04216,2025-12-01,Sports,North,2,242.32,0.2,387.71,281.09,0
O101721,C00798,2025-12-01,Beauty,East,1,21.49,0.2,17.19,8.6,0
O108249,C03834,2025-12-01,Beauty,West,1,61.89,0.15,52.61,24.76,0
O103901,C01797,2025-12-01,Electronics,North,3,125.04,0.3,262.58,270.09,0
O103802,C01750,2025-12-01,Fashion,North,1,39.91,0.2,31.93,17.96,1
O113947,C02089,2025-12-01,Fashion,West,3,75.24,0.2,180.58,101.57,0
O100858,C00401,2025-12-01,Fashion,North,2,51.13,0.3,71.58,46.02,0
O108045,C03742,2025-12-01,Sports,South,2,69.95,0.1,125.91,81.14,0
O113274,C03978,2025-12-01,Beauty,North,3,10.18,0.1,27.49,12.22,0
O113787,C01797,2025-12-01,Electronics,North,3,125.04,0.3,262.58,270.09,0
O109901,C04601,2025-12-01,Books,West,1,8.98,0.3,6.29,4.49,0
O104522,C02089,2025-12-01,Fashion,West,3,75.24,0.2,180.58,101.57,0
O111662,C05436,2025-12-01,Electronics,East,1,206.58,0.3,144.61,148.74,0
O113086,C00691,2025-12-01,Fashion,North,2,34.25,0.2,54.8,30.82,1
O113518,C05961,2025-12-01,Electronics,North,1,311.4,0.3,217.98,224.21,0
O101494,C00691,2025-12-01,Fashion,North,2,34.25,0.2,54.8,30.82,1
O113512,C00798,2025-12-01,Beauty,East,1,21.49,0.2,17.19,8.6,0
O113852,C02644,2025-12-01,Books,South,2,30.7,0.1,55.26,30.7,0
O114188,C00401,2025-12-01,Fashion,North,2,51.13,0.3,71.58,46.02,0
O113668,C04222,2025-12-02,Sports,North,1,137.26,0.2,109.81,79.61,0
O108000,C03726,2025-12-02,Sports,South,2,177.67,0.3,248.74,206.1,0
O102954,C01376,2025-12-02,Fashion,North,1,129.44,0.1,116.5,58.25,0
O114005,C03270,2025-12-02,Home & Kitchen,North,3,33.23,0.3,69.78,54.83,0
O109185,C04268,2025-12-02,Books,East,1,9.17,0.1,8.25,4.58,0
O103050,C01420,2025-12-02,Sports,East,1,163.47,0.2,130.78,94.81,1
O114038,C01420,2025-12-02,Sports,East,1,163.47,0.2,130.78,94.81,1
O109077,C04222,2025-12-02,Sports,North,1,137.26,0.2,109.81,79.61,0
O114115,C00409,2025-12-02,Home & Kitchen,East,1,88.38,0.3,61.87,48.61,0
O114154,C04793,2025-12-02,Beauty,North,1,34.13,0.15,29.01,13.65,0
O110317,C04793,2025-12-02,Beauty,North,1,34.13,0.15,29.01,13.65,0
O114295,C00747,2025-12-02,Fashion,North,1,123.48,0.3,86.44,55.57,0
O113915,C01258,2025-12-02,Home & Kitchen,South,1,60.25,0.2,48.2,33.14,0
O111824,C05506,2025-12-02,Electronics,North,1,368.6,0.3,258.02,265.39,0
O113497,C02304,2025-12-02,Fashion,South,2,105.92,0.2,169.47,95.33,0
O105169,C02388,2025-12-02,Books,North,1,37.7,0.2,30.16,18.85,0
O113504,C00676,2025-12-02,Fashion,West,2,62.38,0.1,112.28,56.14,0
O104990,C02304,2025-12-02,Fashion,South,2,105.92,0.2,169.47,95.33,0
O106348,C02937,2025-12-02,Fashion,North,1,50.14,0.1,45.13,22.56,0
O100878,C00409,2025-12-02,Home & Kitchen,East,1,88.38,0.3,61.87,48.61,0
O113331,C00396,2025-12-02,Fashion,West,3,107.94,0.3,226.67,145.72,0
O101617,C00747,2025-12-02,Fashion,North,1,123.48,0.3,86.44,55.57,0
O113946,C04268,2025-12-02,Books,East,1,9.17,0.1,8.25,4.58,0
O114210,C03404,2025-12-02,Home & Kitchen,East,1,108.46,0.1,97.61,59.65,0
O100846,C00396,2025-12-02,Fashion,West,3,107.94,0.3,226.67,145.72,0
O101472,C00676,2025-12-02,Fashion,West,2,62.38,0.1,112.28,56.14,0
O107312,C03404,2025-12-02,Home & Kitchen,East,1,108.46,0.1,97.61,59.65,0
O104258,C01972,2025-12-02,Books,North,1,14.69,0.2,11.75,7.34,0
O111443,C05332,2025-12-02,Fashion,East,2,127.75,0.3,178.85,114.98,0
O113209,C05506,2025-12-02,Electronics,North,1,368.6,0.3,258.02,265.39,0
O102699,C01258,2025-12-02,Home & Kitchen,South,1,60.25,0.2,48.2,33.14,0
O107042,C03270,2025-12-02,Home & Kitchen,North,3,33.23,0.3,69.78,54.83,0
O113230,C02388,2025-12-02,Books,North,1,37.7,0.2,30.16,18.85,0
O104543,C02096,2025-12-03,Home & Kitchen,East,2,144.05,0.2,230.48,158.46,0
O113989,C01197,2025-12-03,Fashion,North,1,42.09,0.15,35.78,18.94,0
O110152,C04713,2025-12-03,Beauty,South,2,23.32,0.1,41.98,18.66,0
O113208,C05998,2025-12-03,Fashion,South,2,125.49,0.2,200.78,112.94,0
O114064,C02096,2025-12-03,Home & Kitchen,East,2,144.05,0.2,230.48,158.46,0
O103602,C01658,2025-12-03,Fashion,North,3,124.34,0.15,317.07,167.86,0
O102866,C01334,2025-12-03,Beauty,South,3,65.57,0.15,167.2,78.68,0
O109391,C04357,2025-12-03,Fashion,East,3,49.07,0.1,132.49,66.24,0
O113671,C01228,2025-12-03,Sports,North,1,176.62,0.1,158.96,102.44,0
O113452,C01334,2025-12-03,Beauty,South,3,65.57,0.15,167.2,78.68,0
O113455,C03074,2025-12-03,Beauty,North,1,44.7,0.3,31.29,17.88,0
O112973,C00265,2025-12-03,Home & Kitchen,South,2,131.37,0.2,210.19,144.51,0
O108823,C04102,2025-12-03,Home & Kitchen,North,2,105.91,0.3,148.27,116.5,0
O113460,C02065,2025-12-03,Home & Kitchen,West,2,40.87,0.15,69.48,44.96,0
O111838,C05514,2025-12-03,Fashion,West,2,76.45,0.15,129.97,68.81,0
O113382,C01658,2025-12-03,Fashion,North,3,124.34,0.15,317.07,167.86,0
O102571,C01197,2025-12-03,Fashion,North,1,42.09,0.15,35.78,18.94,0
O106156,C02844,2025-12-03,Fashion,East,2,36.0,0.15,61.2,32.4,0
O102645,C01228,2025-12-03,Sports,North,1,176.62,0.1,158.96,102.44,0
O104466,C02065,2025-12-03,Home & Kitchen,West,2,40.87,0.15,69.48,44.96,0
O112917,C05998,2025-12-03,Fashion,South,2,125.49,0.2,200.78,112.94,0
O100549,C00265,2025-12-03,Home & Kitchen,South,2,131.37,0.2,210.19,144.51,0
O106633,C03074,2025-12-03,Beauty,North,1,44.7,0.3,31.29,17.88,0
O103797,C01747,2025-12-03,Sports,South,1,165.52,0.1,148.97,96.0,0
O113507,C02844,2025-12-03,Fashion,East,2,36.0,0.15,61.2,32.4,0
O102995,C01393,2025-12-03,Books,East,1,39.96,0.2,31.97,19.98,0
O111679,C05443,2025-12-03,Electronics,South,1,422.14,0.1,379.93,303.94,0
O113325,C01393,2025-12-03,Books,East,1,39.96,0.2,31.97,19.98,0
O100365,C00180,2025-12-03,Fashion,East,2,37.69,0.2,60.3,33.92,1
O114113,C04357,2025-12-03,Fashion,East,3,49.07,0.1,132.49,66.24,0
O108157,C03794,2025-12-03,Fashion,East,1,37.4,0.1,33.66,16.83,0
O113322,C05514,2025-12-03,Fashion,West,2,76.45,0.15,129.97,68.81,0
O103356,C01552,2025-12-03,Home & Kitchen,East,1,65.28,0.3,45.7,35.9,0
O102107,C00975,2025-12-04,Home & Kitchen,North,1,75.17,0.2,60.14,41.34,0
O110336,C04801,2025-12-04,Home & Kitchen,North,2,150.43,0.3,210.6,165.47,0
O102680,C01246,2025-12-04,Fashion,North,2,74.17,0.3,103.84,66.75,0
O111809,C05499,2025-12-04,Sports,East,1,31.09,0.2,24.87,18.03,0
O110787,C05021,2025-12-04,Fashion,North,1,138.41,0.2,110.73,62.28,0
O104009,C01846,2025-12-04,Home & Kitchen,South,2,36.73,0.3,51.42,40.4,0
O113743,C04801,2025-12-04,Home & Kitchen,North,2,150.43,0.3,210.6,165.47,0
O107327,C03412,2025-12-04,Fashion,East,1,21.53,0.1,19.38,9.69,0
O103380,C01565,2025-12-04,Home & Kitchen,North,1,73.71,0.15,62.65,40.54,0
O104377,C02023,2025-12-04,Fashion,West,1,102.78,0.15,87.36,46.25,0
O106970,C03238,2025-12-04,Home & Kitchen,East,1,76.26,0.2,61.01,41.94,0
O106900,C03199,2025-12-04,Fashion,South,3,111.31,0.1,300.54,150.27,0
O107754,C03618,2025-12-04,Beauty,West,2,47.74,0.3,66.84,38.19,0
O113337,C03412,2025-12-04,Fashion,East,1,21.53,0.1,19.38,9.69,0
O114235,C00642,2025-12-04,Fashion,North,2,104.71,0.3,146.59,94.24,0
O106344,C02935,2025-12-04,Home & Kitchen,North,3,98.32,0.1,265.46,162.23,0
O105102,C02354,2025-12-04,Home & Kitchen,East,1,156.7,0.3,109.69,86.18,0
O113781,C05096,2025-12-04,Books,West,1,28.73,0.2,22.98,14.36,0
O106012,C02782,2025-12-04,Fashion,West,1,59.14,0.2,47.31,26.61,0
O101405,C00642,2025-12-04,Fashion,North,2,104.71,0.3,146.59,94.24,0
O113763,C02354,2025-12-04,Home & Kitchen,East,1,156.7,0.3,109.69,86.18,0
O113340,C03199,2025-12-04,Fashion,South,3,111.31,0.1,300.54,150.27,0
O101826,C00851,2025-12-04,Home & Kitchen,South,3,51.81,0.3,108.8,85.49,0
O107228,C03361,2025-12-04,Fashion,South,1,88.31,0.15,75.06,39.74,0
O112472,C05787,2025-12-04,Fashion,East,2,45.3,0.15,77.01,40.77,0
O108119,C03779,2025-12-04,Electronics,South,1,189.63,0.3,132.74,136.53,0
O110952,C05096,2025-12-04,Books,West,1,28.73,0.2,22.98,14.36,0
O113090,C05650,2025-12-04,Electronics,East,2,219.61,0.2,351.38,316.24,0
O113768,C02023,2025-12-04,Fashion,West,1,102.78,0.15,87.36,46.25,0
O112163,C05650,2025-12-04,Electronics,East,2,219.61,0.2,351.38,316.24,0
O113595,C01846,2025-12-04,Home & Kitchen,South,2,36.73,0.3,51.42,40.4,0
O114104,C05499,2025-12-04,Sports,East,1,31.09,0.2,24.87,18.03,0
O113000,C05787,2025-12-04,Fashion,East,2,45.3,0.15,77.01,40.77,0
O114111,C01246,2025-12-04,Fashion,North,2,74.17,0.3,103.84,66.75,0
O101127,C00519,2025-12-04,Fashion,East,2,51.98,0.3,72.77,46.78,0
O113032,C02035,2025-12-05,Fashion,East,1,107.56,0.15,91.43,48.4,1
O114077,C01998,2025-12-05,Sports,South,1,245.37,0.2,196.3,142.31,0
O109143,C04249,2025-12-05,Sports,East,2,86.38,0.15,146.85,100.2,0
O100034,C00016,2025-12-05,Home & Kitchen,East,3,118.6,0.3,249.06,195.69,0
O100908,C00422,2025-12-05,Beauty,South,1,61.93,0.1,55.74,24.77,0
O102572,C01198,2025-12-05,Books,West,1,18.07,0.3,12.65,9.04,0
O113349,C01830,2025-12-05,Beauty,West,2,40.85,0.3,57.19,32.68,0
O114293,C00016,2025-12-05,Home & Kitchen,East,3,118.6,0.3,249.06,195.69,0
O114055,C01381,2025-12-05,Beauty,East,2,56.29,0.3,78.81,45.03,0
O113375,C02230,2025-12-05,Electronics,North,2,352.86,0.2,564.58,508.12,0
O103975,C01830,2025-12-05,Beauty,West,2,40.85,0.3,57.19,32.68,0
O104661,C02150,2025-12-05,Home & Kitchen,North,1,94.68,0.15,80.48,52.07,0
O109343,C04339,2025-12-05,Fashion,North,1,22.62,0.2,18.1,10.18,0
O111333,C05283,2025-12-05,Beauty,South,3,60.68,0.15,154.73,72.82,0
O102964,C01381,2025-12-05,Beauty,East,2,56.29,0.3,78.81,45.03,0
O107328,C03412,2025-12-05,Fashion,East,1,52.62,0.1,47.36,23.68,0
O104318,C01998,2025-12-05,Sports,South,1,245.37,0.2,196.3,142.31,0
O104828,C02230,2025-12-05,Electronics,North,2,352.86,0.2,564.58,508.12,0
O107245,C03371,2025-12-05,Fashion,West,2,61.03,0.15,103.75,54.93,0
O104401,C02035,2025-12-05,Fashion,East,1,107.56,0.15,91.43,48.4,1
O111669,C05439,2025-12-05,Sports,West,1,191.58,0.2,153.26,111.12,1
O106904,C03201,2025-12-05,Sports,East,3,170.44,0.1,460.19,296.57,0
O113616,C04249,2025-12-05,Sports,East,2,86.38,0.15,146.85,100.2,0
O113950,C03412,2025-12-05,Fashion,East,1,52.62,0.1,47.36,23.68,0
O113305,C02150,2025-12-05,Home & Kitchen,North,1,94.68,0.15,80.48,52.07,0
O112166,C05652,2025-12-06,Fashion,West,2,76.99,0.3,107.79,69.29,1
O110444,C04849,2025-12-06,Home & Kitchen,North,1,128.26,0.3,89.78,70.54,0
O113784,C05488,2025-12-06,Home & Kitchen,North,2,64.77,0.3,90.68,71.25,0
O101498,C00693,2025-12-06,Sports,North,3,172.94,0.2,415.06,300.92,0
O111782,C05488,2025-12-06,Home & Kitchen,North,2,64.77,0.3,90.68,71.25,0
O101196,C00555,2025-12-06,Electronics,South,1,216.64,0.1,194.98,155.98,1
O113076,C01088,2025-12-06,Books,East,3,13.1,0.1,35.37,19.65,0
O102346,C01088,2025-12-06,Books,East,3,13.1,0.1,35.37,19.65,0
O105619,C02593,2025-12-06,Books,East,1,21.41,0.15,18.2,10.7,0
O106120,C02828,2025-12-06,Home & Kitchen,North,3,57.27,0.2,137.45,94.5,0
O104829,C02230,2025-12-06,Fashion,North,1,119.33,0.15,101.43,53.7,0
O114196,C05652,2025-12-06,Fashion,West,2,76.99,0.3,107.79,69.29,1
O114184,C01198,2025-12-06,Home & Kitchen,West,2,40.57,0.1,73.03,44.63,0
O113559,C04849,2025-12-06,Home & Kitchen,North,1,128.26,0.3,89.78,70.54,0
O104359,C02014,2025-12-06,Electronics,East,2,311.1,0.1,559.98,447.98,0
O114121,C01828,2025-12-06,Electronics,South,1,505.63,0.1,455.07,364.05,0
O113599,C02230,2025-12-06,Fashion,North,1,119.33,0.15,101.43,53.7,0
O113106,C05808,2025-12-06,Home & Kitchen,East,1,171.73,0.15,145.97,94.45,0
O113096,C04123,2025-12-06,Home & Kitchen,West,1,40.0,0.15,34.0,22.0,0
O108059,C03753,2025-12-06,Sports,East,1,69.11,0.1,62.2,40.08,0
O103970,C01828,2025-12-06,Electronics,South,1,505.63,0.1,455.07,364.05,0
O112518,C05808,2025-12-06,Home & Kitchen,East,1,171.73,0.15,145.97,94.45,0
O102573,C01198,2025-12-06,Home & Kitchen,West,2,40.57,0.1,73.03,44.63,0
O113694,C00693,2025-12-06,Sports,North,3,172.94,0.2,415.06,300.92,0
O108864,C04123,2025-12-06,Home & Kitchen,West,1,40.0,0.15,34.0,22.0,0
O114043,C03785,2025-12-07,Fashion,East,1,54.84,0.2,43.87,24.68,0
O104422,C02046,2025-12-07,Books,West,2,8.19,0.1,14.74,8.19,0
O113980,C01711,2025-12-07,Beauty,East,1,10.15,0.2,8.12,4.06,0
O109949,C04622,2025-12-07,Home & Kitchen,East,2,72.52,0.1,130.54,79.77,0
O104844,C02236,2025-12-07,Books,East,2,18.44,0.1,33.19,18.44,0
O104867,C02246,2025-12-07,Electronics,East,2,261.64,0.2,418.62,376.76,0
O105148,C02376,2025-12-07,Fashion,East,2,92.02,0.15,156.43,82.82,0
O111635,C05422,2025-12-07,Books,West,2,15.26,0.15,25.94,15.26,0
O106059,C02803,2025-12-07,Books,East,2,11.81,0.2,18.9,11.81,0
O105957,C02757,2025-12-07,Beauty,North,1,43.71,0.2,34.97,17.48,0
O105731,C02651,2025-12-07,Electronics,West,1,594.47,0.2,475.58,428.02,0
O113776,C01570,2025-12-07,Beauty,East,1,47.61,0.1,42.85,19.04,0
O114298,C03641,2025-12-07,Books,North,1,29.6,0.3,20.72,14.8,0
O105492,C02528,2025-12-07,Beauty,North,3,26.05,0.2,62.52,31.26,0
O113925,C03323,2025-12-07,Electronics,West,1,552.64,0.3,386.85,397.9,0
O101535,C00710,2025-12-07,Fashion,East,3,91.36,0.3,191.86,123.34,0
O102902,C01353,2025-12-07,Home & Kitchen,East,3,107.96,0.2,259.1,178.13,0
O107422,C03456,2025-12-07,Books,East,2,35.01,0.1,63.02,35.01,0
O110830,C05039,2025-12-07,Beauty,North,2,23.44,0.15,39.85,18.75,0
O103403,C01576,2025-12-07,Electronics,North,2,580.77,0.3,813.08,836.31,0
O103627,C01671,2025-12-07,Sports,North,1,187.99,0.3,131.59,109.03,0
O103719,C01711,2025-12-07,Beauty,East,1,10.15,0.2,8.12,4.06,0
O108133,C03785,2025-12-07,Fashion,East,1,54.84,0.2,43.87,24.68,0
O103369,C01559,2025-12-07,Sports,North,1,54.97,0.15,46.72,31.88,0
O113855,C05039,2025-12-07,Beauty,North,2,23.44,0.15,39.85,18.75,0
O108052,C03748,2025-12-07,Electronics,East,2,579.87,0.3,811.82,835.01,0
O103040,C01416,2025-12-07,Electronics,East,3,156.15,0.3,327.92,337.28,0
O114099,C05585,2025-12-07,Fashion,West,2,125.72,0.1,226.3,113.15,0
O110712,C04985,2025-12-07,Books,East,1,25.62,0.2,20.5,12.81,0
O110314,C04792,2025-12-07,Sports,East,3,71.81,0.2,172.34,124.95,0
O100156,C00079,2025-12-07,Books,East,1,34.93,0.2,27.94,17.46,0
O107804,C03641,2025-12-07,Books,North,1,29.6,0.3,20.72,14.8,0
O114128,C00079,2025-12-07,Books,East,1,34.93,0.2,27.94,17.46,0
O107660,C03575,2025-12-07,Electronics,South,2,324.48,0.3,454.27,467.25,0
O107510,C03495,2025-12-07,Electronics,West,3,202.76,0.15,517.04,437.96,0
O103385,C01570,2025-12-07,Beauty,East,1,47.61,0.1,42.85,19.04,0
O110607,C04937,2025-12-07,Beauty,North,1,26.65,0.3,18.65,10.66,0
O107151,C03323,2025-12-07,Electronics,West,1,552.64,0.3,386.85,397.9,0
O100713,C00337,2025-12-07,Sports,East,2,38.27,0.3,53.58,44.39,0
O113431,C01353,2025-12-07,Home & Kitchen,East,3,107.96,0.2,259.1,178.13,0
O112685,C05887,2025-12-07,Books,North,3,15.66,0.1,42.28,23.49,0
O113356,C02246,2025-12-07,Electronics,East,2,261.64,0.2,418.62,376.76,0
O112966,C04792,2025-12-07,Sports,East,3,71.81,0.2,172.34,124.95,0
O112988,C00710,2025-12-07,Fashion,East,3,91.36,0.3,191.86,123.34,0
O113013,C03456,2025-12-07,Books,East,2,35.01,0.1,63.02,35.01,0
O113110,C01671,2025-12-07,Sports,North,1,187.99,0.3,131.59,109.03,0
O113509,C02757,2025-12-07,Beauty,North,1,43.71,0.2,34.97,17.48,0
O111995,C05585,2025-12-07,Fashion,West,2,125.72,0.1,226.3,113.15,0
O113378,C05887,2025-12-07,Books,North,3,15.66,0.1,42.28,23.49,0
O113161,C02803,2025-12-07,Books,East,2,11.81,0.2,18.9,11.81,0
O113008,C03575,2025-12-07,Electronics,South,2,324.48,0.3,454.27,467.25,0
O113276,C04622,2025-12-07,Home & Kitchen,East,2,72.52,0.1,130.54,79.77,0
O113484,C04937,2025-12-07,Beauty,North,1,26.65,0.3,18.65,10.66,0
O113169,C02651,2025-12-07,Electronics,West,1,594.47,0.2,475.58,428.02,0
O113172,C02528,2025-12-07,Beauty,North,3,26.05,0.2,62.52,31.26,0
O101662,C00772,2025-12-08,Books,West,3,24.08,0.15,61.4,36.12,0
O104131,C01910,2025-12-08,Fashion,North,1,89.48,0.3,62.64,40.27,0
O112968,C05975,2025-12-08,Sports,South,1,216.26,0.15,183.82,125.43,0
O112874,C05975,2025-12-08,Sports,South,1,216.26,0.15,183.82,125.43,0
O102884,C01346,2025-12-08,Fashion,West,2,106.52,0.3,149.13,95.87,0
O104841,C02235,2025-12-08,Sports,East,1,72.8,0.1,65.52,42.22,0
O113492,C01346,2025-12-08,Fashion,West,2,106.52,0.3,149.13,95.87,0
O106564,C03042,2025-12-08,Sports,North,1,185.82,0.15,157.95,107.78,0
O110914,C05079,2025-12-08,Home & Kitchen,West,2,69.7,0.1,125.46,76.67,0
O114096,C05882,2025-12-08,Books,West,1,15.86,0.15,13.48,7.93,0
O109710,C04503,2025-12-08,Electronics,North,1,466.14,0.15,396.22,335.62,0
O113739,C04503,2025-12-08,Electronics,North,1,466.14,0.15,396.22,335.62,0
O110379,C04820,2025-12-08,Electronics,South,2,567.37,0.3,794.32,817.01,0
O112674,C05882,2025-12-08,Books,West,1,15.86,0.15,13.48,7.93,0
O113938,C03663,2025-12-08,Home & Kitchen,North,1,146.1,0.2,116.88,80.36,0
O105776,C02668,2025-12-08,Beauty,West,3,62.16,0.2,149.18,74.59,0
O114253,C03149,2025-12-08,Home & Kitchen,West,1,92.29,0.3,64.6,50.76,0
O113129,C01910,2025-12-08,Fashion,North,1,89.48,0.3,62.64,40.27,0
O113157,C00772,2025-12-08,Books,West,3,24.08,0.15,61.4,36.12,0
O107846,C03663,2025-12-08,Home & Kitchen,North,1,146.1,0.2,116.88,80.36,0
O104409,C02039,2025-12-08,Home & Kitchen,West,2,168.11,0.2,268.98,184.92,0
O106794,C03149,2025-12-08,Home & Kitchen,West,1,92.29,0.3,64.6,50.76,0
O105734,C02653,2025-12-09,Books,East,1,29.44,0.3,20.61,14.72,0
O111283,C05261,2025-12-09,Home & Kitchen,South,3,94.87,0.3,199.23,156.54,0
O113490,C01962,2025-12-09,Fashion,North,2,131.83,0.2,210.93,118.65,0
O109180,C04266,2025-12-09,Beauty,North,1,55.87,0.15,47.49,22.35,0
O109252,C04296,2025-12-09,Home & Kitchen,West,2,129.3,0.3,181.02,142.23,0
O101228,C00567,2025-12-09,Home & Kitchen,West,1,43.66,0.3,30.56,24.01,0
O101112,C00511,2025-12-09,Books,West,1,21.72,0.3,15.2,10.86,0
O113229,C04266,2025-12-09,Beauty,North,1,55.87,0.15,47.49,22.35,0
O111166,C05200,2025-12-09,Fashion,North,2,30.44,0.1,54.79,27.4,0
O113437,C04084,2025-12-09,Fashion,North,2,101.85,0.3,142.59,91.66,1
O101242,C00571,2025-12-09,Beauty,East,1,11.4,0.2,9.12,4.56,0
O113909,C05302,2025-12-09,Sports,South,2,107.89,0.15,183.41,125.15,0
O113966,C05261,2025-12-09,Home & Kitchen,South,3,94.87,0.3,199.23,156.54,0
O106133,C02833,2025-12-09,Sports,South,1,34.45,0.3,24.12,19.98,0
O110662,C04963,2025-12-09,Beauty,East,1,42.03,0.2,33.62,16.81,1
O113917,C02833,2025-12-09,Sports,South,1,34.45,0.3,24.12,19.98,0
O104238,C01962,2025-12-09,Fashion,North,2,131.83,0.2,210.93,118.65,0
O111370,C05302,2025-12-09,Sports,South,2,107.89,0.15,183.41,125.15,0
O101650,C00764,2025-12-09,Fashion,North,2,55.88,0.15,95.0,50.29,0
O108795,C04084,2025-12-09,Fashion,North,2,101.85,0.3,142.59,91.66,1
O113223,C02653,2025-12-09,Books,East,1,29.44,0.3,20.61,14.72,0
O113419,C04296,2025-12-09,Home & Kitchen,West,2,129.3,0.3,181.02,142.23,0
O111336,C05285,2025-12-09,Electronics,North,1,173.16,0.15,147.19,124.68,0
O112003,C05588,2025-12-09,Home & Kitchen,South,1,120.71,0.3,84.5,66.39,0
O114269,C00511,2025-12-09,Books,West,1,21.72,0.3,15.2,10.86,0
O112023,C05595,2025-12-10,Home & Kitchen,North,3,120.64,0.15,307.63,199.06,0
O100550,C00265,2025-12-10,Books,South,1,21.27,0.2,17.02,10.64,0
O113113,C05595,2025-12-10,Home & Kitchen,North,3,120.64,0.15,307.63,199.06,0
O104896,C02262,2025-12-10,Sports,East,3,218.07,0.1,588.79,379.44,0
O110104,C04693,2025-12-10,Home & Kitchen,South,3,93.78,0.1,253.21,154.74,0
O106102,C02820,2025-12-10,Books,South,1,15.05,0.1,13.55,7.52,0
O101091,C00503,2025-12-10,Electronics,North,3,529.0,0.15,1348.95,1142.64,0
O110297,C04785,2025-12-10,Fashion,South,1,97.23,0.15,82.65,43.75,0
O100234,C00112,2025-12-10,Beauty,North,1,48.9,0.2,39.12,19.56,0
O113201,C01649,2025-12-10,Sports,South,2,234.58,0.1,422.24,272.11,0
O113306,C02820,2025-12-10,Books,South,1,15.05,0.1,13.55,7.52,0
O113042,C05371,2025-12-10,Books,South,1,39.51,0.2,31.61,19.76,0
O112437,C05772,2025-12-10,Home & Kitchen,West,1,39.74,0.3,27.82,21.86,0
O111519,C05371,2025-12-10,Books,South,1,39.51,0.2,31.61,19.76,0
O104332,C02005,2025-12-10,Fashion,North,2,127.39,0.1,229.3,114.65,0
O103580,C01649,2025-12-10,Sports,South,2,234.58,0.1,422.24,272.11,0
O113678,C02262,2025-12-10,Sports,East,3,218.07,0.1,588.79,379.44,0
O113708,C00099,2025-12-10,Fashion,North,1,32.55,0.1,29.29,14.65,0
O108898,C04139,2025-12-10,Books,East,1,24.9,0.2,19.92,12.45,0
O100203,C00099,2025-12-10,Fashion,North,1,32.55,0.1,29.29,14.65,0
O107592,C03534,2025-12-10,Home & Kitchen,North,1,155.09,0.15,131.83,85.3,0
O113376,C04882,2025-12-11,Sports,North,1,166.07,0.1,149.46,96.32,0
O102306,C01069,2025-12-11,Sports,West,2,114.07,0.15,193.92,132.32,0
O110501,C04882,2025-12-11,Sports,North,1,166.07,0.1,149.46,96.32,0
O102869,C01336,2025-12-11,Home & Kitchen,North,2,161.8,0.1,291.24,177.98,0
O113920,C03713,2025-12-11,Beauty,South,2,46.09,0.1,82.96,36.87,1
O113224,C04979,2025-12-11,Books,West,1,25.18,0.15,21.4,12.59,0
O104595,C02121,2025-12-11,Fashion,East,2,41.99,0.15,71.38,37.79,0
O114126,C05148,2025-12-11,Sports,North,2,69.34,0.2,110.94,80.43,0
O107816,C03649,2025-12-11,Electronics,West,3,456.02,0.15,1162.85,985.0,0
O113134,C01419,2025-12-11,Home & Kitchen,North,3,109.99,0.15,280.47,181.48,0
O107905,C03688,2025-12-11,Electronics,West,3,262.06,0.2,628.94,566.05,0
O107966,C03713,2025-12-11,Beauty,South,2,46.09,0.1,82.96,36.87,1
O113099,C01169,2025-12-11,Books,East,1,15.13,0.3,10.59,7.56,0
O113089,C01069,2025-12-11,Sports,West,2,114.07,0.15,193.92,132.32,0
O113631,C03649,2025-12-11,Electronics,West,3,456.02,0.15,1162.85,985.0,0
O108551,C03976,2025-12-11,Fashion,North,2,81.28,0.2,130.05,73.15,0
O103045,C01419,2025-12-11,Home & Kitchen,North,3,109.99,0.15,280.47,181.48,0
O102965,C01381,2025-12-11,Electronics,East,1,278.37,0.1,250.53,200.43,0
O113687,C03688,2025-12-11,Electronics,West,3,262.06,0.2,628.94,566.05,0
O113934,C05140,2025-12-11,Sports,South,3,92.68,0.2,222.43,161.26,0
O102511,C01169,2025-12-11,Books,East,1,15.13,0.3,10.59,7.56,0
O110161,C04718,2025-12-11,Sports,West,1,165.81,0.3,116.07,96.17,0
O113918,C01381,2025-12-11,Electronics,East,1,278.37,0.1,250.53,200.43,0
O110695,C04979,2025-12-11,Books,West,1,25.18,0.15,21.4,12.59,0
O113256,C02627,2025-12-11,Books,East,1,28.75,0.2,23.0,14.38,0
O113861,C02725,2025-12-11,Fashion,West,3,112.51,0.15,286.9,151.89,0
O113816,C02121,2025-12-11,Fashion,East,2,41.99,0.15,71.38,37.79,0
O105686,C02627,2025-12-11,Books,East,1,28.75,0.2,23.0,14.38,0
O113438,C02768,2025-12-11,Beauty,East,2,19.39,0.1,34.9,15.51,0
O105985,C02768,2025-12-11,Beauty,East,2,19.39,0.1,34.9,15.51,0
O110897,C05070,2025-12-11,Electronics,West,1,133.62,0.2,106.9,96.21,0
O111062,C05148,2025-12-11,Sports,North,2,69.34,0.2,110.94,80.43,0
O111041,C05140,2025-12-11,Sports,South,3,92.68,0.2,222.43,161.26,0
O105889,C02725,2025-12-11,Fashion,West,3,112.51,0.15,286.9,151.89,0
O105152,C02379,2025-12-11,Beauty,North,2,64.0,0.2,102.4,51.2,0
O107022,C03260,2025-12-12,Sports,North,2,48.68,0.3,68.15,56.47,0
O100896,C00416,2025-12-12,Electronics,North,1,155.83,0.3,109.08,112.2,0
O113951,C00356,2025-12-12,Electronics,South,3,524.85,0.15,1338.37,1133.68,1
O102654,C01232,2025-12-12,Books,North,1,32.6,0.3,22.82,16.3,0
O113764,C05988,2025-12-12,Home & Kitchen,West,1,28.81,0.2,23.05,15.85,0
O113436,C03260,2025-12-12,Sports,North,2,48.68,0.3,68.15,56.47,0
O113965,C00347,2025-12-12,Books,East,1,31.09,0.3,21.76,15.54,0
O113254,C02173,2025-12-12,Fashion,West,1,43.66,0.2,34.93,19.65,0
O100516,C00249,2025-12-12,Books,West,2,27.51,0.15,46.77,27.51,0
O100754,C00356,2025-12-12,Electronics,South,3,524.85,0.15,1338.37,1133.68,1
O113467,C01232,2025-12-12,Books,North,1,32.6,0.3,22.82,16.3,0
O112903,C05988,2025-12-12,Home & Kitchen,West,1,28.81,0.2,23.05,15.85,0
O113369,C01912,2025-12-12,Sports,South,1,151.06,0.2,120.85,87.61,0
O104137,C01912,2025-12-12,Sports,South,1,151.06,0.2,120.85,87.61,0
O107817,C03649,2025-12-12,Fashion,West,1,132.36,0.1,119.12,59.56,0
O113755,C03649,2025-12-12,Fashion,West,1,132.36,0.1,119.12,59.56,0
O106739,C03122,2025-12-12,Beauty,South,1,27.29,0.2,21.83,10.92,0
O111898,C05540,2025-12-12,Home & Kitchen,North,2,179.11,0.1,322.4,197.02,0
O104700,C02173,2025-12-12,Fashion,West,1,43.66,0.2,34.93,19.65,0
O100467,C00225,2025-12-12,Beauty,North,3,26.33,0.15,67.14,31.6,0
O101743,C00810,2025-12-12,Home & Kitchen,East,2,98.21,0.2,157.14,108.03,0
O108023,C03734,2025-12-12,Books,East,1,19.46,0.15,16.54,9.73,0
O113012,C05540,2025-12-12,Home & Kitchen,North,2,179.11,0.1,322.4,197.02,0
O101618,C00747,2025-12-12,Fashion,North,3,44.51,0.2,106.82,60.09,0
O114046,C00810,2025-12-12,Home & Kitchen,East,2,98.21,0.2,157.14,108.03,0
O113336,C03122,2025-12-12,Beauty,South,1,27.29,0.2,21.83,10.92,0
O107544,C03511,2025-12-12,Fashion,East,1,26.21,0.3,18.35,11.79,0
O100326,C00161,2025-12-12,Books,West,1,24.23,0.2,19.38,12.12,0
O100736,C00347,2025-12-12,Books,East,1,31.09,0.3,21.76,15.54,0
O113097,C00416,2025-12-12,Electronics,North,1,155.83,0.3,109.08,112.2,0
O101917,C00894,2025-12-12,Sports,East,1,164.57,0.1,148.11,95.45,0
O114145,C00249,2025-12-12,Books,West,2,27.51,0.15,46.77,27.51,0
O110768,C05012,2025-12-12,Electronics,East,1,156.83,0.3,109.78,112.92,1
O114264,C00451,2025-12-13,Sports,East,3,233.02,0.3,489.34,405.45,0
O111768,C05480,2025-12-13,Electronics,West,3,173.55,0.15,442.55,374.87,1
O103177,C01476,2025-12-13,Fashion,East,1,37.42,0.1,33.68,16.84,0
O114290,C03670,2025-12-13,Home & Kitchen,West,1,47.94,0.1,43.15,26.37,0
O113523,C04114,2025-12-13,Electronics,East,2,374.67,0.1,674.41,539.52,0
O103054,C01422,2025-12-13,Home & Kitchen,North,1,67.4,0.1,60.66,37.07,0
O113571,C05480,2025-12-13,Electronics,West,3,173.55,0.15,442.55,374.87,1
O113654,C01287,2025-12-13,Electronics,West,2,225.4,0.3,315.56,324.58,0
O101798,C00837,2025-12-13,Fashion,East,2,79.61,0.15,135.34,71.65,0
O114182,C04543,2025-12-13,Home & Kitchen,East,1,140.84,0.2,112.67,77.46,0
O109786,C04543,2025-12-13,Home & Kitchen,East,1,140.84,0.2,112.67,77.46,0
O101760,C00820,2025-12-13,Fashion,West,1,108.1,0.1,97.29,48.64,0
O106381,C02956,2025-12-13,Electronics,East,2,456.55,0.3,639.17,657.43,0
O113830,C04777,2025-12-13,Electronics,North,3,323.75,0.3,679.88,699.3,0
O101262,C00579,2025-12-13,Sports,East,1,35.11,0.1,31.6,20.36,0
O102760,C01287,2025-12-13,Electronics,West,2,225.4,0.3,315.56,324.58,0
O110276,C04777,2025-12-13,Electronics,North,3,323.75,0.3,679.88,699.3,0
O100976,C00451,2025-12-13,Sports,East,3,233.02,0.3,489.34,405.45,0
O102530,C01177,2025-12-13,Sports,East,1,197.82,0.3,138.47,114.74,0
O114042,C00837,2025-12-13,Fashion,East,2,79.61,0.15,135.34,71.65,0
O113914,C01177,2025-12-13,Sports,East,1,197.82,0.3,138.47,114.74,0
O113379,C00820,2025-12-13,Fashion,West,1,108.1,0.1,97.29,48.64,0
O110227,C04749,2025-12-13,Sports,South,3,174.38,0.2,418.51,303.42,0
O108848,C04114,2025-12-13,Electronics,East,2,374.67,0.1,674.41,539.52,0
O107858,C03670,2025-12-13,Home & Kitchen,West,1,47.94,0.1,43.15,26.37,0
O113388,C02956,2025-12-13,Electronics,East,2,456.55,0.3,639.17,657.43,0
O103974,C01829,2025-12-13,Books,East,2,29.76,0.1,53.57,29.76,0
O113259,C00402,2025-12-14,Home & Kitchen,West,3,51.33,0.2,123.19,84.69,0
O109540,C04422,2025-12-14,Home & Kitchen,North,2,134.12,0.3,187.77,147.53,0
O110713,C04985,2025-12-14,Sports,East,3,156.18,0.15,398.26,271.75,0
O113779,C01498,2025-12-14,Electronics,South,2,473.0,0.3,662.2,681.12,0
O103271,C01516,2025-12-14,Sports,South,1,59.1,0.15,50.23,34.28,0
O112018,C05593,2025-12-14,Electronics,West,2,177.94,0.3,249.12,256.23,0
O113318,C01516,2025-12-14,Sports,South,1,59.1,0.15,50.23,34.28,0
O113489,C02319,2025-12-14,Fashion,South,1,91.92,0.1,82.73,41.36,0
O103225,C01498,2025-12-14,Electronics,South,2,473.0,0.3,662.2,681.12,0
O114039,C02046,2025-12-14,Beauty,West,2,42.14,0.2,67.42,33.71,0
O113586,C04985,2025-12-14,Sports,East,3,156.18,0.15,398.26,271.75,0
O105471,C02520,2025-12-14,Fashion,East,1,92.29,0.3,64.6,41.53,0
O113237,C00427,2025-12-14,Books,North,1,26.19,0.2,20.95,13.1,0
O102411,C01119,2025-12-14,Home & Kitchen,South,1,130.48,0.15,110.91,71.76,0
O100860,C00402,2025-12-14,Home & Kitchen,West,3,51.33,0.2,123.19,84.69,0
O100923,C00427,2025-12-14,Books,North,1,26.19,0.2,20.95,13.1,0
O102602,C01211,2025-12-14,Home & Kitchen,East,1,174.16,0.15,148.04,95.79,0
O112537,C05820,2025-12-14,Electronics,West,2,471.12,0.2,753.79,678.41,0
O105025,C02319,2025-12-14,Fashion,South,1,91.92,0.1,82.73,41.36,0
O104423,C02046,2025-12-14,Beauty,West,2,42.14,0.2,67.42,33.71,0
O100806,C00375,2025-12-15,Sports,East,1,47.26,0.15,40.17,27.41,0
O113092,C01033,2025-12-15,Sports,East,2,239.64,0.3,335.5,277.98,0
O108138,C03786,2025-12-15,Fashion,East,3,33.49,0.15,85.4,45.21,1
O102235,C01033,2025-12-15,Sports,East,2,239.64,0.3,335.5,277.98,0
O113752,C00145,2025-12-15,Home & Kitchen,West,1,116.77,0.3,81.74,64.22,1
O114222,C00375,2025-12-15,Sports,East,1,47.26,0.15,40.17,27.41,0
O113043,C01471,2025-12-15,Sports,West,3,151.74,0.2,364.18,264.03,0
O103702,C01703,2025-12-15,Sports,South,1,150.88,0.15,128.25,87.51,0
O113023,C03621,2025-12-15,Books,West,1,12.03,0.3,8.42,6.02,0
O104805,C02218,2025-12-15,Home & Kitchen,North,1,102.04,0.15,86.73,56.12,0
O113127,C03786,2025-12-15,Fashion,East,3,33.49,0.15,85.4,45.21,1
O103165,C01471,2025-12-15,Sports,West,3,151.74,0.2,364.18,264.03,0
O113639,C02218,2025-12-15,Home & Kitchen,North,1,102.04,0.15,86.73,56.12,0
O113788,C04467,2025-12-15,Fashion,North,1,37.94,0.15,32.25,17.07,0
O100301,C00145,2025-12-15,Home & Kitchen,West,1,116.77,0.3,81.74,64.22,1
O109642,C04467,2025-12-15,Fashion,North,1,37.94,0.15,32.25,17.07,0
O107761,C03621,2025-12-15,Books,West,1,12.03,0.3,8.42,6.02,0
O106810,C03158,2025-12-15,Electronics,North,2,476.94,0.15,810.8,686.79,0
O100471,C00227,2025-12-16,Home & Kitchen,East,1,98.63,0.1,88.77,54.25,0
O109839,C04567,2025-12-16,Home & Kitchen,North,2,143.36,0.3,200.7,157.7,0
O104349,C02010,2025-12-16,Fashion,South,1,102.95,0.1,92.66,46.33,0
O113645,C05322,2025-12-16,Sports,East,3,138.27,0.15,352.59,240.59,0
O107696,C03593,2025-12-16,Electronics,South,2,136.43,0.15,231.93,196.46,0
O108308,C03861,2025-12-16,Books,North,3,19.4,0.2,46.56,29.1,0
O113481,C00293,2025-12-16,Home & Kitchen,East,1,65.78,0.2,52.62,36.18,0
O102586,C01204,2025-12-16,Books,East,1,32.19,0.15,27.36,16.1,0
O107275,C03384,2025-12-16,Electronics,East,3,193.8,0.2,465.12,418.61,0
O107887,C03682,2025-12-16,Home & Kitchen,West,1,44.83,0.15,38.11,24.66,0
O102407,C01117,2025-12-16,Fashion,East,2,58.58,0.3,82.01,52.72,0
O113270,C03384,2025-12-16,Electronics,East,3,193.8,0.2,465.12,418.61,0
O103786,C01742,2025-12-16,Fashion,North,1,44.99,0.2,35.99,20.25,1
O114029,C01204,2025-12-16,Books,East,1,32.19,0.15,27.36,16.1,0
O101765,C00822,2025-12-16,Fashion,East,3,40.81,0.3,85.7,55.09,0
O102280,C01056,2025-12-16,Electronics,West,1,511.5,0.2,409.2,368.28,0
O113611,C04567,2025-12-16,Home & Kitchen,North,2,143.36,0.3,200.7,157.7,0
O100605,C00293,2025-12-16,Home & Kitchen,East,1,65.78,0.2,52.62,36.18,0
O114296,C03682,2025-12-16,Home & Kitchen,West,1,44.83,0.15,38.11,24.66,0
O111419,C05322,2025-12-16,Sports,East,3,138.27,0.15,352.59,240.59,0
O114075,C00227,2025-12-16,Home & Kitchen,East,1,98.63,0.1,88.77,54.25,0
O103322,C01535,2025-12-17,Home & Kitchen,East,1,52.82,0.3,36.97,29.05,1
O113844,C00375,2025-12-17,Home & Kitchen,East,1,97.05,0.1,87.34,53.38,0
O106429,C02975,2025-12-17,Beauty,West,1,52.12,0.1,46.91,20.85,0
O112039,C05602,2025-12-17,Beauty,North,2,53.75,0.15,91.38,43.0,0
O113805,C01535,2025-12-17,Home & Kitchen,East,1,52.82,0.3,36.97,29.05,1
O104826,C02228,2025-12-17,Fashion,North,1,71.4,0.2,57.12,32.13,1
O110032,C04661,2025-12-17,Beauty,South,2,23.77,0.3,33.28,19.02,0
O113245,C00965,2025-12-17,Electronics,South,3,355.88,0.2,854.11,768.7,0
O102082,C00965,2025-12-17,Electronics,South,3,355.88,0.2,854.11,768.7,0
O106134,C02833,2025-12-17,Books,South,2,24.07,0.2,38.51,24.07,0
O114123,C05602,2025-12-17,Beauty,North,2,53.75,0.15,91.38,43.0,0
O101464,C00673,2025-12-17,Books,South,1,32.48,0.1,29.23,16.24,0
O106916,C03207,2025-12-17,Sports,South,2,241.19,0.15,410.02,279.78,0
O113287,C00133,2025-12-17,Electronics,North,2,590.65,0.1,1063.17,850.54,0
O113194,C03207,2025-12-17,Sports,South,2,241.19,0.15,410.02,279.78,0
O102193,C01016,2025-12-17,Beauty,East,2,51.67,0.2,82.67,41.34,0
O113260,C00673,2025-12-17,Books,South,1,32.48,0.1,29.23,16.24,0
O101794,C00836,2025-12-17,Sports,South,1,87.31,0.2,69.85,50.64,0
O113660,C01016,2025-12-17,Beauty,East,2,51.67,0.2,82.67,41.34,0
O101418,C00649,2025-12-17,Sports,North,1,37.21,0.2,29.77,21.58,0
O100278,C00133,2025-12-17,Electronics,North,2,590.65,0.1,1063.17,850.54,0
O114233,C04272,2025-12-17,Fashion,West,1,131.62,0.2,105.3,59.23,0
O107210,C03352,2025-12-17,Books,West,2,17.31,0.2,27.7,17.31,0
O100807,C00375,2025-12-17,Home & Kitchen,East,1,97.05,0.1,87.34,53.38,0
O109197,C04272,2025-12-17,Fashion,West,1,131.62,0.2,105.3,59.23,0
O112953,C03352,2025-12-17,Books,West,2,17.31,0.2,27.7,17.31,0
O112311,C05715,2025-12-17,Fashion,North,3,105.96,0.1,286.09,143.05,0
O100513,C00248,2025-12-17,Electronics,West,1,542.91,0.2,434.33,390.9,0
O100711,C00336,2025-12-18,Home & Kitchen,South,1,161.28,0.2,129.02,88.7,0
O101542,C00714,2025-12-18,Fashion,East,3,109.15,0.3,229.22,147.35,1
O113327,C03219,2025-12-18,Fashion,North,3,75.02,0.3,157.54,101.28,0
O113615,C03712,2025-12-18,Home & Kitchen,West,2,111.38,0.2,178.21,122.52,0
O114252,C04515,2025-12-18,Fashion,East,3,128.57,0.2,308.57,173.57,0
O111322,C05278,2025-12-18,Books,East,1,37.22,0.2,29.78,18.61,0
O108432,C03924,2025-12-18,Books,East,2,18.3,0.2,29.28,18.3,0
O101284,C00589,2025-12-18,Sports,East,1,179.81,0.1,161.83,104.29,0
O106936,C03219,2025-12-18,Fashion,North,3,75.02,0.3,157.54,101.28,0
O113212,C05278,2025-12-18,Books,East,1,37.22,0.2,29.78,18.61,0
O102468,C01146,2025-12-18,Fashion,North,1,110.48,0.3,77.34,49.72,0
O113812,C03924,2025-12-18,Books,East,2,18.3,0.2,29.28,18.3,0
O112987,C05488,2025-12-18,Beauty,North,3,64.96,0.3,136.42,77.95,0
O107819,C03650,2025-12-18,Fashion,South,1,80.32,0.3,56.22,36.14,0
O111783,C05488,2025-12-18,Beauty,North,3,64.96,0.3,136.42,77.95,0
O114120,C00714,2025-12-18,Fashion,East,3,109.15,0.3,229.22,147.35,1
O108805,C04091,2025-12-18,Beauty,South,1,61.92,0.2,49.54,24.77,0
O109735,C04515,2025-12-18,Fashion,East,3,128.57,0.2,308.57,173.57,0
O111839,C05514,2025-12-18,Sports,West,1,46.42,0.2,37.14,26.92,0
O114020,C01146,2025-12-18,Fashion,North,1,110.48,0.3,77.34,49.72,0
O107962,C03712,2025-12-18,Home & Kitchen,West,2,111.38,0.2,178.21,122.52,0
O113888,C03785,2025-12-19,Fashion,East,3,26.25,0.2,63.0,35.44,0
O100769,C00361,2025-12-19,Fashion,South,2,28.49,0.15,48.43,25.64,0
O108134,C03785,2025-12-19,Fashion,East,3,26.25,0.2,63.0,35.44,0
O113411,C05293,2025-12-19,Electronics,South,1,471.12,0.2,376.9,339.21,1
O100121,C00060,2025-12-19,Home & Kitchen,North,1,65.3,0.3,45.71,35.92,0
O113189,C00361,2025-12-19,Fashion,South,2,28.49,0.15,48.43,25.64,0
O113724,C03274,2025-12-19,Beauty,North,2,50.5,0.1,90.9,40.4,0
O105771,C02666,2025-12-19,Home & Kitchen,East,1,122.41,0.2,97.93,67.33,0
O111356,C05293,2025-12-19,Electronics,South,1,471.12,0.2,376.9,339.21,1
O107054,C03274,2025-12-19,Beauty,North,2,50.5,0.1,90.9,40.4,0
O113343,C05322,2025-12-20,Electronics,East,2,142.2,0.2,227.52,204.77,0
O113613,C04847,2025-12-20,Home & Kitchen,East,2,128.04,0.2,204.86,140.84,0
O100755,C00356,2025-12-20,Electronics,South,2,208.15,0.3,291.41,299.74,0
O108571,C03985,2025-12-20,Fashion,South,2,139.87,0.2,223.79,125.88,0
O113103,C00654,2025-12-20,Fashion,North,1,111.93,0.15,95.14,50.37,0
O102168,C01005,2025-12-20,Sports,East,2,200.1,0.15,340.17,232.12,0
O113775,C04881,2025-12-20,Sports,North,1,194.48,0.1,175.03,112.8,0
O113422,C00816,2025-12-20,Fashion,South,1,127.43,0.15,108.32,57.34,0
O109779,C04539,2025-12-20,Electronics,North,1,325.28,0.15,276.49,234.2,0
O101429,C00654,2025-12-20,Fashion,North,1,111.93,0.15,95.14,50.37,0
O112969,C03185,2025-12-20,Beauty,North,2,57.46,0.15,97.68,45.97,0
O109852,C04576,2025-12-20,Beauty,West,1,14.69,0.15,12.49,5.88,0
O101754,C00816,2025-12-20,Fashion,South,1,127.43,0.15,108.32,57.34,0
O110315,C04792,2025-12-20,Sports,East,1,226.09,0.2,180.87,131.13,0
O111420,C05322,2025-12-20,Electronics,East,2,142.2,0.2,227.52,204.77,0
O110438,C04847,2025-12-20,Home & Kitchen,East,2,128.04,0.2,204.86,140.84,0
O113856,C00356,2025-12-20,Electronics,South,2,208.15,0.3,291.41,299.74,0
O114061,C03985,2025-12-20,Fashion,South,2,139.87,0.2,223.79,125.88,0
O109228,C04286,2025-12-20,Home & Kitchen,West,1,126.01,0.1,113.41,69.31,0
O106872,C03185,2025-12-20,Beauty,North,2,57.46,0.15,97.68,45.97,0
O110500,C04881,2025-12-20,Sports,North,1,194.48,0.1,175.03,112.8,0
O114161,C01005,2025-12-20,Sports,East,2,200.1,0.15,340.17,232.12,0
O112937,C04286,2025-12-20,Home & Kitchen,West,1,126.01,0.1,113.41,69.31,0
O111742,C05468,2025-12-21,Fashion,East,2,24.87,0.1,44.77,22.38,0
O107246,C03371,2025-12-21,Books,West,1,16.14,0.15,13.72,8.07,0
O100157,C00079,2025-12-21,Fashion,East,1,44.5,0.3,31.15,20.03,0
O113903,C00111,2025-12-21,Home & Kitchen,South,3,134.28,0.15,342.41,221.56,0
O109781,C04540,2025-12-21,Fashion,North,2,118.07,0.15,200.72,106.26,0
O101947,C00904,2025-12-21,Books,East,1,36.81,0.15,31.29,18.4,0
O100634,C00304,2025-12-21,Books,West,2,10.33,0.3,14.46,10.33,0
O104245,C01966,2025-12-21,Electronics,North,2,370.31,0.15,629.53,533.25,0
O103052,C01421,2025-12-21,Beauty,South,1,23.21,0.1,20.89,9.28,0
O113296,C00356,2025-12-21,Home & Kitchen,South,3,165.46,0.1,446.74,273.01,0
O113261,C00977,2025-12-21,Fashion,North,1,20.24,0.15,17.2,9.11,1
O114045,C05468,2025-12-21,Fashion,East,2,24.87,0.1,44.77,22.38,0
O113107,C01421,2025-12-21,Beauty,South,1,23.21,0.1,20.89,9.28,0
O101465,C00673,2025-12-21,Electronics,South,3,224.65,0.1,606.56,485.24,0
O102111,C00977,2025-12-21,Fashion,North,1,20.24,0.15,17.2,9.11,1
O100756,C00356,2025-12-21,Home & Kitchen,South,3,165.46,0.1,446.74,273.01,0
O109044,C04208,2025-12-21,Beauty,North,1,16.07,0.1,14.46,6.43,0
O113889,C00673,2025-12-21,Electronics,South,3,224.65,0.1,606.56,485.24,0
O113954,C03371,2025-12-21,Books,West,1,16.14,0.15,13.72,8.07,0
O114051,C00079,2025-12-21,Fashion,East,1,44.5,0.3,31.15,20.03,0
O100231,C00111,2025-12-21,Home & Kitchen,South,3,134.28,0.15,342.41,221.56,0
O113803,C04540,2025-12-21,Fashion,North,2,118.07,0.15,200.72,106.26,0
O114031,C00304,2025-12-21,Books,West,2,10.33,0.3,14.46,10.33,0
O102694,C01255,2025-12-22,Fashion,West,3,79.07,0.2,189.77,106.74,1
O109882,C04591,2025-12-22,Beauty,South,2,21.82,0.3,30.55,17.46,0
O113590,C05358,2025-12-22,Electronics,North,1,515.65,0.3,360.95,371.27,0
O107667,C03580,2025-12-22,Sports,West,3,200.97,0.15,512.47,349.69,0
O113591,C03053,2025-12-22,Home & Kitchen,West,2,66.14,0.2,105.82,72.75,0
O106735,C03118,2025-12-22,Sports,North,2,141.9,0.2,227.04,164.6,0
O108118,C03778,2025-12-22,Electronics,East,2,262.3,0.2,419.68,377.71,0
O110726,C04993,2025-12-22,Beauty,North,1,13.86,0.15,11.78,5.54,0
O107360,C03425,2025-12-22,Electronics,North,1,157.59,0.2,126.07,113.46,0
O104908,C02267,2025-12-22,Fashion,South,1,104.64,0.3,73.25,47.09,0
O111484,C05358,2025-12-22,Electronics,North,1,515.65,0.3,360.95,371.27,0
O101296,C00594,2025-12-22,Beauty,North,1,69.77,0.3,48.84,27.91,0
O113665,C03425,2025-12-22,Electronics,North,1,157.59,0.2,126.07,113.46,0
O106586,C03053,2025-12-22,Home & Kitchen,West,2,66.14,0.2,105.82,72.75,0
O113364,C03580,2025-12-22,Sports,West,3,200.97,0.15,512.47,349.69,0
O111859,C05524,2025-12-23,Electronics,South,3,153.08,0.3,321.47,330.65,0
O108923,C04150,2025-12-23,Sports,East,1,219.58,0.15,186.64,127.36,0
O113193,C04351,2025-12-23,Home & Kitchen,North,1,119.18,0.15,101.3,65.55,0
O113534,C05524,2025-12-23,Electronics,South,3,153.08,0.3,321.47,330.65,0
O112124,C05633,2025-12-23,Sports,North,1,106.37,0.15,90.41,61.69,0
O102622,C01218,2025-12-23,Electronics,North,2,271.72,0.15,461.92,391.28,0
O112473,C05787,2025-12-23,Beauty,East,1,23.98,0.15,20.38,9.59,0
O113546,C03885,2025-12-23,Sports,West,2,115.54,0.2,184.86,134.03,0
O112260,C05691,2025-12-23,Fashion,East,1,57.2,0.2,45.76,25.74,0
O113291,C04034,2025-12-23,Beauty,North,2,33.71,0.15,57.31,26.97,0
O112815,C05949,2025-12-23,Electronics,South,1,526.76,0.1,474.08,379.27,0
O108680,C04034,2025-12-23,Beauty,North,2,33.71,0.15,57.31,26.97,0
O100566,C00274,2025-12-23,Home & Kitchen,East,2,101.51,0.2,162.42,111.66,0
O109379,C04351,2025-12-23,Home & Kitchen,North,1,119.18,0.15,101.3,65.55,0
O114105,C01218,2025-12-23,Electronics,North,2,271.72,0.15,461.92,391.28,0
O110129,C04704,2025-12-23,Fashion,East,3,109.35,0.1,295.24,147.62,0
O113321,C04704,2025-12-23,Fashion,East,3,109.35,0.1,295.24,147.62,0
O108361,C03885,2025-12-23,Sports,West,2,115.54,0.2,184.86,134.03,0
O113563,C03593,2025-12-24,Sports,South,2,112.87,0.3,158.02,130.93,0
O101113,C00511,2025-12-24,Electronics,West,3,370.86,0.2,890.06,801.06,0
O111719,C05461,2025-12-24,Sports,West,3,61.19,0.15,156.03,106.47,0
O105923,C02740,2025-12-24,Fashion,South,2,137.3,0.1,247.14,123.57,0
O113930,C03612,2025-12-24,Books,North,2,39.47,0.2,63.15,39.47,0
O112648,C05868,2025-12-24,Sports,South,1,210.23,0.1,189.21,121.93,0
O113843,C05461,2025-12-24,Sports,West,3,61.19,0.15,156.03,106.47,0
O100760,C00358,2025-12-24,Sports,South,1,61.04,0.1,54.94,35.4,0
O113345,C03866,2025-12-24,Books,South,2,28.95,0.1,52.11,28.95,0
O100725,C00343,2025-12-24,Fashion,North,2,52.45,0.1,94.41,47.21,0
O101461,C00671,2025-12-24,Fashion,South,1,26.93,0.15,22.89,12.12,0
O103200,C01486,2025-12-24,Books,South,1,29.45,0.15,25.03,14.72,0
O108552,C03976,2025-12-24,Books,North,1,9.72,0.3,6.8,4.86,0
O108463,C03936,2025-12-24,Fashion,East,1,76.04,0.3,53.23,34.22,0
O109052,C04211,2025-12-24,Home & Kitchen,East,1,176.42,0.15,149.96,97.03,0
O108321,C03866,2025-12-24,Books,South,2,28.95,0.1,52.11,28.95,0
O107697,C03593,2025-12-24,Sports,South,2,112.87,0.3,158.02,130.93,0
O107741,C03612,2025-12-24,Books,North,2,39.47,0.2,63.15,39.47,0
O113632,C04211,2025-12-24,Home & Kitchen,East,1,176.42,0.15,149.96,97.03,0
O113130,C05868,2025-12-24,Sports,South,1,210.23,0.1,189.21,121.93,0
O113094,C02740,2025-12-24,Fashion,South,2,137.3,0.1,247.14,123.57,0
O108810,C04093,2025-12-24,Home & Kitchen,West,1,42.75,0.2,34.2,23.51,0
O111633,C05421,2025-12-25,Electronics,South,3,551.18,0.3,1157.48,1190.55,0
O106042,C02793,2025-12-25,Beauty,North,1,42.44,0.2,33.95,16.98,0
O112309,C05714,2025-12-25,Fashion,East,3,45.05,0.2,108.12,60.82,0
O114192,C05421,2025-12-25,Electronics,South,3,551.18,0.3,1157.48,1190.55,0
O113451,C01288,2025-12-25,Home & Kitchen,North,3,160.39,0.3,336.82,264.64,0
O113786,C00358,2025-12-25,Books,South,3,11.91,0.2,28.58,17.87,0
O109726,C04510,2025-12-25,Beauty,East,2,53.1,0.3,74.34,42.48,0
O106329,C02930,2025-12-25,Books,North,1,13.5,0.15,11.47,6.75,0
O112990,C04135,2025-12-25,Fashion,South,1,125.63,0.3,87.94,56.53,0
O100761,C00358,2025-12-25,Books,South,3,11.91,0.2,28.58,17.87,0
O106358,C02943,2025-12-25,Books,North,2,12.03,0.15,20.45,12.03,0
O113761,C02943,2025-12-25,Books,North,2,12.03,0.15,20.45,12.03,0
O108893,C04135,2025-12-25,Fashion,South,1,125.63,0.3,87.94,56.53,0
O102762,C01288,2025-12-25,Home & Kitchen,North,3,160.39,0.3,336.82,264.64,0
O100264,C00128,2025-12-25,Electronics,North,2,441.62,0.3,618.27,635.93,0
O105733,C02652,2025-12-26,Beauty,South,1,47.77,0.2,38.22,19.11,0
O105610,C02589,2025-12-26,Fashion,South,2,102.99,0.2,164.78,92.69,0
O106334,C02932,2025-12-26,Beauty,North,3,45.84,0.2,110.02,55.01,0
O104855,C02240,2025-12-26,Electronics,East,1,360.88,0.2,288.7,259.83,0
O114268,C00448,2025-12-26,Beauty,East,3,54.54,0.15,139.08,65.45,0
O111810,C05499,2025-12-26,Home & Kitchen,East,2,35.17,0.2,56.27,38.69,0
O113835,C05499,2025-12-26,Home & Kitchen,East,2,35.17,0.2,56.27,38.69,0
O114078,C00579,2025-12-26,Beauty,East,2,11.55,0.3,16.17,9.24,0
O113069,C02652,2025-12-26,Beauty,South,1,47.77,0.2,38.22,19.11,0
O114016,C03645,2025-12-26,Home & Kitchen,East,2,123.36,0.3,172.7,135.7,0
O114062,C02240,2025-12-26,Electronics,East,1,360.88,0.2,288.7,259.83,0
O113601,C02005,2025-12-26,Fashion,North,1,45.42,0.15,38.61,20.44,0
O113167,C05108,2025-12-26,Electronics,West,1,136.39,0.1,122.75,98.2,0
O101263,C00579,2025-12-26,Beauty,East,2,11.55,0.3,16.17,9.24,0
O112538,C05820,2025-12-26,Books,West,1,25.09,0.2,20.07,12.54,0
O101562,C00725,2025-12-26,Home & Kitchen,West,1,55.32,0.15,47.02,30.43,0
O111614,C05412,2025-12-26,Home & Kitchen,East,2,83.78,0.2,134.05,92.16,0
O113797,C02932,2025-12-26,Beauty,North,3,45.84,0.2,110.02,55.01,0
O104333,C02005,2025-12-26,Fashion,North,1,45.42,0.15,38.61,20.44,0
O113566,C05412,2025-12-26,Home & Kitchen,East,2,83.78,0.2,134.05,92.16,0
O110973,C05108,2025-12-26,Electronics,West,1,136.39,0.1,122.75,98.2,0
O100970,C00448,2025-12-26,Beauty,East,3,54.54,0.15,139.08,65.45,0
O107809,C03645,2025-12-26,Home & Kitchen,East,2,123.36,0.3,172.7,135.7,0
O104777,C02205,2025-12-27,Books,North,2,32.19,0.15,54.72,32.19,0
O112951,C03936,2025-12-27,Electronics,East,1,395.53,0.3,276.87,284.78,0
O100649,C00308,2025-12-27,Electronics,North,2,392.12,0.3,548.97,564.65,0
O113063,C00741,2025-12-27,Fashion,North,3,88.82,0.2,213.17,119.91,0
O114223,C04239,2025-12-27,Home & Kitchen,South,2,55.0,0.3,77.0,60.5,0
O106191,C02862,2025-12-27,Sports,North,3,162.07,0.2,388.97,282.0,0
O102414,C01120,2025-12-27,Fashion,South,1,90.04,0.2,72.03,40.52,0
O113328,C01120,2025-12-27,Fashion,South,1,90.04,0.2,72.03,40.52,0
O113648,C05143,2025-12-27,Sports,South,1,79.43,0.3,55.6,46.07,0
O113361,C02862,2025-12-27,Sports,North,3,162.07,0.2,388.97,282.0,0
O112201,C05667,2025-12-27,Electronics,South,1,251.13,0.2,200.9,180.81,0
O113131,C00308,2025-12-27,Electronics,North,2,392.12,0.3,548.97,564.65,0
O111047,C05143,2025-12-27,Sports,South,1,79.43,0.3,55.6,46.07,0
O101795,C00836,2025-12-27,Beauty,South,1,56.71,0.2,45.37,22.68,0
O111264,C05251,2025-12-27,Electronics,South,2,150.9,0.1,271.62,217.3,0
O100762,C00358,2025-12-27,Home & Kitchen,South,1,71.59,0.2,57.27,39.37,0
O101597,C00741,2025-12-27,Fashion,North,3,88.82,0.2,213.17,119.91,0
O113757,C02205,2025-12-27,Books,North,2,32.19,0.15,54.72,32.19,0
O109118,C04239,2025-12-27,Home & Kitchen,South,2,55.0,0.3,77.0,60.5,0
O108464,C03936,2025-12-27,Electronics,East,1,395.53,0.3,276.87,284.78,0
O112571,C05837,2025-12-28,Sports,East,2,199.42,0.2,319.07,231.33,0
O113679,C00776,2025-12-28,Fashion,South,1,48.27,0.2,38.62,21.72,0
O113236,C03489,2025-12-28,Books,North,1,8.84,0.3,6.19,4.42,0
O112430,C05768,2025-12-28,Books,West,1,37.57,0.15,31.93,18.78,0
O113471,C02730,2025-12-28,Beauty,South,1,68.74,0.2,54.99,27.5,0
O113721,C02873,2025-12-28,Fashion,North,2,73.09,0.15,124.25,65.78,0
O105899,C02730,2025-12-28,Beauty,South,1,68.74,0.2,54.99,27.5,0
O105806,C02684,2025-12-28,Fashion,East,1,37.99,0.1,34.19,17.1,0
O111157,C05195,2025-12-28,Home & Kitchen,West,1,133.37,0.3,93.36,73.35,0
O101669,C00776,2025-12-28,Fashion,South,1,48.27,0.2,38.62,21.72,0
O106211,C02873,2025-12-28,Fashion,North,2,73.09,0.15,124.25,65.78,0
O113384,C05195,2025-12-28,Home & Kitchen,West,1,133.37,0.3,93.36,73.35,0
O108779,C04077,2025-12-28,Electronics,North,1,574.58,0.2,459.66,413.7,0
O113561,C05768,2025-12-28,Books,West,1,37.57,0.15,31.93,18.78,0
O108962,C04169,2025-12-28,Home & Kitchen,East,1,68.79,0.2,55.03,37.83,0
O114095,C04077,2025-12-28,Electronics,North,1,574.58,0.2,459.66,413.7,0
O107859,C03670,2025-12-28,Fashion,West,1,48.4,0.2,38.72,21.78,0
O112967,C02684,2025-12-28,Fashion,East,1,37.99,0.1,34.19,17.1,0
O107497,C03489,2025-12-28,Books,North,1,8.84,0.3,6.19,4.42,0
O114103,C03795,2025-12-28,Home & Kitchen,East,1,61.46,0.3,43.02,33.8,0
O107967,C03713,2025-12-28,Home & Kitchen,South,1,138.28,0.3,96.8,76.05,0
O108159,C03795,2025-12-28,Home & Kitchen,East,1,61.46,0.3,43.02,33.8,0
O100655,C00311,2025-12-29,Home & Kitchen,West,3,91.53,0.1,247.13,151.02,0
O104701,C02173,2025-12-29,Sports,West,1,51.25,0.3,35.88,29.72,0
O113887,C01846,2025-12-29,Home & Kitchen,South,1,77.17,0.3,54.02,42.44,1
O105150,C02377,2025-12-29,Beauty,North,2,33.6,0.2,53.76,26.88,0
O110397,C04830,2025-12-29,Electronics,North,2,581.49,0.15,988.53,837.35,0
O104010,C01846,2025-12-29,Home & Kitchen,South,1,77.17,0.3,54.02,42.44,1
O113877,C00311,2025-12-29,Home & Kitchen,West,3,91.53,0.1,247.13,151.02,0
O114148,C05818,2025-12-29,Beauty,East,1,17.7,0.1,15.93,7.08,0
O113953,C05447,2025-12-29,Fashion,South,1,67.8,0.15,57.63,30.51,0
O112074,C05617,2025-12-29,Sports,East,1,158.83,0.15,135.01,92.12,0
O113263,C02173,2025-12-29,Sports,West,1,51.25,0.3,35.88,29.72,0
O113972,C05617,2025-12-29,Sports,East,1,158.83,0.15,135.01,92.12,0
O111687,C05447,2025-12-29,Fashion,South,1,67.8,0.15,57.63,30.51,0
O112533,C05818,2025-12-29,Beauty,East,1,17.7,0.1,15.93,7.08,0
O113159,C00291,2025-12-30,Books,South,1,22.02,0.2,17.62,11.01,0
O111078,C05155,2025-12-30,Home & Kitchen,East,3,141.15,0.1,381.11,232.9,0
O104688,C02166,2025-12-30,Home & Kitchen,East,1,117.39,0.1,105.65,64.56,0
O113851,C05071,2025-12-30,Home & Kitchen,South,2,153.66,0.1,276.59,169.03,0
O109319,C04325,2025-12-30,Home & Kitchen,East,2,60.53,0.15,102.9,66.58,0
O104015,C01848,2025-12-30,Home & Kitchen,East,1,61.54,0.3,43.08,33.85,0
O113585,C05772,2025-12-30,Fashion,West,2,90.98,0.2,145.57,81.88,0
O114140,C02197,2025-12-30,Fashion,South,1,63.28,0.15,53.79,28.48,0
O111169,C05202,2025-12-30,Electronics,West,2,575.35,0.15,978.1,828.5,0
O100601,C00291,2025-12-30,Books,South,1,22.02,0.2,17.62,11.01,0
O113186,C01255,2025-12-30,Home & Kitchen,West,1,26.9,0.3,18.83,14.8,0
O113842,C05155,2025-12-30,Home & Kitchen,East,3,141.15,0.1,381.11,232.9,0
O110899,C05071,2025-12-30,Home & Kitchen,South,2,153.66,0.1,276.59,169.03,0
O105167,C02387,2025-12-30,Books,North,1,34.61,0.2,27.69,17.3,0
O106281,C02908,2025-12-30,Fashion,East,1,59.69,0.1,53.72,26.86,0
O103037,C01414,2025-12-30,Fashion,North,1,116.51,0.2,93.21,52.43,0
O113982,C02387,2025-12-30,Books,North,1,34.61,0.2,27.69,17.3,0
O102854,C01328,2025-12-30,Home & Kitchen,East,1,134.02,0.2,107.22,73.71,0
O104756,C02197,2025-12-30,Fashion,South,1,63.28,0.15,53.79,28.48,0
O102695,C01255,2025-12-30,Home & Kitchen,West,1,26.9,0.3,18.83,14.8,0
O112438,C05772,2025-12-30,Fashion,West,2,90.98,0.2,145.57,81.88,0
O113082,C01414,2025-12-30,Fashion,North,1,116.51,0.2,93.21,52.43,0
O114186,C04325,2025-12-30,Home & Kitchen,East,2,60.53,0.15,102.9,66.58,0
O113865,C05202,2025-12-30,Electronics,West,2,575.35,0.15,978.1,828.5,0
O108509,C03960,2025-12-30,Fashion,West,3,95.01,0.15,242.28,128.26,1
O100265,C00128,2025-12-31,Electronics,North,1,416.62,0.15,354.13,299.97,0
O113772,C04163,2025-12-31,Fashion,East,1,96.97,0.2,77.58,43.64,0
O108950,C04163,2025-12-31,Fashion,East,1,96.97,0.2,77.58,43.64,0
O104256,C01971,2025-12-31,Beauty,East,1,37.0,0.1,33.3,14.8,0
O106268,C02901,2025-12-31,Books,West,3,26.41,0.15,67.35,39.62,0
O113417,C04993,2025-12-31,Home & Kitchen,North,1,171.45,0.3,120.01,94.3,0
O113584,C00128,2025-12-31,Electronics,North,1,416.62,0.15,354.13,299.97,0
O113834,C05699,2025-12-31,Sports,North,2,156.69,0.2,250.7,181.76,0
O113900,C00255,2025-12-31,Sports,North,1,232.38,0.3,162.67,134.78,0
O110727,C04993,2025-12-31,Home & Kitchen,North,1,171.45,0.3,120.01,94.3,0
O110754,C05005,2025-12-31,Fashion,East,2,68.19,0.1,122.74,61.37,0
O101118,C00513,2025-12-31,Electronics,West,3,203.14,0.3,426.59,438.78,0
O110813,C05032,2025-12-31,Electronics,South,2,237.51,0.1,427.52,342.01,0
O112162,C05649,2025-12-31,Fashion,South,3,47.25,0.3,99.22,63.79,0
O112282,C05699,2025-12-31,Sports,North,2,156.69,0.2,250.7,181.76,0
O100530,C00255,2025-12-31,Sports,North,1,232.38,0.3,162.67,134.78,0
O113051,C05032,2025-12-31,Electronics,South,2,237.51,0.1,427.52,342.01,0
