customer_id,plan,contract,churn_risk,risk_tier,annual_revenue
S05653,Basic,Month-to-month,0.901,High,340.92
S00084,Premium,Month-to-month,0.864,High,1230.0
S07911,Premium,Month-to-month,0.833,High,1200.0
S01146,Premium,Month-to-month,0.817,High,1139.52
S03101,Premium,Month-to-month,0.812,High,1175.52
S07753,Basic,Month-to-month,0.812,High,357.0
S01854,Premium,Month-to-month,0.81,High,1273.32
S00988,Basic,Month-to-month,0.806,High,317.76
S01162,Premium,Month-to-month,0.798,High,1136.4
S01005,Premium,Month-to-month,0.798,High,1098.12
S04950,Standard,Month-to-month,0.784,High,639.96
S07444,Premium,Month-to-month,0.766,High,1319.28
S00603,Standard,Month-to-month,0.764,High,864.24
S02383,Standard,Month-to-month,0.757,High,691.68
S03498,Basic,Month-to-month,0.749,High,346.56
S01795,Standard,Month-to-month,0.747,High,675.12
S05759,Premium,Month-to-month,0.742,High,1114.68
S06772,Basic,Month-to-month,0.741,High,445.44
S07689,Standard,Month-to-month,0.734,High,760.92
S06085,Standard,Month-to-month,0.733,High,731.52
S03542,Standard,One year,0.732,High,669.84
S01455,Standard,Month-to-month,0.721,High,647.16
S00895,Premium,Month-to-month,0.721,High,1118.76
S00960,Standard,Month-to-month,0.717,High,608.16
S07271,Premium,Month-to-month,0.716,High,1068.48
S07875,Premium,Month-to-month,0.716,High,1205.04
S00242,Standard,Month-to-month,0.713,High,614.16
S02476,Basic,Month-to-month,0.711,High,369.72
S02311,Premium,Month-to-month,0.711,High,1246.08
S07543,Premium,Month-to-month,0.707,High,1154.88
S00315,Premium,Month-to-month,0.704,High,1028.4
S06055,Premium,Month-to-month,0.702,High,1293.72
S04522,Standard,Month-to-month,0.699,High,749.52
S07739,Standard,Month-to-month,0.697,High,700.44
S01414,Basic,Month-to-month,0.696,High,303.36
S05398,Standard,Month-to-month,0.694,High,734.28
S02035,Standard,Month-to-month,0.694,High,761.04
S05407,Premium,Month-to-month,0.688,High,1247.76
S04025,Standard,One year,0.687,High,674.04
S04322,Standard,Month-to-month,0.687,High,843.36
S04222,Standard,Month-to-month,0.686,High,641.76
S01282,Premium,Month-to-month,0.684,High,1238.28
S05897,Standard,Month-to-month,0.682,High,684.36
S07779,Premium,Month-to-month,0.681,High,1116.48
S06898,Standard,Month-to-month,0.676,High,697.8
S07609,Basic,Month-to-month,0.676,High,384.48
S04888,Premium,Month-to-month,0.676,High,1192.92
S03108,Premium,Month-to-month,0.675,High,1306.32
S05479,Premium,Month-to-month,0.673,High,1355.64
S06552,Standard,Month-to-month,0.672,High,784.44
S01968,Premium,Month-to-month,0.671,High,1052.16
S01743,Premium,Month-to-month,0.669,High,1151.4
S05577,Basic,Month-to-month,0.666,High,440.52
S07394,Standard,Month-to-month,0.664,High,735.48
S03541,Standard,Month-to-month,0.664,High,780.84
S02672,Premium,Month-to-month,0.655,High,1101.72
S04332,Basic,Month-to-month,0.654,High,286.68
S04918,Premium,Month-to-month,0.651,High,1263.6
S07375,Standard,Month-to-month,0.651,High,723.24
S07877,Standard,Month-to-month,0.644,High,776.64
S07400,Premium,Month-to-month,0.643,High,1321.08
S03608,Premium,Month-to-month,0.643,High,1124.16
S01075,Premium,Month-to-month,0.643,High,1113.84
S05487,Premium,Month-to-month,0.642,High,1188.72
S01599,Standard,Month-to-month,0.64,High,717.84
S04108,Standard,Month-to-month,0.64,High,706.08
S02540,Standard,Month-to-month,0.639,High,755.4
S02281,Basic,Month-to-month,0.637,High,336.72
S02673,Premium,Month-to-month,0.634,High,1093.68
S00379,Premium,Month-to-month,0.634,High,1160.76
S03185,Premium,Month-to-month,0.632,High,1074.0
S04270,Standard,Month-to-month,0.63,High,793.2
S07676,Premium,Month-to-month,0.627,High,1327.56
S03508,Premium,Month-to-month,0.626,High,1243.2
S07776,Premium,Month-to-month,0.622,High,1195.08
S01276,Premium,Month-to-month,0.619,High,1317.72
S06365,Basic,Month-to-month,0.618,High,437.88
S02088,Premium,Month-to-month,0.617,High,1122.72
S05434,Premium,Month-to-month,0.617,High,1246.44
S04453,Standard,Month-to-month,0.616,High,731.76
S03232,Premium,Month-to-month,0.614,High,1223.4
S00940,Basic,Month-to-month,0.613,High,240.48
S05052,Basic,Month-to-month,0.613,High,330.72
S04368,Standard,Month-to-month,0.612,High,661.56
S04382,Standard,Month-to-month,0.611,High,722.88
S05884,Standard,Month-to-month,0.61,High,762.84
S06261,Premium,Month-to-month,0.61,High,1297.8
S02905,Basic,Month-to-month,0.609,High,324.36
S04423,Standard,Month-to-month,0.609,High,835.8
S00789,Standard,Month-to-month,0.609,High,717.0
S06262,Premium,Month-to-month,0.608,High,1069.8
S03812,Standard,Month-to-month,0.607,High,738.0
S07702,Basic,Month-to-month,0.606,High,379.32
S04080,Premium,Month-to-month,0.605,High,1137.24
S05437,Basic,One year,0.605,High,321.84
S03640,Basic,Month-to-month,0.604,High,344.76
S00442,Standard,Month-to-month,0.601,High,764.16
S07027,Standard,One year,0.601,High,649.56
S03078,Basic,Month-to-month,0.6,High,412.2
S04430,Basic,Month-to-month,0.6,High,474.0
S04955,Premium,Month-to-month,0.598,High,1058.04
S00176,Standard,Month-to-month,0.598,High,785.16
S00291,Standard,Month-to-month,0.597,High,572.16
S03303,Standard,Month-to-month,0.597,High,731.28
S03490,Basic,One year,0.597,High,328.8
S00349,Basic,Month-to-month,0.595,High,379.92
S01150,Premium,Month-to-month,0.594,High,1254.0
S05733,Standard,Month-to-month,0.594,High,604.2
S00160,Premium,Month-to-month,0.592,High,1111.56
S00565,Premium,Month-to-month,0.591,High,1202.76
S05761,Premium,Month-to-month,0.591,High,1117.92
S02617,Standard,Month-to-month,0.59,High,763.2
S07705,Premium,Month-to-month,0.589,High,1167.12
S02784,Premium,Month-to-month,0.589,High,1214.28
S04118,Standard,Month-to-month,0.588,High,772.44
S05524,Premium,Month-to-month,0.587,High,1130.16
S00487,Basic,Month-to-month,0.586,High,357.48
S01708,Premium,Month-to-month,0.584,High,1198.08
S04842,Standard,Two year,0.584,High,621.96
S05704,Standard,One year,0.583,High,654.12
S00544,Premium,One year,0.582,High,1241.28
S03119,Basic,Month-to-month,0.582,High,438.36
S02813,Premium,Month-to-month,0.582,High,1183.68
S02073,Basic,Month-to-month,0.582,High,498.96
S04035,Premium,Month-to-month,0.581,High,1206.24
S00884,Premium,Month-to-month,0.581,High,1239.96
S01369,Standard,Month-to-month,0.581,High,810.96
S02460,Basic,Month-to-month,0.58,High,349.08
S05530,Premium,Month-to-month,0.58,High,1220.4
S06343,Standard,Month-to-month,0.58,High,667.44
S07932,Premium,Month-to-month,0.578,High,1208.64
S03103,Standard,Month-to-month,0.578,High,722.76
S02146,Basic,Month-to-month,0.577,High,334.92
S07542,Standard,Month-to-month,0.575,High,701.16
S05425,Basic,Month-to-month,0.573,High,362.64
S06777,Basic,One year,0.573,High,289.44
S02863,Basic,Month-to-month,0.57,High,276.12
S00673,Basic,Month-to-month,0.567,High,387.96
S00353,Basic,Month-to-month,0.567,High,437.28
S03481,Premium,Month-to-month,0.562,High,1192.92
S06639,Premium,Month-to-month,0.562,High,1289.28
S03892,Standard,Month-to-month,0.562,High,796.44
S05326,Premium,Month-to-month,0.558,High,1215.6
S05821,Basic,Month-to-month,0.558,High,349.08
S05920,Standard,Month-to-month,0.556,High,714.12
S00033,Standard,Month-to-month,0.554,High,609.72
S01453,Premium,Month-to-month,0.553,High,1217.16
S06588,Standard,Month-to-month,0.552,High,705.96
S03785,Premium,Month-to-month,0.55,High,1108.56
S02431,Premium,Month-to-month,0.55,High,1295.28
S02132,Basic,Month-to-month,0.549,High,338.88
S03098,Premium,Month-to-month,0.547,High,1132.2
S01882,Standard,Month-to-month,0.546,High,725.16
S02015,Standard,Month-to-month,0.546,High,527.4
S06880,Basic,Month-to-month,0.546,High,368.28
S05722,Premium,Month-to-month,0.543,High,1315.92
S01244,Basic,Month-to-month,0.543,High,347.52
S00815,Standard,Month-to-month,0.542,High,808.2
S03820,Premium,Month-to-month,0.539,High,1175.28
S03028,Basic,Month-to-month,0.538,High,396.96
S06462,Basic,Month-to-month,0.538,High,279.0
S03214,Standard,Month-to-month,0.538,High,857.28
S06686,Standard,Month-to-month,0.538,High,607.44
S01924,Premium,Month-to-month,0.538,High,1202.64
S01577,Basic,Month-to-month,0.537,High,406.44
S00398,Basic,Month-to-month,0.537,High,381.24
S01249,Standard,Month-to-month,0.536,High,698.64
S00767,Premium,Month-to-month,0.536,High,1132.56
S00519,Premium,Month-to-month,0.536,High,1189.8
S06954,Premium,Month-to-month,0.535,High,1108.32
S07417,Standard,One year,0.535,High,791.64
S05736,Basic,Month-to-month,0.535,High,267.96
S03014,Basic,One year,0.535,High,423.0
S01940,Premium,One year,0.534,High,1196.52
S03105,Premium,Month-to-month,0.532,High,1218.24
S01498,Basic,Month-to-month,0.532,High,430.2
S02570,Premium,Month-to-month,0.532,High,1173.96
S03462,Standard,Month-to-month,0.531,High,732.36
S00385,Standard,Month-to-month,0.53,High,605.4
S01328,Standard,Month-to-month,0.53,High,723.36
S00984,Premium,Month-to-month,0.529,High,1055.04
S05531,Basic,Month-to-month,0.528,High,370.2
S01008,Standard,Month-to-month,0.527,High,593.28
S05170,Standard,Month-to-month,0.525,High,712.92
S00460,Standard,Month-to-month,0.525,High,685.56
S02750,Basic,Month-to-month,0.525,High,195.0
S04056,Premium,Month-to-month,0.525,High,1183.8
S06144,Premium,Month-to-month,0.523,High,1199.4
S06353,Standard,Month-to-month,0.523,High,673.08
S06129,Standard,Month-to-month,0.523,High,825.48
S02911,Standard,One year,0.522,High,667.8
S00954,Standard,Month-to-month,0.521,High,681.12
S06632,Premium,Month-to-month,0.521,High,1283.64
S03238,Basic,Month-to-month,0.521,High,351.96
S02321,Standard,Month-to-month,0.52,High,637.2
S04777,Basic,One year,0.517,High,429.36
S04485,Premium,Month-to-month,0.516,High,1249.68
S00309,Premium,Month-to-month,0.515,High,1164.48
S01484,Standard,Month-to-month,0.514,High,741.72
S05754,Basic,Month-to-month,0.512,High,350.76
S06352,Basic,Month-to-month,0.511,High,473.16
S04371,Standard,Month-to-month,0.511,High,866.76
S00043,Standard,Month-to-month,0.51,High,836.28
S03197,Premium,Month-to-month,0.509,High,1241.88
S07601,Standard,Month-to-month,0.509,High,751.92
S03675,Standard,Month-to-month,0.509,High,635.88
S06275,Standard,Month-to-month,0.509,High,643.32
S02162,Premium,Month-to-month,0.508,High,1230.12
S00556,Basic,Month-to-month,0.507,High,349.2
S00922,Premium,Month-to-month,0.507,High,1234.32
S04196,Premium,Month-to-month,0.507,High,1086.48
S04421,Basic,Month-to-month,0.507,High,355.8
S06282,Standard,Month-to-month,0.506,High,618.12
S07545,Premium,Month-to-month,0.505,High,1147.8
S05813,Standard,One year,0.505,High,697.8
S03896,Standard,Month-to-month,0.505,High,612.72
S03922,Premium,Month-to-month,0.504,High,1106.88
S06717,Basic,Month-to-month,0.502,High,426.0
S02341,Premium,Month-to-month,0.499,High,1302.24
S02796,Premium,Month-to-month,0.498,High,1350.96
S07565,Standard,One year,0.498,High,683.88
S01069,Premium,One year,0.498,High,1229.04
S01400,Premium,Month-to-month,0.498,High,1153.08
S06478,Premium,Month-to-month,0.498,High,1210.56
S00890,Basic,Month-to-month,0.497,High,333.84
S06771,Basic,Month-to-month,0.497,High,404.76
S04723,Standard,Month-to-month,0.497,High,697.56
S02692,Basic,Month-to-month,0.496,High,395.28
S07721,Standard,Month-to-month,0.496,High,815.16
S07593,Basic,Month-to-month,0.496,High,444.24
S07324,Premium,Month-to-month,0.494,High,1277.76
S05574,Standard,Month-to-month,0.494,High,646.8
S04790,Standard,Month-to-month,0.494,High,722.88
S06064,Standard,Month-to-month,0.493,High,865.56
S04705,Premium,Month-to-month,0.492,High,1193.88
S00513,Standard,Month-to-month,0.492,High,774.6
S04447,Basic,Month-to-month,0.492,High,366.72
S03074,Premium,Month-to-month,0.491,High,1167.6
S07071,Premium,Month-to-month,0.491,High,1215.12
S02719,Standard,Month-to-month,0.49,High,789.72
S00783,Basic,Month-to-month,0.489,High,336.72
S06863,Premium,Month-to-month,0.489,High,1226.04
S02895,Premium,Month-to-month,0.488,High,1138.92
S01019,Premium,Month-to-month,0.487,High,1150.56
S03288,Basic,Month-to-month,0.487,High,364.8
S01432,Standard,Month-to-month,0.487,High,731.4
S01946,Premium,Month-to-month,0.486,High,1207.8
S01047,Standard,Month-to-month,0.486,High,729.48
S05891,Basic,Month-to-month,0.485,High,332.16
S07855,Basic,Month-to-month,0.485,High,483.24
S04860,Standard,Month-to-month,0.485,High,632.52
S01219,Standard,Month-to-month,0.485,High,614.04
S05044,Standard,Month-to-month,0.483,High,678.36
S07512,Basic,Two year,0.483,High,424.32
S00764,Premium,Month-to-month,0.482,High,1218.48
S03612,Standard,Month-to-month,0.481,High,704.52
S06232,Standard,Month-to-month,0.48,High,705.96
S03407,Premium,Month-to-month,0.479,High,1141.44
S03030,Standard,Month-to-month,0.479,High,719.64
S01201,Standard,Month-to-month,0.478,High,672.96
S07874,Premium,Month-to-month,0.478,High,1252.2
S00818,Premium,Month-to-month,0.478,High,1127.4
S04223,Standard,Month-to-month,0.477,High,697.08
S00175,Basic,Month-to-month,0.476,High,259.2
S01343,Premium,Month-to-month,0.475,High,1246.32
S07487,Basic,Month-to-month,0.474,High,360.24
S04167,Basic,Month-to-month,0.473,High,294.0
S05752,Basic,Month-to-month,0.473,High,283.56
S00124,Basic,Month-to-month,0.473,High,313.92
S07460,Standard,Month-to-month,0.473,High,632.04
S04794,Premium,Month-to-month,0.473,High,1203.12
S00809,Premium,Month-to-month,0.472,High,1280.52
S00395,Standard,Month-to-month,0.472,High,755.88
S01614,Standard,One year,0.472,High,795.12
S02423,Premium,Month-to-month,0.472,High,1098.0
S05408,Standard,Month-to-month,0.469,High,681.48
S05134,Premium,Month-to-month,0.469,High,1194.12
S02074,Premium,Month-to-month,0.468,High,1251.0
S04495,Premium,Month-to-month,0.468,High,1233.48
S07623,Basic,Month-to-month,0.467,High,342.96
S04314,Standard,Month-to-month,0.467,High,692.64
S04754,Standard,Month-to-month,0.466,High,879.24
S04053,Standard,Month-to-month,0.466,High,623.28
S00608,Premium,Month-to-month,0.465,High,1277.52
S06161,Premium,Month-to-month,0.464,High,1318.44
S00127,Premium,Month-to-month,0.464,High,1130.04
S01657,Basic,Month-to-month,0.463,High,307.44
S03960,Standard,Month-to-month,0.462,High,657.84
S00555,Premium,Month-to-month,0.461,High,1242.12
S07165,Standard,Month-to-month,0.461,High,688.8
S05567,Standard,Month-to-month,0.46,High,610.92
S07295,Basic,Month-to-month,0.46,High,214.68
S03514,Standard,Month-to-month,0.46,High,743.4
S03291,Standard,Month-to-month,0.458,High,766.8
S01181,Standard,Month-to-month,0.458,High,784.08
S07734,Basic,Month-to-month,0.457,High,369.48
S05492,Standard,Month-to-month,0.457,High,824.64
S07879,Basic,One year,0.456,High,403.2
S05501,Standard,One year,0.456,High,773.76
S03816,Basic,Month-to-month,0.456,High,372.6
S01367,Basic,Month-to-month,0.456,High,421.56
S01991,Basic,Month-to-month,0.456,High,176.28
S00802,Premium,Month-to-month,0.453,High,1248.72
S05165,Standard,Month-to-month,0.453,High,607.2
S01534,Premium,Month-to-month,0.452,High,1131.48
S04317,Standard,Month-to-month,0.452,High,882.24
S05363,Basic,Month-to-month,0.452,High,284.52
S00483,Basic,Month-to-month,0.452,High,382.44
S06023,Standard,Month-to-month,0.452,High,755.76
S00828,Standard,Month-to-month,0.451,High,740.28
S03684,Standard,Month-to-month,0.451,High,644.88
S01665,Basic,Month-to-month,0.45,High,238.32
S06701,Standard,Month-to-month,0.45,High,781.92
S05218,Premium,Month-to-month,0.45,High,1215.96
S00644,Premium,One year,0.449,High,1278.72
S00512,Standard,One year,0.449,High,723.12
S07700,Standard,Month-to-month,0.449,High,710.76
S03783,Basic,Month-to-month,0.449,High,493.56
S02427,Standard,Month-to-month,0.448,High,883.32
S03535,Standard,Month-to-month,0.448,High,612.36
S05552,Premium,Month-to-month,0.448,High,1261.44
S06767,Basic,One year,0.448,High,432.48
S01350,Basic,One year,0.448,High,249.96
S05078,Standard,Month-to-month,0.448,High,764.88
S03563,Standard,Month-to-month,0.448,High,619.32
S06393,Standard,Two year,0.447,High,730.92
S04134,Standard,Month-to-month,0.447,High,850.68
S01831,Standard,Month-to-month,0.446,High,813.72
S03500,Premium,Month-to-month,0.446,High,1208.64
S00322,Standard,Month-to-month,0.445,High,642.24
S04161,Premium,Month-to-month,0.444,High,1296.6
S05543,Standard,Month-to-month,0.442,High,702.0
S04647,Premium,Month-to-month,0.441,High,1152.72
S03656,Standard,Month-to-month,0.441,High,662.64
S03068,Basic,One year,0.441,High,339.12
S02125,Premium,Month-to-month,0.44,High,1061.64
S07268,Premium,Month-to-month,0.44,High,1200.96
S01892,Standard,Month-to-month,0.44,High,597.48
S03823,Premium,Month-to-month,0.439,High,1213.08
S01417,Basic,Month-to-month,0.439,High,298.32
S02199,Standard,Month-to-month,0.439,High,758.28
S03265,Standard,Month-to-month,0.438,High,691.2
S05871,Premium,Month-to-month,0.438,High,1266.6
S00914,Basic,Month-to-month,0.437,High,252.0
S03671,Premium,Month-to-month,0.437,High,1231.8
S02741,Standard,Month-to-month,0.436,High,635.04
S07179,Premium,Month-to-month,0.436,High,1147.44
S01715,Basic,Month-to-month,0.435,High,423.12
S04474,Premium,Month-to-month,0.435,High,1287.84
S01535,Premium,Month-to-month,0.434,High,1213.08
S05488,Basic,Month-to-month,0.434,High,371.16
S06094,Premium,Month-to-month,0.434,High,1246.8
S06715,Standard,Month-to-month,0.434,High,587.04
S02873,Basic,Month-to-month,0.433,High,430.68
S01292,Premium,Month-to-month,0.433,High,1307.04
S04928,Premium,Month-to-month,0.432,High,1050.84
S01503,Standard,Month-to-month,0.432,High,720.84
S05793,Standard,Month-to-month,0.432,High,824.16
S00677,Standard,Month-to-month,0.432,High,743.88
S06541,Premium,Month-to-month,0.431,High,1064.76
S06290,Standard,Month-to-month,0.431,High,630.96
S01685,Standard,Month-to-month,0.431,High,761.52
S00503,Standard,Two year,0.431,High,708.48
S01544,Standard,Month-to-month,0.43,High,653.16
S06513,Standard,Month-to-month,0.43,High,660.0
S02436,Standard,Month-to-month,0.43,High,570.72
S02949,Premium,Month-to-month,0.43,High,1177.56
S04281,Basic,Month-to-month,0.43,High,372.36
S05440,Standard,Month-to-month,0.429,High,670.68
S02135,Premium,Month-to-month,0.429,High,1138.56
S00364,Basic,Month-to-month,0.429,High,249.48
S04355,Standard,Month-to-month,0.428,High,768.36
S01280,Standard,Month-to-month,0.428,High,637.44
S06426,Premium,Month-to-month,0.428,High,1158.36
S06087,Standard,Month-to-month,0.428,High,696.84
S02963,Standard,Month-to-month,0.427,High,736.2
S07859,Standard,One year,0.427,High,721.2
S01496,Premium,One year,0.426,High,1156.8
S00106,Premium,Month-to-month,0.426,High,1203.84
S03773,Standard,Month-to-month,0.426,High,680.04
S06870,Premium,Month-to-month,0.425,High,1139.64
S02815,Premium,Month-to-month,0.425,High,1247.28
S04360,Basic,Month-to-month,0.424,High,395.16
S05600,Standard,Month-to-month,0.424,High,651.84
S07837,Premium,Month-to-month,0.424,High,1073.16
S02943,Basic,Month-to-month,0.424,High,377.64
S01440,Standard,Month-to-month,0.423,High,717.24
S03909,Basic,Month-to-month,0.422,High,300.96
S07376,Standard,Month-to-month,0.422,High,615.6
S01117,Standard,Month-to-month,0.422,High,733.08
S07277,Basic,Month-to-month,0.422,High,264.48
S05992,Premium,Month-to-month,0.421,High,1273.92
S01068,Premium,Month-to-month,0.421,High,1245.36
S04601,Standard,Month-to-month,0.421,High,716.64
S07485,Basic,Month-to-month,0.421,High,367.44
S04195,Standard,Month-to-month,0.42,High,594.0
S00688,Standard,Month-to-month,0.42,High,753.48
S01661,Basic,Month-to-month,0.419,High,517.56
S01347,Premium,Month-to-month,0.419,High,1237.08
S01603,Standard,Month-to-month,0.419,High,640.44
S04909,Premium,Month-to-month,0.419,High,1255.32
S05588,Premium,Month-to-month,0.419,High,1229.4
S00090,Premium,Month-to-month,0.419,High,1169.04
S07368,Premium,Month-to-month,0.419,High,1144.2
S03719,Basic,Month-to-month,0.418,High,317.64
S07257,Premium,Month-to-month,0.418,High,1176.6
S03151,Premium,Month-to-month,0.418,High,1217.52
S05485,Premium,Month-to-month,0.418,High,1061.76
S03738,Standard,Month-to-month,0.418,High,860.16
S01235,Premium,Month-to-month,0.417,High,1266.84
S01016,Premium,Month-to-month,0.416,High,1200.48
S04713,Standard,Month-to-month,0.416,High,748.44
S03455,Basic,Month-to-month,0.416,High,447.0
S06451,Premium,Month-to-month,0.416,High,1208.64
S02434,Premium,Month-to-month,0.416,High,1198.2
S02754,Basic,Month-to-month,0.415,High,286.8
S00649,Premium,Month-to-month,0.414,High,1121.28
S04660,Basic,Month-to-month,0.414,High,312.12
S04230,Premium,Month-to-month,0.414,High,1068.24
S07770,Standard,Month-to-month,0.413,High,732.96
S03081,Premium,Month-to-month,0.413,High,1128.6
S01051,Standard,Month-to-month,0.413,High,672.12
S03727,Standard,Month-to-month,0.413,High,637.32
S06453,Premium,Month-to-month,0.413,High,1173.72
S01679,Basic,Month-to-month,0.412,High,320.88
S03425,Premium,Month-to-month,0.412,High,1125.84
S02442,Basic,Month-to-month,0.412,High,383.16
S00634,Premium,Month-to-month,0.412,High,1171.32
S02359,Basic,Month-to-month,0.412,High,396.84
S03543,Basic,Month-to-month,0.411,High,310.68
S03279,Standard,Month-to-month,0.411,High,932.16
S01589,Standard,Month-to-month,0.41,High,704.76
S06214,Standard,One year,0.41,High,683.28
S06490,Standard,Month-to-month,0.41,High,762.72
S05969,Basic,Month-to-month,0.41,High,389.76
S05940,Basic,Month-to-month,0.409,High,393.6
S05720,Standard,Month-to-month,0.409,High,659.52
S04692,Premium,Month-to-month,0.409,High,1152.84
S07322,Standard,Month-to-month,0.408,High,748.8
S01045,Basic,One year,0.408,High,238.56
S05030,Premium,Month-to-month,0.408,High,1210.56
S02491,Standard,Month-to-month,0.408,High,626.52
S02676,Premium,Month-to-month,0.408,High,1284.84
S01757,Premium,Month-to-month,0.408,High,1155.72
S01778,Standard,Month-to-month,0.408,High,640.2
S01207,Standard,Month-to-month,0.407,High,706.56
S04838,Standard,Month-to-month,0.407,High,653.4
S06684,Premium,Month-to-month,0.407,High,1098.36
S01562,Standard,Month-to-month,0.407,High,532.44
S00336,Standard,Month-to-month,0.407,High,757.68
S01006,Premium,Month-to-month,0.407,High,1210.08
S04735,Premium,Month-to-month,0.407,High,1233.72
S06820,Standard,Month-to-month,0.407,High,609.36
S06045,Standard,One year,0.406,High,855.24
S06607,Standard,Month-to-month,0.405,High,616.44
S05572,Standard,Month-to-month,0.404,High,692.4
S05583,Premium,Month-to-month,0.404,High,1281.0
S00445,Premium,Month-to-month,0.404,High,1173.36
S01254,Premium,Month-to-month,0.404,High,1123.68
S05157,Premium,Month-to-month,0.404,High,1221.48
S01435,Standard,Month-to-month,0.404,High,590.4
S07321,Premium,Month-to-month,0.403,High,1164.36
S05837,Standard,Month-to-month,0.403,High,675.0
S02037,Standard,Month-to-month,0.403,High,724.44
S01365,Basic,Month-to-month,0.403,High,332.64
S02694,Basic,Month-to-month,0.403,High,293.4
S05561,Standard,Month-to-month,0.403,High,739.56
S04415,Premium,Month-to-month,0.402,High,1253.28
S00236,Standard,Month-to-month,0.402,High,653.28
S05031,Premium,Month-to-month,0.402,High,1198.92
S06003,Standard,One year,0.401,High,633.48
S07225,Premium,Month-to-month,0.401,High,1166.76
S02470,Standard,Month-to-month,0.401,High,667.44
S03838,Standard,Month-to-month,0.401,High,692.16
S01374,Standard,Month-to-month,0.4,High,682.44
S02137,Premium,Month-to-month,0.399,High,1035.12
S03157,Standard,Month-to-month,0.398,High,730.08
S03841,Premium,Month-to-month,0.398,High,1215.12
S05110,Premium,Month-to-month,0.398,High,1210.32
S01323,Basic,Month-to-month,0.398,High,338.76
S00971,Standard,Month-to-month,0.398,High,681.72
S03038,Basic,Month-to-month,0.397,High,469.56
S03870,Premium,Month-to-month,0.397,High,1167.6
S05512,Premium,Month-to-month,0.396,High,1166.88
S00496,Premium,Month-to-month,0.396,High,1251.12
S01222,Standard,Month-to-month,0.396,High,719.4
S07930,Premium,One year,0.395,High,1197.96
S06366,Basic,Month-to-month,0.395,High,494.52
S00072,Basic,Month-to-month,0.395,High,405.0
S03635,Standard,Month-to-month,0.395,High,726.36
S02624,Premium,Month-to-month,0.394,High,1136.28
S04707,Standard,Month-to-month,0.394,High,638.04
S03720,Premium,Month-to-month,0.393,High,1200.36
S02983,Standard,Month-to-month,0.393,High,693.12
S07650,Basic,Month-to-month,0.393,High,221.04
S01986,Basic,Month-to-month,0.393,High,289.32
S01128,Standard,Month-to-month,0.393,High,609.0
S00292,Basic,Month-to-month,0.393,High,415.44
S07001,Basic,Month-to-month,0.392,High,352.44
S01524,Basic,One year,0.392,High,401.4
S05484,Premium,Month-to-month,0.392,High,1073.88
S03321,Standard,Month-to-month,0.391,High,754.08
S03793,Premium,Month-to-month,0.391,High,1277.76
S07384,Standard,Month-to-month,0.391,High,820.32
S07434,Standard,Month-to-month,0.39,High,794.04
S06503,Premium,Month-to-month,0.39,High,1236.48
S05362,Standard,Month-to-month,0.39,High,529.8
S03911,Basic,Month-to-month,0.39,High,474.48
S06289,Standard,One year,0.389,High,598.8
S03731,Standard,Month-to-month,0.389,High,807.24
S04684,Premium,Month-to-month,0.389,High,1176.84
S06056,Premium,Month-to-month,0.389,High,1312.56
S01090,Standard,Month-to-month,0.389,High,719.28
S05305,Premium,Month-to-month,0.389,High,1197.72
S06911,Standard,Month-to-month,0.389,High,735.0
S01851,Premium,Month-to-month,0.388,High,1043.28
S00666,Basic,Month-to-month,0.388,High,472.56
S07314,Basic,Month-to-month,0.388,High,261.96
S03753,Basic,Month-to-month,0.388,High,465.12
S06597,Basic,Month-to-month,0.388,High,299.28
S07980,Standard,Month-to-month,0.388,High,596.52
S02596,Premium,Month-to-month,0.387,High,1219.8
S01628,Basic,Month-to-month,0.387,High,233.4
S05810,Standard,Month-to-month,0.387,High,573.24
S06500,Basic,Month-to-month,0.387,High,357.72
S05980,Standard,Month-to-month,0.386,High,560.88
S01137,Basic,Month-to-month,0.386,High,453.6
S02327,Premium,Month-to-month,0.386,High,1243.2
S06576,Standard,Month-to-month,0.386,High,656.64
S04200,Standard,Month-to-month,0.385,High,792.0
S00195,Standard,Month-to-month,0.385,High,750.0
S03289,Premium,Month-to-month,0.385,High,1179.12
S05941,Premium,One year,0.385,High,1171.08
S06079,Standard,Month-to-month,0.385,High,523.08
S02397,Standard,Month-to-month,0.385,High,812.64
S06847,Basic,One year,0.384,High,273.96
S06913,Premium,Month-to-month,0.384,High,1262.52
S07794,Standard,Month-to-month,0.384,High,651.48
S02647,Standard,Month-to-month,0.383,High,751.08
S04535,Standard,Month-to-month,0.383,High,593.52
S01026,Premium,Month-to-month,0.383,High,1250.52
S05382,Standard,One year,0.383,High,769.32
S03664,Premium,Month-to-month,0.383,High,1004.4
S07087,Basic,Month-to-month,0.383,High,260.52
S05127,Basic,Month-to-month,0.383,High,370.08
S00005,Standard,Month-to-month,0.383,High,659.52
S00655,Standard,Month-to-month,0.383,High,771.96
S01880,Basic,Month-to-month,0.382,High,355.68
S04075,Standard,Month-to-month,0.382,High,758.76
S02497,Premium,Month-to-month,0.382,High,1233.36
S06333,Standard,Month-to-month,0.382,High,769.8
S01629,Standard,Month-to-month,0.381,High,685.56
S03013,Basic,Month-to-month,0.381,High,322.2
S00830,Premium,Month-to-month,0.381,High,1184.76
S06358,Basic,Month-to-month,0.38,High,385.56
S05879,Basic,Month-to-month,0.38,High,400.08
S01388,Basic,Month-to-month,0.38,High,417.24
S05393,Standard,Month-to-month,0.38,High,596.88
S04730,Standard,Month-to-month,0.38,High,745.32
S04491,Premium,Month-to-month,0.379,High,1108.56
S02861,Basic,Month-to-month,0.378,High,429.6
S03606,Standard,Month-to-month,0.378,High,823.68
S07517,Basic,Month-to-month,0.378,High,266.28
S06924,Basic,Month-to-month,0.377,High,368.88
S01966,Basic,Month-to-month,0.377,High,324.72
S02648,Standard,One year,0.377,High,647.88
S04309,Standard,Month-to-month,0.377,High,790.56
S05845,Premium,Month-to-month,0.375,High,1188.96
S05508,Standard,One year,0.375,High,748.56
S00036,Premium,Month-to-month,0.374,High,1218.72
S06412,Standard,Month-to-month,0.374,High,670.08
S04555,Basic,Month-to-month,0.374,High,456.24
S06194,Standard,Month-to-month,0.374,High,695.64
S04627,Standard,Month-to-month,0.374,High,693.72
S06784,Premium,Month-to-month,0.373,High,1107.36
S00739,Basic,Month-to-month,0.373,High,416.52
S06307,Standard,Month-to-month,0.373,High,633.12
S01822,Standard,Month-to-month,0.373,High,824.04
S00990,Premium,Month-to-month,0.372,High,1179.48
S01131,Standard,Month-to-month,0.372,High,653.52
S05368,Standard,Month-to-month,0.372,High,726.24
S04830,Basic,Month-to-month,0.372,High,295.08
S02048,Premium,Month-to-month,0.372,High,1106.76
S00222,Premium,Month-to-month,0.37,High,1219.68
S04626,Standard,Month-to-month,0.37,High,742.44
S06735,Basic,Month-to-month,0.37,High,233.04
S05934,Basic,Two year,0.37,High,390.6
S02545,Standard,Month-to-month,0.37,High,674.76
S01668,Premium,Month-to-month,0.369,High,1190.88
S01278,Basic,Month-to-month,0.369,High,360.84
S01987,Premium,Month-to-month,0.369,High,1273.08
S06551,Basic,Month-to-month,0.368,High,330.96
S01878,Standard,Month-to-month,0.368,High,669.96
S05069,Standard,Month-to-month,0.368,High,787.68
S02059,Basic,Month-to-month,0.367,High,370.08
S01506,Basic,Month-to-month,0.367,High,322.56
S03318,Premium,Month-to-month,0.367,High,1137.12
S02494,Premium,Month-to-month,0.366,High,1215.24
S00935,Basic,Month-to-month,0.366,High,301.56
S05858,Basic,Month-to-month,0.366,High,335.16
S05799,Standard,Month-to-month,0.365,High,671.76
S00341,Premium,Month-to-month,0.365,High,1161.12
S04599,Premium,Month-to-month,0.365,High,1335.84
S02598,Standard,Month-to-month,0.365,High,713.52
S02678,Premium,Two year,0.364,High,1167.0
S02177,Standard,Month-to-month,0.364,High,787.08
S02738,Basic,Month-to-month,0.363,High,435.48
S05545,Standard,One year,0.363,High,679.68
S05135,Basic,Month-to-month,0.363,High,374.88
S01175,Premium,Two year,0.363,High,1085.04
S00534,Standard,One year,0.363,High,705.12
S05847,Premium,Month-to-month,0.363,High,1216.92
S04145,Premium,Month-to-month,0.362,High,1152.12
S04030,Basic,Month-to-month,0.362,High,381.96
S01944,Standard,Month-to-month,0.362,High,832.8
S05164,Basic,Month-to-month,0.362,High,265.56
S05782,Standard,Month-to-month,0.362,High,667.8
S04648,Standard,Month-to-month,0.362,High,680.04
S03552,Standard,Month-to-month,0.361,High,679.2
S01613,Standard,Month-to-month,0.361,High,735.24
S01486,Premium,Month-to-month,0.361,High,1260.12
S03080,Premium,Month-to-month,0.361,High,1246.92
S01245,Standard,Month-to-month,0.36,High,848.76
S03230,Standard,One year,0.36,High,730.08
S05937,Basic,Month-to-month,0.36,High,344.88
S01333,Basic,Month-to-month,0.36,High,500.64
S07473,Standard,Month-to-month,0.36,High,810.12
S04937,Basic,Month-to-month,0.359,High,259.92
S06708,Standard,One year,0.358,High,671.88
S06560,Basic,Month-to-month,0.358,High,273.84
S01719,Basic,Month-to-month,0.358,High,439.8
S06600,Standard,Month-to-month,0.358,High,716.04
S02681,Basic,Month-to-month,0.358,High,307.68
S01370,Premium,Month-to-month,0.358,High,1264.44
S04829,Standard,Month-to-month,0.358,High,803.04
S05615,Standard,One year,0.357,High,728.76
S00451,Basic,Month-to-month,0.357,High,320.28
S04060,Standard,Month-to-month,0.357,High,808.68
S02232,Premium,Month-to-month,0.357,High,1132.56
S07188,Standard,Month-to-month,0.357,High,776.28
S07945,Standard,Month-to-month,0.357,High,668.16
S07692,Basic,Month-to-month,0.356,High,349.56
S06239,Standard,Month-to-month,0.356,High,808.8
S06742,Basic,One year,0.356,High,279.24
S05486,Standard,Month-to-month,0.356,High,759.24
S04466,Basic,Month-to-month,0.355,High,447.48
S04310,Premium,Month-to-month,0.355,High,1238.76
S05120,Standard,Month-to-month,0.355,High,747.0
S04547,Premium,Month-to-month,0.355,High,1121.76
S05906,Standard,One year,0.355,High,763.68
S03890,Standard,Month-to-month,0.355,High,857.76
S02989,Basic,Month-to-month,0.355,High,433.8
S07101,Basic,Month-to-month,0.355,High,443.52
S05864,Premium,One year,0.355,High,1111.92
S06676,Standard,One year,0.355,High,664.44
S01688,Premium,Month-to-month,0.354,High,1220.64
S04330,Standard,Month-to-month,0.354,High,740.64
S01250,Standard,Month-to-month,0.354,High,780.72
S06286,Premium,Month-to-month,0.354,High,1124.76
S01569,Premium,Month-to-month,0.353,High,1143.84
S03979,Premium,Month-to-month,0.353,High,1189.56
S05651,Premium,Month-to-month,0.353,High,1281.24
S03452,Basic,Month-to-month,0.353,High,514.32
S01609,Premium,Month-to-month,0.353,High,1186.32
S03801,Basic,Month-to-month,0.352,High,323.16
S07931,Basic,Month-to-month,0.352,High,231.72
S02026,Premium,Month-to-month,0.352,High,1137.24
S07058,Standard,Month-to-month,0.352,High,720.96
S03219,Standard,Month-to-month,0.352,High,839.88
S03353,Standard,Month-to-month,0.352,High,694.08
S00517,Standard,Month-to-month,0.351,High,576.48
S02010,Premium,Month-to-month,0.351,High,1100.76
S00743,Standard,One year,0.351,High,585.84
S04121,Premium,Month-to-month,0.35,High,1261.68
S05313,Basic,Month-to-month,0.35,High,339.0
S00641,Standard,Month-to-month,0.35,Medium,772.2
S02742,Basic,Month-to-month,0.35,Medium,360.72
S00942,Standard,Month-to-month,0.349,Medium,789.0
S05466,Basic,One year,0.349,Medium,290.16
S04105,Basic,Month-to-month,0.349,Medium,371.04
S03416,Basic,Month-to-month,0.349,Medium,429.0
S01724,Premium,Month-to-month,0.349,Medium,1164.6
S05710,Premium,Month-to-month,0.348,Medium,1240.56
S07422,Basic,Month-to-month,0.347,Medium,480.72
S01420,Standard,Month-to-month,0.347,Medium,724.92
S02447,Standard,Month-to-month,0.346,Medium,742.68
S07091,Standard,Month-to-month,0.346,Medium,780.96
S01659,Standard,Month-to-month,0.346,Medium,697.56
S06919,Premium,Month-to-month,0.345,Medium,1281.0
S02395,Basic,Month-to-month,0.345,Medium,395.4
S06706,Basic,Month-to-month,0.345,Medium,338.04
S06485,Standard,Month-to-month,0.345,Medium,754.56
S02798,Standard,Month-to-month,0.344,Medium,691.08
S06790,Standard,Month-to-month,0.344,Medium,807.24
S03532,Premium,One year,0.344,Medium,1093.56
S06176,Basic,Month-to-month,0.344,Medium,324.24
S01176,Premium,Month-to-month,0.344,Medium,1220.04
S01118,Basic,One year,0.344,Medium,272.16
S02251,Standard,Month-to-month,0.343,Medium,706.44
S03482,Premium,Month-to-month,0.343,Medium,1290.48
S04462,Standard,Month-to-month,0.343,Medium,762.84
S00275,Basic,Month-to-month,0.343,Medium,201.84
S07435,Basic,Month-to-month,0.343,Medium,371.04
S07742,Premium,Month-to-month,0.342,Medium,1107.12
S05474,Basic,Month-to-month,0.342,Medium,347.4
S06834,Premium,Month-to-month,0.342,Medium,1217.04
S06936,Basic,Month-to-month,0.342,Medium,313.68
S03987,Basic,Month-to-month,0.342,Medium,498.72
S07457,Premium,Month-to-month,0.342,Medium,1014.72
S02085,Standard,Month-to-month,0.341,Medium,709.56
S07401,Standard,Month-to-month,0.341,Medium,676.68
S03726,Premium,One year,0.341,Medium,1141.68
S00040,Basic,Month-to-month,0.341,Medium,325.2
S05624,Basic,Month-to-month,0.341,Medium,314.28
S02744,Premium,Month-to-month,0.341,Medium,1242.36
S02937,Standard,Month-to-month,0.341,Medium,814.68
S00334,Basic,Month-to-month,0.34,Medium,336.6
S00425,Premium,Month-to-month,0.34,Medium,1232.4
S00685,Premium,Month-to-month,0.34,Medium,1283.04
S00836,Basic,Month-to-month,0.34,Medium,202.2
S05360,Standard,Month-to-month,0.339,Medium,574.32
S05447,Basic,Month-to-month,0.339,Medium,501.6
S01640,Standard,Month-to-month,0.338,Medium,743.88
S00327,Standard,Month-to-month,0.338,Medium,694.32
S02600,Basic,Month-to-month,0.338,Medium,401.28
S06849,Basic,Month-to-month,0.338,Medium,359.52
S01670,Premium,Month-to-month,0.338,Medium,1191.0
S06041,Premium,One year,0.338,Medium,1119.96
S04833,Basic,Month-to-month,0.338,Medium,335.64
S04902,Basic,Month-to-month,0.338,Medium,351.12
S02551,Premium,Month-to-month,0.338,Medium,1136.52
S02223,Standard,Month-to-month,0.337,Medium,779.16
S01967,Premium,Month-to-month,0.337,Medium,1072.92
S05719,Premium,One year,0.337,Medium,1191.36
S04255,Basic,Month-to-month,0.337,Medium,202.08
S05286,Standard,Month-to-month,0.336,Medium,576.36
S07789,Basic,Month-to-month,0.336,Medium,247.32
S04514,Premium,Month-to-month,0.336,Medium,1163.76
S04913,Basic,Month-to-month,0.336,Medium,292.68
S00476,Premium,One year,0.335,Medium,1275.36
S02324,Premium,Month-to-month,0.335,Medium,1186.56
S00659,Premium,Month-to-month,0.335,Medium,1217.4
S05294,Basic,Month-to-month,0.335,Medium,347.16
S03669,Standard,Month-to-month,0.335,Medium,694.68
S00306,Premium,Month-to-month,0.335,Medium,1196.28
S06634,Standard,Month-to-month,0.335,Medium,703.56
S05343,Premium,Month-to-month,0.334,Medium,1171.68
S02812,Basic,Month-to-month,0.334,Medium,391.56
S00595,Basic,Month-to-month,0.334,Medium,243.36
S06577,Basic,Month-to-month,0.334,Medium,444.6
S07955,Premium,Month-to-month,0.333,Medium,1229.4
S07492,Basic,Month-to-month,0.333,Medium,318.72
S03705,Standard,Month-to-month,0.333,Medium,880.56
S02307,Standard,Month-to-month,0.333,Medium,566.16
S02931,Basic,Month-to-month,0.333,Medium,384.36
S03304,Standard,Month-to-month,0.333,Medium,778.92
S06565,Premium,One year,0.332,Medium,1279.32
S05234,Basic,One year,0.332,Medium,342.36
S00058,Basic,Month-to-month,0.332,Medium,357.48
S03531,Standard,Month-to-month,0.332,Medium,627.0
S04233,Standard,Month-to-month,0.332,Medium,705.72
S00867,Basic,Month-to-month,0.332,Medium,422.52
S02304,Standard,Month-to-month,0.332,Medium,685.2
S03721,Basic,Month-to-month,0.332,Medium,314.52
S03868,Premium,Month-to-month,0.332,Medium,1223.28
S05832,Basic,Month-to-month,0.332,Medium,332.4
S01806,Standard,Month-to-month,0.331,Medium,703.8
S06459,Basic,One year,0.331,Medium,409.56
S00631,Standard,One year,0.331,Medium,624.12
S03431,Premium,Month-to-month,0.331,Medium,1168.32
S00312,Basic,Month-to-month,0.331,Medium,311.52
S06268,Standard,Month-to-month,0.331,Medium,735.48
S01556,Basic,Month-to-month,0.331,Medium,332.28
S06249,Basic,Month-to-month,0.33,Medium,246.12
S01807,Basic,Month-to-month,0.33,Medium,459.0
S07180,Standard,Month-to-month,0.33,Medium,852.96
S01155,Basic,Month-to-month,0.33,Medium,318.12
S06338,Basic,Month-to-month,0.33,Medium,341.4
S04194,Basic,Month-to-month,0.33,Medium,231.48
S04746,Basic,Month-to-month,0.33,Medium,396.48
S01322,Premium,Month-to-month,0.33,Medium,1071.96
S04508,Standard,Month-to-month,0.33,Medium,778.8
S04991,Standard,Month-to-month,0.33,Medium,704.4
S00004,Premium,Month-to-month,0.329,Medium,1204.56
S07366,Standard,Month-to-month,0.329,Medium,785.52
S05114,Premium,Month-to-month,0.329,Medium,1207.68
S00159,Basic,Month-to-month,0.329,Medium,395.16
S07291,Basic,Month-to-month,0.329,Medium,358.8
S06436,Premium,Month-to-month,0.328,Medium,1215.12
S00149,Premium,Month-to-month,0.328,Medium,1130.88
S07737,Basic,Month-to-month,0.328,Medium,386.4
S00992,Premium,Month-to-month,0.328,Medium,1130.64
S07161,Standard,Month-to-month,0.328,Medium,732.84
S01236,Premium,Month-to-month,0.328,Medium,1178.88
S01570,Basic,Month-to-month,0.328,Medium,395.4
S01933,Basic,Month-to-month,0.328,Medium,440.4
S01231,Premium,Month-to-month,0.328,Medium,1257.84
S06942,Standard,Month-to-month,0.327,Medium,740.28
S05311,Standard,Month-to-month,0.327,Medium,796.08
S02142,Standard,Month-to-month,0.327,Medium,748.8
S06038,Standard,Month-to-month,0.327,Medium,735.12
S01901,Basic,Month-to-month,0.327,Medium,168.96
S05657,Standard,Month-to-month,0.327,Medium,720.36
S05353,Basic,Month-to-month,0.326,Medium,429.84
S02217,Standard,Month-to-month,0.326,Medium,716.64
S03250,Basic,Month-to-month,0.326,Medium,280.92
S01602,Premium,Month-to-month,0.326,Medium,1119.96
S07296,Standard,Month-to-month,0.326,Medium,671.4
S02814,Basic,Month-to-month,0.326,Medium,407.28
S04463,Standard,Month-to-month,0.325,Medium,730.92
S00384,Standard,Month-to-month,0.325,Medium,678.48
S03723,Basic,Month-to-month,0.325,Medium,280.44
S02079,Standard,Month-to-month,0.325,Medium,750.84
S03628,Basic,Month-to-month,0.325,Medium,334.2
S05924,Standard,Month-to-month,0.325,Medium,711.96
S03897,Standard,Month-to-month,0.324,Medium,717.24
S04756,Standard,Month-to-month,0.324,Medium,667.32
S06608,Standard,Month-to-month,0.324,Medium,703.2
S05516,Standard,Month-to-month,0.324,Medium,730.92
S01734,Standard,Month-to-month,0.323,Medium,777.96
S05909,Standard,Month-to-month,0.323,Medium,746.28
S05709,Standard,Month-to-month,0.322,Medium,727.32
S01963,Basic,Month-to-month,0.322,Medium,353.16
S02988,Premium,One year,0.322,Medium,1002.72
S02944,Standard,Month-to-month,0.322,Medium,773.28
S06159,Basic,Month-to-month,0.322,Medium,357.0
S01607,Basic,Month-to-month,0.322,Medium,224.16
S01035,Basic,Month-to-month,0.322,Medium,420.84
S01560,Basic,Month-to-month,0.322,Medium,193.2
S07694,Basic,Month-to-month,0.322,Medium,401.76
S00011,Standard,Month-to-month,0.322,Medium,694.56
S04256,Basic,Month-to-month,0.322,Medium,143.04
S05247,Basic,Month-to-month,0.322,Medium,393.96
S05807,Basic,Month-to-month,0.321,Medium,311.76
S06397,Premium,Month-to-month,0.321,Medium,1201.92
S05693,Standard,Month-to-month,0.321,Medium,661.44
S03672,Basic,Month-to-month,0.321,Medium,386.64
S03394,Standard,Month-to-month,0.321,Medium,596.88
S00524,Premium,Month-to-month,0.32,Medium,1165.92
S06819,Premium,Month-to-month,0.32,Medium,1190.64
S04877,Basic,Month-to-month,0.32,Medium,312.0
S02401,Standard,Month-to-month,0.32,Medium,870.36
S00736,Standard,Month-to-month,0.32,Medium,783.0
S00761,Standard,Month-to-month,0.32,Medium,700.68
S06178,Premium,One year,0.32,Medium,1224.48
S06443,Standard,Two year,0.32,Medium,820.68
S00431,Premium,One year,0.32,Medium,1278.0
S03513,Standard,Month-to-month,0.32,Medium,793.92
S00760,Basic,Month-to-month,0.32,Medium,441.24
S05655,Basic,Month-to-month,0.32,Medium,395.76
S02996,Basic,Month-to-month,0.32,Medium,369.6
S01387,Premium,Month-to-month,0.32,Medium,1214.4
S07053,Premium,Month-to-month,0.32,Medium,1304.64
S02935,Standard,Month-to-month,0.318,Medium,757.32
S04728,Standard,Month-to-month,0.318,Medium,767.76
S01870,Basic,Month-to-month,0.318,Medium,342.48
S05351,Standard,Month-to-month,0.318,Medium,700.32
S05663,Premium,One year,0.318,Medium,1162.56
S02204,Basic,Month-to-month,0.318,Medium,383.04
S06506,Premium,Month-to-month,0.318,Medium,1255.8
S06740,Premium,Month-to-month,0.318,Medium,1164.24
S00521,Standard,Month-to-month,0.318,Medium,705.6
S01033,Basic,One year,0.318,Medium,420.48
S00422,Premium,One year,0.318,Medium,1098.12
S03261,Basic,Month-to-month,0.318,Medium,377.28
S07539,Premium,One year,0.318,Medium,1174.68
S05734,Standard,Month-to-month,0.317,Medium,790.44
S01804,Standard,Month-to-month,0.317,Medium,852.36
S05562,Basic,Month-to-month,0.317,Medium,320.04
S04183,Basic,Month-to-month,0.317,Medium,350.16
S01493,Standard,Month-to-month,0.316,Medium,627.36
S06663,Standard,Month-to-month,0.316,Medium,861.6
S05675,Basic,Month-to-month,0.316,Medium,405.96
S05907,Basic,Month-to-month,0.316,Medium,369.24
S07264,Standard,Month-to-month,0.316,Medium,739.08
S07253,Standard,Month-to-month,0.316,Medium,649.56
S07938,Basic,Month-to-month,0.315,Medium,319.56
S04404,Standard,Month-to-month,0.315,Medium,648.24
S04694,Standard,Month-to-month,0.315,Medium,671.52
S05740,Basic,Month-to-month,0.315,Medium,279.0
S01881,Standard,Month-to-month,0.315,Medium,667.2
S07675,Standard,Month-to-month,0.315,Medium,622.56
S00260,Premium,Month-to-month,0.314,Medium,1086.12
S05632,Standard,Month-to-month,0.314,Medium,634.56
S04259,Standard,Month-to-month,0.314,Medium,752.76
S07222,Standard,Month-to-month,0.313,Medium,903.6
S06235,Basic,Month-to-month,0.313,Medium,421.44
S00583,Basic,Month-to-month,0.313,Medium,316.68
S06868,Standard,Month-to-month,0.312,Medium,740.52
S03903,Standard,One year,0.312,Medium,741.12
S06616,Premium,One year,0.312,Medium,1205.28
S07998,Basic,Month-to-month,0.312,Medium,305.28
S07013,Standard,Month-to-month,0.312,Medium,825.84
S07738,Premium,Month-to-month,0.312,Medium,1151.52
S02263,Premium,Month-to-month,0.312,Medium,1255.2
S06258,Standard,One year,0.311,Medium,658.92
S03233,Basic,Month-to-month,0.311,Medium,489.24
S02995,Premium,Month-to-month,0.311,Medium,1249.92
S04467,Premium,Month-to-month,0.311,Medium,1217.52
S07212,Basic,Month-to-month,0.31,Medium,391.92
S01156,Basic,Month-to-month,0.31,Medium,433.92
S03946,Premium,One year,0.31,Medium,1198.44
S02483,Standard,Month-to-month,0.31,Medium,661.32
S05074,Basic,Month-to-month,0.31,Medium,289.68
S04318,Premium,Month-to-month,0.31,Medium,1203.12
S05828,Standard,Month-to-month,0.31,Medium,659.04
S06873,Standard,One year,0.31,Medium,785.64
S06838,Standard,Month-to-month,0.31,Medium,619.2
S04187,Premium,Month-to-month,0.31,Medium,1146.12
S03322,Premium,One year,0.309,Medium,1130.64
S00921,Standard,Month-to-month,0.309,Medium,734.4
S04943,Standard,Month-to-month,0.309,Medium,776.04
S04110,Premium,Month-to-month,0.309,Medium,1219.44
S07333,Standard,Month-to-month,0.309,Medium,723.84
S04061,Standard,Month-to-month,0.309,Medium,758.52
S03740,Standard,Month-to-month,0.309,Medium,850.56
S06376,Premium,Month-to-month,0.309,Medium,1233.48
S01115,Basic,One year,0.308,Medium,307.8
S05364,Standard,Month-to-month,0.308,Medium,703.32
S03689,Standard,One year,0.308,Medium,624.12
S02939,Premium,One year,0.308,Medium,1244.76
S00925,Basic,Month-to-month,0.307,Medium,400.92
S04702,Standard,Month-to-month,0.307,Medium,743.52
S06644,Standard,Month-to-month,0.307,Medium,763.92
S01015,Premium,Month-to-month,0.307,Medium,1135.08
S00187,Basic,Month-to-month,0.307,Medium,446.64
S07577,Basic,Month-to-month,0.307,Medium,430.8
S06581,Standard,Month-to-month,0.307,Medium,726.72
S01373,Basic,Month-to-month,0.306,Medium,358.56
S00121,Basic,Month-to-month,0.306,Medium,344.4
S00148,Basic,Month-to-month,0.306,Medium,276.0
S07968,Basic,Month-to-month,0.306,Medium,371.04
S05815,Standard,One year,0.306,Medium,639.36
S03857,Basic,Month-to-month,0.306,Medium,489.12
S03367,Standard,Month-to-month,0.306,Medium,618.84
S01097,Standard,Month-to-month,0.306,Medium,783.84
S03646,Standard,Month-to-month,0.306,Medium,660.12
S03699,Standard,Month-to-month,0.305,Medium,767.76
S00096,Basic,One year,0.305,Medium,429.0
S01843,Standard,Month-to-month,0.305,Medium,705.0
S04488,Premium,Month-to-month,0.305,Medium,1253.88
S02131,Standard,Month-to-month,0.305,Medium,659.64
S05187,Standard,Month-to-month,0.305,Medium,846.84
S02745,Standard,Month-to-month,0.305,Medium,693.6
S00856,Standard,Month-to-month,0.305,Medium,706.56
S05660,Basic,Month-to-month,0.305,Medium,401.52
S01879,Standard,Month-to-month,0.304,Medium,719.76
S01605,Standard,Month-to-month,0.304,Medium,815.28
S04119,Basic,Month-to-month,0.304,Medium,303.96
S04786,Premium,One year,0.304,Medium,1089.84
S05152,Standard,Month-to-month,0.304,Medium,681.0
S05994,Basic,Month-to-month,0.304,Medium,356.4
S03282,Standard,Month-to-month,0.304,Medium,748.8
S05253,Basic,Month-to-month,0.304,Medium,448.56
S04024,Basic,Month-to-month,0.303,Medium,332.76
S05406,Standard,Month-to-month,0.303,Medium,924.48
S07901,Standard,Month-to-month,0.303,Medium,729.12
S04202,Standard,Month-to-month,0.303,Medium,817.68
S04214,Standard,Month-to-month,0.303,Medium,733.68
S04456,Basic,Month-to-month,0.302,Medium,382.44
S01257,Standard,Month-to-month,0.302,Medium,704.04
S07884,Premium,Month-to-month,0.301,Medium,1052.52
S03799,Premium,Month-to-month,0.301,Medium,1104.48
S01864,Standard,Month-to-month,0.301,Medium,645.84
S06852,Standard,Month-to-month,0.301,Medium,681.96
S03718,Standard,Month-to-month,0.301,Medium,706.44
S00827,Standard,Month-to-month,0.301,Medium,707.88
S06557,Premium,Month-to-month,0.301,Medium,1300.08
S05971,Premium,Month-to-month,0.3,Medium,1255.32
S04267,Standard,Month-to-month,0.3,Medium,707.04
S04422,Standard,Month-to-month,0.3,Medium,701.16
S01642,Standard,Month-to-month,0.3,Medium,689.88
S00464,Basic,Month-to-month,0.299,Medium,335.64
S04034,Standard,Month-to-month,0.299,Medium,655.68
S07049,Standard,One year,0.299,Medium,737.4
S03548,Standard,Month-to-month,0.299,Medium,674.04
S04050,Standard,One year,0.298,Medium,624.84
S07063,Standard,Month-to-month,0.298,Medium,648.6
S00878,Basic,Month-to-month,0.298,Medium,261.12
S00021,Basic,Month-to-month,0.298,Medium,137.52
S06970,Basic,Month-to-month,0.298,Medium,369.6
S06311,Standard,Month-to-month,0.298,Medium,637.2
S04559,Standard,Month-to-month,0.297,Medium,570.36
S01711,Standard,Month-to-month,0.297,Medium,732.48
S01863,Premium,One year,0.297,Medium,1304.64
S02039,Basic,Month-to-month,0.297,Medium,400.08
S06727,Basic,Month-to-month,0.297,Medium,291.6
S00621,Basic,Month-to-month,0.297,Medium,299.04
S03885,Standard,Month-to-month,0.297,Medium,811.08
S02296,Standard,Month-to-month,0.297,Medium,795.24
S01037,Basic,Month-to-month,0.296,Medium,306.36
S01729,Basic,Month-to-month,0.296,Medium,412.2
S03031,Basic,Month-to-month,0.296,Medium,461.76
S02353,Standard,Month-to-month,0.296,Medium,615.6
S04862,Standard,Month-to-month,0.295,Medium,658.68
S07825,Premium,Month-to-month,0.295,Medium,1062.96
S06518,Premium,Month-to-month,0.295,Medium,1144.32
S05064,Basic,Month-to-month,0.295,Medium,423.0
S04410,Basic,Month-to-month,0.294,Medium,311.76
S03153,Standard,Month-to-month,0.294,Medium,687.72
S04908,Premium,Month-to-month,0.294,Medium,1174.44
S07259,Premium,Month-to-month,0.294,Medium,1310.52
S06671,Standard,Month-to-month,0.294,Medium,673.2
S01046,Premium,Month-to-month,0.294,Medium,1197.0
S03494,Standard,Month-to-month,0.294,Medium,627.96
S04220,Standard,Month-to-month,0.293,Medium,642.12
S06027,Premium,Month-to-month,0.293,Medium,1241.88
S06966,Standard,Month-to-month,0.293,Medium,680.64
S07140,Basic,Month-to-month,0.293,Medium,369.36
S01303,Basic,Month-to-month,0.293,Medium,325.56
S00318,Premium,Month-to-month,0.293,Medium,1118.64
S01693,Basic,Month-to-month,0.293,Medium,278.64
S07937,Basic,Month-to-month,0.293,Medium,356.88
S05556,Premium,Month-to-month,0.293,Medium,1255.8
S02387,Premium,Month-to-month,0.292,Medium,1283.52
S02396,Basic,Month-to-month,0.292,Medium,400.8
S06291,Basic,Month-to-month,0.292,Medium,324.96
S04253,Basic,Month-to-month,0.292,Medium,297.48
S01074,Standard,Month-to-month,0.292,Medium,809.52
S02426,Premium,Month-to-month,0.292,Medium,1291.44
S04021,Basic,Month-to-month,0.292,Medium,369.96
S02966,Basic,Month-to-month,0.292,Medium,202.2
S04792,Standard,One year,0.292,Medium,644.28
S03544,Basic,Month-to-month,0.291,Medium,279.84
S05930,Premium,Month-to-month,0.291,Medium,1209.6
S00709,Basic,Month-to-month,0.291,Medium,337.92
S04051,Standard,Month-to-month,0.291,Medium,715.44
S00420,Basic,Month-to-month,0.291,Medium,364.92
S05673,Premium,Month-to-month,0.291,Medium,1057.2
S06011,Standard,Month-to-month,0.291,Medium,618.0
S04540,Premium,Month-to-month,0.291,Medium,1276.44
S04244,Standard,Month-to-month,0.29,Medium,766.44
S00333,Basic,One year,0.289,Medium,331.92
S03297,Premium,Month-to-month,0.289,Medium,1321.8
S06630,Basic,Month-to-month,0.289,Medium,294.24
S04962,Basic,Month-to-month,0.289,Medium,230.64
S05989,Basic,Month-to-month,0.289,Medium,410.04
S04875,Standard,Month-to-month,0.288,Medium,659.76
S04738,Premium,Month-to-month,0.288,Medium,1131.0
S06879,Standard,Month-to-month,0.288,Medium,613.2
S07319,Basic,Month-to-month,0.287,Medium,340.44
S02428,Basic,Month-to-month,0.287,Medium,392.4
S02920,Standard,Month-to-month,0.287,Medium,778.8
S05619,Standard,Month-to-month,0.287,Medium,695.28
S02716,Premium,Month-to-month,0.287,Medium,1275.72
S05376,Standard,Month-to-month,0.287,Medium,903.12
S00188,Premium,Month-to-month,0.287,Medium,1011.6
S07061,Standard,Month-to-month,0.287,Medium,691.8
S04241,Standard,Month-to-month,0.286,Medium,768.12
S03419,Standard,Month-to-month,0.286,Medium,744.84
S04446,Basic,Month-to-month,0.286,Medium,281.88
S01499,Standard,Month-to-month,0.285,Medium,667.08
S03940,Premium,Month-to-month,0.285,Medium,1200.84
S06781,Basic,Month-to-month,0.285,Medium,347.88
S02050,Premium,Month-to-month,0.285,Medium,1229.76
S04414,Basic,Month-to-month,0.285,Medium,276.84
S03187,Premium,Month-to-month,0.284,Medium,1160.52
S03735,Standard,Month-to-month,0.284,Medium,707.88
S01625,Basic,One year,0.284,Medium,238.8
S06918,Standard,Month-to-month,0.284,Medium,793.56
S03568,Standard,Month-to-month,0.284,Medium,801.84
S01653,Standard,Month-to-month,0.284,Medium,610.2
S02103,Basic,Month-to-month,0.284,Medium,376.8
S04000,Standard,Month-to-month,0.283,Medium,678.48
S03954,Standard,Month-to-month,0.283,Medium,776.04
S06851,Premium,Month-to-month,0.283,Medium,1104.36
S00516,Basic,Month-to-month,0.283,Medium,243.96
S06748,Standard,Month-to-month,0.283,Medium,810.0
S00926,Basic,Month-to-month,0.283,Medium,373.56
S00906,Premium,Month-to-month,0.283,Medium,1115.4
S00326,Basic,Month-to-month,0.283,Medium,390.36
S04106,Standard,Month-to-month,0.283,Medium,791.16
S07005,Basic,One year,0.283,Medium,353.64
S06280,Basic,Month-to-month,0.283,Medium,429.96
S05848,Standard,Month-to-month,0.283,Medium,767.88
S05258,Basic,Month-to-month,0.282,Medium,310.44
S02047,Basic,Month-to-month,0.282,Medium,426.24
S05695,Standard,Month-to-month,0.282,Medium,580.32
S02653,Standard,Month-to-month,0.282,Medium,665.76
S04945,Standard,Month-to-month,0.282,Medium,802.92
S01020,Premium,Month-to-month,0.282,Medium,1426.44
S00416,Standard,One year,0.282,Medium,636.12
S02516,Basic,Month-to-month,0.282,Medium,286.56
S02100,Basic,Month-to-month,0.281,Medium,264.12
S04811,Basic,Month-to-month,0.281,Medium,525.84
S01268,Basic,Month-to-month,0.281,Medium,360.72
S03655,Basic,Month-to-month,0.281,Medium,427.92
S05773,Premium,Month-to-month,0.281,Medium,1117.08
S07894,Standard,Month-to-month,0.281,Medium,815.28
S00559,Basic,Month-to-month,0.281,Medium,396.84
S06648,Standard,Month-to-month,0.281,Medium,709.56
S03957,Basic,Month-to-month,0.281,Medium,439.2
S05536,Standard,One year,0.28,Medium,665.52
S07048,Premium,Month-to-month,0.28,Medium,1206.0
S07020,Standard,Month-to-month,0.28,Medium,708.36
S03314,Premium,Month-to-month,0.28,Medium,1198.56
S00582,Standard,Two year,0.28,Medium,673.8
S03709,Standard,Two year,0.28,Medium,693.6
S03614,Premium,Month-to-month,0.28,Medium,1178.4
S07080,Standard,Month-to-month,0.28,Medium,630.72
S01160,Premium,Month-to-month,0.279,Medium,1278.96
S05948,Standard,Month-to-month,0.279,Medium,847.08
S01058,Standard,Month-to-month,0.279,Medium,837.6
S03457,Basic,Two year,0.279,Medium,359.04
S04391,Standard,Month-to-month,0.279,Medium,816.96
S00844,Standard,Month-to-month,0.278,Medium,756.96
S03695,Basic,Month-to-month,0.278,Medium,359.4
S03795,Premium,Month-to-month,0.278,Medium,1052.76
S01531,Standard,Month-to-month,0.278,Medium,667.44
S01059,Premium,One year,0.278,Medium,1068.6
S05302,Premium,Month-to-month,0.278,Medium,1191.36
S02218,Basic,Month-to-month,0.278,Medium,189.36
S07326,Standard,Month-to-month,0.278,Medium,813.0
S04020,Standard,Month-to-month,0.278,Medium,720.6
S00833,Premium,Month-to-month,0.277,Medium,1190.76
S07480,Basic,Month-to-month,0.277,Medium,340.44
S02864,Standard,Month-to-month,0.277,Medium,723.24
S07036,Basic,Month-to-month,0.277,Medium,291.84
S03859,Basic,Month-to-month,0.277,Medium,304.8
S07530,Basic,Month-to-month,0.277,Medium,364.92
S04870,Standard,Month-to-month,0.277,Medium,613.68
S01956,Standard,Month-to-month,0.277,Medium,670.32
S03128,Basic,Month-to-month,0.276,Medium,376.08
S02968,Premium,Month-to-month,0.276,Medium,1176.36
S01133,Premium,One year,0.276,Medium,1169.52
S07196,Basic,Month-to-month,0.276,Medium,230.28
S07243,Basic,Month-to-month,0.276,Medium,369.24
S02309,Basic,Month-to-month,0.276,Medium,313.44
S00916,Premium,Month-to-month,0.275,Medium,1200.36
S01182,Standard,Month-to-month,0.275,Medium,657.36
S02875,Standard,One year,0.275,Medium,708.12
S02072,Basic,Month-to-month,0.275,Medium,442.32
S02378,Standard,Month-to-month,0.275,Medium,706.2
S04177,Basic,Month-to-month,0.275,Medium,388.08
S00136,Standard,Month-to-month,0.275,Medium,685.44
S01720,Standard,Month-to-month,0.275,Medium,713.16
S07647,Basic,Month-to-month,0.275,Medium,316.08
S03460,Standard,Month-to-month,0.275,Medium,613.2
S03411,Basic,Month-to-month,0.274,Medium,405.12
S01896,Standard,Month-to-month,0.274,Medium,711.84
S05459,Basic,Month-to-month,0.274,Medium,390.12
S04088,Standard,Month-to-month,0.274,Medium,770.76
S05010,Standard,Month-to-month,0.274,Medium,646.8
S06923,Standard,Month-to-month,0.274,Medium,677.52
S01098,Basic,Month-to-month,0.274,Medium,402.6
S03056,Premium,Month-to-month,0.274,Medium,1291.2
S00733,Standard,Two year,0.274,Medium,760.32
S02631,Standard,One year,0.274,Medium,580.68
S04443,Basic,Month-to-month,0.274,Medium,247.32
S01066,Basic,Month-to-month,0.274,Medium,312.72
S05049,Premium,Month-to-month,0.273,Medium,1054.8
S02064,Basic,Month-to-month,0.273,Medium,226.32
S03142,Premium,Month-to-month,0.273,Medium,1275.96
S07509,Standard,Month-to-month,0.273,Medium,725.76
S04188,Premium,One year,0.273,Medium,1213.8
S02740,Basic,Month-to-month,0.273,Medium,220.32
S03637,Standard,One year,0.272,Medium,672.6
S03641,Standard,Month-to-month,0.272,Medium,824.64
S05106,Standard,Month-to-month,0.272,Medium,679.2
S07607,Standard,Month-to-month,0.272,Medium,695.76
S07695,Standard,Month-to-month,0.272,Medium,764.64
S06841,Basic,Month-to-month,0.272,Medium,414.96
S04537,Standard,One year,0.272,Medium,659.4
S05223,Basic,Month-to-month,0.272,Medium,327.84
S06481,Basic,Month-to-month,0.272,Medium,271.92
S04243,Premium,Month-to-month,0.272,Medium,1170.36
S03856,Premium,One year,0.271,Medium,1187.64
S00243,Premium,Month-to-month,0.271,Medium,1227.6
S07454,Standard,Month-to-month,0.271,Medium,642.12
S02186,Standard,Month-to-month,0.271,Medium,684.12
S03817,Standard,Month-to-month,0.271,Medium,734.76
S05347,Premium,One year,0.27,Medium,1215.0
S03824,Standard,One year,0.27,Medium,694.2
S01054,Standard,Month-to-month,0.27,Medium,732.0
S02854,Standard,Month-to-month,0.27,Medium,759.48
S03029,Standard,Month-to-month,0.27,Medium,736.92
S07503,Premium,Month-to-month,0.27,Medium,1102.32
S01122,Basic,Month-to-month,0.27,Medium,440.04
S02960,Standard,Month-to-month,0.27,Medium,668.76
S01279,Premium,Month-to-month,0.27,Medium,1206.96
S05919,Premium,Month-to-month,0.27,Medium,1176.72
S05449,Basic,One year,0.269,Medium,436.32
S07371,Standard,Month-to-month,0.269,Medium,775.44
S01209,Standard,Month-to-month,0.269,Medium,556.92
S00498,Basic,Month-to-month,0.269,Medium,281.52
S00122,Basic,One year,0.269,Medium,347.16
S02697,Basic,Month-to-month,0.269,Medium,411.84
S02376,Standard,Month-to-month,0.269,Medium,654.0
S02472,Standard,Month-to-month,0.268,Medium,646.32
S04533,Standard,Month-to-month,0.268,Medium,574.44
S02512,Standard,One year,0.268,Medium,681.84
S03527,Standard,Month-to-month,0.268,Medium,579.6
S03336,Premium,One year,0.268,Medium,1221.96
S03968,Basic,Month-to-month,0.268,Medium,182.4
S05057,Basic,Month-to-month,0.268,Medium,244.44
S05503,Premium,Two year,0.267,Medium,1198.2
S04814,Standard,Month-to-month,0.267,Medium,671.88
S05511,Premium,Month-to-month,0.267,Medium,1186.68
S02036,Basic,Month-to-month,0.267,Medium,437.28
S01995,Basic,One year,0.267,Medium,407.88
S01243,Basic,Month-to-month,0.267,Medium,381.24
S04594,Standard,Month-to-month,0.267,Medium,814.8
S01521,Basic,Month-to-month,0.267,Medium,307.92
S00510,Standard,Month-to-month,0.266,Medium,697.56
S00633,Basic,Month-to-month,0.266,Medium,350.52
S00297,Standard,Two year,0.266,Medium,695.64
S07054,Premium,One year,0.266,Medium,1301.76
S07288,Standard,Month-to-month,0.266,Medium,631.08
S06382,Premium,Month-to-month,0.266,Medium,1198.56
S05301,Basic,Month-to-month,0.266,Medium,204.24
S06325,Standard,Month-to-month,0.266,Medium,624.0
S07895,Standard,Month-to-month,0.266,Medium,632.4
S05529,Basic,Month-to-month,0.265,Medium,192.48
S07399,Basic,Month-to-month,0.265,Medium,508.92
S03707,Premium,Month-to-month,0.265,Medium,1162.56
S05788,Basic,Month-to-month,0.265,Medium,377.64
S06711,Basic,Month-to-month,0.265,Medium,411.72
S04418,Standard,Month-to-month,0.265,Medium,551.04
S06429,Standard,Month-to-month,0.265,Medium,783.0
S02872,Premium,One year,0.264,Medium,1143.96
S06883,Basic,Month-to-month,0.264,Medium,353.76
S03319,Standard,Month-to-month,0.264,Medium,642.12
S03061,Standard,Month-to-month,0.264,Medium,745.08
S05004,Basic,Month-to-month,0.264,Medium,358.68
S00507,Standard,Month-to-month,0.264,Medium,659.16
S03342,Basic,Month-to-month,0.263,Medium,349.32
S05950,Basic,Month-to-month,0.263,Medium,328.32
S04891,Basic,Month-to-month,0.263,Medium,232.92
S07195,Premium,Month-to-month,0.263,Medium,1212.6
S06105,Premium,Month-to-month,0.263,Medium,1184.64
S00777,Basic,Month-to-month,0.263,Medium,337.08
S03654,Basic,Month-to-month,0.262,Medium,267.72
S03939,Premium,One year,0.262,Medium,1182.84
S00097,Basic,Month-to-month,0.262,Medium,266.04
S03580,Standard,Month-to-month,0.262,Medium,751.8
S03268,Basic,Month-to-month,0.262,Medium,228.12
S00755,Standard,Month-to-month,0.262,Medium,658.44
S02973,Basic,Month-to-month,0.262,Medium,330.96
S02405,Standard,Month-to-month,0.262,Medium,647.76
S00164,Standard,Month-to-month,0.261,Medium,752.28
S00302,Premium,Month-to-month,0.261,Medium,964.68
S03339,Premium,Month-to-month,0.261,Medium,1162.32
S03154,Basic,Month-to-month,0.261,Medium,410.76
S05105,Premium,Month-to-month,0.261,Medium,1129.44
S07318,Standard,One year,0.261,Medium,682.44
S03883,Standard,Month-to-month,0.261,Medium,587.88
S06649,Standard,Month-to-month,0.26,Medium,815.88
S02140,Standard,Month-to-month,0.26,Medium,686.28
S02041,Standard,Month-to-month,0.26,Medium,673.68
S06236,Basic,Month-to-month,0.26,Medium,433.08
S05505,Basic,Month-to-month,0.26,Medium,338.88
S05718,Standard,Month-to-month,0.26,Medium,786.36
S07064,Standard,Month-to-month,0.26,Medium,667.44
S00735,Standard,Month-to-month,0.26,Medium,666.6
S05391,Premium,Month-to-month,0.26,Medium,1211.76
S07240,Basic,Month-to-month,0.26,Medium,355.32
S03556,Premium,Month-to-month,0.26,Medium,1189.32
S05409,Standard,Month-to-month,0.259,Medium,770.64
S03479,Standard,One year,0.259,Medium,744.12
S07986,Standard,Month-to-month,0.259,Medium,729.96
S01522,Basic,Month-to-month,0.259,Medium,344.76
S06243,Standard,Month-to-month,0.259,Medium,704.76
S00930,Premium,Two year,0.259,Medium,1061.04
S07113,Basic,Month-to-month,0.259,Medium,418.2
S02585,Standard,Month-to-month,0.259,Medium,773.28
S03262,Standard,Month-to-month,0.259,Medium,618.36
S00204,Standard,Month-to-month,0.258,Medium,691.44
S07571,Premium,Month-to-month,0.258,Medium,1213.8
S00226,Basic,Month-to-month,0.258,Medium,271.44
S07728,Basic,Month-to-month,0.258,Medium,370.56
S01120,Standard,Month-to-month,0.258,Medium,653.76
S02655,Premium,Month-to-month,0.257,Medium,1103.88
S03855,Basic,Month-to-month,0.257,Medium,319.56
S01833,Standard,Month-to-month,0.257,Medium,589.08
S01320,Standard,Month-to-month,0.257,Medium,673.8
S03806,Standard,Month-to-month,0.256,Medium,773.76
S01076,Premium,Two year,0.256,Medium,1211.52
S04661,Standard,Month-to-month,0.256,Medium,674.04
S04284,Basic,Month-to-month,0.256,Medium,304.32
S01242,Basic,Month-to-month,0.256,Medium,288.48
S04688,Basic,Month-to-month,0.256,Medium,398.28
S04969,Basic,Month-to-month,0.256,Medium,360.6
S07950,Standard,Month-to-month,0.256,Medium,692.64
S05757,Premium,Month-to-month,0.255,Medium,1026.96
S06786,Basic,Month-to-month,0.255,Medium,416.28
S02226,Basic,Month-to-month,0.255,Medium,369.6
S04465,Premium,Month-to-month,0.255,Medium,1151.28
S04144,Standard,Month-to-month,0.255,Medium,790.92
S00089,Basic,Month-to-month,0.254,Medium,273.84
S00795,Standard,Month-to-month,0.254,Medium,749.04
S00257,Premium,Month-to-month,0.254,Medium,1132.08
S00359,Basic,Month-to-month,0.254,Medium,358.56
S07163,Basic,Month-to-month,0.254,Medium,312.96
S04853,Standard,One year,0.254,Medium,785.4
S06508,Premium,One year,0.254,Medium,1136.88
S06642,Basic,Month-to-month,0.254,Medium,483.0
S07254,Basic,Month-to-month,0.254,Medium,382.44
S01952,Standard,Month-to-month,0.254,Medium,691.92
S04373,Basic,Month-to-month,0.254,Medium,471.36
S01107,Standard,Month-to-month,0.254,Medium,699.12
S05297,Standard,Month-to-month,0.254,Medium,748.8
S06835,Standard,One year,0.253,Medium,688.44
S04917,Basic,Month-to-month,0.253,Medium,396.48
S04340,Basic,Month-to-month,0.253,Medium,275.16
S01618,Standard,Month-to-month,0.253,Medium,690.0
S06798,Premium,Month-to-month,0.253,Medium,1222.2
S06143,Premium,Month-to-month,0.253,Medium,1169.52
S04424,Premium,Month-to-month,0.253,Medium,1098.84
S03183,Premium,Month-to-month,0.253,Medium,1259.88
S02712,Basic,Month-to-month,0.253,Medium,264.84
S00599,Premium,One year,0.253,Medium,1190.16
S02056,Basic,One year,0.252,Medium,282.84
S00152,Premium,Two year,0.252,Medium,1173.72
S07153,Standard,Month-to-month,0.252,Medium,722.28
S01317,Basic,Month-to-month,0.252,Medium,271.68
S04764,Standard,Month-to-month,0.252,Medium,767.52
S00418,Basic,Month-to-month,0.252,Medium,410.16
S00706,Premium,Month-to-month,0.251,Medium,1278.36
S07913,Standard,Month-to-month,0.251,Medium,778.08
S03390,Standard,Month-to-month,0.251,Medium,761.28
S00533,Premium,Month-to-month,0.251,Medium,1123.08
S03999,Basic,Month-to-month,0.251,Medium,333.12
S02591,Standard,Month-to-month,0.251,Medium,807.96
S00382,Basic,Month-to-month,0.251,Medium,417.48
S07842,Standard,Month-to-month,0.251,Medium,743.28
S06309,Standard,Month-to-month,0.251,Medium,677.4
S01955,Standard,Month-to-month,0.25,Medium,662.64
S03687,Premium,Month-to-month,0.25,Medium,1029.6
S05199,Standard,Month-to-month,0.25,Medium,725.76
S07075,Basic,Month-to-month,0.25,Medium,315.72
S06721,Basic,One year,0.25,Medium,371.04
S03743,Standard,Month-to-month,0.25,Medium,699.24
S00165,Standard,One year,0.25,Medium,775.92
S01630,Basic,Month-to-month,0.25,Medium,327.24
S01394,Standard,One year,0.25,Medium,756.0
S05063,Basic,Month-to-month,0.25,Medium,449.64
S04878,Standard,Month-to-month,0.25,Medium,716.16
S06945,Standard,Month-to-month,0.25,Medium,761.28
S01686,Basic,Month-to-month,0.249,Medium,417.24
S00628,Basic,Month-to-month,0.249,Medium,194.64
S02314,Basic,Month-to-month,0.249,Medium,411.84
S03686,Basic,Month-to-month,0.249,Medium,262.08
S03867,Standard,Month-to-month,0.249,Medium,655.8
S03717,Standard,Month-to-month,0.249,Medium,632.76
S05520,Basic,Month-to-month,0.248,Medium,394.08
S07287,Basic,One year,0.248,Medium,375.48
S03589,Standard,Month-to-month,0.248,Medium,640.8
S01382,Basic,Month-to-month,0.248,Medium,315.96
S07303,Premium,One year,0.248,Medium,1072.8
S01408,Standard,Month-to-month,0.248,Medium,605.28
S04154,Standard,Month-to-month,0.247,Medium,810.84
S01189,Basic,Month-to-month,0.247,Medium,397.68
S07419,Premium,One year,0.247,Medium,1178.28
S00630,Basic,Month-to-month,0.247,Medium,409.68
S02183,Premium,Month-to-month,0.247,Medium,1194.12
S01735,Basic,Month-to-month,0.247,Medium,371.64
S02651,Premium,Month-to-month,0.247,Medium,1216.56
S03561,Standard,Two year,0.246,Medium,630.12
S04350,Premium,Month-to-month,0.246,Medium,1196.28
S03179,Standard,Month-to-month,0.246,Medium,728.88
S02445,Basic,One year,0.246,Medium,415.32
S07045,Standard,Month-to-month,0.246,Medium,936.72
S04326,Standard,Month-to-month,0.246,Medium,675.72
S04985,Standard,Month-to-month,0.246,Medium,793.8
S05358,Basic,Month-to-month,0.246,Medium,300.36
S01192,Premium,Month-to-month,0.246,Medium,1284.24
S05293,Standard,Month-to-month,0.245,Medium,847.44
S02066,Standard,Month-to-month,0.245,Medium,717.96
S03852,Basic,Month-to-month,0.245,Medium,381.48
S02289,Standard,Month-to-month,0.245,Medium,764.04
S02565,Premium,Month-to-month,0.245,Medium,1284.72
S05925,Standard,Month-to-month,0.245,Medium,694.32
S00054,Premium,Month-to-month,0.244,Medium,1181.04
S00138,Standard,Month-to-month,0.244,Medium,704.76
S03004,Standard,Two year,0.244,Medium,709.08
S04218,Standard,Month-to-month,0.244,Medium,800.28
S06882,Basic,Month-to-month,0.244,Medium,401.16
S07807,Premium,Month-to-month,0.244,Medium,1443.6
S02856,Basic,Month-to-month,0.244,Medium,405.48
S04165,Premium,Month-to-month,0.243,Medium,1124.52
S02121,Basic,Month-to-month,0.243,Medium,338.52
S05785,Basic,Month-to-month,0.243,Medium,364.8
S00905,Standard,One year,0.243,Medium,802.08
S03439,Standard,Month-to-month,0.243,Medium,607.2
S06223,Basic,Month-to-month,0.243,Medium,339.0
S02707,Standard,Month-to-month,0.243,Medium,679.32
S02629,Basic,Month-to-month,0.243,Medium,363.72
S04190,Premium,Month-to-month,0.243,Medium,1113.12
S07373,Premium,Month-to-month,0.243,Medium,1179.72
S00198,Standard,Month-to-month,0.243,Medium,695.64
S06768,Basic,Month-to-month,0.243,Medium,355.92
S02999,Standard,Month-to-month,0.243,Medium,658.92
S00523,Basic,Month-to-month,0.242,Medium,266.76
S05462,Premium,Month-to-month,0.242,Medium,1176.0
S04901,Standard,One year,0.242,Medium,731.04
S01077,Standard,Month-to-month,0.242,Medium,795.0
S00352,Basic,Month-to-month,0.242,Medium,264.48
S02612,Basic,Month-to-month,0.242,Medium,327.84
S03313,Basic,Month-to-month,0.242,Medium,240.36
S04311,Premium,One year,0.242,Medium,1065.36
S06150,Basic,Month-to-month,0.242,Medium,338.64
S07342,Standard,One year,0.241,Medium,641.76
S06725,Standard,Month-to-month,0.241,Medium,743.4
S04649,Basic,Month-to-month,0.241,Medium,476.16
S02158,Basic,One year,0.241,Medium,360.96
S01836,Basic,Month-to-month,0.241,Medium,316.68
S01003,Standard,One year,0.241,Medium,811.8
S06739,Basic,Month-to-month,0.24,Medium,299.88
S07534,Standard,Month-to-month,0.24,Medium,657.84
S03497,Basic,Month-to-month,0.24,Medium,316.92
S05254,Premium,Month-to-month,0.24,Medium,1158.12
S04715,Basic,Month-to-month,0.24,Medium,464.64
S03124,Basic,One year,0.24,Medium,286.08
S03212,Standard,Month-to-month,0.24,Medium,812.16
S05517,Premium,Month-to-month,0.239,Medium,1183.08
S03089,Basic,Month-to-month,0.239,Medium,323.52
S00853,Premium,Month-to-month,0.239,Medium,1209.48
S03774,Basic,Month-to-month,0.239,Medium,363.0
S03389,Basic,Month-to-month,0.239,Medium,432.36
S02590,Premium,Two year,0.239,Medium,1202.04
S04300,Standard,Month-to-month,0.239,Medium,698.16
S03729,Standard,Month-to-month,0.239,Medium,672.96
S02804,Standard,Month-to-month,0.238,Medium,761.04
S01620,Basic,One year,0.238,Medium,297.6
S02277,Standard,Month-to-month,0.238,Medium,726.48
S07502,Premium,One year,0.238,Medium,1194.0
S01984,Basic,Month-to-month,0.238,Medium,324.12
S07969,Basic,Month-to-month,0.238,Medium,237.6
S00694,Standard,Month-to-month,0.238,Medium,743.28
S00629,Premium,Month-to-month,0.238,Medium,1178.16
S05092,Basic,Month-to-month,0.238,Medium,304.32
S05889,Standard,Month-to-month,0.238,Medium,792.72
S06693,Basic,Month-to-month,0.238,Medium,345.48
S03830,Basic,Month-to-month,0.238,Medium,462.84
S00891,Standard,Month-to-month,0.237,Medium,749.88
S07553,Standard,One year,0.237,Medium,761.88
S06438,Premium,One year,0.237,Medium,1319.16
S06914,Premium,Month-to-month,0.237,Medium,1336.56
S01716,Standard,Month-to-month,0.237,Medium,790.44
S06890,Standard,Month-to-month,0.237,Medium,714.96
S05927,Basic,Month-to-month,0.237,Medium,377.88
S03141,Standard,Month-to-month,0.237,Medium,768.96
S03567,Standard,Month-to-month,0.237,Medium,560.28
S06862,Standard,Month-to-month,0.237,Medium,631.2
S03826,Standard,Month-to-month,0.237,Medium,740.4
S03715,Basic,Month-to-month,0.237,Medium,255.96
S04246,Premium,Month-to-month,0.237,Medium,1154.4
S01339,Premium,Month-to-month,0.237,Medium,1103.64
S00848,Standard,Month-to-month,0.236,Medium,715.44
S03926,Standard,Month-to-month,0.236,Medium,715.8
S05390,Basic,One year,0.236,Medium,462.48
S06498,Standard,Month-to-month,0.236,Medium,800.16
S02152,Basic,One year,0.236,Medium,336.84
S02030,Standard,Month-to-month,0.236,Medium,658.2
S07275,Standard,One year,0.236,Medium,690.6
S05515,Basic,Month-to-month,0.236,Medium,492.72
S06130,Basic,Month-to-month,0.235,Medium,338.16
S02111,Premium,Month-to-month,0.235,Medium,1308.96
S04640,Premium,Two year,0.235,Medium,1171.68
S05042,Standard,Month-to-month,0.235,Medium,708.0
S00427,Basic,Month-to-month,0.235,Medium,331.32
S02165,Basic,Month-to-month,0.235,Medium,346.92
S00875,Standard,Month-to-month,0.235,Medium,681.72
S07126,Standard,Month-to-month,0.235,Medium,708.24
S06225,Premium,Month-to-month,0.235,Medium,1266.96
S00766,Standard,One year,0.234,Medium,733.44
S06259,Standard,Month-to-month,0.234,Medium,709.2
S04347,Basic,Month-to-month,0.234,Medium,420.0
S05852,Basic,Month-to-month,0.234,Medium,350.88
S07557,Basic,One year,0.234,Medium,419.16
S04374,Standard,Month-to-month,0.234,Medium,687.72
S07726,Premium,Month-to-month,0.234,Medium,1131.24
S01676,Standard,Month-to-month,0.233,Medium,675.48
S04104,Standard,Month-to-month,0.233,Medium,610.08
S05276,Premium,Month-to-month,0.233,Medium,1224.36
S05751,Standard,Month-to-month,0.233,Medium,590.88
S05596,Standard,Month-to-month,0.233,Medium,870.96
S07878,Standard,Month-to-month,0.233,Medium,813.0
S07451,Standard,Month-to-month,0.233,Medium,738.84
S03941,Basic,Month-to-month,0.233,Medium,228.6
S03791,Standard,Month-to-month,0.233,Medium,588.6
S06423,Basic,Month-to-month,0.233,Medium,432.96
S06256,Basic,Month-to-month,0.232,Medium,293.04
S00605,Basic,Month-to-month,0.232,Medium,272.88
S00179,Standard,One year,0.232,Medium,667.92
S06507,Standard,Month-to-month,0.232,Medium,741.12
S01727,Basic,Month-to-month,0.232,Medium,429.72
S04301,Standard,Month-to-month,0.232,Medium,800.4
S03285,Premium,Month-to-month,0.231,Medium,1163.4
S00345,Standard,Month-to-month,0.231,Medium,780.6
S03700,Premium,Month-to-month,0.231,Medium,1111.08
S03469,Basic,One year,0.231,Medium,429.24
S00770,Basic,Month-to-month,0.231,Medium,288.72
S06292,Standard,Month-to-month,0.231,Medium,664.2
S00547,Standard,Month-to-month,0.23,Medium,750.72
S06928,Basic,Month-to-month,0.23,Medium,334.92
S03832,Standard,Month-to-month,0.23,Medium,718.2
S06858,Standard,Month-to-month,0.23,Medium,721.68
S04805,Basic,Month-to-month,0.23,Medium,361.08
S06483,Basic,Month-to-month,0.23,Medium,527.28
S00637,Basic,Month-to-month,0.23,Medium,456.12
S03547,Standard,Month-to-month,0.23,Medium,610.8
S02504,Standard,Month-to-month,0.23,Medium,721.8
S07984,Premium,Month-to-month,0.23,Medium,1155.96
S01463,Premium,Month-to-month,0.23,Medium,1259.04
S01728,Standard,Month-to-month,0.229,Medium,836.28
S03881,Standard,Month-to-month,0.229,Medium,792.48
S03919,Basic,Month-to-month,0.229,Medium,368.28
S07238,Premium,Month-to-month,0.229,Medium,1197.0
S05685,Standard,Month-to-month,0.229,Medium,569.04
S07939,Standard,One year,0.229,Medium,678.24
S03445,Premium,One year,0.228,Medium,1096.44
S07772,Basic,Month-to-month,0.228,Medium,300.6
S02246,Basic,Month-to-month,0.228,Medium,472.92
S03623,Basic,Month-to-month,0.228,Medium,270.6
S04578,Basic,Month-to-month,0.228,Medium,557.76
S04334,Standard,Month-to-month,0.228,Medium,666.84
S05089,Standard,Month-to-month,0.228,Medium,750.96
S02661,Basic,Month-to-month,0.228,Medium,348.6
S02715,Standard,Month-to-month,0.228,Medium,839.16
S01439,Standard,Month-to-month,0.228,Medium,740.04
S03861,Premium,Month-to-month,0.228,Medium,1193.64
S04704,Premium,Two year,0.227,Medium,1220.04
S07256,Basic,Month-to-month,0.227,Medium,341.4
S06287,Standard,One year,0.227,Medium,743.04
S00248,Basic,One year,0.227,Medium,281.04
S04944,Premium,Month-to-month,0.227,Medium,1212.72
S07641,Standard,Month-to-month,0.227,Medium,766.2
S02868,Standard,Month-to-month,0.227,Medium,720.24
S05265,Basic,Month-to-month,0.227,Medium,376.56
S05839,Basic,One year,0.226,Medium,375.84
S01030,Basic,Month-to-month,0.226,Medium,328.44
S02171,Basic,Month-to-month,0.226,Medium,427.2
S05783,Basic,Month-to-month,0.226,Medium,434.4
S04615,Basic,Month-to-month,0.226,Medium,412.32
S04499,Standard,Month-to-month,0.226,Medium,723.36
S05032,Premium,Month-to-month,0.225,Medium,1185.12
S04565,Basic,Month-to-month,0.225,Medium,310.08
S00053,Basic,Month-to-month,0.225,Medium,324.96
S00041,Premium,Month-to-month,0.225,Medium,1199.64
S02312,Basic,Month-to-month,0.225,Medium,399.6
S07327,Basic,Month-to-month,0.225,Medium,368.64
S05125,Basic,Month-to-month,0.225,Medium,269.28
S02879,Standard,Month-to-month,0.225,Medium,666.72
S03361,Basic,One year,0.225,Medium,384.84
S04399,Basic,Month-to-month,0.225,Medium,357.24
S05383,Premium,Month-to-month,0.225,Medium,1147.56
S03620,Standard,Month-to-month,0.225,Medium,765.24
S07404,Standard,Month-to-month,0.225,Medium,737.16
S02987,Standard,Month-to-month,0.225,Medium,733.92
S00748,Basic,Month-to-month,0.224,Medium,412.68
S01454,Standard,Month-to-month,0.224,Medium,634.32
S06906,Standard,Month-to-month,0.224,Medium,666.36
S00726,Basic,Month-to-month,0.224,Medium,344.28
S02338,Premium,One year,0.224,Medium,1253.16
S05312,Basic,Month-to-month,0.224,Medium,294.48
S00662,Basic,Month-to-month,0.224,Medium,301.8
S04128,Basic,Month-to-month,0.224,Medium,315.84
S06912,Basic,Month-to-month,0.224,Medium,284.88
S05996,Standard,Month-to-month,0.223,Medium,727.08
S04971,Standard,One year,0.223,Medium,733.32
S07846,Premium,Month-to-month,0.223,Medium,1253.16
S00055,Basic,Month-to-month,0.223,Medium,376.56
S05775,Standard,One year,0.222,Medium,727.8
S07244,Basic,Month-to-month,0.222,Medium,269.88
S07354,Standard,One year,0.222,Medium,757.08
S01667,Standard,Month-to-month,0.222,Medium,673.8
S02636,Standard,Month-to-month,0.222,Medium,650.64
S01444,Standard,Month-to-month,0.222,Medium,782.64
S04047,Basic,Month-to-month,0.222,Medium,373.32
S01199,Standard,Month-to-month,0.222,Medium,740.28
S00013,Basic,Month-to-month,0.222,Medium,284.04
S05477,Standard,Month-to-month,0.222,Medium,739.8
S05796,Premium,Month-to-month,0.222,Medium,1178.88
S07923,Basic,Month-to-month,0.222,Medium,267.6
S02534,Standard,Month-to-month,0.222,Medium,735.48
S02278,Basic,Month-to-month,0.222,Medium,252.96
S06387,Standard,Month-to-month,0.222,Medium,724.32
S02033,Basic,Month-to-month,0.222,Medium,334.2
S00939,Basic,Month-to-month,0.222,Medium,285.0
S07154,Standard,Month-to-month,0.222,Medium,614.52
S01885,Standard,Month-to-month,0.222,Medium,618.48
S06224,Standard,Two year,0.222,Medium,696.72
S01200,Premium,Month-to-month,0.221,Medium,1353.84
S07493,Basic,Month-to-month,0.221,Medium,401.64
S02618,Premium,Month-to-month,0.221,Medium,1061.64
S04425,Basic,Month-to-month,0.221,Medium,391.2
S07592,Standard,Month-to-month,0.221,Medium,737.16
S05327,Standard,Month-to-month,0.221,Medium,741.84
S02836,Premium,Month-to-month,0.221,Medium,1142.52
S02060,Standard,Month-to-month,0.221,Medium,656.4
S04832,Standard,One year,0.221,Medium,643.2
S00405,Standard,Month-to-month,0.221,Medium,771.72
S00842,Premium,Month-to-month,0.221,Medium,1122.12
S02871,Basic,Month-to-month,0.22,Medium,300.96
S01641,Basic,Month-to-month,0.22,Medium,495.48
S04999,Standard,Month-to-month,0.22,Medium,819.36
S01275,Standard,One year,0.22,Medium,696.6
S01947,Basic,Month-to-month,0.22,Medium,405.84
S07331,Premium,Month-to-month,0.22,Medium,1179.6
S01627,Premium,One year,0.22,Medium,1143.48
S00439,Premium,One year,0.22,Medium,1186.68
S06653,Premium,Month-to-month,0.22,Medium,1234.2
S06245,Basic,Month-to-month,0.22,Medium,346.32
S04588,Standard,Month-to-month,0.219,Medium,714.48
S01441,Premium,Month-to-month,0.219,Medium,1191.96
S01718,Basic,Month-to-month,0.219,Medium,397.68
S06783,Standard,Month-to-month,0.219,Medium,639.6
S00683,Premium,Month-to-month,0.219,Medium,1229.28
S02986,Premium,Month-to-month,0.219,Medium,1262.28
S05163,Premium,Month-to-month,0.219,Medium,1143.24
S02529,Standard,Month-to-month,0.219,Medium,660.24
S00362,Standard,One year,0.219,Medium,745.2
S02237,Standard,Month-to-month,0.219,Medium,662.04
S04652,Basic,Month-to-month,0.219,Medium,430.2
S06981,Standard,Month-to-month,0.219,Medium,717.96
S01264,Basic,One year,0.218,Medium,319.32
S01813,Basic,Month-to-month,0.218,Medium,284.52
S02167,Premium,One year,0.218,Medium,1110.24
S04855,Premium,Month-to-month,0.218,Medium,1249.8
S03168,Basic,Month-to-month,0.218,Medium,491.16
S06195,Premium,Month-to-month,0.217,Medium,1212.72
S03415,Basic,Month-to-month,0.217,Medium,326.28
S03520,Basic,Month-to-month,0.217,Medium,365.76
S03064,Basic,Month-to-month,0.217,Medium,434.64
S00157,Basic,Month-to-month,0.217,Medium,296.52
S03984,Standard,Month-to-month,0.217,Medium,629.04
S02474,Standard,Month-to-month,0.217,Medium,724.92
S07699,Basic,Month-to-month,0.217,Medium,400.56
S06569,Standard,Month-to-month,0.217,Medium,659.4
S06234,Standard,One year,0.217,Medium,770.64
S02642,Premium,Month-to-month,0.217,Medium,1146.6
S01262,Standard,Month-to-month,0.217,Medium,791.52
S06776,Premium,Month-to-month,0.217,Medium,1209.6
S00816,Standard,One year,0.217,Medium,723.6
S04663,Standard,Month-to-month,0.217,Medium,790.92
S03184,Basic,Month-to-month,0.216,Medium,394.68
S03619,Standard,Month-to-month,0.216,Medium,604.44
S02859,Standard,Month-to-month,0.216,Medium,696.36
S03665,Premium,Month-to-month,0.216,Medium,1260.12
S00744,Standard,Month-to-month,0.216,Medium,763.92
S00734,Basic,Month-to-month,0.216,Medium,394.32
S04845,Premium,Month-to-month,0.216,Medium,1143.96
S03286,Standard,Month-to-month,0.216,Medium,710.52
S01692,Standard,Month-to-month,0.216,Medium,812.04
S01999,Standard,Month-to-month,0.215,Medium,699.24
S00910,Standard,Month-to-month,0.215,Medium,864.6
S06833,Basic,Month-to-month,0.215,Medium,352.56
S05856,Basic,Month-to-month,0.215,Medium,255.48
S04229,Basic,Month-to-month,0.215,Medium,430.8
S01421,Standard,Month-to-month,0.215,Medium,634.92
S01082,Standard,Month-to-month,0.215,Medium,784.32
S04922,Premium,Month-to-month,0.215,Medium,1194.36
S06464,Premium,Month-to-month,0.215,Medium,1189.68
S05931,Standard,Month-to-month,0.215,Medium,689.04
S06395,Basic,Month-to-month,0.215,Medium,379.44
S01277,Premium,Month-to-month,0.215,Medium,1142.04
S03741,Standard,Month-to-month,0.215,Medium,672.96
S00367,Standard,Month-to-month,0.215,Medium,689.52
S01874,Basic,Month-to-month,0.214,Medium,423.6
S04302,Basic,Month-to-month,0.214,Medium,412.08
S05392,Standard,Month-to-month,0.214,Medium,736.2
S03163,Standard,Month-to-month,0.214,Medium,517.44
S00558,Basic,Month-to-month,0.214,Medium,313.8
S05883,Standard,Month-to-month,0.214,Medium,738.12
S03159,Basic,Month-to-month,0.214,Medium,389.4
S01928,Basic,Month-to-month,0.213,Medium,317.52
S00872,Basic,Month-to-month,0.213,Medium,373.92
S05647,Standard,Month-to-month,0.213,Medium,747.24
S01043,Standard,Month-to-month,0.213,Medium,828.36
S06164,Standard,One year,0.213,Medium,674.52
S06359,Basic,Two year,0.213,Medium,295.8
S05123,Basic,Month-to-month,0.213,Medium,230.64
S05024,Basic,Month-to-month,0.213,Medium,328.8
S06934,Premium,One year,0.212,Medium,1189.68
S02151,Standard,One year,0.212,Medium,800.64
S05595,Basic,Month-to-month,0.212,Medium,233.64
S07191,Basic,Month-to-month,0.212,Medium,192.96
S03818,Basic,Month-to-month,0.212,Medium,341.4
S04562,Basic,Month-to-month,0.212,Medium,334.2
S07811,Standard,Month-to-month,0.212,Medium,581.28
S06113,Basic,One year,0.212,Medium,330.24
S00282,Standard,Month-to-month,0.212,Medium,822.96
S03385,Standard,Month-to-month,0.212,Medium,697.56
S00965,Standard,Month-to-month,0.212,Medium,755.76
S03077,Premium,Month-to-month,0.211,Medium,1124.76
S00562,Basic,Month-to-month,0.211,Medium,307.08
S03470,Standard,One year,0.211,Medium,772.92
S00579,Standard,One year,0.211,Medium,604.44
S07935,Basic,Month-to-month,0.211,Medium,498.12
S07627,Basic,Month-to-month,0.211,Medium,352.68
S04587,Basic,Month-to-month,0.211,Medium,257.04
S07942,Standard,Month-to-month,0.211,Medium,547.8
S00112,Premium,Two year,0.211,Medium,1240.92
S00247,Standard,Month-to-month,0.211,Medium,599.28
S06260,Standard,Month-to-month,0.211,Medium,763.32
S04695,Basic,Month-to-month,0.211,Medium,318.6
S04065,Premium,Month-to-month,0.211,Medium,1264.32
S00876,Basic,Month-to-month,0.211,Medium,253.8
S01598,Basic,One year,0.211,Medium,438.84
S04900,Standard,Month-to-month,0.211,Medium,615.36
S07136,Basic,Month-to-month,0.211,Medium,351.36
S04062,Basic,Month-to-month,0.211,Medium,451.8
S05457,Basic,Month-to-month,0.21,Medium,242.16
S02560,Basic,Month-to-month,0.21,Medium,390.84
S02260,Basic,Month-to-month,0.21,Medium,402.84
S06780,Standard,One year,0.21,Medium,732.72
S06836,Premium,One year,0.21,Medium,1255.68
S00360,Standard,One year,0.21,Medium,649.2
S06496,Standard,Month-to-month,0.21,Medium,689.76
S07624,Basic,One year,0.21,Medium,294.24
S03116,Basic,Month-to-month,0.209,Medium,294.96
S04363,Standard,Month-to-month,0.209,Medium,748.8
S02785,Premium,One year,0.209,Medium,1277.04
S05413,Basic,Month-to-month,0.209,Medium,488.04
S06097,Standard,Month-to-month,0.209,Medium,747.48
S00538,Basic,Month-to-month,0.209,Medium,379.68
S05737,Basic,One year,0.209,Medium,514.8
S05513,Standard,One year,0.209,Medium,653.28
S06103,Standard,Month-to-month,0.209,Medium,650.16
S00432,Standard,Month-to-month,0.209,Medium,790.32
S01636,Standard,Month-to-month,0.209,Medium,745.68
S03712,Standard,Month-to-month,0.209,Medium,772.8
S06392,Standard,One year,0.208,Medium,665.52
S05039,Standard,Month-to-month,0.208,Medium,655.8
S05882,Standard,Month-to-month,0.208,Medium,557.76
S06505,Premium,One year,0.208,Medium,1233.96
S01585,Standard,Month-to-month,0.208,Medium,852.84
S00474,Premium,One year,0.208,Medium,1190.64
S00161,Basic,Month-to-month,0.208,Medium,332.64
S03986,Standard,Month-to-month,0.208,Medium,759.48
S07037,Premium,Two year,0.208,Medium,1050.84
S00998,Standard,Month-to-month,0.208,Medium,681.72
S00307,Basic,Month-to-month,0.207,Medium,401.64
S05433,Standard,Month-to-month,0.207,Medium,795.0
S03863,Premium,Month-to-month,0.207,Medium,1073.76
S03920,Standard,One year,0.207,Medium,782.88
S07332,Standard,Month-to-month,0.207,Medium,625.68
S04673,Standard,Month-to-month,0.207,Medium,540.48
S07426,Standard,Month-to-month,0.207,Medium,744.6
S05404,Standard,One year,0.207,Medium,734.52
S01195,Basic,Month-to-month,0.207,Medium,320.16
S07712,Standard,Month-to-month,0.207,Medium,876.48
S02205,Standard,Month-to-month,0.206,Medium,736.08
S05699,Standard,Month-to-month,0.206,Medium,710.76
S06469,Basic,Month-to-month,0.206,Medium,270.96
S01038,Standard,Month-to-month,0.206,Medium,727.68
S06896,Basic,Month-to-month,0.206,Medium,360.84
S07044,Standard,Month-to-month,0.206,Medium,651.6
S03130,Basic,Month-to-month,0.206,Medium,286.92
S05020,Premium,Month-to-month,0.206,Medium,1186.44
S05917,Basic,Month-to-month,0.205,Medium,362.88
S03489,Standard,Month-to-month,0.205,Medium,566.4
S04339,Basic,Month-to-month,0.205,Medium,436.92
S04160,Standard,Month-to-month,0.205,Medium,648.96
S01606,Basic,Month-to-month,0.205,Medium,409.68
S01170,Standard,Month-to-month,0.205,Medium,672.0
S04464,Basic,Month-to-month,0.205,Medium,394.92
S01316,Basic,One year,0.204,Medium,424.32
S04123,Standard,Month-to-month,0.204,Medium,779.04
S02101,Standard,One year,0.204,Medium,793.8
S00959,Premium,One year,0.204,Medium,1223.64
S03761,Basic,Month-to-month,0.204,Medium,308.64
S02870,Standard,Month-to-month,0.204,Medium,747.96
S00919,Standard,Month-to-month,0.204,Medium,705.24
S05953,Standard,Month-to-month,0.204,Medium,642.6
S05570,Basic,Month-to-month,0.204,Medium,463.44
S06728,Basic,Month-to-month,0.204,Medium,365.16
S04203,Standard,Month-to-month,0.204,Medium,731.52
S02994,Basic,Month-to-month,0.204,Medium,387.96
S02974,Premium,Month-to-month,0.204,Medium,1240.68
S06032,Premium,Month-to-month,0.204,Medium,1156.56
S00678,Standard,One year,0.204,Medium,579.48
S07183,Basic,Month-to-month,0.204,Medium,348.84
S00250,Standard,Month-to-month,0.204,Medium,682.32
S03043,Basic,Month-to-month,0.204,Medium,344.16
S04979,Standard,Month-to-month,0.204,Medium,745.56
S00396,Premium,Month-to-month,0.203,Medium,1146.24
S03702,Basic,Month-to-month,0.203,Medium,369.48
S04675,Basic,Month-to-month,0.203,Medium,375.12
S00404,Premium,Month-to-month,0.203,Medium,1052.64
S04949,Basic,Month-to-month,0.203,Medium,376.56
S05769,Basic,Month-to-month,0.203,Medium,320.16
S03906,Basic,Month-to-month,0.203,Medium,345.6
S04954,Standard,Month-to-month,0.203,Medium,747.24
S02344,Basic,Month-to-month,0.203,Medium,210.6
S02893,Basic,Month-to-month,0.203,Medium,367.56
S06010,Standard,Month-to-month,0.203,Medium,778.68
S03125,Standard,Month-to-month,0.203,Medium,689.64
S02363,Basic,Month-to-month,0.202,Medium,372.96
S03566,Premium,Month-to-month,0.202,Medium,1142.16
S03607,Basic,Month-to-month,0.202,Medium,275.04
S03951,Basic,Month-to-month,0.202,Medium,415.44
S05349,Basic,Month-to-month,0.202,Medium,336.72
S02417,Standard,Month-to-month,0.202,Medium,714.24
S03145,Basic,Month-to-month,0.202,Medium,454.8
S00110,Standard,Month-to-month,0.201,Medium,714.48
S05792,Standard,Month-to-month,0.201,Medium,586.68
S01450,Premium,One year,0.201,Medium,1241.52
S06039,Premium,Month-to-month,0.201,Medium,1163.64
S01789,Premium,Month-to-month,0.201,Medium,1273.8
S00792,Standard,Month-to-month,0.201,Medium,549.6
S03644,Basic,Month-to-month,0.201,Medium,440.28
S06362,Basic,Month-to-month,0.201,Medium,449.88
S05968,Basic,Month-to-month,0.201,Medium,354.0
S05585,Basic,Month-to-month,0.201,Medium,348.0
S00189,Basic,Month-to-month,0.201,Medium,316.68
S01677,Basic,Month-to-month,0.201,Medium,318.6
S07525,Basic,Month-to-month,0.201,Medium,465.0
S07857,Premium,Month-to-month,0.201,Medium,1224.72
S03026,Basic,Month-to-month,0.201,Medium,379.8
S01834,Standard,One year,0.2,Medium,802.2
S06440,Basic,Month-to-month,0.2,Medium,334.32
S06264,Standard,Month-to-month,0.2,Medium,675.6
S03560,Standard,Month-to-month,0.2,Medium,645.36
S04290,Basic,Month-to-month,0.2,Medium,482.4
S04182,Premium,Month-to-month,0.2,Medium,1186.92
S00169,Basic,Month-to-month,0.2,Medium,291.96
S03796,Standard,Month-to-month,0.2,Medium,675.24
S03983,Standard,Month-to-month,0.2,Medium,616.8
S06646,Standard,Two year,0.2,Medium,700.8
S03811,Basic,Month-to-month,0.199,Medium,376.44
S02816,Standard,One year,0.199,Medium,762.24
S03203,Premium,One year,0.199,Medium,1161.36
S06987,Basic,Month-to-month,0.199,Medium,262.92
S04184,Standard,Month-to-month,0.198,Medium,708.0
S00167,Basic,One year,0.198,Medium,421.68
S01571,Premium,Month-to-month,0.198,Medium,1219.44
S07655,Standard,One year,0.198,Medium,646.56
S03248,Premium,One year,0.198,Medium,1162.08
S05000,Standard,Month-to-month,0.198,Medium,665.76
S01040,Standard,Month-to-month,0.198,Medium,754.92
S00350,Basic,Month-to-month,0.198,Medium,302.64
S05155,Standard,Month-to-month,0.198,Medium,716.52
S00206,Standard,Month-to-month,0.198,Medium,632.52
S03866,Premium,Month-to-month,0.198,Medium,1098.48
S03948,Premium,Month-to-month,0.198,Medium,1226.64
S01318,Standard,Month-to-month,0.197,Medium,682.68
S07588,Standard,Month-to-month,0.197,Medium,800.88
S04506,Premium,One year,0.197,Medium,1221.6
S00899,Standard,One year,0.197,Medium,671.16
S07177,Premium,Month-to-month,0.197,Medium,1177.92
S05378,Basic,Month-to-month,0.197,Medium,393.12
S06719,Basic,Month-to-month,0.197,Medium,345.96
S00560,Basic,Month-to-month,0.197,Medium,258.12
S01422,Standard,Month-to-month,0.197,Medium,566.04
S05417,Standard,Two year,0.197,Medium,687.36
S03063,Premium,Month-to-month,0.197,Medium,1197.12
S00788,Basic,Month-to-month,0.197,Medium,245.4
S00265,Standard,Month-to-month,0.197,Medium,749.64
S01633,Standard,One year,0.197,Medium,769.68
S04538,Basic,Month-to-month,0.197,Medium,358.92
S01691,Standard,Month-to-month,0.196,Medium,764.88
S06133,Standard,One year,0.196,Medium,687.12
S04816,Standard,Month-to-month,0.196,Medium,764.76
S03343,Standard,Month-to-month,0.196,Medium,718.8
S07531,Premium,Month-to-month,0.196,Medium,1169.64
S07665,Standard,Month-to-month,0.196,Medium,721.68
S06216,Premium,One year,0.196,Medium,1280.88
S04720,Standard,Month-to-month,0.196,Medium,809.28
S04043,Standard,Month-to-month,0.196,Medium,765.12
S05995,Standard,Month-to-month,0.196,Medium,738.72
S03649,Basic,Month-to-month,0.196,Medium,265.08
S03027,Premium,Month-to-month,0.196,Medium,1080.6
S07602,Premium,Month-to-month,0.195,Medium,1193.88
S04904,Premium,Month-to-month,0.195,Medium,1281.72
S00746,Basic,Month-to-month,0.195,Medium,454.32
S06205,Premium,One year,0.195,Medium,1256.16
S01684,Basic,Month-to-month,0.195,Medium,462.12
S03944,Basic,Month-to-month,0.195,Medium,377.88
S06218,Basic,Month-to-month,0.195,Medium,332.52
S04155,Basic,Month-to-month,0.195,Medium,327.96
S06081,Premium,Month-to-month,0.195,Medium,1175.04
S02308,Basic,Month-to-month,0.195,Medium,269.16
S01575,Standard,Month-to-month,0.195,Medium,672.12
S04476,Basic,Month-to-month,0.195,Medium,360.24
S07476,Basic,Month-to-month,0.195,Medium,262.2
S00821,Basic,Month-to-month,0.195,Medium,357.48
S00604,Basic,Month-to-month,0.194,Medium,306.72
S06140,Basic,Month-to-month,0.194,Medium,389.64
S07514,Basic,Month-to-month,0.194,Medium,329.28
S05581,Basic,Month-to-month,0.194,Medium,288.36
S00829,Standard,Month-to-month,0.194,Medium,724.2
S01475,Basic,Month-to-month,0.194,Medium,246.72
S05701,Standard,Month-to-month,0.194,Medium,845.04
S01111,Premium,Month-to-month,0.194,Medium,1267.56
S01660,Standard,Month-to-month,0.194,Medium,587.4
S05006,Basic,Month-to-month,0.194,Medium,257.4
S07780,Basic,Month-to-month,0.194,Medium,411.48
S03180,Basic,Month-to-month,0.194,Medium,438.0
S06559,Premium,One year,0.194,Medium,1183.44
S07508,Standard,Month-to-month,0.194,Medium,753.0
S03231,Premium,Month-to-month,0.194,Medium,1175.64
S07086,Standard,Month-to-month,0.194,Medium,787.08
S02045,Basic,Month-to-month,0.194,Medium,442.32
S06155,Standard,One year,0.194,Medium,697.32
S04711,Premium,Month-to-month,0.194,Medium,1159.32
S02266,Standard,Month-to-month,0.194,Medium,717.84
S04135,Standard,One year,0.194,Medium,746.52
S03139,Basic,Month-to-month,0.194,Medium,306.0
S07042,Standard,Month-to-month,0.193,Medium,735.36
S05403,Premium,One year,0.193,Medium,1276.92
S06419,Premium,One year,0.193,Medium,1295.88
S00626,Premium,Month-to-month,0.193,Medium,1234.92
S03121,Premium,One year,0.193,Medium,1152.36
S02806,Standard,One year,0.193,Medium,802.92
S00273,Premium,Month-to-month,0.193,Medium,1160.52
S01507,Standard,One year,0.193,Medium,902.28
S05178,Premium,Month-to-month,0.193,Medium,1091.4
S07334,Standard,One year,0.193,Medium,665.16
S04275,Standard,Month-to-month,0.193,Medium,659.64
S06051,Premium,One year,0.192,Medium,1131.72
S07815,Premium,Month-to-month,0.192,Medium,1237.08
S04461,Premium,Month-to-month,0.192,Medium,1065.6
S07187,Standard,Month-to-month,0.192,Medium,661.32
S06989,Standard,Month-to-month,0.192,Medium,662.64
S07948,Basic,Month-to-month,0.192,Medium,330.24
S07526,Standard,Month-to-month,0.192,Medium,639.36
S04741,Premium,Month-to-month,0.192,Medium,1173.84
S04362,Basic,Month-to-month,0.192,Medium,261.96
S03667,Basic,One year,0.192,Medium,333.6
S00093,Standard,Month-to-month,0.192,Medium,705.96
S07626,Standard,One year,0.192,Medium,819.72
S05708,Standard,Month-to-month,0.192,Medium,826.92
S06174,Basic,Month-to-month,0.191,Medium,353.16
S05715,Standard,One year,0.191,Medium,799.8
S03764,Standard,Month-to-month,0.191,Medium,773.28
S02593,Standard,Month-to-month,0.191,Medium,732.24
S02609,Basic,Month-to-month,0.191,Medium,300.24
S00648,Premium,Month-to-month,0.191,Medium,1236.48
S07711,Standard,Month-to-month,0.191,Medium,711.6
S03631,Standard,One year,0.191,Medium,677.76
S03848,Standard,Month-to-month,0.191,Medium,664.32
S07744,Basic,Month-to-month,0.191,Medium,350.76
S05636,Standard,Month-to-month,0.191,Medium,752.88
S04324,Basic,Month-to-month,0.191,Medium,384.96
S05758,Standard,Month-to-month,0.191,Medium,763.56
S05966,Basic,Month-to-month,0.191,Medium,421.68
S04527,Standard,Month-to-month,0.19,Medium,760.08
S04344,Standard,Month-to-month,0.19,Medium,647.52
S01041,Premium,Month-to-month,0.19,Medium,1163.76
S04961,Premium,Month-to-month,0.19,Medium,1168.44
S04116,Premium,Month-to-month,0.19,Medium,1297.92
S02509,Standard,Month-to-month,0.19,Medium,630.48
S00142,Basic,One year,0.189,Medium,384.36
S05331,Basic,Month-to-month,0.189,Medium,279.6
S05176,Standard,Month-to-month,0.189,Medium,698.16
S01438,Basic,Month-to-month,0.189,Medium,332.52
S07411,Basic,Month-to-month,0.189,Medium,330.24
S06907,Premium,One year,0.189,Medium,1205.52
S03033,Standard,Month-to-month,0.189,Medium,684.0
S00530,Basic,Month-to-month,0.189,Medium,264.48
S01861,Basic,Month-to-month,0.189,Medium,329.04
S07211,Standard,Month-to-month,0.189,Medium,708.72
S04641,Basic,Month-to-month,0.189,Medium,379.56
S02687,Standard,Month-to-month,0.189,Medium,664.8
S03862,Premium,One year,0.188,Medium,1299.24
S02502,Standard,One year,0.188,Medium,712.8
S02840,Basic,Month-to-month,0.188,Medium,391.68
S07764,Standard,Month-to-month,0.188,Medium,700.44
S02671,Basic,Month-to-month,0.188,Medium,385.44
S00758,Standard,Month-to-month,0.188,Medium,696.6
S00113,Standard,Month-to-month,0.188,Medium,534.24
S07214,Basic,One year,0.188,Medium,311.76
S03980,Basic,Month-to-month,0.188,Medium,374.04
S06885,Basic,Month-to-month,0.188,Medium,497.28
S01057,Standard,Month-to-month,0.188,Medium,697.8
S05818,Basic,Month-to-month,0.188,Medium,339.36
S07377,Premium,Month-to-month,0.188,Medium,1163.4
S02384,Standard,Month-to-month,0.188,Medium,731.16
S04237,Standard,Month-to-month,0.188,Medium,641.4
S01978,Standard,Month-to-month,0.188,Medium,774.72
S02063,Standard,Month-to-month,0.188,Medium,766.56
S04799,Premium,Month-to-month,0.188,Medium,1287.36
S02541,Basic,One year,0.187,Medium,524.16
S00860,Basic,Month-to-month,0.187,Medium,292.92
S04396,Basic,One year,0.187,Medium,472.44
S05678,Basic,Month-to-month,0.187,Medium,389.76
S07579,Standard,Month-to-month,0.187,Medium,764.28
S05791,Basic,Month-to-month,0.187,Medium,377.4
S06871,Basic,Month-to-month,0.187,Medium,440.64
S03364,Standard,Month-to-month,0.187,Medium,697.44
S07270,Premium,Two year,0.187,Medium,1117.32
S06591,Standard,Month-to-month,0.187,Medium,689.64
S04298,Standard,One year,0.187,Medium,617.64
S06231,Basic,Month-to-month,0.187,Medium,368.16
S01808,Basic,Month-to-month,0.187,Medium,259.2
S04472,Standard,Month-to-month,0.187,Medium,702.36
S05438,Standard,Month-to-month,0.187,Medium,715.08
S04380,Basic,Month-to-month,0.187,Medium,355.44
S00546,Basic,Month-to-month,0.187,Medium,263.4
S07490,Basic,One year,0.186,Medium,322.8
S04768,Basic,Month-to-month,0.186,Medium,198.0
S05532,Standard,Month-to-month,0.186,Medium,690.6
S03917,Premium,Month-to-month,0.186,Medium,1182.6
S00934,Basic,Month-to-month,0.186,Medium,315.72
S00263,Premium,Month-to-month,0.186,Medium,1206.96
S04439,Basic,Month-to-month,0.186,Medium,429.12
S00268,Basic,Month-to-month,0.186,Medium,390.84
S00551,Standard,Month-to-month,0.186,Medium,782.52
S06180,Premium,Month-to-month,0.186,Medium,1159.2
S07015,Basic,Month-to-month,0.186,Medium,420.36
S06388,Premium,Month-to-month,0.185,Medium,1095.48
S06169,Premium,One year,0.185,Medium,1131.24
S00045,Standard,One year,0.185,Medium,721.08
S04653,Basic,Month-to-month,0.185,Medium,323.04
S07486,Standard,Month-to-month,0.185,Medium,796.2
S06106,Standard,One year,0.185,Medium,751.32
S00038,Standard,Month-to-month,0.185,Medium,665.28
S00660,Basic,Month-to-month,0.184,Medium,351.24
S07387,Basic,Month-to-month,0.184,Medium,323.4
S00689,Basic,Month-to-month,0.184,Medium,347.88
S04806,Premium,One year,0.184,Medium,1162.32
S05455,Basic,One year,0.184,Medium,405.48
S04498,Standard,Month-to-month,0.184,Medium,738.24
S00086,Premium,One year,0.184,Medium,1157.64
S06926,Standard,Month-to-month,0.184,Medium,689.04
S01476,Standard,One year,0.184,Medium,698.52
S00488,Premium,One year,0.184,Medium,1243.44
S03865,Basic,Month-to-month,0.184,Medium,419.4
S01988,Basic,Month-to-month,0.184,Medium,420.24
S04046,Premium,One year,0.184,Medium,1212.36
S00180,Standard,Month-to-month,0.183,Medium,674.28
S04823,Basic,Month-to-month,0.183,Medium,366.84
S02305,Standard,Month-to-month,0.183,Medium,689.4
S05172,Standard,Month-to-month,0.183,Medium,818.16
S01474,Premium,One year,0.183,Medium,1185.48
S00116,Basic,One year,0.183,Medium,385.44
S07521,Basic,One year,0.183,Medium,353.52
S01000,Standard,Month-to-month,0.183,Medium,709.32
S06001,Standard,Month-to-month,0.183,Medium,703.56
S07528,Premium,Month-to-month,0.183,Medium,1168.56
S00665,Basic,Month-to-month,0.183,Medium,429.96
S06028,Premium,Month-to-month,0.183,Medium,1133.16
S03524,Standard,Month-to-month,0.183,Medium,641.28
S07769,Basic,Month-to-month,0.183,Medium,353.64
S06842,Basic,Month-to-month,0.183,Medium,378.12
S04146,Premium,Month-to-month,0.183,Medium,1212.36
S01726,Standard,One year,0.182,Medium,858.36
S04608,Basic,Month-to-month,0.182,Medium,421.44
S04345,Premium,One year,0.182,Medium,1282.68
S05877,Basic,Month-to-month,0.182,Medium,317.52
S00115,Premium,Month-to-month,0.182,Medium,1281.0
S05932,Standard,Month-to-month,0.182,Medium,692.16
S03085,Basic,Month-to-month,0.182,Medium,257.04
S07204,Basic,Month-to-month,0.182,Medium,303.24
S02313,Basic,Month-to-month,0.182,Medium,272.76
S05565,Basic,Month-to-month,0.182,Medium,472.44
S01768,Standard,Month-to-month,0.182,Medium,693.84
S02368,Basic,Month-to-month,0.182,Medium,288.96
S04717,Standard,One year,0.182,Medium,677.28
S06118,Basic,Month-to-month,0.182,Medium,417.72
S06454,Basic,Month-to-month,0.182,Medium,382.32
S03768,Basic,One year,0.182,Medium,360.48
S06854,Standard,One year,0.182,Medium,785.28
S00329,Standard,Month-to-month,0.181,Medium,657.36
S01817,Basic,Month-to-month,0.181,Medium,252.48
S04041,Premium,One year,0.181,Medium,1087.44
S06375,Basic,One year,0.181,Medium,359.64
S01456,Basic,Month-to-month,0.181,Medium,382.08
S01392,Standard,Month-to-month,0.181,Medium,678.48
S04701,Basic,Month-to-month,0.181,Medium,277.44
S05338,Basic,Month-to-month,0.181,Medium,136.68
S03263,Basic,Month-to-month,0.181,Medium,386.16
S07745,Standard,Month-to-month,0.181,Medium,646.08
S05471,Premium,Month-to-month,0.181,Medium,1199.28
S02122,Standard,Month-to-month,0.181,Medium,640.2
S01164,Standard,Month-to-month,0.181,Medium,699.12
S06659,Basic,Month-to-month,0.18,Medium,325.92
S06421,Basic,Month-to-month,0.18,Medium,373.2
S04479,Standard,One year,0.18,Medium,699.84
S02762,Standard,Month-to-month,0.18,Medium,652.68
S01088,Premium,One year,0.18,Medium,1060.08
S07643,Basic,Month-to-month,0.18,Medium,269.04
S00506,Basic,Month-to-month,0.18,Medium,297.36
S04696,Basic,Month-to-month,0.18,Medium,329.76
S04915,Standard,Month-to-month,0.18,Medium,668.64
S06637,Basic,Month-to-month,0.18,Medium,261.48
S05183,Standard,Month-to-month,0.18,Medium,746.4
S06050,Standard,One year,0.18,Medium,729.72
S07802,Standard,One year,0.18,Medium,673.68
S06298,Standard,Month-to-month,0.18,Medium,600.6
S05469,Standard,Month-to-month,0.179,Medium,750.84
S06984,Basic,Month-to-month,0.179,Medium,345.0
S00470,Premium,One year,0.179,Medium,1110.84
S05356,Basic,Month-to-month,0.179,Medium,440.4
S05573,Premium,Month-to-month,0.179,Medium,1251.48
S04504,Standard,Month-to-month,0.179,Medium,697.2
S04782,Standard,Two year,0.179,Medium,739.32
S07966,Basic,Month-to-month,0.179,Medium,393.36
S02322,Standard,Month-to-month,0.179,Medium,711.24
S02549,Standard,Month-to-month,0.179,Medium,599.88
S04377,Basic,Month-to-month,0.179,Medium,294.24
S06112,Basic,Month-to-month,0.178,Medium,238.92
S07166,Standard,Month-to-month,0.178,Medium,654.48
S07615,Standard,One year,0.178,Medium,664.08
S01992,Premium,Month-to-month,0.178,Medium,1205.16
S01363,Premium,One year,0.178,Medium,1176.72
S02233,Basic,Month-to-month,0.178,Medium,373.68
S01650,Premium,One year,0.178,Medium,1140.6
S07654,Standard,One year,0.178,Medium,693.84
S06078,Basic,Month-to-month,0.178,Medium,310.44
S02610,Standard,Month-to-month,0.178,Medium,602.16
S02001,Standard,Month-to-month,0.178,Medium,748.56
S04058,Basic,Month-to-month,0.178,Medium,411.48
S05184,Premium,Month-to-month,0.178,Medium,1237.44
S00256,Basic,Month-to-month,0.178,Medium,339.0
S00664,Basic,Month-to-month,0.178,Medium,285.72
S06613,Premium,Month-to-month,0.177,Medium,1184.88
S04993,Premium,Month-to-month,0.177,Medium,1181.64
S02527,Premium,One year,0.177,Medium,1290.96
S03420,Basic,Month-to-month,0.177,Medium,406.32
S03084,Standard,One year,0.177,Medium,726.96
S06878,Basic,Month-to-month,0.177,Medium,403.2
S00695,Standard,Month-to-month,0.177,Medium,707.4
S01593,Premium,Month-to-month,0.177,Medium,1297.56
S02869,Basic,One year,0.177,Medium,307.44
S02133,Standard,Month-to-month,0.177,Medium,738.48
S06974,Premium,Month-to-month,0.177,Medium,1252.56
S01412,Premium,One year,0.177,Medium,1161.12
S00970,Premium,One year,0.177,Medium,1081.32
S05617,Basic,Month-to-month,0.176,Medium,334.8
S06088,Standard,Month-to-month,0.176,Medium,679.68
S00063,Standard,One year,0.176,Medium,705.72
S04375,Basic,Two year,0.176,Medium,325.44
S07743,Basic,Month-to-month,0.176,Medium,170.4
S07704,Standard,One year,0.176,Medium,639.72
S07192,Standard,One year,0.176,Medium,758.16
S02112,Standard,Month-to-month,0.176,Medium,687.0
S05639,Standard,Month-to-month,0.176,Medium,825.96
S04033,Basic,Month-to-month,0.176,Medium,293.88
S07014,Premium,One year,0.176,Medium,1076.76
S07197,Premium,One year,0.176,Medium,1119.12
S04475,Premium,Month-to-month,0.176,Medium,1264.68
S00924,Basic,Month-to-month,0.176,Medium,428.88
S04883,Basic,One year,0.176,Medium,437.4
S07337,Standard,Month-to-month,0.176,Medium,756.36
S05597,Standard,Month-to-month,0.176,Medium,677.28
S02019,Basic,One year,0.176,Medium,261.48
S06573,Basic,One year,0.176,Medium,363.6
S04634,Premium,Two year,0.175,Medium,1185.72
S01681,Premium,One year,0.175,Medium,1082.64
S07494,Premium,Month-to-month,0.175,Medium,1209.84
S00070,Standard,Month-to-month,0.175,Medium,696.96
S01753,Premium,Two year,0.175,Medium,1125.0
S06905,Standard,Month-to-month,0.175,Medium,662.64
S04486,Basic,Month-to-month,0.175,Medium,380.88
S04081,Premium,Month-to-month,0.175,Medium,1276.32
S06316,Premium,One year,0.174,Medium,1261.08
S02416,Basic,Month-to-month,0.174,Medium,503.04
S03158,Basic,One year,0.174,Medium,376.56
S02557,Basic,Month-to-month,0.174,Medium,234.0
S05819,Premium,Month-to-month,0.174,Medium,1172.64
S05412,Standard,Two year,0.174,Medium,637.68
S03245,Standard,Month-to-month,0.174,Medium,637.08
S00969,Standard,Month-to-month,0.174,Medium,684.48
S00414,Basic,Month-to-month,0.174,Medium,299.64
S05220,Basic,Month-to-month,0.174,Medium,355.08
S05861,Standard,One year,0.174,Medium,754.92
S07274,Standard,Month-to-month,0.174,Medium,561.36
S05423,Standard,Month-to-month,0.173,Medium,776.88
S06460,Basic,One year,0.173,Medium,371.64
S07398,Basic,Month-to-month,0.173,Medium,406.44
S06114,Standard,Month-to-month,0.173,Medium,687.72
S02838,Premium,Month-to-month,0.173,Medium,1253.64
S07889,Basic,Month-to-month,0.173,Medium,355.56
S03904,Basic,Month-to-month,0.173,Medium,358.44
S05494,Standard,Month-to-month,0.173,Medium,613.68
S05188,Basic,Month-to-month,0.173,Medium,261.0
S05397,Standard,Month-to-month,0.173,Medium,636.12
S04090,Standard,Month-to-month,0.173,Medium,665.16
S03046,Basic,Month-to-month,0.173,Medium,380.64
S06846,Basic,Month-to-month,0.173,Medium,347.64
S07590,Standard,One year,0.173,Medium,807.96
S05998,Standard,One year,0.172,Medium,752.52
S06320,Basic,Month-to-month,0.172,Medium,361.92
S00835,Standard,Month-to-month,0.172,Medium,754.92
S05186,Basic,Month-to-month,0.172,Medium,300.96
S01477,Standard,Month-to-month,0.172,Medium,632.4
S00606,Premium,Month-to-month,0.172,Medium,1243.8
S03478,Standard,Month-to-month,0.172,Medium,682.08
S07462,Basic,Month-to-month,0.172,Medium,340.8
S02393,Basic,Month-to-month,0.172,Medium,300.12
S01943,Standard,Two year,0.172,Medium,594.12
S04349,Standard,Month-to-month,0.172,Medium,691.8
S06662,Basic,Month-to-month,0.172,Medium,161.28
S01334,Basic,Month-to-month,0.171,Medium,261.6
S03446,Basic,Month-to-month,0.171,Medium,438.36
S06288,Basic,One year,0.171,Medium,383.52
S05714,Standard,Month-to-month,0.171,Medium,541.56
S04669,Premium,Month-to-month,0.171,Medium,1266.96
S07437,Basic,Month-to-month,0.171,Medium,209.28
S01087,Premium,Month-to-month,0.171,Medium,1025.16
S00051,Standard,Month-to-month,0.171,Medium,717.84
S07678,Premium,One year,0.171,Medium,1186.92
S07108,Basic,Month-to-month,0.171,Medium,320.52
S04737,Basic,Month-to-month,0.171,Medium,366.84
S05260,Standard,Month-to-month,0.171,Medium,784.8
S06238,Premium,One year,0.171,Medium,1189.08
S00095,Basic,Month-to-month,0.17,Medium,282.84
S07771,Basic,Month-to-month,0.17,Medium,448.44
S01787,Basic,Month-to-month,0.17,Medium,370.08
S00446,Standard,Month-to-month,0.17,Medium,582.36
S07468,Basic,Month-to-month,0.17,Medium,270.6
S01635,Standard,One year,0.17,Medium,724.32
S03087,Basic,Month-to-month,0.17,Medium,327.24
S02913,Basic,Month-to-month,0.17,Medium,374.52
S03276,Basic,Month-to-month,0.17,Medium,290.28
S02538,Basic,Month-to-month,0.17,Medium,409.2
S06187,Premium,One year,0.17,Medium,1092.6
S06304,Standard,One year,0.17,Medium,715.92
S02391,Premium,Month-to-month,0.17,Medium,1309.8
S05380,Standard,One year,0.17,Medium,785.64
S02461,Standard,One year,0.17,Medium,623.04
S07031,Basic,Month-to-month,0.169,Medium,271.32
S02934,Basic,One year,0.169,Medium,401.16
S06120,Standard,Month-to-month,0.169,Medium,667.8
S05396,Standard,Month-to-month,0.169,Medium,741.6
S01022,Premium,Month-to-month,0.169,Medium,1181.4
S07754,Standard,One year,0.169,Medium,767.28
S05620,Basic,Month-to-month,0.169,Medium,288.84
S07653,Standard,Month-to-month,0.169,Medium,738.24
S01703,Basic,Month-to-month,0.169,Medium,236.4
S06824,Basic,Month-to-month,0.169,Medium,419.04
S05580,Standard,Month-to-month,0.169,Medium,689.76
S06524,Standard,One year,0.169,Medium,596.16
S03400,Standard,Month-to-month,0.169,Medium,704.4
S06621,Basic,Month-to-month,0.169,Medium,371.4
S05551,Standard,Month-to-month,0.169,Medium,733.68
S00012,Basic,Month-to-month,0.169,Medium,412.8
S00731,Standard,Month-to-month,0.168,Medium,690.12
S07167,Basic,Month-to-month,0.168,Medium,307.2
S03692,Basic,Month-to-month,0.168,Medium,334.68
S05618,Premium,Month-to-month,0.168,Medium,1121.16
S07646,Premium,Month-to-month,0.168,Medium,1253.88
S06948,Basic,Month-to-month,0.168,Medium,382.08
S00871,Basic,Month-to-month,0.168,Medium,453.6
S05008,Basic,Month-to-month,0.168,Medium,384.84
S00440,Premium,Month-to-month,0.168,Medium,1113.96
S07245,Standard,Month-to-month,0.168,Medium,802.44
S05522,Standard,Month-to-month,0.168,Medium,654.12
S01792,Basic,Month-to-month,0.168,Medium,276.24
S01779,Premium,Month-to-month,0.168,Medium,1173.72
S00714,Standard,One year,0.168,Medium,580.68
S01516,Basic,Month-to-month,0.168,Medium,333.72
S03465,Standard,One year,0.168,Medium,661.2
S06762,Basic,Month-to-month,0.167,Medium,325.44
S00344,Standard,Month-to-month,0.167,Medium,740.64
S06461,Premium,One year,0.167,Medium,1169.16
S04841,Basic,Month-to-month,0.167,Medium,337.68
S00941,Basic,Month-to-month,0.167,Medium,233.88
S07787,Premium,Month-to-month,0.167,Medium,1127.16
S07026,Standard,One year,0.167,Medium,602.76
S01526,Basic,Month-to-month,0.166,Medium,407.28
S03676,Premium,One year,0.166,Medium,1270.32
S00754,Basic,Month-to-month,0.166,Medium,382.56
S02903,Standard,One year,0.166,Medium,788.88
S04264,Standard,Month-to-month,0.166,Medium,645.24
S04225,Basic,Month-to-month,0.166,Medium,312.12
S07107,Standard,Month-to-month,0.166,Medium,833.52
S02982,Premium,Month-to-month,0.166,Medium,1162.92
S02200,Basic,Month-to-month,0.166,Medium,528.12
S02689,Premium,Month-to-month,0.166,Medium,1268.76
S03356,Premium,Two year,0.166,Medium,1081.68
S02495,Basic,Month-to-month,0.166,Medium,285.36
S01559,Premium,Month-to-month,0.166,Medium,1164.24
S01345,Basic,Month-to-month,0.165,Medium,413.16
S00979,Basic,Month-to-month,0.165,Medium,339.48
S07251,Standard,Two year,0.165,Medium,795.96
S02046,Standard,Month-to-month,0.165,Medium,592.32
S04758,Basic,Month-to-month,0.165,Medium,419.52
S05202,Basic,One year,0.165,Medium,314.16
S01145,Basic,Month-to-month,0.165,Medium,299.04
S00196,Premium,One year,0.165,Medium,1157.64
S04308,Premium,One year,0.165,Medium,1150.44
S07575,Premium,Month-to-month,0.165,Medium,1196.04
S07185,Standard,One year,0.165,Medium,741.12
S03604,Basic,Two year,0.165,Medium,310.32
S07148,Premium,Month-to-month,0.165,Medium,1164.96
S01537,Basic,Month-to-month,0.165,Medium,431.76
S04206,Basic,Month-to-month,0.165,Medium,262.08
S06624,Basic,Month-to-month,0.165,Medium,321.0
S03345,Basic,One year,0.165,Medium,377.64
S04834,Premium,Two year,0.165,Medium,1240.92
S06519,Basic,One year,0.164,Medium,401.28
S04919,Standard,One year,0.164,Medium,838.08
S06046,Basic,Two year,0.164,Medium,456.6
S00472,Basic,Month-to-month,0.164,Medium,272.16
S01996,Basic,Month-to-month,0.164,Medium,318.72
S03404,Basic,Month-to-month,0.164,Medium,358.44
S01717,Standard,Month-to-month,0.164,Medium,798.96
S00409,Basic,Month-to-month,0.164,Medium,327.24
S02827,Standard,Month-to-month,0.164,Medium,678.36
S07062,Basic,Month-to-month,0.164,Medium,302.04
S06098,Standard,Month-to-month,0.164,Medium,657.72
S04162,Premium,Month-to-month,0.164,Medium,1199.4
S02253,Basic,One year,0.163,Medium,279.24
S05798,Basic,Month-to-month,0.163,Medium,307.8
S03869,Basic,One year,0.163,Medium,351.84
S03860,Basic,One year,0.163,Medium,405.6
S03736,Standard,Two year,0.163,Medium,762.24
S06025,Premium,Month-to-month,0.163,Medium,1026.0
S06584,Premium,One year,0.163,Medium,1116.36
S05857,Premium,Month-to-month,0.163,Medium,1062.12
S07635,Standard,One year,0.163,Medium,662.16
S07629,Basic,Month-to-month,0.163,Medium,310.56
S07208,Basic,Month-to-month,0.162,Medium,348.0
S03300,Standard,Month-to-month,0.162,Medium,642.36
S01519,Basic,Month-to-month,0.162,Medium,278.52
S07673,Standard,Month-to-month,0.162,Medium,709.2
S01266,Basic,Month-to-month,0.162,Medium,351.72
S06241,Standard,Month-to-month,0.162,Medium,798.24
S00186,Standard,Month-to-month,0.162,Medium,689.04
S06141,Standard,Month-to-month,0.162,Medium,703.8
S00197,Standard,Month-to-month,0.162,Medium,652.92
S06479,Standard,One year,0.162,Medium,654.48
S02820,Premium,Two year,0.162,Medium,1154.16
S06960,Standard,One year,0.162,Medium,766.08
S05939,Premium,Month-to-month,0.161,Medium,1122.0
S01818,Standard,One year,0.161,Medium,701.52
S06100,Premium,Month-to-month,0.161,Medium,1121.76
S00026,Basic,Month-to-month,0.161,Medium,213.6
S03994,Standard,One year,0.161,Medium,670.32
S03234,Basic,Month-to-month,0.161,Medium,330.84
S06370,Basic,One year,0.161,Medium,298.32
S05445,Basic,Month-to-month,0.161,Medium,423.24
S02471,Standard,Month-to-month,0.161,Medium,678.36
S01590,Standard,Month-to-month,0.161,Medium,623.4
S00492,Basic,Month-to-month,0.161,Medium,390.96
S03323,Basic,Month-to-month,0.16,Medium,436.68
S00471,Basic,Month-to-month,0.16,Medium,395.88
S04631,Standard,One year,0.16,Medium,746.28
S06201,Basic,Month-to-month,0.16,Medium,409.08
S07637,Premium,Month-to-month,0.16,Medium,1215.48
S04751,Standard,Month-to-month,0.16,Medium,615.24
S05841,Basic,Month-to-month,0.16,Medium,386.76
S01129,Premium,One year,0.16,Medium,1188.0
S01755,Basic,Month-to-month,0.16,Medium,273.48
S07408,Standard,Month-to-month,0.16,Medium,734.4
S06983,Standard,Month-to-month,0.16,Medium,704.28
S03837,Premium,One year,0.16,Medium,1225.2
S05850,Premium,One year,0.16,Medium,1086.72
S05442,Basic,Month-to-month,0.16,Medium,347.28
S02990,Premium,Month-to-month,0.16,Medium,1047.12
S07731,Basic,Month-to-month,0.16,Medium,288.0
S00029,Basic,One year,0.16,Medium,275.76
S07034,Basic,One year,0.159,Medium,423.0
S02843,Basic,One year,0.159,Medium,230.28
S02580,Basic,Month-to-month,0.159,Medium,421.8
S07423,Basic,Month-to-month,0.159,Medium,343.68
S07068,Standard,Month-to-month,0.159,Medium,584.28
S05085,Standard,One year,0.159,Medium,755.04
S04607,Standard,Two year,0.159,Medium,684.0
S01102,Standard,One year,0.159,Medium,804.84
S01488,Standard,One year,0.159,Medium,756.6
S02077,Premium,One year,0.159,Medium,1219.2
S05569,Basic,Month-to-month,0.159,Medium,395.04
S04990,Standard,One year,0.159,Medium,873.96
S07029,Standard,One year,0.159,Medium,712.68
S02235,Basic,Month-to-month,0.159,Medium,248.28
S05731,Premium,Month-to-month,0.159,Medium,1183.68
S03228,Premium,Month-to-month,0.159,Medium,1173.72
S01749,Standard,Month-to-month,0.158,Medium,678.72
S06563,Basic,Month-to-month,0.158,Medium,327.84
S06396,Basic,Month-to-month,0.158,Medium,273.84
S04744,Basic,Month-to-month,0.158,Medium,368.52
S07783,Basic,Month-to-month,0.158,Medium,402.12
S07338,Basic,Month-to-month,0.158,Medium,387.48
S00355,Basic,Month-to-month,0.158,Medium,319.8
S03955,Basic,Month-to-month,0.158,Medium,171.6
S01110,Basic,Month-to-month,0.158,Medium,456.12
S03057,Standard,Month-to-month,0.158,Medium,650.28
S06921,Standard,Month-to-month,0.158,Medium,732.72
S02690,Standard,Month-to-month,0.157,Medium,623.88
S02109,Basic,One year,0.157,Medium,342.24
S01761,Standard,Month-to-month,0.157,Medium,672.36
S01586,Standard,Month-to-month,0.157,Medium,807.48
S07246,Standard,Month-to-month,0.157,Medium,759.84
S06407,Standard,One year,0.157,Medium,755.64
S06138,Standard,Month-to-month,0.157,Medium,703.08
S01253,Basic,One year,0.157,Medium,463.56
S06002,Standard,Month-to-month,0.157,Medium,713.52
S04022,Premium,Month-to-month,0.157,Medium,1187.88
S03082,Standard,Month-to-month,0.157,Medium,638.52
S07501,Premium,Month-to-month,0.157,Medium,1275.6
S00238,Basic,Month-to-month,0.157,Medium,201.24
S00703,Basic,One year,0.157,Medium,216.6
S02339,Basic,Month-to-month,0.157,Medium,287.52
S04791,Standard,One year,0.156,Medium,759.36
S06092,Basic,Month-to-month,0.156,Medium,288.36
S02469,Standard,Two year,0.156,Medium,841.92
S03307,Standard,Month-to-month,0.156,Medium,670.2
S01143,Premium,One year,0.156,Medium,1128.84
S07782,Standard,Month-to-month,0.156,Medium,653.64
S05683,Basic,Month-to-month,0.156,Medium,367.92
S06175,Premium,One year,0.156,Medium,1233.12
S01419,Basic,Month-to-month,0.156,Medium,337.8
S03330,Basic,Month-to-month,0.156,Medium,408.48
S00424,Basic,One year,0.156,Medium,404.28
S03229,Basic,One year,0.155,Medium,449.04
S04082,Premium,One year,0.155,Medium,1224.24
S06832,Standard,One year,0.155,Medium,783.6
S01108,Basic,Month-to-month,0.155,Medium,394.68
S00572,Basic,Month-to-month,0.155,Medium,428.64
S07791,Basic,Month-to-month,0.155,Medium,368.88
S05605,Basic,One year,0.155,Medium,441.48
S03306,Premium,Two year,0.155,Medium,1255.32
S02153,Basic,Month-to-month,0.155,Medium,222.96
S06774,Standard,Month-to-month,0.155,Medium,736.2
S04800,Standard,Month-to-month,0.155,Medium,686.04
S02273,Basic,One year,0.155,Medium,366.12
S01478,Premium,One year,0.155,Medium,1284.0
S06831,Basic,One year,0.155,Medium,312.6
S04879,Standard,Month-to-month,0.155,Medium,808.8
S03328,Standard,Month-to-month,0.154,Medium,604.32
S04303,Standard,Month-to-month,0.154,Medium,608.16
S06654,Basic,One year,0.154,Medium,479.64
S05280,Basic,Month-to-month,0.154,Medium,324.12
S07425,Standard,Month-to-month,0.154,Medium,688.56
S06546,Standard,Month-to-month,0.154,Medium,711.84
S05230,Basic,Month-to-month,0.154,Medium,333.48
S04083,Standard,Month-to-month,0.154,Medium,772.92
S02375,Basic,Month-to-month,0.154,Medium,300.12
S07463,Basic,Month-to-month,0.154,Medium,470.88
S03138,Basic,Month-to-month,0.154,Medium,286.08
S03558,Standard,Month-to-month,0.153,Medium,628.44
S03036,Standard,Month-to-month,0.153,Medium,777.48
S02118,Premium,One year,0.153,Medium,1093.44
S05986,Basic,Month-to-month,0.153,Medium,351.12
S07038,Standard,Month-to-month,0.153,Medium,718.44
S05956,Standard,One year,0.153,Medium,606.36
S07203,Basic,Month-to-month,0.153,Medium,426.6
S06769,Basic,Month-to-month,0.153,Medium,371.52
S05915,Standard,Month-to-month,0.153,Medium,686.52
S05033,Standard,One year,0.153,Medium,639.6
S05563,Basic,Month-to-month,0.153,Medium,368.76
S02928,Premium,Month-to-month,0.153,Medium,1086.96
S07356,Basic,Month-to-month,0.153,Medium,306.6
S07386,Basic,Month-to-month,0.153,Medium,290.88
S00784,Standard,Two year,0.153,Medium,762.12
S04981,Standard,One year,0.152,Medium,714.48
S07095,Standard,Month-to-month,0.152,Medium,634.2
S05654,Standard,One year,0.152,Medium,655.56
S04995,Standard,Month-to-month,0.152,Medium,504.96
S05124,Standard,Month-to-month,0.152,Medium,708.24
S02414,Standard,One year,0.152,Medium,617.88
S05179,Basic,Two year,0.152,Medium,433.68
S04674,Premium,Month-to-month,0.152,Medium,1184.28
S06931,Standard,Month-to-month,0.152,Medium,597.0
S06126,Basic,Month-to-month,0.152,Medium,303.24
S06840,Basic,Month-to-month,0.152,Medium,430.32
S00652,Basic,Month-to-month,0.152,Medium,358.44
S06185,Premium,Month-to-month,0.152,Medium,1115.4
S00508,Premium,One year,0.152,Medium,1189.92
S05196,Basic,Month-to-month,0.152,Medium,353.04
S07134,Basic,One year,0.152,Medium,272.4
S06752,Premium,One year,0.152,Medium,1169.16
S05117,Basic,Month-to-month,0.151,Medium,311.64
S00882,Basic,One year,0.151,Medium,367.44
S03772,Standard,One year,0.151,Medium,687.12
S01142,Standard,One year,0.151,Medium,807.96
S03553,Basic,Month-to-month,0.151,Medium,343.2
S03931,Standard,Month-to-month,0.151,Medium,770.16
S04493,Basic,Month-to-month,0.151,Medium,342.48
S04044,Basic,Month-to-month,0.151,Medium,271.2
S06301,Basic,Month-to-month,0.151,Medium,247.68
S05903,Standard,Month-to-month,0.151,Medium,624.36
S04273,Basic,Month-to-month,0.151,Medium,319.8
S00479,Basic,Month-to-month,0.15,Medium,397.56
S03222,Basic,Month-to-month,0.15,Medium,374.16
S03899,Premium,One year,0.15,Medium,1223.04
S01467,Basic,Month-to-month,0.15,Medium,381.48
S00915,Basic,Month-to-month,0.15,Medium,337.68
S03943,Standard,Month-to-month,0.15,Medium,607.44
S06884,Basic,One year,0.15,Medium,432.72
S06677,Standard,Month-to-month,0.15,Low,532.92
S03693,Premium,Month-to-month,0.15,Low,1214.16
S01616,Basic,Month-to-month,0.15,Low,393.0
S04099,Basic,Month-to-month,0.15,Low,271.2
S05232,Basic,Month-to-month,0.15,Low,443.16
S04983,Premium,One year,0.15,Low,1282.32
S05436,Basic,Month-to-month,0.15,Low,324.96
S02793,Basic,One year,0.15,Low,260.16
S03166,Basic,Month-to-month,0.15,Low,406.92
S00107,Standard,One year,0.149,Low,605.28
S07820,Standard,Two year,0.149,Low,779.76
S01389,Standard,One year,0.149,Low,821.64
S07882,Basic,Month-to-month,0.149,Low,414.48
S00340,Basic,Month-to-month,0.149,Low,245.64
S06228,Premium,One year,0.149,Low,1117.56
S06364,Basic,One year,0.149,Low,400.32
S00125,Premium,One year,0.149,Low,1232.04
S01883,Premium,Month-to-month,0.149,Low,1135.56
S06856,Standard,One year,0.149,Low,728.52
S05145,Premium,One year,0.149,Low,1199.52
S04469,Standard,Month-to-month,0.149,Low,658.8
S02446,Premium,Month-to-month,0.148,Low,1330.8
S06458,Premium,One year,0.148,Low,1202.04
S04722,Basic,Month-to-month,0.148,Low,325.8
S00143,Basic,Month-to-month,0.148,Low,432.84
S05151,Basic,Month-to-month,0.148,Low,313.2
S03996,Premium,Month-to-month,0.148,Low,1135.08
S07021,Standard,Month-to-month,0.148,Low,698.76
S07549,Standard,One year,0.148,Low,804.24
S05182,Standard,Month-to-month,0.148,Low,701.64
S01626,Basic,Month-to-month,0.148,Low,274.56
S01500,Basic,One year,0.148,Low,366.0
S03477,Basic,Month-to-month,0.147,Low,458.52
S04483,Standard,Month-to-month,0.147,Low,671.28
S07795,Basic,One year,0.147,Low,345.48
S04602,Standard,Month-to-month,0.147,Low,762.84
S06897,Basic,Month-to-month,0.147,Low,274.92
S06432,Premium,One year,0.147,Low,1265.52
S04820,Standard,One year,0.147,Low,760.2
S07465,Basic,Month-to-month,0.147,Low,291.24
S07914,Standard,Month-to-month,0.147,Low,700.32
S01184,Premium,One year,0.147,Low,1214.04
S01416,Basic,Month-to-month,0.147,Low,340.32
S04678,Premium,Month-to-month,0.147,Low,1108.68
S00947,Basic,Month-to-month,0.147,Low,306.96
S03752,Basic,Month-to-month,0.147,Low,423.6
S02193,Standard,Month-to-month,0.147,Low,739.44
S07133,Basic,Month-to-month,0.147,Low,355.08
S03745,Standard,Month-to-month,0.146,Low,693.96
S06859,Basic,One year,0.146,Low,361.2
S05321,Standard,One year,0.146,Low,679.32
S03696,Premium,One year,0.146,Low,1218.96
S07282,Standard,Month-to-month,0.146,Low,692.76
S03889,Standard,One year,0.146,Low,658.44
S01346,Standard,Month-to-month,0.146,Low,801.72
S01007,Standard,Month-to-month,0.146,Low,676.44
S03507,Standard,Two year,0.146,Low,843.36
S07365,Standard,Month-to-month,0.146,Low,838.68
S02065,Premium,One year,0.146,Low,1215.72
S03196,Basic,Month-to-month,0.146,Low,282.12
S02331,Basic,Month-to-month,0.145,Low,322.92
S07028,Basic,Month-to-month,0.145,Low,273.96
S06726,Basic,Month-to-month,0.145,Low,412.32
S03396,Basic,Month-to-month,0.145,Low,301.56
S07481,Standard,Month-to-month,0.145,Low,711.36
S04069,Standard,Month-to-month,0.145,Low,772.44
S02222,Standard,Month-to-month,0.145,Low,595.08
S04871,Basic,Month-to-month,0.145,Low,365.04
S05560,Standard,One year,0.145,Low,675.96
S07143,Standard,Month-to-month,0.145,Low,665.52
S05970,Standard,Month-to-month,0.144,Low,677.16
S02964,Standard,Two year,0.144,Low,652.32
S03825,Basic,Month-to-month,0.144,Low,401.4
S07316,Premium,Month-to-month,0.144,Low,1253.88
S03475,Standard,Month-to-month,0.144,Low,830.76
S05814,Basic,Month-to-month,0.144,Low,236.76
S01621,Basic,One year,0.144,Low,265.56
S00778,Standard,One year,0.144,Low,772.8
S06246,Standard,Month-to-month,0.144,Low,737.04
S02092,Premium,Month-to-month,0.144,Low,1116.0
S01091,Standard,Month-to-month,0.144,Low,501.24
S03539,Standard,Month-to-month,0.144,Low,781.56
S07306,Basic,Month-to-month,0.144,Low,303.0
S01913,Basic,One year,0.144,Low,423.48
S02735,Standard,Month-to-month,0.143,Low,739.32
S07164,Standard,Month-to-month,0.143,Low,684.84
S04982,Standard,Month-to-month,0.143,Low,790.92
S05419,Basic,Month-to-month,0.143,Low,361.8
S05981,Basic,Month-to-month,0.143,Low,442.2
S00718,Premium,One year,0.143,Low,1278.36
S07424,Standard,Month-to-month,0.143,Low,797.04
S06323,Basic,Month-to-month,0.143,Low,272.88
S04542,Basic,Month-to-month,0.143,Low,296.52
S00323,Standard,One year,0.143,Low,769.92
S01553,Basic,Month-to-month,0.143,Low,338.64
S01981,Standard,One year,0.142,Low,732.48
S04709,Standard,Month-to-month,0.142,Low,664.92
S01361,Standard,Month-to-month,0.142,Low,809.52
S06123,Basic,Two year,0.142,Low,324.12
S02027,Standard,Month-to-month,0.142,Low,721.44
S00657,Basic,Month-to-month,0.142,Low,309.84
S06074,Basic,Month-to-month,0.142,Low,415.92
S04277,Basic,Month-to-month,0.142,Low,426.96
S01781,Premium,One year,0.142,Low,1207.92
S05067,Standard,One year,0.142,Low,702.48
S02991,Standard,One year,0.142,Low,679.2
S04304,Basic,Month-to-month,0.142,Low,183.48
S07684,Standard,One year,0.142,Low,663.96
S06817,Basic,One year,0.142,Low,411.6
S07610,Basic,Month-to-month,0.142,Low,337.92
S03587,Standard,Month-to-month,0.142,Low,733.56
S03945,Basic,One year,0.142,Low,261.96
S05071,Premium,Month-to-month,0.142,Low,1396.44
S06629,Basic,One year,0.142,Low,290.76
S06145,Basic,Month-to-month,0.141,Low,286.56
S02000,Standard,Month-to-month,0.141,Low,633.12
S05866,Basic,Month-to-month,0.141,Low,243.24
S06904,Basic,Month-to-month,0.141,Low,226.32
S01290,Standard,Month-to-month,0.141,Low,743.76
S05952,Premium,Month-to-month,0.141,Low,1191.36
S01866,Standard,Month-to-month,0.141,Low,682.8
S05098,Basic,Two year,0.141,Low,259.56
S05916,Standard,Month-to-month,0.141,Low,714.48
S00412,Basic,One year,0.141,Low,336.0
S01429,Basic,Month-to-month,0.141,Low,292.92
S05949,Standard,Month-to-month,0.14,Low,733.08
S02543,Standard,One year,0.14,Low,622.68
S06475,Basic,Month-to-month,0.14,Low,288.0
S06738,Standard,Month-to-month,0.14,Low,758.88
S02318,Premium,One year,0.14,Low,1090.44
S01140,Standard,One year,0.14,Low,714.36
S07666,Basic,Month-to-month,0.14,Low,335.52
S03287,Basic,One year,0.14,Low,352.56
S06084,Basic,One year,0.14,Low,409.2
S00691,Standard,Month-to-month,0.14,Low,565.44
S07352,Basic,One year,0.139,Low,408.96
S07975,Basic,Month-to-month,0.139,Low,386.76
S02106,Standard,Month-to-month,0.139,Low,768.0
S06574,Basic,One year,0.139,Low,347.64
S04403,Basic,Month-to-month,0.139,Low,404.88
S02076,Standard,Month-to-month,0.139,Low,804.72
S03239,Standard,One year,0.139,Low,766.8
S07706,Standard,Month-to-month,0.139,Low,683.64
S06299,Premium,Month-to-month,0.139,Low,1139.76
S03442,Standard,Month-to-month,0.139,Low,509.76
S00903,Standard,Two year,0.139,Low,759.36
S01748,Premium,Two year,0.139,Low,1132.56
S06424,Standard,One year,0.138,Low,658.08
S06332,Standard,Month-to-month,0.138,Low,664.32
S05912,Basic,Month-to-month,0.138,Low,304.08
S05974,Basic,One year,0.138,Low,361.2
S07116,Premium,Month-to-month,0.138,Low,1247.4
S03204,Basic,Month-to-month,0.138,Low,369.12
S06031,Premium,One year,0.138,Low,1102.44
S06004,Basic,Month-to-month,0.138,Low,416.64
S00356,Standard,Month-to-month,0.138,Low,602.52
S04236,Basic,One year,0.138,Low,345.96
S00592,Premium,One year,0.138,Low,1180.92
S04111,Standard,Month-to-month,0.138,Low,715.08
S04931,Premium,One year,0.138,Low,1104.48
S02704,Basic,One year,0.138,Low,367.32
S00079,Basic,One year,0.138,Low,300.48
S05435,Basic,Month-to-month,0.138,Low,313.2
S04192,Basic,Month-to-month,0.138,Low,298.44
S01061,Standard,One year,0.138,Low,732.48
S00083,Standard,One year,0.137,Low,623.88
S07328,Standard,Month-to-month,0.137,Low,812.04
S04886,Basic,Month-to-month,0.137,Low,386.76
S03280,Basic,Month-to-month,0.137,Low,304.08
S01104,Standard,One year,0.137,Low,798.36
S04193,Premium,One year,0.137,Low,1188.48
S03595,Standard,Month-to-month,0.137,Low,667.2
S07320,Basic,Month-to-month,0.137,Low,267.36
S07804,Standard,Month-to-month,0.137,Low,559.8
S02107,Standard,Month-to-month,0.137,Low,831.24
S04617,Standard,Month-to-month,0.137,Low,751.32
S00130,Basic,Month-to-month,0.137,Low,360.6
S03989,Standard,Month-to-month,0.137,Low,683.76
S00532,Premium,Month-to-month,0.137,Low,1348.8
S01355,Basic,Month-to-month,0.137,Low,289.8
S06691,Standard,One year,0.137,Low,714.36
S02138,Standard,Month-to-month,0.137,Low,861.48
S04773,Standard,One year,0.137,Low,749.64
S02805,Standard,Month-to-month,0.136,Low,819.48
S01736,Basic,Month-to-month,0.136,Low,271.68
S00241,Premium,Month-to-month,0.136,Low,1073.76
S07312,Basic,Month-to-month,0.136,Low,327.0
S00730,Standard,Month-to-month,0.136,Low,675.72
S02749,Standard,Month-to-month,0.136,Low,735.12
S00436,Standard,Month-to-month,0.136,Low,665.04
S04070,Basic,One year,0.136,Low,360.12
S03974,Basic,Month-to-month,0.136,Low,446.52
S07309,Standard,Month-to-month,0.136,Low,610.56
S07466,Standard,One year,0.136,Low,775.44
S02406,Standard,Month-to-month,0.136,Low,643.44
S03900,Standard,Month-to-month,0.136,Low,693.36
S03200,Basic,Month-to-month,0.136,Low,273.6
S01188,Standard,Month-to-month,0.136,Low,655.44
S02188,Standard,One year,0.136,Low,697.44
S06471,Premium,Month-to-month,0.136,Low,1237.2
S03573,Basic,Month-to-month,0.136,Low,383.04
S05781,Standard,One year,0.135,Low,816.6
S07798,Premium,Month-to-month,0.135,Low,1260.48
S00071,Standard,One year,0.135,Low,761.88
S03112,Standard,Month-to-month,0.135,Low,627.36
S02553,Premium,Two year,0.135,Low,1245.72
S02867,Basic,Month-to-month,0.135,Low,324.24
S04417,Standard,Month-to-month,0.135,Low,617.04
S05119,Standard,Month-to-month,0.135,Low,677.28
S03421,Standard,One year,0.135,Low,829.32
S01335,Premium,One year,0.135,Low,1152.6
S05945,Basic,One year,0.135,Low,340.68
S00109,Basic,Month-to-month,0.135,Low,284.16
S04528,Premium,One year,0.135,Low,1206.72
S02691,Basic,Month-to-month,0.135,Low,343.08
S07237,Premium,One year,0.135,Low,1167.6
S05895,Basic,Month-to-month,0.135,Low,366.12
S04924,Basic,One year,0.135,Low,287.4
S00729,Basic,Month-to-month,0.135,Low,405.36
S07714,Basic,Month-to-month,0.135,Low,423.72
S07348,Basic,One year,0.135,Low,301.44
S02240,Basic,Month-to-month,0.135,Low,378.6
S07250,Standard,Two year,0.135,Low,730.2
S05252,Standard,Month-to-month,0.135,Low,605.4
S05723,Basic,Month-to-month,0.135,Low,163.32
S05490,Premium,Month-to-month,0.135,Low,1044.96
S03249,Basic,One year,0.134,Low,386.4
S02524,Standard,Month-to-month,0.134,Low,629.76
S07806,Basic,Month-to-month,0.134,Low,418.08
S03581,Basic,Month-to-month,0.134,Low,363.72
S07567,Standard,Month-to-month,0.134,Low,696.84
S02206,Standard,One year,0.134,Low,651.12
S03725,Basic,Month-to-month,0.134,Low,402.84
S05644,Basic,Month-to-month,0.134,Low,283.92
S03001,Premium,Month-to-month,0.134,Low,1167.72
S02571,Standard,Month-to-month,0.134,Low,589.56
S05101,Premium,One year,0.134,Low,1108.32
S06273,Basic,Month-to-month,0.134,Low,425.52
S01920,Premium,One year,0.134,Low,1164.6
S05957,Standard,Month-to-month,0.134,Low,691.8
S01471,Basic,Month-to-month,0.134,Low,223.8
S02659,Basic,Month-to-month,0.134,Low,292.8
S02136,Premium,One year,0.133,Low,1161.0
S00887,Basic,Month-to-month,0.133,Low,263.04
S03256,Standard,Month-to-month,0.133,Low,805.92
S03751,Basic,Month-to-month,0.133,Low,355.68
S05594,Basic,Month-to-month,0.133,Low,253.08
S03916,Basic,Month-to-month,0.133,Low,345.96
S01232,Basic,Month-to-month,0.133,Low,372.24
S07797,Standard,Month-to-month,0.133,Low,637.44
S03597,Standard,One year,0.133,Low,767.64
S06737,Standard,One year,0.133,Low,684.12
S07679,Basic,One year,0.133,Low,234.48
S00145,Basic,Month-to-month,0.132,Low,240.96
S02708,Basic,One year,0.132,Low,280.32
S03324,Basic,Month-to-month,0.132,Low,348.96
S06675,Standard,Month-to-month,0.132,Low,641.28
S01464,Standard,Month-to-month,0.132,Low,638.4
S00246,Basic,Month-to-month,0.132,Low,280.68
S06215,Standard,Month-to-month,0.132,Low,659.64
S07249,Basic,One year,0.132,Low,296.16
S06148,Basic,Month-to-month,0.132,Low,245.4
S07024,Standard,Two year,0.132,Low,701.88
S02623,Basic,Month-to-month,0.131,Low,267.12
S03177,Basic,Month-to-month,0.131,Low,358.8
S03596,Basic,Month-to-month,0.131,Low,372.24
S07555,Basic,Month-to-month,0.131,Low,320.16
S05116,Standard,Month-to-month,0.131,Low,663.12
S01774,Basic,One year,0.131,Low,255.84
S01071,Premium,Month-to-month,0.131,Low,1280.4
S05787,Premium,One year,0.131,Low,1095.84
S03127,Basic,Two year,0.131,Low,491.64
S07449,Basic,Month-to-month,0.131,Low,390.84
S02894,Premium,Month-to-month,0.131,Low,1150.2
S04189,Basic,Month-to-month,0.131,Low,348.96
S01721,Basic,Month-to-month,0.131,Low,377.4
S06473,Standard,Month-to-month,0.131,Low,623.16
S02948,Basic,One year,0.131,Low,389.88
S04553,Premium,One year,0.131,Low,1207.68
S05307,Premium,One year,0.131,Low,1085.16
S04539,Standard,Month-to-month,0.131,Low,684.48
S07951,Standard,Month-to-month,0.131,Low,735.84
S05201,Basic,Month-to-month,0.131,Low,446.52
S03213,Standard,One year,0.131,Low,719.76
S01187,Basic,Month-to-month,0.131,Low,336.84
S02219,Standard,Month-to-month,0.131,Low,626.4
S03182,Basic,One year,0.13,Low,380.28
S04687,Basic,Month-to-month,0.13,Low,348.12
S02043,Premium,Two year,0.13,Low,1254.36
S05604,Standard,Month-to-month,0.13,Low,670.2
S00762,Standard,One year,0.13,Low,806.16
S01216,Premium,One year,0.13,Low,1178.76
S07186,Basic,One year,0.13,Low,217.8
S07459,Standard,One year,0.13,Low,738.72
S04938,Premium,Month-to-month,0.13,Low,1128.84
S07239,Standard,One year,0.13,Low,582.6
S01151,Standard,Month-to-month,0.13,Low,555.72
S04882,Basic,Month-to-month,0.13,Low,461.64
S01386,Basic,Month-to-month,0.13,Low,260.28
S01976,Standard,Month-to-month,0.13,Low,725.88
S02392,Standard,One year,0.13,Low,694.08
S04170,Premium,One year,0.13,Low,1111.2
S05389,Standard,One year,0.13,Low,679.92
S02149,Standard,Month-to-month,0.13,Low,707.4
S05227,Standard,Month-to-month,0.13,Low,701.28
S01786,Standard,Month-to-month,0.13,Low,675.12
S02528,Standard,Month-to-month,0.13,Low,716.28
S07961,Premium,Month-to-month,0.13,Low,1339.44
S01656,Basic,Month-to-month,0.13,Low,431.4
S00365,Basic,One year,0.129,Low,326.52
S00681,Standard,Month-to-month,0.129,Low,609.48
S04064,Basic,Month-to-month,0.129,Low,388.68
S05876,Standard,Month-to-month,0.129,Low,637.56
S07040,Standard,One year,0.129,Low,788.76
S02216,Premium,One year,0.129,Low,1090.08
S03346,Basic,Month-to-month,0.129,Low,280.2
S03383,Standard,Two year,0.129,Low,646.32
S03371,Basic,Month-to-month,0.129,Low,306.6
S03893,Basic,Month-to-month,0.129,Low,234.36
S05091,Basic,Month-to-month,0.129,Low,483.72
S07359,Premium,One year,0.129,Low,1141.68
S07852,Premium,One year,0.129,Low,1269.6
S02084,Standard,Two year,0.129,Low,659.4
S07759,Standard,One year,0.129,Low,577.56
S04148,Standard,One year,0.129,Low,752.52
S03971,Premium,Two year,0.129,Low,1220.52
S00245,Basic,Month-to-month,0.129,Low,297.72
S01208,Standard,Month-to-month,0.129,Low,723.12
S07089,Standard,One year,0.128,Low,678.84
S03530,Standard,Month-to-month,0.128,Low,831.84
S04057,Standard,One year,0.128,Low,738.96
S03093,Basic,Month-to-month,0.128,Low,392.52
S04590,Basic,Month-to-month,0.128,Low,396.48
S01701,Basic,Month-to-month,0.128,Low,191.88
S04551,Standard,Month-to-month,0.128,Low,637.56
S04398,Standard,Month-to-month,0.128,Low,731.28
S01009,Standard,Month-to-month,0.128,Low,631.44
S05209,Standard,Month-to-month,0.128,Low,754.56
S00518,Standard,One year,0.128,Low,672.6
S03576,Basic,Two year,0.128,Low,270.84
S07265,Standard,Month-to-month,0.128,Low,727.2
S00220,Standard,One year,0.128,Low,606.6
S03691,Standard,Two year,0.128,Low,748.2
S07614,Basic,Month-to-month,0.128,Low,307.8
S07041,Standard,One year,0.128,Low,732.12
S01267,Standard,One year,0.128,Low,752.04
S04036,Basic,Month-to-month,0.128,Low,315.72
S01297,Basic,One year,0.128,Low,366.72
S01050,Basic,One year,0.127,Low,420.6
S05686,Standard,Month-to-month,0.127,Low,732.48
S02456,Basic,Month-to-month,0.127,Low,348.24
S00902,Standard,One year,0.127,Low,626.76
S06019,Standard,Month-to-month,0.127,Low,766.08
S03993,Standard,Month-to-month,0.127,Low,617.16
S00850,Basic,Month-to-month,0.127,Low,279.96
S01380,Basic,One year,0.127,Low,161.76
S07121,Premium,Two year,0.127,Low,1265.16
S02155,Standard,Month-to-month,0.127,Low,774.24
S03236,Basic,One year,0.127,Low,388.56
S07709,Premium,One year,0.127,Low,1132.92
S02003,Premium,Two year,0.127,Low,1146.84
S04509,Basic,Month-to-month,0.127,Low,417.36
S05231,Standard,Month-to-month,0.127,Low,655.44
S04018,Standard,Month-to-month,0.127,Low,629.04
S05633,Standard,One year,0.127,Low,802.8
S04388,Basic,Month-to-month,0.127,Low,351.6
S05246,Standard,Month-to-month,0.127,Low,679.32
S00461,Basic,Month-to-month,0.127,Low,403.68
S04836,Basic,Month-to-month,0.127,Low,544.08
S06689,Basic,Month-to-month,0.127,Low,427.8
S02290,Basic,Month-to-month,0.127,Low,316.2
S03444,Standard,Two year,0.126,Low,827.16
S04910,Basic,Month-to-month,0.126,Low,391.44
S02070,Basic,Month-to-month,0.126,Low,406.08
S05160,Basic,One year,0.126,Low,408.84
S02421,Basic,Month-to-month,0.126,Low,383.4
S05126,Premium,Month-to-month,0.126,Low,1238.16
S05215,Standard,Month-to-month,0.126,Low,732.96
S04850,Basic,Month-to-month,0.126,Low,370.2
S03518,Basic,Month-to-month,0.126,Low,318.96
S05926,Basic,Month-to-month,0.126,Low,399.24
S01712,Standard,Month-to-month,0.126,Low,652.56
S03551,Basic,Month-to-month,0.126,Low,375.48
S03358,Standard,One year,0.126,Low,691.2
S06797,Standard,One year,0.125,Low,872.88
S00128,Standard,Month-to-month,0.125,Low,668.4
S05622,Basic,Month-to-month,0.125,Low,425.28
S06371,Basic,Two year,0.125,Low,273.48
S07890,Standard,One year,0.125,Low,655.56
S05370,Standard,One year,0.125,Low,753.24
S05111,Basic,Month-to-month,0.125,Low,488.88
S02696,Basic,One year,0.125,Low,400.2
S01698,Basic,One year,0.125,Low,369.0
S07112,Standard,Month-to-month,0.125,Low,678.48
S07619,Standard,One year,0.125,Low,677.28
S04714,Basic,One year,0.125,Low,328.92
S03037,Basic,Month-to-month,0.125,Low,353.88
S06452,Basic,Month-to-month,0.125,Low,287.76
S05112,Basic,Month-to-month,0.125,Low,357.72
S02272,Basic,Month-to-month,0.124,Low,287.16
S06345,Basic,Month-to-month,0.124,Low,381.12
S00837,Standard,One year,0.124,Low,726.96
S07828,Basic,Month-to-month,0.124,Low,258.84
S02230,Basic,Month-to-month,0.124,Low,307.2
S07810,Basic,Month-to-month,0.124,Low,273.0
S01165,Basic,Month-to-month,0.124,Low,342.6
S02825,Basic,Two year,0.124,Low,396.36
S06864,Basic,Month-to-month,0.124,Low,358.56
S03849,Basic,One year,0.124,Low,404.28
S07524,Standard,One year,0.124,Low,678.24
S03569,Basic,One year,0.124,Low,216.84
S05133,Basic,Month-to-month,0.124,Low,337.56
S07631,Basic,Month-to-month,0.124,Low,287.76
S04178,Basic,Month-to-month,0.124,Low,328.2
S03292,Standard,One year,0.124,Low,669.0
S04292,Basic,Month-to-month,0.124,Low,233.4
S01517,Basic,One year,0.123,Low,342.96
S07858,Premium,Month-to-month,0.123,Low,1177.08
S02208,Standard,Month-to-month,0.123,Low,694.92
S07536,Basic,Month-to-month,0.123,Low,409.92
S00982,Standard,One year,0.123,Low,713.28
S00295,Premium,One year,0.123,Low,1241.04
S02695,Basic,Month-to-month,0.123,Low,324.84
S07926,Basic,One year,0.123,Low,348.96
S06405,Premium,Month-to-month,0.123,Low,1172.04
S05212,Basic,Two year,0.123,Low,281.64
S07059,Standard,One year,0.123,Low,766.8
S01447,Basic,Month-to-month,0.123,Low,359.64
S07821,Standard,Month-to-month,0.123,Low,643.32
S07922,Basic,Month-to-month,0.123,Low,295.2
S04291,Premium,One year,0.123,Low,1209.48
S04297,Basic,Month-to-month,0.122,Low,326.88
S06830,Standard,One year,0.122,Low,662.28
S00031,Basic,Month-to-month,0.122,Low,330.24
S00253,Basic,Month-to-month,0.122,Low,298.32
S02832,Basic,Month-to-month,0.122,Low,315.84
S04072,Premium,Two year,0.122,Low,1158.48
S04250,Standard,Month-to-month,0.122,Low,698.76
S02548,Standard,Month-to-month,0.122,Low,502.08
S04524,Premium,Month-to-month,0.122,Low,1153.44
S04240,Standard,Month-to-month,0.122,Low,694.92
S06501,Standard,Month-to-month,0.122,Low,668.04
S02069,Basic,One year,0.122,Low,387.48
S04260,Standard,Month-to-month,0.122,Low,794.64
S04257,Premium,Month-to-month,0.122,Low,1157.52
S05586,Basic,One year,0.122,Low,369.72
S05216,Standard,Month-to-month,0.122,Low,563.4
S06193,Premium,Month-to-month,0.122,Low,1210.92
S03953,Premium,Two year,0.121,Low,1197.96
S06156,Basic,Month-to-month,0.121,Low,338.64
S00469,Standard,Month-to-month,0.121,Low,650.88
S06976,Standard,One year,0.121,Low,736.92
S07499,Basic,One year,0.121,Low,322.8
S02842,Standard,One year,0.121,Low,708.72
S01396,Basic,Month-to-month,0.121,Low,397.8
S04567,Basic,One year,0.121,Low,444.84
S04294,Standard,Month-to-month,0.121,Low,724.68
S01114,Basic,One year,0.121,Low,299.76
S05421,Standard,Month-to-month,0.121,Low,698.04
S03034,Standard,Month-to-month,0.121,Low,742.44
S02120,Standard,Month-to-month,0.121,Low,848.28
S05018,Standard,One year,0.121,Low,789.96
S01917,Premium,One year,0.121,Low,1311.6
S04094,Basic,Month-to-month,0.121,Low,302.28
S07620,Standard,Two year,0.121,Low,761.4
S07149,Premium,Month-to-month,0.121,Low,1166.64
S04407,Standard,One year,0.121,Low,783.6
S07022,Basic,Month-to-month,0.121,Low,227.52
S06517,Standard,Month-to-month,0.12,Low,756.12
S00717,Standard,Month-to-month,0.12,Low,652.32
S07822,Basic,Month-to-month,0.12,Low,266.04
S02799,Standard,Month-to-month,0.12,Low,728.76
S02723,Basic,One year,0.12,Low,375.96
S05951,Basic,Month-to-month,0.12,Low,347.64
S00407,Basic,One year,0.12,Low,441.6
S07900,Standard,Month-to-month,0.12,Low,677.64
S03368,Standard,One year,0.12,Low,695.4
S00753,Standard,Month-to-month,0.12,Low,625.2
S05878,Premium,Month-to-month,0.12,Low,1180.8
S04876,Standard,Month-to-month,0.12,Low,765.12
S01549,Standard,Month-to-month,0.12,Low,646.56
S07409,Basic,Month-to-month,0.12,Low,274.32
S07603,Standard,Month-to-month,0.12,Low,770.88
S06293,Standard,Two year,0.12,Low,721.68
S02956,Basic,One year,0.12,Low,312.84
S04131,Premium,Month-to-month,0.12,Low,1270.92
S03925,Standard,One year,0.12,Low,736.2
S00455,Standard,One year,0.119,Low,639.0
S05082,Basic,Month-to-month,0.119,Low,452.52
S00894,Standard,Month-to-month,0.119,Low,653.52
S06986,Basic,One year,0.119,Low,253.56
S07453,Basic,Month-to-month,0.119,Low,330.24
S06413,Standard,Month-to-month,0.119,Low,533.4
S04622,Basic,Month-to-month,0.119,Low,268.44
S05747,Premium,One year,0.119,Low,1191.24
S05384,Basic,Month-to-month,0.119,Low,184.32
S04884,Standard,Month-to-month,0.119,Low,659.16
S07146,Standard,Two year,0.119,Low,732.84
S04554,Premium,One year,0.119,Low,1325.16
S02952,Standard,Month-to-month,0.119,Low,723.96
S05865,Basic,Month-to-month,0.119,Low,344.04
S05416,Standard,Month-to-month,0.119,Low,656.64
S06444,Standard,Month-to-month,0.119,Low,695.76
S05664,Basic,Two year,0.119,Low,453.6
S06244,Standard,Month-to-month,0.118,Low,663.96
S01846,Basic,Month-to-month,0.118,Low,427.2
S06821,Premium,Month-to-month,0.118,Low,1209.72
S05222,Basic,Two year,0.118,Low,439.8
S02573,Premium,One year,0.118,Low,1257.0
S04279,Basic,Month-to-month,0.118,Low,256.68
S06380,Basic,Two year,0.118,Low,429.72
S00564,Basic,Month-to-month,0.118,Low,252.6
S04787,Premium,Month-to-month,0.118,Low,1138.92
S05060,Basic,Month-to-month,0.118,Low,379.2
S02917,Basic,Month-to-month,0.118,Low,227.16
S05700,Standard,Two year,0.118,Low,725.76
S01827,Basic,One year,0.118,Low,509.28
S00022,Basic,Month-to-month,0.118,Low,324.6
S07506,Basic,Month-to-month,0.118,Low,373.2
S04052,Basic,Month-to-month,0.118,Low,340.56
S03173,Premium,Month-to-month,0.118,Low,1218.6
S01302,Standard,One year,0.118,Low,762.72
S03466,Basic,Month-to-month,0.118,Low,377.16
S05745,Standard,One year,0.118,Low,663.84
S07928,Standard,One year,0.118,Low,852.84
S07606,Basic,Month-to-month,0.118,Low,266.88
S07313,Premium,Month-to-month,0.118,Low,1143.6
S07523,Basic,Month-to-month,0.118,Low,283.56
S04778,Basic,Month-to-month,0.117,Low,255.48
S00675,Basic,Month-to-month,0.117,Low,312.36
S01105,Standard,Month-to-month,0.117,Low,765.24
S04411,Standard,Month-to-month,0.117,Low,705.6
S06504,Standard,Month-to-month,0.117,Low,647.88
S03441,Standard,Month-to-month,0.117,Low,745.8
S00698,Premium,One year,0.117,Low,1082.04
S01889,Premium,One year,0.117,Low,1287.72
S06785,Basic,One year,0.117,Low,291.0
S05972,Basic,Month-to-month,0.117,Low,325.08
S07056,Basic,Month-to-month,0.117,Low,321.36
S06875,Standard,Month-to-month,0.117,Low,694.92
S02907,Basic,Month-to-month,0.117,Low,291.96
S04892,Basic,Month-to-month,0.117,Low,357.12
S02489,Basic,One year,0.117,Low,353.04
S06379,Basic,One year,0.117,Low,395.04
S05978,Premium,One year,0.117,Low,1080.6
S01555,Standard,One year,0.117,Low,580.32
S04869,Standard,Month-to-month,0.117,Low,758.64
S03716,Basic,Month-to-month,0.117,Low,393.72
S00369,Basic,Two year,0.116,Low,496.44
S00658,Standard,Month-to-month,0.116,Low,604.32
S01013,Basic,Month-to-month,0.116,Low,335.04
S03000,Premium,Two year,0.116,Low,1016.88
S01710,Premium,One year,0.116,Low,1181.88
S01332,Basic,Month-to-month,0.116,Low,319.92
S00042,Premium,Two year,0.116,Low,1222.68
S04618,Premium,One year,0.116,Low,1295.88
S05083,Basic,One year,0.116,Low,416.16
S00672,Basic,Month-to-month,0.116,Low,353.64
S03039,Premium,One year,0.116,Low,1238.28
S01141,Standard,Month-to-month,0.116,Low,799.68
S04885,Basic,One year,0.116,Low,303.48
S05174,Standard,One year,0.116,Low,657.24
S03357,Premium,Month-to-month,0.116,Low,1218.24
S02985,Basic,Month-to-month,0.116,Low,306.12
S06502,Premium,One year,0.116,Low,1224.12
S05011,Standard,One year,0.116,Low,707.16
S02851,Basic,Month-to-month,0.115,Low,341.16
S05669,Premium,Month-to-month,0.115,Low,1212.6
S07047,Basic,Month-to-month,0.115,Low,247.8
S04216,Basic,Month-to-month,0.115,Low,400.32
S06732,Basic,Month-to-month,0.115,Low,404.52
S00010,Standard,Month-to-month,0.115,Low,666.96
S02599,Premium,Month-to-month,0.115,Low,1215.72
S05666,Standard,One year,0.115,Low,742.92
S03156,Basic,Month-to-month,0.115,Low,338.28
S07978,Basic,One year,0.115,Low,440.64
S04127,Basic,One year,0.115,Low,309.84
S03815,Premium,Month-to-month,0.115,Low,1124.64
S05080,Basic,Month-to-month,0.115,Low,436.2
S03559,Premium,Two year,0.115,Low,1265.52
S04896,Standard,One year,0.115,Low,616.68
S06853,Basic,One year,0.115,Low,330.84
S07518,Premium,Month-to-month,0.115,Low,1122.84
S04471,Basic,Month-to-month,0.114,Low,433.44
S02761,Basic,Month-to-month,0.114,Low,296.52
S00794,Standard,One year,0.114,Low,853.32
S07793,Basic,Month-to-month,0.114,Low,408.72
S04199,Basic,One year,0.114,Low,415.2
S03006,Basic,Month-to-month,0.114,Low,367.8
S00452,Premium,One year,0.114,Low,1170.24
S06807,Standard,One year,0.114,Low,809.88
S04644,Standard,One year,0.114,Low,684.96
S05328,Basic,Month-to-month,0.114,Low,436.2
S03694,Premium,One year,0.114,Low,1310.64
S06254,Standard,Two year,0.114,Low,712.8
S06054,Basic,One year,0.114,Low,351.6
S02569,Basic,One year,0.114,Low,338.52
S00224,Standard,One year,0.114,Low,636.48
S07484,Standard,Month-to-month,0.114,Low,548.04
S07538,Standard,Month-to-month,0.114,Low,695.88
S07964,Standard,One year,0.114,Low,708.84
S02288,Standard,Month-to-month,0.114,Low,649.92
S04484,Premium,Two year,0.114,Low,1194.72
S01584,Standard,Month-to-month,0.114,Low,628.92
S00928,Standard,Month-to-month,0.114,Low,618.84
S02419,Standard,Two year,0.114,Low,693.0
S07280,Standard,Month-to-month,0.114,Low,607.44
S01714,Basic,Month-to-month,0.113,Low,426.0
S00191,Basic,Month-to-month,0.113,Low,293.16
S03997,Premium,One year,0.113,Low,1190.28
S03430,Basic,Month-to-month,0.113,Low,323.52
S06373,Basic,Two year,0.113,Low,284.76
S02756,Basic,Month-to-month,0.113,Low,367.44
S00931,Basic,Month-to-month,0.113,Low,345.84
S06895,Basic,One year,0.113,Low,300.96
S05149,Basic,Month-to-month,0.113,Low,335.88
S01220,Basic,Month-to-month,0.113,Low,395.76
S01321,Premium,One year,0.113,Low,1175.28
S03381,Standard,Two year,0.113,Low,699.48
S01811,Basic,Month-to-month,0.113,Low,294.96
S05238,Standard,One year,0.113,Low,744.0
S07383,Standard,One year,0.112,Low,590.64
S00923,Standard,Month-to-month,0.112,Low,712.32
S04393,Basic,Month-to-month,0.112,Low,454.68
S01485,Premium,Month-to-month,0.112,Low,1122.24
S03016,Standard,Month-to-month,0.112,Low,731.16
S02550,Premium,Month-to-month,0.112,Low,1091.88
S03872,Standard,Month-to-month,0.112,Low,609.96
S05337,Premium,One year,0.112,Low,1261.56
S04102,Premium,One year,0.112,Low,1133.64
S06445,Basic,Month-to-month,0.112,Low,401.88
S04346,Basic,Month-to-month,0.112,Low,312.12
S03241,Standard,One year,0.112,Low,734.88
S05077,Basic,Month-to-month,0.112,Low,369.96
S02933,Standard,One year,0.112,Low,742.92
S06497,Standard,One year,0.112,Low,721.56
S02371,Basic,Month-to-month,0.111,Low,435.12
S04008,Basic,Month-to-month,0.111,Low,300.12
S05756,Basic,Month-to-month,0.111,Low,225.96
S03808,Basic,Month-to-month,0.111,Low,449.28
S06448,Basic,Month-to-month,0.111,Low,426.96
S05468,Premium,One year,0.111,Low,1218.48
S07474,Premium,Two year,0.111,Low,1286.76
S01649,Basic,Month-to-month,0.111,Low,370.8
S04636,Premium,Month-to-month,0.111,Low,1222.56
S05753,Standard,One year,0.111,Low,686.04
S07083,Standard,Month-to-month,0.111,Low,711.84
S05394,Basic,One year,0.111,Low,412.32
S01767,Standard,One year,0.111,Low,602.64
S03969,Standard,Month-to-month,0.111,Low,617.16
S00737,Premium,One year,0.111,Low,1155.36
S02310,Basic,One year,0.111,Low,507.48
S01990,Standard,Two year,0.111,Low,824.04
S05635,Standard,Month-to-month,0.11,Low,795.96
S05139,Basic,Month-to-month,0.11,Low,398.76
S02336,Premium,One year,0.11,Low,1182.72
S03659,Standard,One year,0.11,Low,736.8
S05373,Basic,One year,0.11,Low,366.12
S07569,Premium,Month-to-month,0.11,Low,1222.08
S03578,Basic,One year,0.11,Low,366.24
S07340,Basic,Month-to-month,0.11,Low,230.52
S06522,Basic,Month-to-month,0.11,Low,225.0
S02505,Basic,Month-to-month,0.11,Low,321.84
S01666,Standard,Month-to-month,0.11,Low,734.52
S01841,Premium,Two year,0.11,Low,1176.12
S03189,Standard,Month-to-month,0.11,Low,699.0
S06626,Standard,Month-to-month,0.11,Low,768.0
S00151,Standard,Month-to-month,0.11,Low,690.0
S02808,Standard,Month-to-month,0.11,Low,747.6
S06341,Standard,One year,0.11,Low,751.68
S02778,Premium,Month-to-month,0.11,Low,1195.2
S00866,Standard,Month-to-month,0.109,Low,820.8
S03965,Premium,One year,0.109,Low,1179.24
S03706,Standard,One year,0.109,Low,660.12
S01469,Basic,One year,0.109,Low,311.64
S07043,Basic,Month-to-month,0.109,Low,298.2
S03266,Standard,Two year,0.109,Low,746.4
S01582,Standard,One year,0.109,Low,705.48
S02115,Standard,Two year,0.109,Low,654.84
S03879,Basic,Month-to-month,0.109,Low,372.84
S01481,Standard,Month-to-month,0.109,Low,697.68
S04573,Standard,One year,0.109,Low,717.12
S05875,Premium,Two year,0.109,Low,1207.08
S04956,Standard,One year,0.109,Low,736.56
S03647,Standard,Two year,0.109,Low,689.52
S04865,Standard,One year,0.109,Low,544.8
S03845,Standard,Month-to-month,0.109,Low,761.88
S06680,Basic,Month-to-month,0.109,Low,318.84
S06319,Premium,One year,0.109,Low,1128.24
S00909,Basic,Month-to-month,0.109,Low,220.08
S04550,Basic,One year,0.109,Low,307.44
S01615,Basic,Month-to-month,0.109,Low,277.44
S01039,Basic,Two year,0.109,Low,322.08
S07691,Standard,One year,0.109,Low,708.0
S07597,Standard,Month-to-month,0.109,Low,688.68
S03195,Standard,Month-to-month,0.108,Low,820.2
S01520,Standard,Month-to-month,0.108,Low,791.04
S07848,Basic,Month-to-month,0.108,Low,370.2
S04958,Basic,Month-to-month,0.108,Low,388.56
S04755,Standard,One year,0.108,Low,563.52
S03290,Basic,One year,0.108,Low,425.76
S06494,Basic,One year,0.108,Low,251.88
S00759,Basic,Month-to-month,0.108,Low,389.4
S02930,Basic,Month-to-month,0.108,Low,330.96
S05300,Basic,Month-to-month,0.108,Low,223.32
S05764,Standard,Month-to-month,0.108,Low,621.72
S06962,Standard,Month-to-month,0.108,Low,632.16
S07261,Basic,One year,0.108,Low,321.48
S01124,Basic,One year,0.108,Low,303.96
S04935,Standard,One year,0.108,Low,679.68
S00913,Basic,One year,0.108,Low,370.68
S03257,Basic,One year,0.108,Low,276.12
S03756,Basic,Month-to-month,0.108,Low,513.84
S06411,Standard,Month-to-month,0.107,Low,757.32
S00342,Premium,Month-to-month,0.107,Low,1108.8
S00750,Standard,Month-to-month,0.107,Low,675.12
S00776,Standard,Month-to-month,0.107,Low,777.84
S04413,Standard,One year,0.107,Low,601.2
S02144,Standard,Month-to-month,0.107,Low,658.68
S00133,Basic,Month-to-month,0.107,Low,294.0
S00614,Basic,Month-to-month,0.107,Low,308.64
S06596,Standard,One year,0.107,Low,735.24
S01857,Premium,One year,0.107,Low,1087.2
S05786,Standard,Month-to-month,0.107,Low,627.24
S04207,Standard,Month-to-month,0.107,Low,554.16
S05441,Standard,One year,0.107,Low,716.16
S00951,Premium,One year,0.107,Low,1241.16
S01284,Basic,Month-to-month,0.107,Low,362.04
S02517,Standard,Month-to-month,0.107,Low,686.4
S04570,Basic,One year,0.107,Low,361.2
S01525,Basic,Two year,0.107,Low,427.68
S05206,Standard,Month-to-month,0.106,Low,698.88
S06793,Basic,Month-to-month,0.106,Low,504.36
S06553,Basic,Month-to-month,0.106,Low,294.36
S06558,Standard,One year,0.106,Low,603.48
S05142,Basic,One year,0.106,Low,300.84
S03097,Basic,Month-to-month,0.106,Low,386.52
S04478,Standard,Month-to-month,0.106,Low,601.08
S07941,Basic,Month-to-month,0.106,Low,408.6
S06818,Standard,One year,0.106,Low,644.4
S03492,Basic,Month-to-month,0.106,Low,406.44
S00840,Basic,One year,0.106,Low,247.8
S07977,Standard,Month-to-month,0.106,Low,735.36
S04733,Basic,Month-to-month,0.106,Low,286.56
S01890,Standard,Month-to-month,0.105,Low,704.88
S07300,Basic,One year,0.105,Low,273.96
S07581,Basic,Month-to-month,0.105,Low,410.4
S03803,Basic,One year,0.105,Low,395.52
S06347,Premium,One year,0.105,Low,1128.48
S03937,Basic,Month-to-month,0.105,Low,455.76
S06526,Premium,Month-to-month,0.105,Low,1344.6
S07551,Standard,One year,0.105,Low,741.48
S02377,Basic,Month-to-month,0.105,Low,351.36
S04141,Premium,One year,0.105,Low,1071.96
S01470,Standard,Month-to-month,0.105,Low,743.4
S07160,Standard,One year,0.105,Low,719.76
S01989,Basic,Month-to-month,0.105,Low,323.16
S04646,Standard,Month-to-month,0.105,Low,749.4
S05748,Standard,Month-to-month,0.104,Low,812.76
S00956,Basic,Month-to-month,0.104,Low,217.08
S00014,Basic,Month-to-month,0.104,Low,334.68
S01576,Standard,Month-to-month,0.104,Low,673.08
S02029,Premium,Month-to-month,0.104,Low,1245.72
S00937,Standard,Two year,0.104,Low,697.68
S05789,Basic,One year,0.104,Low,146.76
S00586,Basic,Two year,0.104,Low,431.88
S04137,Standard,One year,0.104,Low,687.36
S04306,Basic,One year,0.104,Low,365.88
S07066,Standard,One year,0.104,Low,831.24
S06357,Basic,Month-to-month,0.104,Low,359.76
S00386,Standard,Month-to-month,0.104,Low,635.64
S07127,Standard,One year,0.104,Low,618.36
S05834,Basic,Month-to-month,0.104,Low,335.76
S05855,Standard,Month-to-month,0.104,Low,812.88
S03698,Standard,Month-to-month,0.104,Low,766.56
S01483,Standard,Month-to-month,0.104,Low,710.52
S06122,Standard,Month-to-month,0.103,Low,685.32
S01994,Premium,One year,0.103,Low,1188.96
S04729,Standard,Month-to-month,0.103,Low,559.44
S04185,Basic,Month-to-month,0.103,Low,392.52
S01542,Premium,Month-to-month,0.103,Low,1135.44
S02765,Standard,Month-to-month,0.103,Low,640.68
S05800,Basic,One year,0.103,Low,381.84
S00423,Premium,Month-to-month,0.103,Low,1150.68
S06342,Standard,Month-to-month,0.103,Low,646.92
S01869,Basic,One year,0.103,Low,429.24
S00812,Basic,Month-to-month,0.103,Low,380.28
S03178,Basic,Month-to-month,0.103,Low,299.52
S07703,Basic,Two year,0.103,Low,358.44
S07234,Basic,Month-to-month,0.103,Low,393.36
S07671,Premium,One year,0.103,Low,1087.08
S03410,Premium,Two year,0.102,Low,1232.88
S04868,Standard,One year,0.102,Low,642.48
S06321,Standard,Two year,0.102,Low,725.88
S02054,Standard,Month-to-month,0.102,Low,829.08
S06901,Standard,One year,0.102,Low,713.64
S02477,Basic,One year,0.102,Low,300.96
S06146,Premium,Two year,0.102,Low,1262.88
S03591,Basic,Month-to-month,0.102,Low,350.16
S02448,Basic,One year,0.102,Low,268.56
S01206,Basic,Two year,0.102,Low,352.2
S02919,Basic,Month-to-month,0.102,Low,537.6
S03964,Standard,Two year,0.102,Low,658.8
S03048,Standard,One year,0.102,Low,758.76
S06430,Standard,Month-to-month,0.102,Low,835.44
S00288,Standard,One year,0.102,Low,788.64
S02009,Standard,Month-to-month,0.102,Low,711.36
S07585,Standard,One year,0.102,Low,853.68
S07541,Basic,Month-to-month,0.102,Low,218.64
S01301,Basic,Month-to-month,0.102,Low,339.72
S06940,Basic,One year,0.102,Low,356.64
S02241,Basic,One year,0.101,Low,308.64
S01034,Basic,Month-to-month,0.101,Low,372.84
S03405,Standard,One year,0.101,Low,780.36
S07967,Basic,Month-to-month,0.101,Low,265.44
S06197,Premium,Two year,0.101,Low,1039.32
S00701,Basic,One year,0.101,Low,402.96
S04149,Standard,One year,0.101,Low,646.92
S03517,Standard,Two year,0.101,Low,657.12
S06699,Standard,One year,0.101,Low,645.36
S00653,Basic,One year,0.101,Low,352.2
S07685,Standard,Month-to-month,0.101,Low,658.32
S01745,Basic,Month-to-month,0.101,Low,368.76
S02710,Basic,One year,0.101,Low,336.24
S03484,Premium,One year,0.101,Low,1245.48
S00354,Basic,Month-to-month,0.101,Low,370.2
S00227,Standard,One year,0.101,Low,739.32
S02173,Standard,One year,0.101,Low,796.2
S05429,Basic,Month-to-month,0.101,Low,264.0
S05817,Basic,One year,0.101,Low,390.84
S03526,Standard,One year,0.101,Low,725.04
S02403,Standard,One year,0.101,Low,700.08
S00732,Standard,Month-to-month,0.101,Low,648.72
S06181,Basic,Two year,0.101,Low,333.24
S03140,Premium,Month-to-month,0.101,Low,1166.04
S06964,Basic,One year,0.101,Low,510.72
S03208,Standard,Two year,0.101,Low,717.96
S05762,Standard,One year,0.101,Low,674.4
S07642,Basic,Month-to-month,0.1,Low,434.04
S03831,Basic,Two year,0.1,Low,327.96
S01532,Standard,One year,0.1,Low,645.24
S01062,Basic,Month-to-month,0.1,Low,251.28
S04856,Basic,Month-to-month,0.1,Low,393.24
S03337,Standard,One year,0.1,Low,692.04
S01730,Basic,Month-to-month,0.1,Low,366.12
S05158,Standard,Month-to-month,0.1,Low,631.68
S01281,Standard,Month-to-month,0.1,Low,630.0
S00643,Basic,One year,0.1,Low,455.88
S03227,Premium,One year,0.1,Low,1278.12
S04238,Premium,Two year,0.1,Low,1360.2
S06080,Standard,One year,0.1,Low,617.52
S05352,Basic,Month-to-month,0.1,Low,293.76
S00192,Standard,One year,0.1,Low,793.68
S00879,Standard,Month-to-month,0.1,Low,693.0
S07985,Standard,One year,0.1,Low,810.12
S03827,Standard,Month-to-month,0.1,Low,752.76
S07491,Standard,One year,0.1,Low,612.12
S05489,Basic,Month-to-month,0.1,Low,235.92
S02317,Basic,One year,0.1,Low,536.52
S07370,Premium,Month-to-month,0.1,Low,1181.04
S07073,Basic,Month-to-month,0.1,Low,388.2
S06667,Basic,Month-to-month,0.1,Low,397.92
S05136,Standard,One year,0.1,Low,768.72
S01196,Standard,One year,0.1,Low,666.6
S02576,Premium,One year,0.1,Low,1210.08
S07372,Basic,Two year,0.1,Low,336.0
S01171,Premium,Month-to-month,0.1,Low,1260.36
S03308,Basic,Month-to-month,0.1,Low,310.8
S03546,Basic,Month-to-month,0.1,Low,319.2
S00495,Basic,One year,0.1,Low,291.72
S00052,Standard,One year,0.1,Low,776.52
S07636,Premium,One year,0.1,Low,1098.6
S01084,Standard,One year,0.1,Low,655.92
S02164,Premium,Two year,0.099,Low,1186.44
S02657,Basic,Month-to-month,0.099,Low,264.96
S06595,Basic,One year,0.099,Low,449.28
S06978,Basic,Month-to-month,0.099,Low,324.36
S03615,Basic,One year,0.099,Low,230.64
S07608,Standard,One year,0.099,Low,686.64
S05103,Standard,Month-to-month,0.099,Low,575.4
S02981,Basic,One year,0.099,Low,434.64
S02192,Standard,Month-to-month,0.099,Low,655.32
S03588,Standard,Month-to-month,0.099,Low,729.6
S00335,Basic,Two year,0.099,Low,279.96
S03091,Standard,One year,0.099,Low,637.68
S05944,Basic,One year,0.099,Low,351.96
S03565,Standard,One year,0.099,Low,699.84
S03363,Basic,Two year,0.099,Low,277.32
S05100,Standard,One year,0.099,Low,767.64
S00438,Basic,One year,0.099,Low,389.88
S06183,Premium,Two year,0.099,Low,1120.08
S02267,Premium,Month-to-month,0.099,Low,1136.76
S06021,Standard,Month-to-month,0.099,Low,666.12
S01791,Premium,Month-to-month,0.099,Low,1178.04
S03952,Basic,One year,0.098,Low,345.12
S06894,Standard,Two year,0.098,Low,781.32
S02180,Standard,Two year,0.098,Low,653.4
S06386,Standard,One year,0.098,Low,707.76
S00421,Basic,One year,0.098,Low,185.88
S01932,Basic,Month-to-month,0.098,Low,238.56
S04839,Basic,Month-to-month,0.098,Low,307.44
S00007,Standard,Month-to-month,0.098,Low,685.2
S04532,Standard,One year,0.098,Low,776.64
S07892,Standard,One year,0.098,Low,642.36
S06102,Standard,Two year,0.098,Low,810.84
S03095,Basic,One year,0.098,Low,425.52
S07252,Standard,One year,0.098,Low,640.56
S04691,Standard,Month-to-month,0.098,Low,835.08
S02507,Standard,Two year,0.098,Low,726.6
S03603,Premium,One year,0.098,Low,1258.8
S00857,Basic,One year,0.098,Low,268.56
S06915,Standard,Month-to-month,0.098,Low,736.8
S00200,Basic,One year,0.098,Low,347.28
S00235,Standard,Month-to-month,0.098,Low,727.32
S01897,Premium,One year,0.098,Low,1175.28
S07308,Basic,One year,0.097,Low,284.04
S05961,Standard,One year,0.097,Low,792.96
S04125,Standard,One year,0.097,Low,856.08
S00545,Premium,One year,0.097,Low,1141.68
S00094,Standard,One year,0.097,Low,743.4
S04353,Standard,Month-to-month,0.097,Low,754.68
S05221,Basic,Month-to-month,0.097,Low,365.76
S07537,Basic,Month-to-month,0.097,Low,319.56
S05809,Premium,One year,0.097,Low,1234.44
S03930,Premium,Month-to-month,0.097,Low,1169.52
S06788,Standard,Month-to-month,0.097,Low,604.56
S00477,Standard,One year,0.097,Low,675.0
S05880,Basic,Month-to-month,0.097,Low,296.64
S00411,Premium,One year,0.097,Low,1138.08
S00370,Basic,Month-to-month,0.096,Low,280.08
S04217,Basic,Month-to-month,0.096,Low,278.76
S05235,Standard,One year,0.096,Low,757.56
S07899,Standard,One year,0.096,Low,704.4
S00985,Standard,Two year,0.096,Low,766.2
S07103,Basic,One year,0.096,Low,407.76
S00417,Standard,Two year,0.096,Low,699.36
S01490,Standard,One year,0.096,Low,777.96
S02357,Basic,Month-to-month,0.096,Low,423.0
S02055,Premium,One year,0.096,Low,1265.04
S00554,Standard,Month-to-month,0.096,Low,720.84
S02501,Basic,One year,0.096,Low,375.96
S04323,Standard,Month-to-month,0.096,Low,749.88
S00501,Basic,Month-to-month,0.096,Low,371.64
S03406,Basic,One year,0.096,Low,300.6
S02688,Basic,One year,0.096,Low,452.64
S07233,Basic,Month-to-month,0.096,Low,458.76
S04333,Basic,One year,0.096,Low,328.8
S04518,Standard,One year,0.096,Low,601.32
S04796,Premium,One year,0.096,Low,1147.44
S07559,Standard,One year,0.096,Low,664.8
S03422,Basic,One year,0.096,Low,321.72
S04235,Basic,Month-to-month,0.096,Low,442.8
S02291,Basic,One year,0.096,Low,388.92
S00936,Basic,Month-to-month,0.096,Low,340.44
S06533,Basic,Month-to-month,0.095,Low,296.4
S05374,Standard,Month-to-month,0.095,Low,705.0
S01497,Basic,Month-to-month,0.095,Low,348.96
S02191,Basic,One year,0.095,Low,395.88
S06997,Basic,One year,0.095,Low,197.88
S07019,Basic,One year,0.095,Low,181.56
S01514,Premium,One year,0.095,Low,1174.92
S03680,Premium,Two year,0.095,Low,1229.88
S02767,Standard,Month-to-month,0.095,Low,737.04
S00596,Standard,Month-to-month,0.095,Low,702.36
S00024,Standard,Month-to-month,0.095,Low,628.68
S03202,Basic,One year,0.095,Low,384.96
S07304,Basic,Month-to-month,0.095,Low,344.88
S03117,Premium,Two year,0.095,Low,1235.64
S03449,Standard,Two year,0.095,Low,695.4
S02640,Standard,Two year,0.095,Low,717.12
S06892,Basic,Month-to-month,0.095,Low,407.4
S05797,Basic,Month-to-month,0.095,Low,337.8
S04159,Basic,Month-to-month,0.095,Low,316.92
S06985,Basic,Two year,0.094,Low,204.96
S00819,Basic,Month-to-month,0.094,Low,307.92
S03950,Basic,Month-to-month,0.094,Low,303.48
S05053,Basic,One year,0.094,Low,346.08
S01012,Basic,Month-to-month,0.094,Low,354.36
S04006,Standard,Two year,0.094,Low,666.12
S04315,Standard,Month-to-month,0.094,Low,746.76
S06463,Premium,One year,0.094,Low,1077.36
S02849,Standard,Two year,0.094,Low,619.8
S07110,Basic,Month-to-month,0.094,Low,383.16
S00453,Basic,Two year,0.094,Low,384.84
S00391,Standard,One year,0.094,Low,717.0
S00153,Standard,One year,0.094,Low,735.36
S02725,Premium,One year,0.094,Low,1197.6
S03122,Standard,Month-to-month,0.094,Low,687.12
S07853,Premium,One year,0.094,Low,1131.96
S06736,Standard,Month-to-month,0.094,Low,951.0
S02244,Premium,One year,0.094,Low,1235.16
S03962,Basic,Two year,0.093,Low,482.52
S01067,Premium,One year,0.093,Low,1264.8
S06523,Premium,One year,0.093,Low,1257.84
S02574,Standard,One year,0.093,Low,745.56
S01512,Standard,Two year,0.093,Low,760.56
S00287,Basic,Month-to-month,0.093,Low,309.12
S04784,Basic,Two year,0.093,Low,321.48
S04818,Standard,Two year,0.093,Low,754.44
S00300,Standard,Month-to-month,0.093,Low,745.68
S03766,Basic,One year,0.093,Low,224.52
S00553,Standard,Month-to-month,0.093,Low,577.92
S02597,Basic,Month-to-month,0.093,Low,462.72
S02607,Basic,One year,0.093,Low,464.28
S07908,Standard,One year,0.093,Low,747.0
S03331,Basic,One year,0.093,Low,277.2
S00800,Standard,One year,0.093,Low,667.08
S04261,Basic,Month-to-month,0.093,Low,154.8
S05564,Basic,Month-to-month,0.093,Low,451.8
S02852,Basic,Month-to-month,0.093,Low,229.32
S04117,Premium,Two year,0.093,Low,1259.52
S04992,Standard,Month-to-month,0.093,Low,830.88
S04436,Standard,Month-to-month,0.093,Low,691.08
S02685,Premium,Two year,0.093,Low,1054.92
S04914,Basic,Month-to-month,0.092,Low,298.2
S04936,Basic,Month-to-month,0.092,Low,488.64
S01139,Standard,Two year,0.092,Low,606.72
S07664,Premium,One year,0.092,Low,1231.56
S00434,Standard,One year,0.092,Low,671.4
S00619,Standard,Two year,0.092,Low,672.48
S01225,Premium,One year,0.092,Low,1298.28
S03746,Basic,Month-to-month,0.092,Low,270.24
S02099,Standard,One year,0.092,Low,674.64
S06990,Standard,Month-to-month,0.092,Low,862.68
S05843,Basic,One year,0.092,Low,368.52
S01404,Basic,Two year,0.092,Low,449.76
S01722,Basic,Month-to-month,0.092,Low,447.6
S06334,Standard,One year,0.092,Low,617.16
S05043,Standard,One year,0.092,Low,638.04
S05159,Basic,Month-to-month,0.092,Low,284.64
S06220,Basic,Month-to-month,0.091,Low,319.92
S04449,Standard,One year,0.091,Low,717.72
S04224,Basic,Month-to-month,0.091,Low,220.44
S02081,Basic,Month-to-month,0.091,Low,271.92
S00088,Premium,Month-to-month,0.091,Low,1341.6
S01671,Basic,One year,0.091,Low,352.68
S05730,Standard,One year,0.091,Low,726.96
S01338,Standard,One year,0.091,Low,695.16
S02323,Premium,Month-to-month,0.091,Low,1224.96
S02169,Standard,Month-to-month,0.091,Low,681.84
S00578,Standard,One year,0.091,Low,651.72
S06538,Standard,Month-to-month,0.091,Low,649.92
S04510,Basic,Month-to-month,0.091,Low,280.44
S05801,Basic,Month-to-month,0.091,Low,467.04
S03496,Premium,One year,0.091,Low,1319.4
S01856,Basic,One year,0.091,Low,373.32
S06633,Standard,Two year,0.091,Low,721.92
S04572,Standard,Two year,0.091,Low,555.24
S03058,Standard,One year,0.091,Low,816.84
S02726,Standard,One year,0.091,Low,735.6
S03858,Premium,One year,0.091,Low,1238.64
S00752,Basic,One year,0.091,Low,410.88
S03174,Basic,One year,0.091,Low,503.64
S02264,Basic,Month-to-month,0.09,Low,407.88
S07360,Standard,One year,0.09,Low,717.6
S07273,Basic,One year,0.09,Low,371.52
S05547,Basic,One year,0.09,Low,341.04
S07971,Basic,Month-to-month,0.09,Low,364.8
S06439,Standard,Month-to-month,0.09,Low,791.28
S04320,Basic,Month-to-month,0.09,Low,311.88
S06399,Basic,Month-to-month,0.09,Low,427.68
S03549,Basic,Month-to-month,0.09,Low,357.6
S06631,Premium,One year,0.09,Low,1169.76
S02566,Standard,Month-to-month,0.09,Low,726.36
S06470,Basic,One year,0.09,Low,421.68
S02567,Standard,Two year,0.09,Low,808.8
S07564,Basic,Month-to-month,0.09,Low,366.0
S01601,Basic,One year,0.09,Low,458.76
S07733,Premium,Two year,0.09,Low,1150.2
S00822,Standard,Month-to-month,0.09,Low,655.08
S05366,Basic,Month-to-month,0.09,Low,198.72
S00898,Premium,One year,0.09,Low,1237.8
S02067,Basic,One year,0.09,Low,445.32
S02992,Standard,One year,0.09,Low,777.24
S05816,Premium,One year,0.09,Low,1177.08
S07130,Standard,One year,0.09,Low,575.04
S04004,Premium,One year,0.089,Low,1207.92
S03616,Basic,One year,0.089,Low,278.16
S03757,Premium,One year,0.089,Low,1142.76
S07741,Basic,Month-to-month,0.089,Low,317.4
S02775,Basic,Month-to-month,0.089,Low,331.8
S04964,Basic,One year,0.089,Low,384.0
S01468,Basic,Month-to-month,0.089,Low,389.88
S03123,Basic,Month-to-month,0.089,Low,276.6
S01960,Basic,Month-to-month,0.089,Low,217.92
S02588,Basic,One year,0.089,Low,299.52
S00252,Standard,One year,0.089,Low,532.08
S00540,Basic,Month-to-month,0.089,Low,302.88
S00067,Basic,Month-to-month,0.089,Low,465.36
S01491,Basic,Month-to-month,0.089,Low,340.32
S06127,Standard,Month-to-month,0.089,Low,650.52
S06312,Basic,One year,0.089,Low,303.96
S07788,Standard,One year,0.089,Low,587.16
S04335,Basic,One year,0.089,Low,368.76
S02062,Premium,One year,0.089,Low,1160.28
S01052,Basic,One year,0.089,Low,335.4
S02909,Standard,One year,0.089,Low,671.28
S00308,Basic,Month-to-month,0.088,Low,237.6
S05263,Standard,One year,0.088,Low,770.64
S01337,Standard,One year,0.088,Low,796.44
S03602,Standard,Month-to-month,0.088,Low,702.6
S04269,Premium,One year,0.088,Low,1185.72
S02362,Standard,Month-to-month,0.088,Low,803.16
S07952,Basic,Month-to-month,0.088,Low,459.6
S05772,Basic,Month-to-month,0.088,Low,531.6
S04960,Standard,Month-to-month,0.088,Low,702.72
S05055,Basic,Month-to-month,0.088,Low,323.04
S02888,Basic,One year,0.088,Low,313.08
S07497,Premium,Two year,0.087,Low,1226.64
S05824,Premium,One year,0.087,Low,1257.0
S02581,Premium,Month-to-month,0.087,Low,1137.12
S04973,Basic,Month-to-month,0.087,Low,387.24
S07162,Premium,One year,0.087,Low,1211.4
S06327,Standard,Month-to-month,0.087,Low,685.8
S05379,Basic,Month-to-month,0.087,Low,372.12
S01273,Standard,One year,0.087,Low,745.44
S07959,Basic,Month-to-month,0.087,Low,481.56
S03958,Premium,One year,0.087,Low,1316.16
S07096,Premium,One year,0.087,Low,1118.04
S01855,Premium,One year,0.087,Low,1139.4
S03839,Standard,One year,0.087,Low,728.16
S00108,Standard,One year,0.087,Low,736.68
S06681,Premium,One year,0.087,Low,1061.64
S01782,Premium,Month-to-month,0.087,Low,1284.72
S07301,Premium,Two year,0.087,Low,1119.36
S02975,Standard,Month-to-month,0.087,Low,648.48
S01674,Standard,Two year,0.087,Low,761.64
S01354,Basic,One year,0.087,Low,352.92
S03373,Premium,One year,0.087,Low,1252.2
S02698,Standard,Month-to-month,0.086,Low,676.44
S02702,Standard,One year,0.086,Low,654.24
S07929,Standard,One year,0.086,Low,704.88
S04517,Standard,One year,0.086,Low,788.16
S05896,Premium,One year,0.086,Low,1149.36
S00957,Standard,Month-to-month,0.086,Low,758.04
S07353,Standard,Month-to-month,0.086,Low,671.52
S03510,Standard,Month-to-month,0.086,Low,534.48
S04946,Standard,One year,0.086,Low,610.08
S04078,Basic,Month-to-month,0.086,Low,430.32
S06795,Premium,One year,0.086,Low,1222.08
S01247,Basic,One year,0.086,Low,404.04
S06151,Standard,Month-to-month,0.086,Low,717.6
S05521,Basic,Month-to-month,0.086,Low,391.56
S01837,Premium,Two year,0.086,Low,1183.08
S04028,Standard,One year,0.086,Low,651.72
S07025,Premium,One year,0.086,Low,1218.72
S01336,Standard,One year,0.086,Low,615.24
S01377,Standard,One year,0.086,Low,735.6
S04698,Basic,Month-to-month,0.086,Low,320.04
S06324,Standard,Two year,0.086,Low,729.96
S05979,Basic,Month-to-month,0.086,Low,382.08
S06713,Standard,One year,0.086,Low,723.72
S07558,Basic,One year,0.086,Low,240.6
S07576,Standard,One year,0.086,Low,630.6
S05493,Basic,One year,0.086,Low,429.6
S00060,Basic,One year,0.086,Low,174.24
S03495,Standard,Month-to-month,0.086,Low,678.0
S00885,Premium,Month-to-month,0.086,Low,1122.48
S00549,Standard,Month-to-month,0.086,Low,759.12
S05377,Basic,Month-to-month,0.085,Low,433.68
S06702,Premium,One year,0.085,Low,1063.92
S01592,Basic,One year,0.085,Low,397.68
S06008,Basic,Month-to-month,0.085,Low,299.16
S03191,Basic,One year,0.085,Low,260.16
S04266,Basic,Two year,0.085,Low,370.44
S01985,Standard,Two year,0.085,Low,828.48
S07289,Basic,One year,0.085,Low,201.36
S02665,Basic,Month-to-month,0.085,Low,334.56
S01697,Basic,Month-to-month,0.085,Low,276.6
S01445,Basic,Month-to-month,0.085,Low,308.88
S00015,Basic,Month-to-month,0.085,Low,382.92
S01093,Premium,Two year,0.085,Low,1167.48
S07925,Basic,Month-to-month,0.085,Low,348.48
S06888,Basic,Month-to-month,0.085,Low,257.16
S06137,Standard,Month-to-month,0.085,Low,693.96
S03632,Basic,One year,0.084,Low,381.96
S06877,Standard,One year,0.084,Low,640.56
S04734,Premium,Two year,0.084,Low,1236.84
S03162,Basic,Month-to-month,0.084,Low,325.92
S01842,Basic,One year,0.084,Low,396.96
S03294,Standard,Month-to-month,0.084,Low,611.52
S04416,Basic,Month-to-month,0.084,Low,332.16
S05175,Basic,Month-to-month,0.084,Low,278.16
S07369,Standard,One year,0.084,Low,630.36
S04420,Standard,Two year,0.084,Low,583.8
S07213,Premium,One year,0.084,Low,1279.92
S05987,Basic,One year,0.084,Low,330.12
S00044,Standard,Two year,0.084,Low,760.08
S01130,Basic,Month-to-month,0.084,Low,324.0
S02116,Basic,One year,0.084,Low,294.36
S04526,Basic,Month-to-month,0.084,Low,368.28
S02646,Premium,Month-to-month,0.084,Low,1200.48
S03102,Premium,Month-to-month,0.084,Low,1259.04
S03114,Premium,One year,0.084,Low,1241.4
S07625,Basic,Month-to-month,0.084,Low,542.4
S02057,Basic,Month-to-month,0.084,Low,357.48
S00607,Standard,Month-to-month,0.083,Low,784.8
S06314,Standard,Month-to-month,0.083,Low,717.72
S01798,Basic,Two year,0.083,Low,472.32
S01179,Standard,Month-to-month,0.083,Low,723.36
S07139,Basic,Month-to-month,0.083,Low,451.68
S03800,Premium,One year,0.083,Low,1241.28
S04130,Basic,One year,0.083,Low,344.52
S04580,Standard,One year,0.083,Low,684.0
S01384,Basic,One year,0.083,Low,437.64
S02182,Standard,Two year,0.083,Low,709.08
S02568,Basic,One year,0.083,Low,185.64
S07832,Basic,Month-to-month,0.083,Low,270.84
S05717,Standard,One year,0.083,Low,669.96
S01246,Standard,One year,0.083,Low,683.16
S02736,Basic,Month-to-month,0.083,Low,292.8
S02343,Basic,One year,0.083,Low,235.56
S04940,Basic,One year,0.083,Low,356.16
S00670,Basic,One year,0.083,Low,314.04
S01056,Premium,Month-to-month,0.083,Low,1123.68
S04826,Standard,Two year,0.083,Low,666.6
S06035,Standard,One year,0.083,Low,748.56
S06611,Standard,One year,0.083,Low,738.12
S01306,Basic,Month-to-month,0.083,Low,495.36
S01153,Standard,One year,0.083,Low,702.84
S02552,Basic,One year,0.083,Low,200.88
S00119,Standard,Month-to-month,0.083,Low,677.52
S04157,Standard,Month-to-month,0.083,Low,825.36
S06202,Standard,Month-to-month,0.083,Low,692.4
S03645,Premium,One year,0.083,Low,1052.4
S01610,Basic,Month-to-month,0.083,Low,374.4
S00747,Basic,One year,0.082,Low,368.04
S00210,Basic,Month-to-month,0.082,Low,380.52
S03742,Basic,One year,0.082,Low,444.0
S03708,Standard,Month-to-month,0.082,Low,713.88
S03090,Standard,One year,0.082,Low,768.12
S03677,Basic,Month-to-month,0.082,Low,324.6
S05035,Basic,One year,0.082,Low,451.08
S06455,Basic,One year,0.082,Low,262.32
S04716,Standard,One year,0.082,Low,670.08
S06516,Standard,One year,0.082,Low,791.28
S05993,Standard,One year,0.082,Low,703.56
S00661,Standard,Month-to-month,0.082,Low,741.24
S00602,Standard,One year,0.082,Low,628.92
S07687,Basic,Month-to-month,0.082,Low,425.64
S04933,Basic,Two year,0.082,Low,272.64
S04023,Basic,One year,0.081,Low,290.4
S05983,Standard,One year,0.081,Low,616.2
S06489,Basic,Month-to-month,0.081,Low,323.76
S06072,Standard,One year,0.081,Low,718.32
S06959,Basic,Two year,0.081,Low,399.72
S02484,Basic,Two year,0.081,Low,472.2
S01472,Premium,One year,0.081,Low,1209.24
S00804,Standard,Month-to-month,0.081,Low,691.68
S06570,Basic,Two year,0.081,Low,417.72
S00716,Standard,Month-to-month,0.081,Low,873.72
S04210,Standard,Month-to-month,0.081,Low,769.2
S02189,Basic,One year,0.081,Low,312.0
S01211,Standard,One year,0.081,Low,660.96
S04759,Standard,One year,0.081,Low,801.24
S01911,Standard,One year,0.081,Low,718.8
S04378,Standard,Month-to-month,0.081,Low,738.72
S01545,Basic,Month-to-month,0.081,Low,314.16
S06063,Standard,One year,0.081,Low,581.64
S01383,Basic,Month-to-month,0.081,Low,327.36
S02780,Basic,Month-to-month,0.081,Low,270.6
S00725,Standard,Month-to-month,0.081,Low,788.88
S03662,Basic,Month-to-month,0.08,Low,263.88
S06049,Standard,Two year,0.08,Low,705.36
S04296,Premium,One year,0.08,Low,1233.24
S03054,Standard,Two year,0.08,Low,768.96
S01466,Basic,Month-to-month,0.08,Low,307.56
S03069,Standard,One year,0.08,Low,719.76
S07272,Standard,One year,0.08,Low,669.0
S07098,Standard,One year,0.08,Low,849.24
S07708,Basic,Month-to-month,0.08,Low,257.4
S00780,Basic,Month-to-month,0.08,Low,389.4
S04321,Standard,Two year,0.08,Low,757.68
S06272,Basic,One year,0.08,Low,347.28
S00225,Standard,One year,0.08,Low,770.16
S01838,Standard,Month-to-month,0.08,Low,787.56
S02654,Standard,One year,0.08,Low,655.2
S02435,Premium,One year,0.08,Low,1208.52
S03887,Basic,One year,0.08,Low,332.76
S00267,Premium,Two year,0.08,Low,1065.24
S04740,Basic,Month-to-month,0.08,Low,245.16
S06665,Standard,Month-to-month,0.08,Low,693.24
S05648,Basic,Month-to-month,0.08,Low,374.28
S03099,Basic,Month-to-month,0.08,Low,226.8
S02683,Basic,One year,0.08,Low,338.04
S05881,Basic,Month-to-month,0.08,Low,391.56
S06257,Standard,Month-to-month,0.079,Low,624.24
S02602,Standard,Month-to-month,0.079,Low,626.76
S05888,Standard,One year,0.079,Low,728.52
S06544,Standard,One year,0.079,Low,611.76
S02682,Basic,One year,0.079,Low,364.08
S00387,Standard,Two year,0.079,Low,725.52
S05514,Premium,One year,0.079,Low,1248.24
S02976,Standard,One year,0.079,Low,592.56
S02731,Basic,Month-to-month,0.079,Low,327.6
S00441,Premium,One year,0.079,Low,1239.72
S02498,Basic,Month-to-month,0.079,Low,345.72
S03454,Premium,One year,0.079,Low,1167.72
S07718,Basic,Month-to-month,0.079,Low,390.12
S05146,Basic,One year,0.079,Low,356.4
S03284,Basic,Two year,0.079,Low,284.52
S04998,Basic,Month-to-month,0.079,Low,464.4
S07092,Premium,One year,0.079,Low,1162.2
S04534,Standard,One year,0.079,Low,617.76
S04066,Premium,One year,0.079,Low,1063.92
S05422,Premium,Two year,0.078,Low,1206.48
S03923,Premium,Two year,0.078,Low,1248.96
S05262,Premium,One year,0.078,Low,1191.84
S04549,Standard,Month-to-month,0.078,Low,717.6
S05180,Basic,Month-to-month,0.078,Low,324.12
S01783,Basic,One year,0.078,Low,340.56
S07786,Premium,One year,0.078,Low,1179.0
S05153,Standard,One year,0.078,Low,698.64
S03355,Basic,Month-to-month,0.078,Low,342.24
S07439,Premium,One year,0.078,Low,1164.72
S03243,Standard,Month-to-month,0.078,Low,647.04
S07247,Standard,Month-to-month,0.078,Low,640.68
S06511,Standard,Two year,0.078,Low,674.88
S01230,Premium,Two year,0.078,Low,1096.92
S03853,Standard,One year,0.078,Low,739.68
S05613,Basic,Month-to-month,0.078,Low,396.0
S05853,Premium,One year,0.078,Low,1214.28
S01330,Basic,Month-to-month,0.078,Low,389.64
S03052,Standard,One year,0.078,Low,621.48
S04718,Standard,One year,0.078,Low,696.48
S00450,Basic,Two year,0.078,Low,354.6
S05444,Basic,One year,0.078,Low,413.88
S05304,Standard,One year,0.078,Low,655.08
S07716,Standard,One year,0.078,Low,800.4
S00917,Standard,Two year,0.078,Low,751.2
S03100,Standard,Two year,0.078,Low,811.92
S06163,Basic,Two year,0.078,Low,417.48
S02261,Premium,One year,0.078,Low,1160.04
S06029,Premium,One year,0.078,Low,1247.76
S02860,Basic,Month-to-month,0.078,Low,353.04
S01214,Basic,Two year,0.078,Low,406.44
S05739,Basic,Month-to-month,0.077,Low,254.28
S01260,Basic,Two year,0.077,Low,409.32
S01226,Standard,One year,0.077,Low,752.64
S06446,Basic,Two year,0.077,Low,332.28
S02350,Premium,One year,0.077,Low,1258.8
S01637,Premium,One year,0.077,Low,1130.88
S02008,Basic,One year,0.077,Low,333.84
S05885,Premium,One year,0.077,Low,1123.8
S06433,Standard,One year,0.077,Low,695.4
S03782,Basic,One year,0.077,Low,311.04
S02542,Standard,One year,0.077,Low,686.52
S04953,Standard,One year,0.077,Low,771.72
S03149,Basic,One year,0.077,Low,296.4
S01217,Basic,Two year,0.077,Low,466.68
S05115,Premium,One year,0.077,Low,1103.4
S06344,Premium,One year,0.077,Low,1138.92
S03908,Basic,One year,0.077,Low,209.64
S01849,Standard,Month-to-month,0.077,Low,764.88
S02823,Standard,Month-to-month,0.077,Low,683.4
S02283,Premium,One year,0.077,Low,1074.0
S05205,Basic,Month-to-month,0.077,Low,306.0
S00129,Basic,Month-to-month,0.076,Low,322.68
S04287,Basic,Month-to-month,0.076,Low,304.56
S06168,Premium,One year,0.076,Low,1213.68
S04354,Standard,One year,0.076,Low,792.12
S04825,Premium,One year,0.076,Low,1214.04
S02613,Premium,Two year,0.076,Low,1133.4
S04095,Basic,Month-to-month,0.076,Low,322.8
S05195,Basic,One year,0.076,Low,423.24
S07004,Basic,One year,0.076,Low,202.32
S00651,Premium,One year,0.076,Low,1165.2
S06609,Standard,One year,0.076,Low,549.36
S06014,Standard,Month-to-month,0.076,Low,689.76
S00276,Standard,One year,0.076,Low,756.36
S02437,Standard,Month-to-month,0.076,Low,738.0
S01048,Standard,Two year,0.076,Low,672.96
S04521,Basic,Month-to-month,0.076,Low,390.6
S04477,Basic,Month-to-month,0.076,Low,476.88
S02912,Basic,Month-to-month,0.076,Low,463.08
S05729,Standard,Two year,0.076,Low,665.52
S02899,Basic,Month-to-month,0.076,Low,546.48
S03627,Standard,One year,0.076,Low,689.76
S02855,Premium,One year,0.075,Low,1145.64
S03574,Standard,Two year,0.075,Low,704.04
S01101,Standard,Two year,0.075,Low,605.52
S02479,Basic,Two year,0.075,Low,163.68
S04568,Premium,Month-to-month,0.075,Low,1052.16
S00448,Standard,One year,0.075,Low,749.28
S06822,Premium,One year,0.075,Low,1193.64
S00314,Basic,One year,0.075,Low,459.0
S04664,Basic,One year,0.075,Low,225.6
S05590,Basic,Month-to-month,0.075,Low,383.4
S02783,Basic,One year,0.075,Low,250.44
S00520,Basic,One year,0.075,Low,330.6
S03252,Standard,One year,0.075,Low,770.04
S03685,Premium,Two year,0.075,Low,1182.36
S06760,Premium,One year,0.075,Low,1216.32
S03365,Standard,One year,0.075,Low,714.6
S05315,Standard,One year,0.075,Low,638.28
S06230,Premium,Two year,0.075,Low,1187.64
S03403,Premium,Two year,0.075,Low,1154.52
S02658,Basic,Month-to-month,0.075,Low,222.12
S05322,Standard,One year,0.075,Low,545.76
S03977,Standard,Two year,0.074,Low,640.68
S02677,Standard,Two year,0.074,Low,802.2
S06794,Standard,Two year,0.074,Low,659.28
S04972,Standard,Two year,0.074,Low,714.24
S04427,Standard,Month-to-month,0.074,Low,634.08
S01771,Standard,Month-to-month,0.074,Low,672.48
S01645,Basic,Month-to-month,0.074,Low,314.52
S02938,Standard,Two year,0.074,Low,768.72
S04204,Basic,One year,0.074,Low,351.48
S02228,Basic,One year,0.074,Low,225.6
S04813,Basic,One year,0.074,Low,292.08
S06295,Premium,One year,0.074,Low,1313.64
S02034,Standard,Two year,0.074,Low,747.0
S01902,Standard,One year,0.074,Low,849.48
S04282,Standard,One year,0.074,Low,767.64
S02480,Basic,One year,0.074,Low,376.68
S01017,Standard,One year,0.074,Low,701.76
S01912,Basic,Month-to-month,0.074,Low,390.0
S01144,Basic,Month-to-month,0.074,Low,506.28
S04016,Basic,Two year,0.074,Low,377.76
S01221,Standard,One year,0.074,Low,793.92
S02747,Basic,Two year,0.074,Low,348.96
S02020,Basic,One year,0.074,Low,418.44
S01390,Standard,Month-to-month,0.073,Low,637.92
S02910,Standard,Month-to-month,0.073,Low,726.48
S04519,Standard,Month-to-month,0.073,Low,734.64
S06583,Premium,One year,0.073,Low,1305.12
S01113,Basic,Month-to-month,0.073,Low,397.8
S02533,Premium,Two year,0.073,Low,1125.6
S01119,Standard,Two year,0.073,Low,704.04
S06016,Standard,One year,0.073,Low,781.92
S06034,Basic,One year,0.073,Low,286.92
S03474,Basic,One year,0.073,Low,395.52
S02245,Premium,One year,0.073,Low,1281.96
S04120,Basic,One year,0.073,Low,314.16
S01764,Standard,Month-to-month,0.073,Low,765.36
S03995,Standard,One year,0.073,Low,716.28
S07522,Standard,Two year,0.073,Low,759.6
S03528,Basic,Month-to-month,0.073,Low,384.24
S07818,Standard,Two year,0.073,Low,689.28
S04496,Basic,Month-to-month,0.073,Low,395.76
S02004,Standard,One year,0.073,Low,747.24
S04429,Basic,One year,0.073,Low,287.04
S06998,Standard,Two year,0.073,Low,789.24
S01294,Basic,Two year,0.073,Low,420.84
S02817,Standard,Month-to-month,0.073,Low,697.2
S02094,Standard,Two year,0.073,Low,808.92
S02126,Basic,Month-to-month,0.073,Low,315.48
S02929,Standard,Month-to-month,0.072,Low,474.12
S02005,Basic,One year,0.072,Low,291.96
S00769,Standard,One year,0.072,Low,762.72
S00278,Basic,One year,0.072,Low,305.88
S04880,Standard,Month-to-month,0.072,Low,642.0
S02965,Basic,One year,0.072,Low,397.2
S04581,Basic,One year,0.072,Low,224.16
S03378,Premium,Two year,0.072,Low,1093.56
S02269,Standard,One year,0.072,Low,740.16
S03136,Basic,One year,0.072,Low,214.92
S04798,Basic,Month-to-month,0.072,Low,390.12
S00640,Premium,Two year,0.072,Low,1164.96
S00927,Basic,One year,0.072,Low,429.72
S06679,Basic,One year,0.072,Low,395.52
S01704,Standard,Two year,0.072,Low,859.32
S03670,Standard,One year,0.072,Low,624.96
S02326,Basic,One year,0.072,Low,376.68
S06961,Basic,Two year,0.072,Low,454.92
S01178,Standard,Two year,0.072,Low,700.56
S03370,Standard,One year,0.072,Low,724.08
S03476,Premium,One year,0.072,Low,1144.68
S04745,Premium,Two year,0.072,Low,1070.64
S05162,Standard,Two year,0.071,Low,745.8
S01858,Standard,Month-to-month,0.071,Low,833.52
S07500,Standard,Month-to-month,0.071,Low,671.04
S01028,Basic,Month-to-month,0.071,Low,296.4
S07662,Standard,One year,0.071,Low,773.28
S02942,Premium,Two year,0.071,Low,1149.48
S02465,Basic,Month-to-month,0.071,Low,416.88
S02635,Standard,One year,0.071,Low,784.56
S05607,Basic,Month-to-month,0.071,Low,357.24
S07363,Standard,One year,0.071,Low,582.96
S04164,Basic,Month-to-month,0.071,Low,318.6
S01431,Standard,Two year,0.071,Low,709.44
S03710,Standard,Month-to-month,0.071,Low,575.4
S03933,Standard,Month-to-month,0.071,Low,690.24
S02315,Standard,Two year,0.071,Low,797.16
S04406,Standard,One year,0.071,Low,634.44
S02425,Premium,One year,0.071,Low,1167.72
S00313,Basic,One year,0.071,Low,359.88
S07719,Basic,Month-to-month,0.071,Low,281.76
S02438,Premium,One year,0.071,Low,1072.92
S03209,Basic,Two year,0.071,Low,386.04
S06302,Basic,One year,0.071,Low,438.12
S00294,Standard,One year,0.071,Low,703.68
S05023,Standard,Two year,0.07,Low,785.4
S07991,Basic,Month-to-month,0.07,Low,447.96
S02876,Standard,One year,0.07,Low,748.2
S00383,Basic,One year,0.07,Low,342.84
S03880,Standard,One year,0.07,Low,738.12
S06939,Standard,Month-to-month,0.07,Low,691.32
S01886,Standard,One year,0.07,Low,717.96
S05047,Standard,Month-to-month,0.07,Low,641.52
S02049,Standard,Two year,0.07,Low,682.92
S02526,Basic,One year,0.07,Low,401.16
S05558,Premium,One year,0.07,Low,1132.32
S06619,Standard,One year,0.07,Low,656.04
S00912,Standard,Two year,0.07,Low,633.6
S05034,Basic,One year,0.07,Low,378.48
S00980,Standard,One year,0.07,Low,708.6
S05498,Basic,One year,0.07,Low,303.6
S00358,Standard,Month-to-month,0.07,Low,662.52
S05630,Standard,Two year,0.07,Low,720.72
S05763,Standard,Two year,0.07,Low,619.2
S04905,Basic,Month-to-month,0.07,Low,379.8
S03009,Standard,One year,0.07,Low,825.24
S07987,Basic,One year,0.07,Low,377.88
S01125,Premium,Two year,0.07,Low,1229.4
S06657,Basic,Two year,0.07,Low,306.12
S01299,Premium,One year,0.07,Low,1129.8
S01663,Premium,One year,0.069,Low,1107.0
S01274,Basic,Month-to-month,0.069,Low,379.2
S02722,Standard,Two year,0.069,Low,599.76
S05402,Standard,Two year,0.069,Low,645.12
S06766,Basic,One year,0.069,Low,312.0
S02826,Basic,Month-to-month,0.069,Low,347.16
S06208,Basic,Month-to-month,0.069,Low,422.76
S02455,Premium,Two year,0.069,Low,1249.56
S06764,Premium,One year,0.069,Low,1235.4
S04068,Standard,One year,0.069,Low,737.04
S05690,Premium,Two year,0.069,Low,1128.0
S02058,Premium,Two year,0.069,Low,1197.24
S07778,Premium,Two year,0.069,Low,1136.28
S04772,Standard,One year,0.069,Low,655.08
S06071,Standard,One year,0.069,Low,705.12
S03749,Premium,One year,0.069,Low,1230.6
S02168,Premium,One year,0.069,Low,1167.6
S05292,Premium,One year,0.069,Low,1122.12
S00647,Basic,One year,0.069,Low,462.0
S04857,Basic,One year,0.069,Low,470.4
S01460,Basic,One year,0.069,Low,440.76
S04592,Basic,Month-to-month,0.069,Low,349.08
S03929,Basic,Month-to-month,0.069,Low,342.24
S00570,Basic,Month-to-month,0.068,Low,401.4
S00429,Premium,One year,0.068,Low,1068.12
S00073,Basic,Two year,0.068,Low,339.84
S04571,Standard,One year,0.068,Low,737.28
S03392,Premium,One year,0.068,Low,1308.96
S06089,Premium,One year,0.068,Low,1128.84
S06468,Basic,One year,0.068,Low,317.88
S05430,Basic,Two year,0.068,Low,416.64
S05081,Standard,Two year,0.068,Low,822.96
S06967,Basic,One year,0.068,Low,397.68
S07761,Basic,Two year,0.068,Low,330.84
S06979,Basic,One year,0.068,Low,182.52
S03711,Basic,Two year,0.068,Low,393.12
S05491,Premium,One year,0.068,Low,1062.96
S00756,Standard,Month-to-month,0.068,Low,776.28
S06925,Standard,One year,0.068,Low,747.84
S05892,Standard,One year,0.068,Low,694.2
S07302,Standard,One year,0.068,Low,723.6
S01974,Standard,One year,0.068,Low,646.56
S05614,Premium,One year,0.068,Low,1136.52
S01826,Standard,Two year,0.068,Low,667.56
S00035,Basic,One year,0.068,Low,417.84
S01238,Basic,One year,0.068,Low,308.64
S02940,Standard,One year,0.068,Low,708.6
S03053,Premium,One year,0.068,Low,1083.12
S06060,Standard,One year,0.067,Low,789.24
S01462,Basic,One year,0.067,Low,392.88
S05827,Standard,Two year,0.067,Low,803.4
S02252,Standard,Two year,0.067,Low,732.72
S06389,Basic,Month-to-month,0.067,Low,319.68
S06687,Basic,Month-to-month,0.067,Low,281.52
S07670,Standard,Month-to-month,0.067,Low,731.76
S05867,Standard,Two year,0.067,Low,654.12
S07351,Premium,Two year,0.067,Low,1060.8
S01329,Standard,One year,0.067,Low,684.12
S02897,Standard,Two year,0.067,Low,740.04
S05820,Premium,Two year,0.067,Low,1127.4
S00738,Basic,One year,0.067,Low,488.04
S07317,Standard,Month-to-month,0.067,Low,759.0
S03666,Standard,One year,0.067,Low,778.2
S06233,Basic,One year,0.067,Low,345.96
S05130,Premium,One year,0.067,Low,1122.48
S04859,Standard,One year,0.067,Low,706.44
S04480,Basic,One year,0.067,Low,306.12
S02190,Standard,Two year,0.066,Low,771.24
S02759,Basic,Two year,0.066,Low,470.28
S03109,Basic,One year,0.066,Low,377.88
S05131,Standard,Month-to-month,0.066,Low,590.16
S07169,Standard,One year,0.066,Low,602.4
S04589,Premium,One year,0.066,Low,1089.0
S01372,Standard,One year,0.066,Low,745.56
S05009,Basic,One year,0.066,Low,144.36
S02399,Standard,One year,0.066,Low,675.96
S05496,Basic,One year,0.066,Low,361.44
S00126,Basic,Month-to-month,0.066,Low,304.2
S03188,Standard,Two year,0.066,Low,795.6
S06550,Basic,Two year,0.065,Low,377.88
S02161,Basic,One year,0.065,Low,375.48
S07982,Basic,Two year,0.065,Low,427.56
S05274,Standard,One year,0.065,Low,738.96
S04402,Standard,One year,0.065,Low,716.28
S03334,Standard,One year,0.065,Low,655.2
S01172,Standard,One year,0.065,Low,811.44
S01023,Premium,Month-to-month,0.065,Low,1235.52
S02532,Basic,One year,0.065,Low,337.56
S06020,Standard,Two year,0.065,Low,778.8
S05528,Basic,One year,0.065,Low,472.56
S06026,Basic,One year,0.065,Low,305.76
S05938,Basic,Month-to-month,0.065,Low,433.92
S07651,Basic,One year,0.065,Low,413.52
S01109,Standard,One year,0.065,Low,740.28
S04191,Premium,Two year,0.065,Low,1167.36
S02467,Standard,One year,0.065,Low,782.88
S05504,Premium,One year,0.064,Low,1225.56
S01682,Standard,One year,0.064,Low,839.04
S02847,Basic,Two year,0.064,Low,409.56
S01480,Standard,Two year,0.064,Low,691.2
S07683,Basic,Two year,0.064,Low,468.72
S04828,Standard,One year,0.064,Low,805.32
S06184,Basic,One year,0.064,Low,360.36
S06349,Basic,One year,0.064,Low,209.64
S02284,Standard,Month-to-month,0.064,Low,599.16
S00900,Basic,Month-to-month,0.064,Low,245.28
S05836,Standard,One year,0.064,Low,689.28
S03762,Basic,One year,0.064,Low,342.24
S06177,Basic,One year,0.064,Low,407.76
S05096,Premium,One year,0.064,Low,1290.6
S04670,Standard,Month-to-month,0.064,Low,648.96
S05537,Standard,One year,0.064,Low,834.6
S06263,Basic,One year,0.064,Low,378.96
S05899,Standard,Two year,0.064,Low,646.8
S04525,Basic,Two year,0.064,Low,406.56
S03088,Standard,One year,0.064,Low,774.24
S07469,Premium,Two year,0.064,Low,1176.12
S03611,Standard,One year,0.064,Low,742.68
S02757,Premium,One year,0.063,Low,1198.56
S00638,Premium,One year,0.063,Low,1235.52
S01085,Basic,Month-to-month,0.063,Low,295.56
S00281,Premium,One year,0.063,Low,1240.32
S00202,Standard,One year,0.063,Low,947.04
S07927,Basic,One year,0.063,Low,331.2
S06398,Basic,Month-to-month,0.063,Low,271.44
S01587,Premium,Two year,0.063,Low,1174.2
S02013,Basic,One year,0.063,Low,357.72
S07016,Basic,Month-to-month,0.063,Low,161.64
S03650,Basic,One year,0.063,Low,408.0
S02275,Standard,One year,0.063,Low,860.04
S03111,Standard,One year,0.063,Low,714.96
S04821,Premium,One year,0.063,Low,1083.12
S07529,Premium,Two year,0.063,Low,1225.68
S00154,Basic,One year,0.063,Low,354.24
S07085,Basic,One year,0.063,Low,240.12
S05721,Standard,Two year,0.063,Low,570.96
S07907,Premium,Two year,0.063,Low,1128.72
S03613,Premium,Two year,0.063,Low,1280.16
S04313,Premium,One year,0.063,Low,1198.08
S01893,Premium,One year,0.063,Low,1150.32
S04434,Standard,One year,0.063,Low,650.28
S05935,Basic,Month-to-month,0.063,Low,360.48
S01617,Basic,Two year,0.063,Low,351.6
S05118,Basic,One year,0.063,Low,399.0
S04558,Basic,Month-to-month,0.063,Low,210.84
S01148,Premium,One year,0.063,Low,1291.56
S00805,Premium,One year,0.062,Low,1196.76
S00868,Basic,One year,0.062,Low,265.2
S04771,Basic,Two year,0.062,Low,366.96
S06124,Basic,Two year,0.062,Low,499.68
S06441,Standard,One year,0.062,Low,826.8
S04584,Premium,Two year,0.062,Low,1109.04
S05914,Standard,One year,0.062,Low,636.48
S03223,Standard,One year,0.062,Low,821.76
S06472,Basic,Month-to-month,0.062,Low,246.96
S05375,Basic,One year,0.062,Low,319.92
S04454,Premium,One year,0.062,Low,1224.48
S05540,Standard,Two year,0.062,Low,769.56
S06753,Premium,One year,0.062,Low,1244.76
S05148,Basic,One year,0.062,Low,335.64
S01415,Standard,One year,0.062,Low,697.08
S06722,Standard,One year,0.062,Low,789.36
S03657,Basic,One year,0.062,Low,211.08
S04293,Standard,One year,0.062,Low,687.12
S02068,Basic,One year,0.062,Low,160.56
S04606,Standard,One year,0.062,Low,679.08
S04048,Premium,One year,0.062,Low,1161.48
S00616,Premium,One year,0.062,Low,1318.56
S05677,Standard,One year,0.062,Low,722.76
S00280,Basic,Two year,0.062,Low,408.24
S05997,Standard,One year,0.061,Low,616.8
S01731,Standard,One year,0.061,Low,665.04
S00823,Basic,One year,0.061,Low,364.32
S05016,Basic,One year,0.061,Low,382.68
S02332,Standard,Two year,0.061,Low,647.4
S05072,Basic,Two year,0.061,Low,332.4
S04442,Standard,One year,0.061,Low,678.96
S04881,Standard,Month-to-month,0.061,Low,712.92
S01830,Standard,One year,0.061,Low,715.68
S01492,Basic,Month-to-month,0.061,Low,245.4
S05451,Basic,Month-to-month,0.061,Low,248.16
S00185,Standard,Two year,0.061,Low,783.48
S01583,Basic,One year,0.061,Low,334.08
S06638,Standard,One year,0.061,Low,605.4
S03570,Standard,Two year,0.061,Low,618.72
S04166,Standard,One year,0.061,Low,774.36
S00104,Basic,One year,0.061,Low,305.28
S06047,Basic,One year,0.061,Low,347.16
S00199,Premium,Two year,0.061,Low,1271.4
S07323,Basic,One year,0.061,Low,395.88
S04569,Basic,Two year,0.061,Low,313.32
S02025,Standard,One year,0.061,Low,608.4
S03133,Basic,Month-to-month,0.061,Low,356.28
S07046,Standard,One year,0.061,Low,786.72
S03488,Premium,One year,0.061,Low,1201.08
S02833,Basic,One year,0.06,Low,384.24
S01378,Standard,Two year,0.06,Low,702.84
S06153,Premium,Two year,0.06,Low,1092.96
S04163,Standard,One year,0.06,Low,708.6
S06000,Basic,Month-to-month,0.06,Low,380.52
S02520,Standard,One year,0.06,Low,697.56
S04593,Basic,One year,0.06,Low,378.6
S05765,Basic,Month-to-month,0.06,Low,418.8
S02345,Basic,One year,0.06,Low,344.64
S00938,Premium,One year,0.06,Low,1223.76
S01295,Basic,Month-to-month,0.06,Low,322.08
S06791,Standard,One year,0.06,Low,831.6
S07132,Premium,Two year,0.06,Low,1260.72
S05191,Standard,One year,0.06,Low,713.88
S05245,Basic,One year,0.06,Low,347.64
S05357,Standard,Two year,0.06,Low,781.08
S06300,Premium,Two year,0.06,Low,1259.04
S04557,Basic,One year,0.06,Low,314.04
S03473,Standard,One year,0.06,Low,746.88
S04221,Standard,Two year,0.06,Low,686.52
S06605,Standard,One year,0.06,Low,726.72
S03648,Standard,Month-to-month,0.06,Low,715.08
S02955,Basic,One year,0.06,Low,392.04
S00522,Standard,One year,0.06,Low,852.36
S03540,Standard,Month-to-month,0.06,Low,705.36
S03120,Standard,One year,0.06,Low,666.72
S00216,Standard,Month-to-month,0.06,Low,792.96
S06075,Standard,One year,0.06,Low,767.88
S02102,Premium,One year,0.059,Low,1206.96
S05928,Basic,Two year,0.059,Low,286.68
S00771,Premium,Two year,0.059,Low,1072.08
S01385,Premium,Two year,0.059,Low,1144.68
S02753,Premium,One year,0.059,Low,1156.44
S06756,Premium,One year,0.059,Low,1029.0
S01288,Premium,One year,0.059,Low,1235.28
S03340,Basic,One year,0.059,Low,354.36
S05808,Premium,Two year,0.059,Low,1116.6
S00155,Standard,One year,0.059,Low,686.16
S06746,Basic,One year,0.059,Low,410.52
S03374,Basic,One year,0.059,Low,298.32
S05432,Basic,One year,0.059,Low,480.24
S06992,Premium,One year,0.059,Low,1111.56
S03966,Basic,One year,0.059,Low,320.76
S05812,Basic,One year,0.059,Low,319.08
S05094,Basic,Month-to-month,0.059,Low,351.0
S02898,Standard,One year,0.059,Low,673.2
S00539,Premium,One year,0.059,Low,1238.4
S05768,Basic,Two year,0.059,Low,361.44
S00390,Premium,One year,0.059,Low,1117.8
S06799,Basic,Two year,0.059,Low,381.6
S02829,Standard,Month-to-month,0.059,Low,617.88
S07870,Basic,One year,0.059,Low,344.04
S05571,Standard,Month-to-month,0.058,Low,731.52
S07869,Basic,One year,0.058,Low,441.24
S04851,Basic,One year,0.058,Low,392.04
S03143,Basic,One year,0.058,Low,351.24
S07138,Standard,Month-to-month,0.058,Low,664.68
S04600,Standard,One year,0.058,Low,786.96
S05387,Standard,One year,0.058,Low,739.2
S01810,Standard,Two year,0.058,Low,704.04
S07649,Basic,One year,0.058,Low,318.12
S01706,Basic,One year,0.058,Low,341.28
S00271,Basic,One year,0.058,Low,303.48
S01251,Standard,Two year,0.058,Low,733.44
S07677,Basic,Month-to-month,0.058,Low,344.04
S02478,Basic,Month-to-month,0.058,Low,422.52
S03032,Basic,One year,0.058,Low,368.16
S02877,Basic,Month-to-month,0.058,Low,325.32
S05156,Premium,One year,0.057,Low,1188.96
S04494,Basic,Two year,0.057,Low,318.96
S05002,Premium,Two year,0.057,Low,1258.2
S05190,Standard,Two year,0.057,Low,760.2
S00392,Premium,Two year,0.057,Low,1373.88
S07568,Standard,One year,0.057,Low,684.72
S00642,Premium,One year,0.057,Low,1171.8
S03350,Standard,One year,0.057,Low,745.2
S03788,Premium,Two year,0.057,Low,1192.68
S00081,Basic,Month-to-month,0.057,Low,455.16
S03459,Standard,One year,0.057,Low,663.36
S05962,Standard,One year,0.057,Low,836.4
S02268,Premium,Two year,0.057,Low,1208.4
S02295,Standard,One year,0.057,Low,664.68
S05627,Basic,Month-to-month,0.057,Low,327.84
S07479,Basic,One year,0.057,Low,358.2
S07079,Basic,One year,0.057,Low,343.56
S05964,Premium,One year,0.057,Low,1182.48
S07106,Basic,One year,0.057,Low,415.92
S06509,Basic,One year,0.057,Low,413.04
S00831,Basic,One year,0.057,Low,404.28
S00435,Basic,Two year,0.057,Low,273.36
S06872,Standard,Two year,0.057,Low,692.4
S03981,Basic,One year,0.057,Low,417.96
S03802,Standard,Two year,0.057,Low,717.48
S04666,Basic,One year,0.057,Low,368.64
S07361,Standard,Two year,0.056,Low,622.8
S03152,Standard,One year,0.056,Low,785.52
S06881,Basic,Month-to-month,0.056,Low,195.6
S03242,Standard,One year,0.056,Low,755.28
S07527,Premium,One year,0.056,Low,1279.92
S02439,Standard,One year,0.056,Low,762.0
S02503,Premium,One year,0.056,Low,1106.52
S05599,Standard,One year,0.056,Low,690.72
S00741,Basic,Month-to-month,0.056,Low,305.88
S04662,Basic,One year,0.056,Low,342.36
S03254,Basic,Month-to-month,0.056,Low,352.2
S07168,Standard,Two year,0.056,Low,801.84
S07686,Standard,One year,0.056,Low,791.28
S02818,Standard,One year,0.056,Low,611.04
S04372,Basic,Month-to-month,0.056,Low,321.6
S03807,Basic,Month-to-month,0.056,Low,242.16
S06192,Premium,One year,0.056,Low,1159.2
S02801,Premium,Two year,0.056,Low,1156.44
S01325,Premium,One year,0.056,Low,1216.68
S04109,Standard,Two year,0.056,Low,725.76
S01437,Basic,Month-to-month,0.056,Low,381.36
S04610,Standard,Two year,0.056,Low,734.88
S04824,Standard,Two year,0.056,Low,769.92
S00668,Standard,Two year,0.056,Low,524.76
S01565,Basic,Two year,0.056,Low,303.84
S06527,Standard,One year,0.056,Low,711.12
S02763,Standard,One year,0.056,Low,775.68
S06083,Basic,Month-to-month,0.056,Low,290.52
S04643,Premium,One year,0.056,Low,1113.96
S07298,Standard,One year,0.055,Low,662.04
S02286,Basic,Month-to-month,0.055,Low,332.52
S07077,Basic,One year,0.055,Low,379.56
S06692,Premium,One year,0.055,Low,1147.92
S00101,Basic,Two year,0.055,Low,222.24
S02211,Basic,Month-to-month,0.055,Low,329.88
S05727,Standard,One year,0.055,Low,664.56
S05475,Basic,Two year,0.055,Low,403.44
S07262,Standard,One year,0.055,Low,795.12
S05527,Premium,One year,0.055,Low,1222.44
S00172,Basic,One year,0.055,Low,515.88
S07796,Standard,Month-to-month,0.055,Low,604.92
S06030,Standard,Month-to-month,0.055,Low,723.72
S04026,Premium,Two year,0.055,Low,1106.88
S00991,Basic,One year,0.055,Low,392.4
S06650,Premium,Two year,0.055,Low,1183.2
S02285,Premium,One year,0.055,Low,1195.8
S03438,Basic,One year,0.055,Low,388.32
S04921,Basic,One year,0.055,Low,340.32
S01683,Basic,One year,0.055,Low,261.6
S01951,Standard,Month-to-month,0.055,Low,723.72
S04929,Basic,One year,0.055,Low,392.76
S02024,Standard,Month-to-month,0.055,Low,778.8
S01872,Premium,One year,0.055,Low,1079.88
S03427,Basic,Two year,0.055,Low,405.24
S00485,Basic,Month-to-month,0.054,Low,329.04
S03050,Basic,One year,0.054,Low,371.76
S02234,Basic,Month-to-month,0.054,Low,252.72
S07989,Basic,Two year,0.054,Low,386.16
S03978,Basic,One year,0.054,Low,420.12
S00727,Basic,Two year,0.054,Low,459.48
S00591,Basic,One year,0.054,Low,324.48
S00194,Premium,One year,0.054,Low,1269.84
S06530,Premium,One year,0.054,Low,1141.8
S05219,Standard,Two year,0.054,Low,753.48
S00232,Standard,One year,0.054,Low,746.4
S00693,Basic,Month-to-month,0.054,Low,409.32
S05314,Premium,Two year,0.054,Low,1246.44
S05913,Basic,One year,0.054,Low,311.52
S05395,Standard,Two year,0.054,Low,662.52
S03585,Basic,One year,0.054,Low,373.8
S01875,Basic,One year,0.054,Low,371.4
S02259,Basic,Month-to-month,0.054,Low,421.92
S03509,Basic,Two year,0.054,Low,395.88
S06603,Premium,Two year,0.054,Low,1154.64
S02957,Premium,Two year,0.054,Low,1257.24
S01853,Standard,One year,0.054,Low,780.96
S04500,Premium,Two year,0.054,Low,1114.68
S07860,Standard,Two year,0.054,Low,685.44
S02531,Premium,Two year,0.054,Low,1179.72
S01032,Basic,Two year,0.053,Low,367.68
S05707,Basic,One year,0.053,Low,221.88
S06994,Basic,One year,0.053,Low,305.76
S03044,Premium,Two year,0.053,Low,1211.04
S00897,Standard,One year,0.053,Low,646.32
S05340,Standard,Two year,0.053,Low,706.92
S04405,Basic,One year,0.053,Low,382.8
S01840,Basic,Two year,0.053,Low,439.44
S04899,Basic,One year,0.053,Low,209.76
S02971,Standard,Two year,0.053,Low,601.92
S01558,Standard,Two year,0.053,Low,740.64
S00697,Basic,Two year,0.053,Low,284.76
S06690,Premium,Two year,0.053,Low,1240.08
S03011,Basic,One year,0.053,Low,432.24
S05658,Basic,Two year,0.053,Low,396.0
S04736,Basic,One year,0.053,Low,284.28
S04619,Standard,One year,0.053,Low,762.24
S02139,Premium,One year,0.053,Low,1158.12
S05929,Basic,One year,0.053,Low,348.24
S03843,Standard,One year,0.053,Low,794.88
S07218,Premium,One year,0.053,Low,1130.04
S07992,Basic,One year,0.053,Low,358.8
S06162,Premium,One year,0.053,Low,1191.96
S00102,Basic,One year,0.053,Low,368.64
S02732,Basic,One year,0.052,Low,393.24
S06869,Basic,Two year,0.052,Low,311.64
S02518,Standard,One year,0.052,Low,675.72
S04597,Standard,Two year,0.052,Low,803.76
S07258,Standard,One year,0.052,Low,682.08
S05886,Premium,One year,0.052,Low,1167.36
S01167,Standard,Month-to-month,0.052,Low,672.84
S07100,Premium,One year,0.052,Low,1175.28
S04986,Basic,Month-to-month,0.052,Low,396.72
S03194,Standard,One year,0.052,Low,834.72
S06709,Standard,One year,0.052,Low,809.52
S07174,Premium,Two year,0.052,Low,1173.24
S00184,Premium,One year,0.052,Low,1111.2
S06069,Basic,One year,0.052,Low,407.16
S02052,Standard,One year,0.052,Low,619.2
S06678,Basic,One year,0.052,Low,430.68
S01908,Basic,One year,0.052,Low,361.8
S07346,Premium,Two year,0.052,Low,1244.04
S04577,Premium,One year,0.052,Low,1237.2
S02984,Basic,Two year,0.052,Low,288.24
S06814,Premium,Two year,0.051,Low,1113.6
S07954,Basic,One year,0.051,Low,340.92
S01973,Standard,Two year,0.051,Low,687.96
S02703,Standard,One year,0.051,Low,646.44
S00950,Basic,One year,0.051,Low,368.28
S03739,Basic,Month-to-month,0.051,Low,352.44
S04595,Basic,One year,0.051,Low,380.64
S00132,Basic,One year,0.051,Low,334.32
S01194,Standard,Month-to-month,0.051,Low,660.24
S06651,Standard,Two year,0.051,Low,773.4
S04231,Premium,One year,0.051,Low,1171.08
S02348,Basic,One year,0.051,Low,278.88
S05509,Standard,One year,0.051,Low,704.16
S02730,Basic,One year,0.051,Low,339.48
S02700,Standard,One year,0.051,Low,812.52
S03536,Standard,Two year,0.051,Low,654.84
S06969,Standard,One year,0.051,Low,575.64
S06805,Basic,One year,0.051,Low,277.92
S03218,Standard,Two year,0.051,Low,657.0
S06973,Basic,One year,0.051,Low,364.32
S07587,Basic,Month-to-month,0.051,Low,200.28
S05014,Standard,One year,0.051,Low,604.68
S05463,Premium,Two year,0.051,Low,1215.96
S05541,Standard,One year,0.051,Low,718.56
S02145,Basic,One year,0.051,Low,228.0
S05687,Standard,One year,0.051,Low,760.8
S01929,Standard,Two year,0.051,Low,661.8
S07862,Basic,Two year,0.051,Low,335.04
S01513,Premium,Two year,0.051,Low,990.24
S00713,Basic,One year,0.051,Low,361.08
S06017,Basic,Two year,0.051,Low,396.72
S03886,Basic,One year,0.051,Low,425.04
S00589,Basic,One year,0.05,Low,308.64
S07144,Premium,One year,0.05,Low,1208.52
S00207,Premium,Two year,0.05,Low,1186.92
S06082,Standard,Two year,0.05,Low,662.52
S03065,Basic,One year,0.05,Low,306.72
S00781,Standard,One year,0.05,Low,802.2
S03834,Basic,Month-to-month,0.05,Low,411.72
S03480,Premium,Two year,0.05,Low,1179.0
S00182,Premium,Two year,0.05,Low,1287.48
S07863,Basic,Month-to-month,0.05,Low,237.6
S02670,Basic,Month-to-month,0.05,Low,234.24
S05963,Standard,Two year,0.05,Low,619.32
S02601,Basic,One year,0.05,Low,338.52
S07865,Basic,Two year,0.05,Low,377.16
S06867,Standard,One year,0.05,Low,703.08
S04450,Standard,One year,0.05,Low,724.68
S07812,Basic,Two year,0.05,Low,319.92
S00949,Premium,One year,0.05,Low,1137.0
S01371,Basic,Two year,0.05,Low,430.92
S07823,Basic,One year,0.05,Low,206.4
S00163,Basic,Two year,0.05,Low,401.76
S05955,Basic,Two year,0.049,Low,383.4
S02760,Basic,One year,0.049,Low,190.68
S00229,Premium,Two year,0.049,Low,1065.96
S06167,Standard,One year,0.049,Low,660.36
S05066,Basic,Two year,0.049,Low,228.72
S07311,Basic,One year,0.049,Low,252.24
S06778,Premium,Two year,0.049,Low,1262.04
S07672,Standard,One year,0.049,Low,697.32
S01983,Basic,One year,0.049,Low,326.16
S06590,Basic,Two year,0.049,Low,259.32
S06096,Basic,One year,0.049,Low,269.16
S07294,Basic,Month-to-month,0.049,Low,316.68
S00203,Standard,One year,0.049,Low,594.24
S01070,Basic,One year,0.049,Low,369.84
S05282,Premium,Two year,0.049,Low,1298.52
S03316,Standard,One year,0.049,Low,821.88
S00525,Standard,One year,0.049,Low,670.2
S06431,Standard,Two year,0.049,Low,760.56
S06562,Standard,One year,0.049,Low,803.04
S06812,Basic,Two year,0.049,Low,332.88
S06420,Basic,One year,0.049,Low,453.6
S01308,Basic,Two year,0.049,Low,390.72
S01809,Standard,Two year,0.049,Low,544.44
S00173,Premium,One year,0.049,Low,1208.76
S01998,Premium,Two year,0.049,Low,1270.32
S02051,Basic,One year,0.049,Low,251.52
S07532,Basic,Two year,0.049,Low,356.04
S01004,Premium,One year,0.049,Low,1297.32
S07432,Basic,One year,0.049,Low,334.44
S03523,Standard,Two year,0.048,Low,732.24
S03634,Standard,One year,0.048,Low,780.96
S00325,Premium,Two year,0.048,Low,1203.24
S07241,Standard,Two year,0.048,Low,661.8
S04213,Standard,One year,0.048,Low,694.68
S07472,Standard,One year,0.048,Low,678.96
S04797,Standard,Two year,0.048,Low,690.6
S02924,Basic,One year,0.048,Low,545.04
S07586,Basic,One year,0.048,Low,331.32
S04274,Basic,One year,0.048,Low,395.76
S06134,Basic,One year,0.048,Low,374.16
S00317,Premium,Two year,0.048,Low,1200.36
S03049,Premium,One year,0.048,Low,1152.72
S01942,Basic,One year,0.048,Low,328.8
S02129,Basic,One year,0.048,Low,380.16
S04232,Basic,Two year,0.048,Low,312.36
S00779,Standard,Two year,0.048,Low,654.36
S05645,Standard,One year,0.048,Low,718.68
S03873,Basic,One year,0.048,Low,289.32
S07235,Premium,One year,0.048,Low,1167.12
S02522,Basic,One year,0.048,Low,408.6
S02850,Standard,Two year,0.048,Low,672.0
S00497,Premium,Two year,0.048,Low,1229.4
S05214,Basic,One year,0.048,Low,370.92
S01964,Basic,Month-to-month,0.048,Low,265.32
S02040,Standard,One year,0.048,Low,700.32
S00962,Standard,One year,0.048,Low,738.48
S07880,Basic,Two year,0.048,Low,442.68
S05271,Basic,Month-to-month,0.048,Low,328.56
S00834,Standard,One year,0.048,Low,654.72
S03821,Basic,Month-to-month,0.048,Low,415.8
S05724,Premium,Two year,0.048,Low,1194.36
S06213,Basic,One year,0.048,Low,323.88
S03846,Basic,One year,0.048,Low,454.56
S04633,Basic,One year,0.048,Low,395.16
S03747,Basic,One year,0.048,Low,269.64
S05012,Basic,One year,0.048,Low,517.2
S07084,Standard,Two year,0.048,Low,692.28
S02500,Standard,Two year,0.048,Low,696.48
S07792,Standard,One year,0.048,Low,735.72
S01271,Standard,One year,0.047,Low,629.16
S01409,Premium,Two year,0.047,Low,1152.6
S04911,Basic,One year,0.047,Low,392.4
S01595,Premium,Two year,0.047,Low,1273.32
S01459,Basic,Two year,0.047,Low,282.96
S05826,Basic,One year,0.047,Low,277.92
S07315,Basic,One year,0.047,Low,344.88
S06521,Standard,One year,0.047,Low,637.92
S04152,Basic,Month-to-month,0.047,Low,298.2
S00016,Standard,One year,0.047,Low,708.12
S04783,Standard,Month-to-month,0.047,Low,582.24
S06733,Basic,One year,0.047,Low,333.48
S05480,Basic,One year,0.047,Low,344.76
S04984,Basic,One year,0.047,Low,480.6
S06196,Standard,Month-to-month,0.047,Low,720.96
S07442,Premium,Two year,0.047,Low,1097.52
S06346,Basic,One year,0.047,Low,320.88
S07617,Basic,One year,0.047,Low,264.36
S02684,Basic,Two year,0.047,Low,407.52
S07171,Standard,Two year,0.047,Low,668.28
S00123,Standard,Two year,0.047,Low,655.2
S02082,Basic,One year,0.047,Low,432.24
S05784,Standard,Two year,0.047,Low,747.12
S02464,Basic,Two year,0.047,Low,307.56
S03755,Premium,One year,0.047,Low,1259.64
S06668,Basic,One year,0.047,Low,462.12
S03786,Standard,One year,0.047,Low,674.64
S04844,Standard,Two year,0.047,Low,598.2
S00465,Basic,Two year,0.047,Low,361.8
S00239,Standard,One year,0.047,Low,757.56
S02382,Standard,One year,0.047,Low,811.56
S04710,Standard,Two year,0.047,Low,664.08
S01198,Standard,Two year,0.047,Low,825.84
S00061,Basic,One year,0.047,Low,437.4
S05602,Basic,One year,0.047,Low,221.52
S04848,Standard,Two year,0.047,Low,680.16
S01425,Standard,One year,0.046,Low,595.32
S02575,Basic,Two year,0.046,Low,308.04
S00046,Standard,One year,0.046,Low,807.24
S07297,Standard,Two year,0.046,Low,712.32
S07963,Basic,One year,0.046,Low,294.96
S00092,Premium,Two year,0.046,Low,1120.68
S05825,Premium,One year,0.046,Low,1186.32
S01451,Basic,Month-to-month,0.046,Low,390.96
S06090,Basic,One year,0.046,Low,365.28
S06952,Basic,One year,0.046,Low,403.92
S00613,Basic,Two year,0.046,Low,347.4
S02303,Standard,One year,0.046,Low,745.68
S07158,Standard,One year,0.046,Low,740.4
S03833,Standard,Month-to-month,0.046,Low,691.2
S00955,Standard,One year,0.046,Low,701.52
S05918,Standard,One year,0.046,Low,881.64
S07279,Standard,One year,0.046,Low,788.16
S06058,Standard,Two year,0.046,Low,644.64
S02381,Basic,One year,0.046,Low,377.4
S01381,Standard,One year,0.046,Low,658.08
S04251,Standard,Two year,0.046,Low,782.28
S07413,Standard,One year,0.045,Low,702.0
S07477,Standard,Two year,0.045,Low,639.24
S02923,Standard,Two year,0.045,Low,691.2
S05835,Standard,One year,0.045,Low,743.4
S04073,Basic,One year,0.045,Low,311.64
S01972,Premium,Two year,0.045,Low,1141.92
S05076,Standard,One year,0.045,Low,693.96
S02797,Basic,One year,0.045,Low,389.88
S06703,Basic,One year,0.045,Low,255.96
S04337,Basic,One year,0.045,Low,372.84
S05027,Basic,One year,0.045,Low,256.44
S05028,Standard,Two year,0.045,Low,752.16
S03901,Standard,One year,0.045,Low,669.36
S01293,Basic,One year,0.045,Low,190.8
S06723,Standard,One year,0.045,Low,677.28
S07896,Standard,Two year,0.045,Low,580.8
S06073,Standard,One year,0.045,Low,753.72
S05535,Premium,One year,0.045,Low,1144.68
S02347,Premium,Two year,0.045,Low,1055.28
S01157,Basic,One year,0.045,Low,302.76
S04948,Premium,One year,0.045,Low,1171.68
S03354,Standard,One year,0.045,Low,770.16
S06093,Basic,One year,0.045,Low,388.68
S04112,Premium,One year,0.045,Low,1183.44
S05898,Basic,One year,0.045,Low,292.44
S01835,Basic,One year,0.045,Low,392.52
S06182,Basic,Two year,0.045,Low,332.4
S01907,Basic,One year,0.045,Low,440.88
S00775,Basic,Month-to-month,0.044,Low,292.68
S00803,Premium,Two year,0.044,Low,1235.16
S03008,Basic,Month-to-month,0.044,Low,371.76
S06042,Standard,One year,0.044,Low,805.2
S00838,Standard,One year,0.044,Low,702.24
S03842,Basic,One year,0.044,Low,396.72
S02664,Standard,Two year,0.044,Low,703.32
S06296,Premium,One year,0.044,Low,1211.52
S00205,Basic,One year,0.044,Low,386.76
S02721,Premium,One year,0.044,Low,1106.52
S02014,Standard,Two year,0.044,Low,724.08
S04409,Premium,One year,0.044,Low,1173.0
S00861,Standard,One year,0.044,Low,688.08
S01174,Standard,Two year,0.044,Low,739.2
S01349,Standard,Month-to-month,0.044,Low,575.16
S06077,Standard,One year,0.044,Low,644.28
S04671,Basic,One year,0.044,Low,368.76
S07395,Standard,Two year,0.044,Low,669.24
S03327,Premium,Two year,0.044,Low,1089.84
S01446,Basic,Two year,0.044,Low,284.28
S02587,Premium,Two year,0.044,Low,1165.8
S06705,Premium,One year,0.044,Low,1135.92
S03605,Standard,Two year,0.044,Low,768.84
S04769,Standard,One year,0.044,Low,656.16
S07854,Basic,One year,0.044,Low,453.36
S04312,Standard,Two year,0.043,Low,731.4
S02539,Premium,One year,0.043,Low,1074.72
S03935,Basic,One year,0.043,Low,498.6
S06512,Premium,Two year,0.043,Low,1062.48
S06929,Standard,Month-to-month,0.043,Low,634.92
S07135,Standard,One year,0.043,Low,691.2
S03913,Basic,One year,0.043,Low,278.76
S01713,Basic,One year,0.043,Low,398.04
S06568,Standard,One year,0.043,Low,594.72
S05056,Basic,One year,0.043,Low,295.32
S06099,Premium,Two year,0.043,Low,1179.72
S01502,Basic,One year,0.043,Low,304.68
S01647,Basic,One year,0.043,Low,438.72
S00646,Standard,One year,0.043,Low,763.8
S07198,Standard,One year,0.043,Low,720.36
S03042,Premium,One year,0.043,Low,1105.92
S07207,Basic,Two year,0.043,Low,306.72
S01742,Basic,One year,0.043,Low,458.64
S03399,Standard,One year,0.043,Low,751.92
S05277,Basic,One year,0.043,Low,359.88
S05348,Standard,Two year,0.043,Low,690.24
S07458,Premium,Two year,0.043,Low,1245.72
S00324,Premium,Two year,0.043,Low,1115.04
S03973,Standard,One year,0.043,Low,722.4
S06330,Basic,One year,0.043,Low,491.4
S07078,Standard,Two year,0.043,Low,692.52
S07919,Basic,One year,0.043,Low,203.28
S07988,Basic,One year,0.043,Low,426.12
S07283,Premium,Two year,0.043,Low,1231.32
S00983,Standard,Two year,0.043,Low,774.72
S01823,Standard,One year,0.043,Low,709.32
S00974,Basic,Month-to-month,0.043,Low,333.84
S05291,Basic,Two year,0.043,Low,444.48
S07594,Basic,One year,0.043,Low,337.44
S00650,Basic,Two year,0.043,Low,330.24
S05804,Premium,Two year,0.043,Low,1196.88
S05555,Standard,One year,0.043,Low,753.84
S07953,Basic,One year,0.042,Low,156.84
S04947,Premium,Two year,0.042,Low,1206.0
S04316,Standard,Two year,0.042,Low,748.2
S06015,Standard,Two year,0.042,Low,676.92
S01433,Basic,One year,0.042,Low,212.28
S02530,Basic,One year,0.042,Low,428.76
S01922,Basic,One year,0.042,Low,294.72
S01300,Basic,Two year,0.042,Low,382.32
S00330,Basic,Month-to-month,0.042,Low,416.76
S01248,Standard,One year,0.042,Low,833.16
S05905,Basic,One year,0.042,Low,265.68
S01669,Standard,Two year,0.042,Low,721.8
S01954,Standard,One year,0.042,Low,779.88
S06525,Standard,One year,0.042,Low,795.12
S01296,Basic,Two year,0.042,Low,385.56
S02023,Standard,One year,0.042,Low,817.56
S01573,Standard,One year,0.042,Low,727.68
S07725,Basic,Two year,0.042,Low,398.28
S05200,Standard,Two year,0.042,Low,641.88
S00889,Standard,One year,0.042,Low,627.48
S00684,Standard,One year,0.042,Low,773.76
S06408,Basic,One year,0.042,Low,393.24
S02110,Basic,Month-to-month,0.042,Low,315.0
S07748,Premium,One year,0.042,Low,1158.48
S05553,Standard,One year,0.042,Low,721.92
S00911,Basic,One year,0.042,Low,466.92
S01423,Basic,Two year,0.042,Low,280.68
S01239,Basic,One year,0.042,Low,336.36
S07906,Standard,One year,0.042,Low,746.88
S05725,Standard,Two year,0.042,Low,822.84
S05943,Basic,One year,0.042,Low,391.8
S07544,Basic,One year,0.042,Low,251.28
S00774,Basic,One year,0.042,Low,374.52
S00966,Basic,One year,0.042,Low,487.32
S06222,Basic,One year,0.042,Low,488.16
S06221,Basic,One year,0.041,Low,430.32
S05960,Standard,One year,0.041,Low,765.84
S05481,Premium,Two year,0.041,Low,1171.56
S02774,Standard,One year,0.041,Low,766.44
S03409,Standard,Two year,0.041,Low,808.44
S03760,Basic,Two year,0.041,Low,363.84
S04852,Premium,One year,0.041,Low,1147.2
S05399,Standard,One year,0.041,Low,747.24
S00183,Premium,Two year,0.041,Low,1343.88
S06589,Standard,One year,0.041,Low,690.6
S07067,Basic,One year,0.041,Low,451.32
S06641,Basic,Two year,0.041,Low,462.12
S07147,Basic,One year,0.041,Low,324.0
S00301,Basic,One year,0.041,Low,489.6
S03798,Standard,One year,0.041,Low,738.72
S00720,Standard,One year,0.041,Low,677.64
S03240,Standard,One year,0.041,Low,752.28
S03985,Basic,Month-to-month,0.041,Low,368.52
S04976,Standard,Month-to-month,0.041,Low,827.76
S02845,Standard,One year,0.041,Low,630.12
S03012,Basic,One year,0.041,Low,477.72
S01053,Premium,One year,0.041,Low,1138.8
S04681,Basic,One year,0.041,Low,419.88
S07746,Standard,One year,0.041,Low,709.68
S02229,Basic,One year,0.041,Low,457.56
S07979,Basic,One year,0.041,Low,393.36
S00824,Premium,One year,0.041,Low,1206.84
S02159,Standard,Two year,0.041,Low,668.28
S01803,Basic,One year,0.041,Low,278.28
S01121,Standard,One year,0.041,Low,670.92
S03096,Basic,Two year,0.041,Low,301.2
S00347,Standard,Two year,0.041,Low,756.96
S00943,Basic,Two year,0.041,Low,257.4
S03456,Standard,Two year,0.041,Low,728.16
S08000,Basic,One year,0.04,Low,419.4
S03161,Premium,Two year,0.04,Low,1081.68
S01126,Standard,One year,0.04,Low,715.08
S03854,Premium,Two year,0.04,Low,1252.32
S06484,Standard,One year,0.04,Low,723.84
S00018,Basic,Two year,0.04,Low,462.0
S02486,Standard,One year,0.04,Low,737.28
S05893,Basic,Two year,0.04,Low,367.2
S02221,Basic,Two year,0.04,Low,196.08
S02884,Basic,One year,0.04,Low,449.16
S01342,Standard,One year,0.04,Low,757.8
S06109,Premium,Two year,0.04,Low,1103.04
S01173,Basic,Month-to-month,0.04,Low,294.84
S06434,Premium,Two year,0.04,Low,1084.68
S04803,Standard,Two year,0.04,Low,931.8
S03485,Standard,One year,0.04,Low,688.08
S04742,Basic,Two year,0.04,Low,276.48
S02819,Standard,One year,0.04,Low,836.76
S05894,Standard,Two year,0.04,Low,762.96
S05760,Premium,Two year,0.04,Low,1017.48
S04611,Basic,Two year,0.04,Low,339.24
S00749,Basic,Two year,0.04,Low,265.32
S05976,Standard,One year,0.04,Low,630.36
S03921,Basic,One year,0.04,Low,397.56
S06900,Premium,Two year,0.04,Low,1182.36
S06318,Standard,Two year,0.04,Low,743.04
S02926,Standard,One year,0.04,Low,688.56
S04920,Premium,Two year,0.04,Low,1149.84
S00478,Basic,One year,0.039,Low,320.16
S06765,Basic,Two year,0.039,Low,504.36
S01064,Standard,One year,0.039,Low,603.96
S04369,Premium,Two year,0.039,Low,1204.68
S04785,Standard,One year,0.039,Low,537.72
S06602,Basic,One year,0.039,Low,238.56
S07109,Basic,One year,0.039,Low,401.4
S05849,Standard,One year,0.039,Low,694.2
S06582,Standard,One year,0.039,Low,685.56
S00048,Standard,One year,0.039,Low,614.28
S06554,Standard,One year,0.039,Low,750.12
S06804,Premium,Two year,0.039,Low,1158.84
S04872,Basic,One year,0.039,Low,336.24
S05641,Standard,Two year,0.039,Low,682.8
S02374,Standard,One year,0.039,Low,775.08
S04895,Basic,One year,0.039,Low,235.32
S02280,Basic,One year,0.039,Low,397.92
S07799,Basic,Two year,0.039,Low,337.8
S04359,Basic,One year,0.039,Low,147.6
S01229,Basic,Two year,0.039,Low,497.64
S05806,Standard,One year,0.039,Low,752.4
S01169,Standard,One year,0.039,Low,725.28
S05341,Standard,Two year,0.039,Low,661.2
S07341,Basic,Two year,0.039,Low,423.72
S03010,Standard,Two year,0.039,Low,682.44
S01980,Premium,Two year,0.039,Low,1238.64
S05984,Premium,One year,0.039,Low,1212.24
S01319,Premium,One year,0.039,Low,1291.56
S02225,Basic,Two year,0.039,Low,346.8
S03629,Basic,One year,0.039,Low,408.48
S03814,Standard,One year,0.039,Low,602.4
S04014,Standard,One year,0.039,Low,659.76
S02834,Standard,Two year,0.039,Low,683.4
S04596,Standard,Two year,0.039,Low,794.88
S07003,Basic,One year,0.039,Low,318.84
S04263,Basic,Two year,0.039,Low,439.56
S07944,Premium,Two year,0.038,Low,1106.04
S05713,Standard,One year,0.038,Low,825.12
S01624,Basic,One year,0.038,Low,385.08
S00139,Basic,One year,0.038,Low,235.2
S03621,Standard,Two year,0.038,Low,717.12
S00682,Basic,One year,0.038,Low,292.08
S03311,Standard,Two year,0.038,Low,719.76
S05138,Standard,Two year,0.038,Low,699.0
S05298,Standard,One year,0.038,Low,726.0
S00973,Basic,Two year,0.038,Low,281.4
S03794,Basic,One year,0.038,Low,237.24
S07540,Standard,One year,0.038,Low,677.64
S07990,Standard,One year,0.038,Low,911.28
S01785,Standard,Two year,0.038,Low,668.76
S03267,Standard,Two year,0.038,Low,649.92
S01958,Basic,Two year,0.038,Low,247.8
S05478,Basic,Two year,0.038,Low,398.88
S03713,Standard,One year,0.038,Low,831.12
S07566,Standard,One year,0.038,Low,732.96
S00039,Basic,Two year,0.038,Low,323.64
S05289,Basic,One year,0.038,Low,388.44
S01223,Basic,Month-to-month,0.038,Low,377.52
S07829,Basic,Two year,0.038,Low,283.08
S02349,Basic,Two year,0.038,Low,270.84
S04132,Basic,One year,0.038,Low,390.48
S06855,Basic,Two year,0.038,Low,435.12
S06688,Standard,One year,0.038,Low,631.08
S07883,Standard,One year,0.038,Low,649.44
S06972,Premium,Two year,0.038,Low,1134.72
S03386,Standard,One year,0.038,Low,736.2
S00543,Basic,One year,0.038,Low,317.76
S02104,Basic,One year,0.038,Low,372.96
S06211,Premium,Two year,0.038,Low,1245.36
S01733,Standard,Two year,0.038,Low,810.6
S01909,Basic,Two year,0.038,Low,411.96
S07599,Premium,Two year,0.038,Low,1135.68
S02346,Basic,One year,0.038,Low,300.84
S02388,Basic,One year,0.038,Low,379.44
S02701,Basic,One year,0.038,Low,412.8
S01289,Premium,Two year,0.038,Low,1274.4
S03312,Basic,Month-to-month,0.037,Low,368.4
S05075,Standard,Two year,0.037,Low,643.08
S05143,Basic,Two year,0.037,Low,306.6
S04124,Standard,One year,0.037,Low,614.16
S03555,Standard,Two year,0.037,Low,696.36
S03577,Basic,One year,0.037,Low,299.28
S03598,Basic,One year,0.037,Low,323.4
S04186,Standard,One year,0.037,Low,612.48
S05203,Basic,Two year,0.037,Low,279.24
S06142,Premium,Two year,0.037,Low,1053.12
S04103,Basic,One year,0.037,Low,378.48
S07060,Basic,Two year,0.037,Low,269.16
S07123,Basic,One year,0.037,Low,316.08
S01597,Standard,One year,0.037,Low,485.76
S06229,Premium,Two year,0.037,Low,1077.12
S02906,Standard,One year,0.037,Low,660.84
S02679,Standard,Two year,0.037,Low,762.96
S02866,Premium,One year,0.037,Low,1219.8
S04939,Basic,One year,0.037,Low,388.68
S05140,Basic,One year,0.037,Low,234.24
S03550,Basic,One year,0.037,Low,359.76
S07667,Basic,Two year,0.037,Low,412.2
S07347,Basic,Two year,0.037,Low,268.44
S00389,Standard,Two year,0.037,Low,555.84
S04926,Premium,One year,0.037,Low,1042.44
S03688,Standard,Two year,0.037,Low,711.36
S03351,Standard,One year,0.037,Low,675.48
S05611,Standard,One year,0.037,Low,758.04
S07145,Basic,Two year,0.037,Low,279.84
S07455,Standard,Two year,0.037,Low,913.44
S04665,Standard,One year,0.037,Low,764.16
S07595,Basic,One year,0.037,Low,378.24
S07189,Premium,Two year,0.037,Low,1144.56
S02737,Basic,Two year,0.037,Low,334.92
S03633,Standard,Two year,0.037,Low,785.88
S03898,Premium,Two year,0.037,Low,1111.44
S06712,Basic,Two year,0.037,Low,342.0
S07051,Premium,Two year,0.037,Low,1163.4
S00201,Premium,Two year,0.037,Low,1140.0
S05303,Basic,Two year,0.037,Low,419.52
S06759,Standard,One year,0.037,Low,657.12
S01314,Basic,One year,0.037,Low,446.28
S00062,Basic,One year,0.037,Low,235.68
S05999,Standard,One year,0.037,Low,599.64
S05470,Standard,One year,0.037,Low,736.08
S03938,Basic,Two year,0.037,Low,311.4
S05275,Basic,Two year,0.037,Low,405.36
S07104,Premium,One year,0.037,Low,1212.48
S00262,Basic,One year,0.037,Low,222.96
S00568,Basic,One year,0.037,Low,257.64
S07009,Standard,One year,0.037,Low,786.6
S06529,Standard,One year,0.037,Low,664.56
S05811,Basic,One year,0.037,Low,311.04
S07605,Basic,Two year,0.037,Low,432.12
S07505,Premium,One year,0.037,Low,1281.6
S07392,Basic,Month-to-month,0.037,Low,246.96
S01324,Basic,One year,0.036,Low,242.04
S01523,Basic,Two year,0.036,Low,323.88
S05625,Basic,One year,0.036,Low,314.16
S02514,Premium,One year,0.036,Low,1214.16
S05499,Basic,One year,0.036,Low,417.36
S00150,Standard,Two year,0.036,Low,787.56
S02187,Basic,Two year,0.036,Low,252.6
S02713,Premium,Two year,0.036,Low,1163.28
S07803,Standard,Two year,0.036,Low,657.72
S01925,Premium,Two year,0.036,Low,1182.12
S04725,Standard,One year,0.036,Low,700.92
S06037,Standard,Two year,0.036,Low,687.48
S00611,Basic,Two year,0.036,Low,352.2
S05755,Basic,One year,0.036,Low,392.04
S05452,Standard,One year,0.036,Low,744.96
S07330,Basic,One year,0.036,Low,429.0
S07946,Standard,Two year,0.036,Low,887.88
S05746,Basic,One year,0.036,Low,350.4
S07805,Basic,One year,0.036,Low,440.64
S03201,Basic,Two year,0.036,Low,355.2
S02130,Premium,One year,0.036,Low,1098.48
S07236,Basic,Two year,0.036,Low,327.6
S07574,Basic,One year,0.036,Low,471.72
S05603,Standard,One year,0.036,Low,745.68
S04977,Basic,Two year,0.036,Low,334.68
S03464,Basic,Two year,0.036,Low,292.68
S02649,Basic,Month-to-month,0.036,Low,294.6
S00410,Basic,Two year,0.036,Low,364.92
S05217,Basic,One year,0.036,Low,277.08
S03679,Basic,One year,0.036,Low,299.16
S02372,Basic,One year,0.036,Low,389.28
S06378,Standard,One year,0.036,Low,680.52
S02254,Premium,Two year,0.036,Low,1254.84
S02535,Standard,Two year,0.036,Low,536.64
S00702,Standard,One year,0.036,Low,740.76
S00791,Basic,Two year,0.036,Low,363.36
S01368,Basic,One year,0.036,Low,395.64
S05296,Standard,Two year,0.035,Low,788.76
S02143,Basic,One year,0.035,Low,372.36
S00368,Standard,Two year,0.035,Low,668.88
S02351,Basic,Two year,0.035,Low,364.08
S05079,Basic,Two year,0.035,Low,128.16
S01646,Basic,One year,0.035,Low,284.28
S01741,Basic,One year,0.035,Low,365.28
S06467,Premium,Two year,0.035,Low,1183.8
S02398,Premium,One year,0.035,Low,1110.6
S00473,Basic,Two year,0.035,Low,450.72
S05923,Basic,One year,0.035,Low,327.0
S01977,Standard,Two year,0.035,Low,655.56
S04502,Basic,One year,0.035,Low,285.96
S04172,Standard,Two year,0.035,Low,673.68
S04916,Standard,Two year,0.035,Low,631.56
S02071,Standard,One year,0.035,Low,688.44
S00057,Standard,Two year,0.035,Low,780.24
S06449,Basic,Two year,0.035,Low,479.4
S01648,Standard,One year,0.035,Low,837.24
S06306,Basic,One year,0.035,Low,267.36
S00609,Basic,Two year,0.035,Low,452.52
S03545,Premium,One year,0.035,Low,1050.72
S04515,Basic,One year,0.035,Low,258.12
S06495,Premium,Two year,0.035,Low,1300.08
S05281,Standard,One year,0.035,Low,712.08
S02788,Basic,Two year,0.035,Low,354.72
S01265,Standard,Two year,0.034,Low,825.84
S07835,Premium,One year,0.034,Low,1332.0
S05283,Basic,One year,0.034,Low,254.04
S07023,Standard,One year,0.034,Low,729.72
S01655,Basic,One year,0.034,Low,369.0
S02900,Basic,Month-to-month,0.034,Low,362.64
S06548,Standard,Two year,0.034,Low,780.24
S02292,Basic,One year,0.034,Low,466.56
S06101,Premium,Two year,0.034,Low,1313.4
S05682,Standard,Two year,0.034,Low,740.28
S06635,Standard,One year,0.034,Low,739.08
S04739,Standard,Two year,0.034,Low,628.92
S05985,Basic,One year,0.034,Low,263.28
S03618,Basic,Two year,0.034,Low,225.96
S00811,Standard,Two year,0.034,Low,731.76
S01934,Basic,One year,0.034,Low,373.92
S07715,Basic,One year,0.034,Low,404.28
S05557,Basic,Two year,0.034,Low,321.84
S04639,Basic,One year,0.034,Low,308.28
S04029,Basic,Two year,0.034,Low,242.88
S00859,Standard,Two year,0.034,Low,648.0
S03778,Standard,Two year,0.034,Low,713.52
S02841,Standard,One year,0.034,Low,744.24
S04894,Basic,Two year,0.034,Low,299.76
S02365,Standard,One year,0.034,Low,630.24
S02632,Basic,One year,0.034,Low,275.64
S00929,Basic,Two year,0.034,Low,344.52
S05386,Premium,Two year,0.034,Low,1134.12
S04211,Standard,One year,0.034,Low,719.76
S07621,Standard,One year,0.034,Low,674.64
S06956,Standard,One year,0.034,Low,741.24
S00526,Basic,One year,0.034,Low,280.08
S06844,Premium,Two year,0.034,Low,1257.0
S07613,Basic,One year,0.034,Low,497.52
S04989,Basic,One year,0.034,Low,346.92
S06789,Standard,One year,0.034,Low,638.16
S06610,Standard,Two year,0.034,Low,667.44
S07898,Basic,Two year,0.034,Low,402.96
S04858,Basic,One year,0.034,Low,418.32
S03302,Basic,One year,0.034,Low,286.56
S04536,Standard,Two year,0.034,Low,668.88
S04932,Basic,Two year,0.034,Low,346.68
S01848,Standard,One year,0.034,Low,711.36
S04505,Basic,Two year,0.034,Low,342.6
S00475,Basic,One year,0.034,Low,334.92
S04054,Standard,Two year,0.034,Low,627.96
S03264,Standard,Two year,0.034,Low,698.4
S07767,Standard,One year,0.033,Low,804.96
S05168,Premium,Two year,0.033,Low,1103.76
S05278,Premium,One year,0.033,Low,1171.2
S03413,Standard,One year,0.033,Low,703.92
S03329,Basic,One year,0.033,Low,427.56
S01092,Standard,One year,0.033,Low,681.24
S05361,Standard,One year,0.033,Low,809.76
S01539,Basic,One year,0.033,Low,305.04
S06594,Standard,One year,0.033,Low,773.4
S04804,Standard,One year,0.033,Low,834.12
S06219,Basic,Two year,0.033,Low,409.44
S00863,Premium,One year,0.033,Low,1135.08
S07638,Basic,One year,0.033,Low,288.96
S06899,Standard,Two year,0.033,Low,512.16
S01563,Basic,One year,0.033,Low,317.4
S07682,Standard,Two year,0.033,Low,786.6
S00577,Standard,One year,0.033,Low,675.96
S00705,Standard,One year,0.033,Low,723.6
S06450,Basic,One year,0.033,Low,356.76
S03429,Basic,One year,0.033,Low,262.2
S03251,Standard,Two year,0.033,Low,691.08
S02782,Basic,Two year,0.033,Low,195.48
S06033,Basic,One year,0.033,Low,373.8
S00290,Standard,Two year,0.033,Low,728.04
S05579,Basic,One year,0.033,Low,317.28
S05330,Standard,Two year,0.033,Low,705.48
S00632,Standard,Two year,0.033,Low,604.68
S06061,Standard,Two year,0.033,Low,717.0
S05095,Standard,One year,0.033,Low,668.88
S07433,Standard,One year,0.033,Low,689.52
S06615,Standard,Month-to-month,0.033,Low,684.48
S07710,Premium,One year,0.033,Low,1162.32
S02634,Basic,One year,0.033,Low,433.8
S01790,Standard,Two year,0.033,Low,681.0
S07175,Standard,Two year,0.033,Low,746.76
S04708,Standard,One year,0.032,Low,774.0
S05591,Premium,One year,0.032,Low,1196.28
S07556,Basic,One year,0.032,Low,237.6
S04632,Standard,Two year,0.032,Low,779.88
S05086,Standard,One year,0.032,Low,807.72
S06240,Standard,One year,0.032,Low,735.96
S05193,Standard,One year,0.032,Low,596.88
S03070,Standard,Two year,0.032,Low,717.36
S06044,Standard,Two year,0.032,Low,787.92
S07936,Standard,One year,0.032,Low,665.76
S03813,Basic,Two year,0.032,Low,384.48
S06354,Standard,Two year,0.032,Low,729.48
S06456,Premium,Two year,0.032,Low,1158.6
S00457,Basic,One year,0.032,Low,387.96
S06572,Standard,Two year,0.032,Low,728.52
S03293,Standard,One year,0.032,Low,692.16
S01975,Basic,Two year,0.032,Low,308.28
S05372,Premium,Two year,0.032,Low,1283.88
S01096,Basic,One year,0.032,Low,311.88
S02044,Basic,One year,0.032,Low,454.44
S05001,Basic,One year,0.032,Low,345.6
S03315,Basic,Two year,0.032,Low,366.48
S06731,Basic,One year,0.032,Low,526.08
S05173,Basic,Month-to-month,0.032,Low,410.4
S01752,Basic,Two year,0.032,Low,356.16
S04978,Standard,Two year,0.032,Low,625.44
S06951,Standard,One year,0.032,Low,577.2
S05029,Basic,Two year,0.032,Low,333.6
S06200,Basic,Two year,0.032,Low,247.8
S06808,Standard,One year,0.032,Low,731.88
S04395,Standard,Two year,0.032,Low,723.84
S02380,Standard,Two year,0.032,Low,910.32
S02959,Standard,Two year,0.032,Low,772.08
S00447,Standard,One year,0.032,Low,710.52
S06540,Standard,One year,0.032,Low,720.12
S00571,Basic,Two year,0.032,Low,260.16
S07881,Standard,Two year,0.032,Low,774.84
S00958,Basic,Two year,0.032,Low,375.12
S00376,Standard,Two year,0.031,Low,685.44
S06555,Basic,Two year,0.031,Low,391.2
S00511,Standard,One year,0.031,Low,760.08
S02408,Basic,Two year,0.031,Low,261.36
S05805,Basic,One year,0.031,Low,297.72
S01436,Standard,Two year,0.031,Low,682.92
S02643,Basic,Month-to-month,0.031,Low,262.92
S04912,Standard,Two year,0.031,Low,587.28
S04861,Premium,Two year,0.031,Low,1166.28
S07229,Standard,One year,0.031,Low,719.28
S06206,Premium,Two year,0.031,Low,1254.96
S02936,Basic,Two year,0.031,Low,227.52
S05460,Standard,Two year,0.031,Low,564.12
S04138,Standard,Two year,0.031,Low,748.56
S01340,Basic,One year,0.031,Low,264.96
S02583,Premium,Two year,0.031,Low,1180.2
S06782,Standard,One year,0.031,Low,660.24
S06048,Basic,One year,0.031,Low,359.04
S02006,Basic,One year,0.031,Low,276.84
S01529,Basic,One year,0.031,Low,264.96
S02389,Basic,Two year,0.031,Low,378.96
S04452,Basic,One year,0.031,Low,302.52
S00699,Basic,One year,0.031,Low,501.12
S02547,Standard,Two year,0.031,Low,796.8
S00696,Basic,One year,0.031,Low,313.68
S05025,Basic,Two year,0.031,Low,477.12
S02485,Standard,Two year,0.031,Low,677.28
S06587,Basic,Two year,0.031,Low,404.64
S00920,Premium,Two year,0.031,Low,1121.04
S04624,Basic,Two year,0.031,Low,418.44
S00847,Standard,One year,0.031,Low,798.96
S06811,Basic,One year,0.031,Low,406.68
S00505,Premium,One year,0.031,Low,1246.32
S07438,Standard,One year,0.031,Low,717.12
S04140,Premium,Two year,0.031,Low,1219.32
S02459,Basic,Two year,0.031,Low,302.16
S07142,Standard,One year,0.031,Low,703.68
S02466,Standard,One year,0.031,Low,630.96
S01213,Standard,One year,0.031,Low,752.76
S06052,Basic,Two year,0.031,Low,224.16
S00156,Premium,Two year,0.03,Low,1206.24
S02179,Basic,One year,0.03,Low,398.52
S01971,Standard,One year,0.03,Low,680.04
S07533,Basic,Two year,0.03,Low,416.88
S00620,Premium,One year,0.03,Low,1066.56
S00296,Premium,Two year,0.03,Low,1206.96
S04258,Premium,Two year,0.03,Low,1249.68
S05320,Basic,Two year,0.03,Low,380.64
S05335,Premium,One year,0.03,Low,1049.28
S02444,Standard,One year,0.03,Low,662.64
S01580,Standard,Two year,0.03,Low,634.92
S03060,Standard,One year,0.03,Low,656.64
S00144,Basic,Two year,0.03,Low,299.76
S06403,Basic,Two year,0.03,Low,257.4
S07496,Basic,One year,0.03,Low,310.44
S06763,Standard,One year,0.03,Low,816.24
S04147,Basic,One year,0.03,Low,245.4
S04031,Standard,Two year,0.03,Low,762.96
S03341,Standard,Two year,0.03,Low,595.92
S05371,Basic,Two year,0.03,Low,429.72
S05317,Standard,Two year,0.03,Low,710.52
S02828,Premium,One year,0.03,Low,1119.12
S00707,Standard,One year,0.03,Low,642.72
S07012,Standard,Two year,0.03,Low,654.24
S03533,Basic,One year,0.03,Low,351.84
S04489,Standard,Two year,0.03,Low,839.52
S01509,Basic,One year,0.03,Low,326.64
S07467,Basic,One year,0.03,Low,300.0
S02113,Basic,Two year,0.03,Low,231.6
S00574,Premium,Two year,0.03,Low,1206.84
S06018,Standard,Two year,0.03,Low,709.8
S02297,Standard,Two year,0.03,Low,603.48
S00397,Basic,One year,0.03,Low,245.64
S06575,Basic,One year,0.03,Low,403.68
S01776,Standard,Two year,0.03,Low,798.0
S06384,Standard,One year,0.03,Low,643.68
S01240,Basic,One year,0.03,Low,359.52
S00999,Premium,Two year,0.03,Low,1179.48
S05822,Basic,One year,0.03,Low,147.36
S01227,Basic,Two year,0.03,Low,468.84
S01538,Standard,One year,0.03,Low,698.88
S06673,Basic,One year,0.03,Low,345.0
S04100,Premium,Two year,0.03,Low,1156.32
S05975,Premium,One year,0.03,Low,1204.32
S06991,Basic,Two year,0.03,Low,417.96
S02733,Premium,One year,0.03,Low,1045.92
S01993,Standard,One year,0.03,Low,716.88
S04341,Standard,Two year,0.03,Low,683.88
S04338,Standard,Two year,0.03,Low,773.04
S04003,Basic,One year,0.03,Low,162.12
S03639,Basic,Two year,0.029,Low,351.36
S02927,Standard,One year,0.029,Low,684.48
S04307,Standard,Two year,0.029,Low,638.52
S02751,Premium,Two year,0.029,Low,1260.12
S03435,Basic,One year,0.029,Low,311.28
S04348,Premium,One year,0.029,Low,1149.36
S00588,Basic,Two year,0.029,Low,407.76
S02201,Basic,One year,0.029,Low,289.92
S01802,Premium,One year,0.029,Low,1251.72
S04529,Standard,Two year,0.029,Low,687.48
S07943,Standard,Two year,0.029,Low,796.32
S04283,Basic,Two year,0.029,Low,237.12
S02443,Standard,Two year,0.029,Low,721.2
S05833,Standard,Two year,0.029,Low,658.68
S05526,Basic,One year,0.029,Low,359.16
S01574,Basic,Two year,0.029,Low,328.68
S00177,Basic,One year,0.029,Low,432.48
S04169,Basic,One year,0.029,Low,230.88
S00375,Basic,Month-to-month,0.029,Low,404.52
S00593,Basic,Two year,0.029,Low,401.52
S00270,Standard,Two year,0.029,Low,785.64
S00311,Basic,One year,0.029,Low,336.6
S03301,Basic,Two year,0.029,Low,228.36
S00801,Basic,Two year,0.029,Low,442.8
S06730,Premium,Two year,0.029,Low,989.76
S04092,Premium,One year,0.029,Low,1169.76
S03199,Standard,Two year,0.029,Low,592.2
S05428,Standard,Two year,0.029,Low,717.12
S03148,Standard,Two year,0.029,Low,693.72
S05177,Basic,Two year,0.029,Low,403.44
S00006,Basic,Two year,0.029,Low,233.64
S04840,Basic,One year,0.029,Low,342.36
S05248,Basic,One year,0.029,Low,319.44
S06147,Basic,One year,0.029,Low,307.2
S03387,Premium,Two year,0.029,Low,1228.2
S06336,Premium,Two year,0.029,Low,1202.88
S05851,Basic,Two year,0.029,Low,316.2
S07156,Standard,One year,0.029,Low,690.12
S01152,Basic,One year,0.029,Low,346.92
S07732,Standard,Two year,0.029,Low,792.84
S04620,Standard,One year,0.029,Low,606.36
S07572,Basic,Two year,0.029,Low,416.64
S06210,Premium,One year,0.028,Low,1100.16
S03737,Standard,One year,0.028,Low,659.28
S00807,Standard,Two year,0.028,Low,730.32
S07580,Standard,One year,0.028,Low,683.76
S05874,Basic,One year,0.028,Low,344.64
S00331,Premium,One year,0.028,Low,1143.96
S00234,Standard,Two year,0.028,Low,697.92
S01865,Premium,Two year,0.028,Low,1281.12
S03728,Basic,Two year,0.028,Low,333.24
S06242,Standard,Two year,0.028,Low,675.36
S05036,Premium,Two year,0.028,Low,1136.04
S03369,Basic,Two year,0.028,Low,283.32
S05431,Premium,Two year,0.028,Low,1155.96
S03225,Basic,One year,0.028,Low,321.24
S02556,Premium,Two year,0.028,Low,1156.68
S06937,Standard,One year,0.028,Low,684.6
S02800,Standard,Two year,0.028,Low,723.24
S02846,Premium,One year,0.028,Low,1096.44
S06068,Standard,One year,0.028,Low,646.8
S01847,Standard,Two year,0.028,Low,522.48
S06476,Standard,One year,0.028,Low,705.24
S04285,Premium,Two year,0.028,Low,1181.04
S03059,Standard,Two year,0.028,Low,821.04
S00625,Basic,One year,0.028,Low,210.96
S02249,Basic,One year,0.028,Low,220.08
S04703,Standard,Two year,0.028,Low,653.04
S00772,Basic,Two year,0.028,Low,345.36
S04753,Standard,Two year,0.028,Low,683.04
S07176,Basic,Two year,0.028,Low,469.32
S02134,Standard,Two year,0.028,Low,710.4
S02776,Basic,One year,0.028,Low,338.4
S02400,Premium,Two year,0.028,Low,1299.12
S01147,Basic,Two year,0.028,Low,314.04
S07035,Basic,One year,0.028,Low,404.16
S04585,Standard,One year,0.028,Low,769.08
S07488,Basic,Two year,0.028,Low,316.32
S00855,Basic,Two year,0.028,Low,289.44
S02329,Basic,One year,0.028,Low,299.16
S01161,Premium,Two year,0.028,Low,1243.68
S05272,Basic,Two year,0.028,Low,186.24
S01533,Basic,One year,0.028,Low,319.8
S07418,Standard,One year,0.028,Low,869.16
S05073,Standard,One year,0.028,Low,763.2
S02572,Standard,Two year,0.028,Low,660.24
S07663,Basic,One year,0.028,Low,317.64
S05329,Basic,Two year,0.028,Low,314.04
S02440,Standard,Two year,0.027,Low,767.88
S03584,Basic,Two year,0.027,Low,386.88
S00635,Basic,One year,0.027,Low,302.28
S01011,Basic,Two year,0.027,Low,466.92
S00221,Premium,Two year,0.027,Low,1198.08
S04874,Standard,Two year,0.027,Low,737.76
S04019,Premium,Two year,0.027,Low,1140.96
S01259,Standard,One year,0.027,Low,694.8
S04093,Standard,One year,0.027,Low,564.96
S01080,Basic,Two year,0.027,Low,479.88
S07981,Basic,Two year,0.027,Low,436.32
S02667,Standard,One year,0.027,Low,826.08
S06941,Basic,Two year,0.027,Low,316.8
S03076,Basic,One year,0.027,Low,355.32
S02170,Standard,Two year,0.027,Low,762.72
S07389,Standard,Two year,0.027,Low,777.96
S07690,Standard,One year,0.027,Low,687.6
S06416,Standard,One year,0.027,Low,814.92
S04219,Basic,Two year,0.027,Low,323.04
S01258,Basic,One year,0.027,Low,420.6
S04699,Basic,Two year,0.027,Low,368.16
S01746,Standard,One year,0.027,Low,639.6
S01801,Basic,One year,0.027,Low,340.8
S00601,Basic,Two year,0.027,Low,421.08
S01291,Basic,One year,0.027,Low,418.92
S01237,Basic,Two year,0.027,Low,283.56
S07507,Basic,Two year,0.027,Low,481.56
S02506,Basic,Two year,0.027,Low,329.28
S00825,Basic,One year,0.027,Low,307.08
S04459,Standard,Two year,0.027,Low,725.88
S04032,Standard,One year,0.027,Low,771.24
S03642,Basic,One year,0.027,Low,362.04
S02157,Basic,Two year,0.027,Low,391.08
S00002,Standard,Two year,0.027,Low,614.04
S03673,Basic,Month-to-month,0.027,Low,279.84
S05273,Standard,One year,0.027,Low,585.6
S01270,Basic,One year,0.027,Low,360.72
S07940,Standard,One year,0.027,Low,498.48
S05908,Standard,One year,0.027,Low,796.56
S07410,Standard,One year,0.027,Low,787.32
S07873,Premium,One year,0.027,Low,1138.92
S05766,Standard,One year,0.027,Low,626.64
S01315,Standard,One year,0.027,Low,750.24
S03521,Standard,Two year,0.027,Low,554.28
S04793,Basic,One year,0.027,Low,425.04
S02967,Standard,One year,0.027,Low,660.84
S07872,Standard,Two year,0.027,Low,656.4
S06927,Standard,Two year,0.027,Low,648.12
S00515,Premium,Two year,0.026,Low,1122.48
S04767,Standard,Two year,0.026,Low,650.4
S02239,Basic,One year,0.026,Low,323.52
S03784,Basic,Two year,0.026,Low,458.76
S01344,Basic,One year,0.026,Low,346.8
S05616,Basic,Two year,0.026,Low,377.28
S05671,Standard,Two year,0.026,Low,722.64
S02330,Basic,One year,0.026,Low,433.32
S05598,Basic,Two year,0.026,Low,338.76
S04381,Basic,One year,0.026,Low,284.88
S04136,Basic,One year,0.026,Low,376.8
S01936,Standard,Two year,0.026,Low,805.08
S03714,Basic,One year,0.026,Low,306.12
S03443,Basic,Two year,0.026,Low,369.24
S00168,Standard,One year,0.026,Low,759.6
S07736,Standard,One year,0.026,Low,759.24
S00337,Premium,One year,0.026,Low,1171.44
S06803,Premium,Two year,0.026,Low,1024.2
S01255,Standard,Two year,0.026,Low,670.56
S01215,Premium,Two year,0.026,Low,1235.64
S06592,Basic,One year,0.026,Low,373.2
S00892,Basic,Two year,0.026,Low,435.84
S01868,Premium,Two year,0.026,Low,1128.12
S03150,Standard,One year,0.026,Low,803.88
S05973,Standard,One year,0.026,Low,784.2
S04686,Standard,One year,0.026,Low,570.0
S05705,Basic,Two year,0.026,Low,298.08
S01937,Standard,Two year,0.026,Low,815.4
S07680,Basic,Two year,0.026,Low,388.56
S02117,Basic,One year,0.026,Low,315.48
S04089,Standard,One year,0.026,Low,654.24
S06007,Standard,Two year,0.026,Low,658.2
S05150,Standard,Two year,0.026,Low,665.4
S05672,Standard,One year,0.026,Low,710.4
S06125,Premium,Two year,0.026,Low,1011.84
S04239,Basic,Two year,0.026,Low,348.96
S06757,Standard,Two year,0.026,Low,810.72
S00986,Standard,One year,0.026,Low,670.2
S02769,Standard,One year,0.025,Low,726.24
S04379,Basic,Two year,0.025,Low,432.36
S03226,Standard,Two year,0.025,Low,727.56
S07905,Basic,Two year,0.025,Low,301.32
S00433,Premium,One year,0.025,Low,1138.2
S05261,Standard,Two year,0.025,Low,672.0
S03600,Standard,Two year,0.025,Low,702.0
S04174,Standard,One year,0.025,Low,664.92
S01812,Standard,One year,0.025,Low,640.44
S06515,Standard,One year,0.025,Low,798.48
S04205,Basic,Two year,0.025,Low,422.28
S01081,Basic,Two year,0.025,Low,384.48
S07640,Basic,One year,0.025,Low,276.6
S04040,Basic,Two year,0.025,Low,437.88
S07017,Basic,Two year,0.025,Low,410.76
S00745,Standard,Two year,0.025,Low,636.48
S01551,Basic,Two year,0.025,Low,434.4
S07325,Premium,Two year,0.025,Low,1073.88
S06331,Basic,One year,0.025,Low,321.6
S00017,Basic,Two year,0.025,Low,412.2
S05344,Standard,Two year,0.025,Low,703.8
S01651,Standard,One year,0.025,Low,722.88
S05107,Standard,Two year,0.025,Low,842.88
S07452,Standard,Two year,0.025,Low,628.8
S07119,Basic,One year,0.025,Low,303.48
S07220,Basic,Two year,0.025,Low,346.56
S00978,Basic,Two year,0.025,Low,323.88
S00003,Premium,One year,0.025,Low,1271.64
S01434,Basic,Two year,0.025,Low,395.52
S05189,Basic,Two year,0.025,Low,374.16
S02525,Premium,Two year,0.025,Low,1252.8
S04027,Premium,One year,0.025,Low,1111.32
S06414,Basic,One year,0.025,Low,293.04
S02119,Basic,One year,0.025,Low,208.32
S00995,Premium,Two year,0.025,Low,1267.32
S03918,Basic,One year,0.025,Low,346.32
S06514,Basic,Two year,0.025,Low,349.92
S02236,Standard,Two year,0.025,Low,631.92
S06674,Premium,Two year,0.025,Low,1269.12
S00209,Premium,Two year,0.025,Low,1081.08
S02361,Basic,One year,0.025,Low,306.12
S07416,Premium,Two year,0.025,Low,1252.92
S06207,Standard,One year,0.025,Low,845.76
S05268,Standard,Two year,0.024,Low,689.04
S03126,Standard,Two year,0.024,Low,534.96
S05464,Standard,Two year,0.024,Low,773.52
S02772,Basic,One year,0.024,Low,290.04
S01331,Basic,One year,0.024,Low,275.16
S04697,Basic,Two year,0.024,Low,301.68
S07290,Premium,One year,0.024,Low,1133.64
S06537,Premium,Two year,0.024,Low,1256.4
S04934,Basic,Two year,0.024,Low,365.52
S07628,Standard,Two year,0.024,Low,590.64
S02487,Premium,Two year,0.024,Low,1167.84
S05051,Standard,Two year,0.024,Low,854.16
S06734,Standard,One year,0.024,Low,623.64
S07669,Basic,Two year,0.024,Low,453.48
S06614,Standard,Two year,0.024,Low,647.16
S07972,Basic,Two year,0.024,Low,389.76
S04801,Basic,Two year,0.024,Low,331.92
S02369,Standard,Two year,0.024,Low,751.44
S07137,Standard,One year,0.024,Low,622.68
S05967,Premium,Two year,0.024,Low,1210.56
S07648,Standard,Two year,0.024,Low,729.48
S03092,Premium,Two year,0.024,Low,1112.52
S05982,Basic,One year,0.024,Low,326.16
S07436,Basic,One year,0.024,Low,362.76
S02830,Standard,One year,0.024,Low,748.92
S02279,Premium,One year,0.024,Low,1099.08
S02333,Premium,Two year,0.024,Low,1207.8
S06465,Basic,Two year,0.024,Low,452.88
S02415,Basic,Two year,0.024,Low,349.08
S00408,Basic,Two year,0.024,Low,364.56
S01935,Basic,One year,0.024,Low,234.96
S06427,Basic,Two year,0.024,Low,281.28
S03991,Premium,Two year,0.024,Low,1139.28
S01957,Standard,Two year,0.024,Low,678.12
S07596,Standard,One year,0.024,Low,695.28
S06116,Basic,Two year,0.024,Low,363.48
S04392,Basic,One year,0.024,Low,415.2
S01873,Basic,Two year,0.024,Low,432.6
S03487,Basic,One year,0.024,Low,296.52
S06532,Basic,One year,0.024,Low,417.96
S05267,Standard,Two year,0.024,Low,747.24
S07157,Standard,Two year,0.024,Low,719.64
S05204,Basic,One year,0.023,Low,360.12
S04556,Premium,One year,0.023,Low,1123.92
S03503,Basic,Two year,0.023,Low,380.88
S04482,Premium,One year,0.023,Low,1293.96
S05749,Standard,Two year,0.023,Low,743.88
S02457,Basic,Two year,0.023,Low,349.44
S02802,Basic,Two year,0.023,Low,340.56
S05325,Basic,Two year,0.023,Low,386.52
S03167,Standard,Two year,0.023,Low,515.04
S07813,Standard,One year,0.023,Low,705.24
S06938,Standard,One year,0.023,Low,670.2
S03781,Premium,Two year,0.023,Low,1106.88
S07634,Standard,One year,0.023,Low,667.8
S07970,Standard,One year,0.023,Low,644.76
S02611,Standard,Two year,0.023,Low,669.72
S05306,Standard,Two year,0.023,Low,600.36
S06252,Basic,One year,0.023,Low,368.16
S02705,Basic,One year,0.023,Low,405.72
S00993,Basic,One year,0.023,Low,361.44
S07904,Standard,Two year,0.023,Low,685.08
S06076,Basic,One year,0.023,Low,287.28
S05667,Basic,Two year,0.023,Low,283.92
S03975,Basic,One year,0.023,Low,561.72
S02325,Standard,Two year,0.023,Low,714.72
S06957,Standard,Two year,0.023,Low,537.96
S00069,Standard,Two year,0.023,Low,697.08
S01060,Standard,One year,0.023,Low,611.28
S03335,Basic,Two year,0.023,Low,361.92
S07227,Basic,Two year,0.023,Low,185.28
S06351,Standard,Two year,0.023,Low,726.12
S06173,Basic,One year,0.023,Low,217.08
S01448,Standard,Two year,0.023,Low,653.88
S07751,Standard,One year,0.023,Low,647.28
S00140,Premium,Two year,0.023,Low,1175.04
S06988,Standard,Two year,0.023,Low,663.0
S02604,Basic,Two year,0.023,Low,332.4
S03217,Basic,Two year,0.023,Low,303.6
S05502,Basic,Two year,0.023,Low,372.84
S03273,Basic,Two year,0.023,Low,281.64
S02299,Basic,Two year,0.023,Low,346.2
S07217,Standard,Two year,0.023,Low,649.56
S01410,Standard,One year,0.023,Low,680.76
S01680,Basic,One year,0.023,Low,320.04
S01154,Standard,Two year,0.023,Low,759.36
S07871,Standard,Two year,0.023,Low,785.04
S00723,Basic,Two year,0.023,Low,465.12
S07269,Basic,One year,0.023,Low,438.72
S07129,Basic,Two year,0.023,Low,442.8
S03440,Basic,One year,0.023,Low,339.48
S06598,Standard,Two year,0.023,Low,684.36
S05226,Standard,Two year,0.023,Low,756.36
S00877,Basic,One year,0.023,Low,427.44
S05533,Standard,Two year,0.023,Low,712.8
S02768,Basic,Two year,0.023,Low,463.08
S07070,Premium,Two year,0.023,Low,1359.12
S06909,Premium,Two year,0.023,Low,1157.52
S04616,Basic,One year,0.023,Low,318.96
S01312,Standard,One year,0.023,Low,740.04
S04059,Standard,Two year,0.023,Low,681.96
S03787,Standard,One year,0.023,Low,747.24
S03299,Standard,One year,0.022,Low,814.44
S04212,Basic,One year,0.022,Low,330.12
S04614,Standard,Two year,0.022,Low,644.76
S02890,Basic,Two year,0.022,Low,399.12
S02243,Standard,One year,0.022,Low,659.52
S06115,Basic,One year,0.022,Low,280.8
S04564,Standard,Two year,0.022,Low,658.44
S02896,Basic,Two year,0.022,Low,334.56
S00348,Basic,Two year,0.022,Low,289.44
S04630,Basic,Two year,0.022,Low,363.24
S01914,Standard,One year,0.022,Low,744.96
S02441,Basic,One year,0.022,Low,184.68
S02608,Basic,Two year,0.022,Low,412.2
S00862,Standard,One year,0.022,Low,696.12
S00806,Standard,Two year,0.022,Low,666.0
S04457,Standard,Two year,0.022,Low,686.88
S00874,Basic,Two year,0.022,Low,194.76
S06601,Standard,One year,0.022,Low,806.64
S00001,Standard,One year,0.022,Low,779.28
S02686,Basic,Two year,0.022,Low,428.16
S07390,Premium,Two year,0.022,Low,1159.44
S06697,Basic,One year,0.022,Low,311.76
S02410,Basic,Two year,0.022,Low,342.84
S07470,Basic,One year,0.022,Low,405.72
S05334,Basic,Two year,0.022,Low,291.96
S01202,Basic,One year,0.022,Low,392.88
S00690,Premium,Two year,0.022,Low,1362.0
S06188,Basic,One year,0.022,Low,423.6
S04546,Basic,Two year,0.022,Low,312.0
S04470,Basic,Two year,0.022,Low,322.56
S05336,Basic,Two year,0.022,Low,343.08
S01489,Basic,Two year,0.022,Low,361.32
S04628,Standard,One year,0.022,Low,839.04
S06406,Basic,Two year,0.022,Low,419.76
S04181,Basic,One year,0.022,Low,378.12
S06179,Standard,One year,0.022,Low,741.48
S07976,Premium,Two year,0.022,Low,1113.96
S05458,Basic,Two year,0.022,Low,281.28
S00542,Standard,One year,0.022,Low,657.12
S01871,Standard,Two year,0.022,Low,682.8
S00676,Basic,Two year,0.022,Low,325.68
S00612,Basic,One year,0.022,Low,374.76
S02358,Standard,Two year,0.022,Low,712.56
S05285,Standard,Two year,0.022,Low,694.92
S06415,Standard,One year,0.022,Low,698.28
S05061,Premium,Two year,0.022,Low,1172.16
S06303,Standard,One year,0.022,Low,744.24
S05870,Standard,One year,0.022,Low,706.08
S03609,Basic,Two year,0.022,Low,393.0
S01487,Basic,Two year,0.022,Low,311.88
S03874,Standard,One year,0.022,Low,832.92
S07661,Premium,Two year,0.022,Low,1027.68
S03412,Standard,One year,0.022,Low,679.56
S05750,Standard,One year,0.022,Low,500.64
S06447,Premium,Two year,0.022,Low,1188.96
S01443,Basic,Two year,0.022,Low,414.6
S00484,Premium,Two year,0.022,Low,1091.28
S02022,Basic,One year,0.022,Low,332.16
S06276,Basic,Two year,0.022,Low,447.12
S06796,Basic,One year,0.022,Low,303.36
S02150,Basic,Two year,0.022,Low,364.92
S01327,Standard,Two year,0.022,Low,733.44
S01579,Basic,Two year,0.022,Low,479.28
S02238,Basic,One year,0.022,Low,302.04
S03146,Premium,Two year,0.022,Low,1089.12
S03515,Basic,Two year,0.022,Low,406.32
S06226,Standard,Two year,0.022,Low,573.6
S00573,Basic,Two year,0.022,Low,226.56
S01903,Basic,Two year,0.022,Low,429.84
S01083,Basic,Two year,0.021,Low,273.72
S00328,Basic,Two year,0.021,Low,386.4
S00366,Basic,One year,0.021,Low,368.64
S05628,Standard,One year,0.021,Low,660.72
S02554,Premium,Two year,0.021,Low,1260.12
S02453,Standard,One year,0.021,Low,727.56
S02555,Standard,Two year,0.021,Low,702.48
S02265,Premium,Two year,0.021,Low,1268.88
S07405,Standard,Two year,0.021,Low,649.56
S01116,Standard,Two year,0.021,Low,751.68
S06707,Standard,One year,0.021,Low,475.92
S03822,Standard,One year,0.021,Low,786.12
S05324,Basic,One year,0.021,Low,420.96
S02652,Basic,Two year,0.021,Low,410.28
S05007,Standard,One year,0.021,Low,828.6
S02621,Basic,Two year,0.021,Low,407.64
S01407,Basic,One year,0.021,Low,196.2
S03073,Basic,Two year,0.021,Low,341.16
S02481,Basic,One year,0.021,Low,350.16
S00997,Premium,Two year,0.021,Low,1198.2
S05990,Basic,One year,0.021,Low,412.68
S03894,Basic,One year,0.021,Low,252.6
S07464,Standard,Two year,0.021,Low,667.92
S06627,Premium,Two year,0.021,Low,1181.52
S03062,Standard,Two year,0.021,Low,831.72
S07039,Basic,One year,0.021,Low,392.88
S00023,Premium,One year,0.021,Low,1238.04
S07008,Basic,One year,0.021,Low,182.76
S02172,Standard,Two year,0.021,Low,612.12
S05354,Basic,Two year,0.021,Low,332.52
S04747,Premium,Two year,0.021,Low,1205.4
S00944,Standard,Two year,0.021,Low,674.16
S07099,Premium,Two year,0.021,Low,1233.6
S05021,Standard,Two year,0.021,Low,787.2
S00240,Standard,Two year,0.021,Low,570.48
S01285,Premium,Two year,0.021,Low,1081.44
S00704,Basic,Two year,0.021,Low,334.68
S04400,Basic,Two year,0.021,Low,368.52
S00298,Standard,Two year,0.021,Low,721.08
S03758,Basic,Two year,0.021,Low,306.6
S02835,Standard,Two year,0.021,Low,754.68
S03571,Premium,Two year,0.021,Low,1243.08
S03451,Basic,One year,0.021,Low,226.32
S03272,Basic,Two year,0.021,Low,270.12
S03704,Standard,Two year,0.021,Low,712.68
S06720,Basic,Two year,0.021,Low,410.76
S00316,Standard,Two year,0.02,Low,814.68
S07094,Standard,Two year,0.02,Low,556.44
S02319,Standard,Two year,0.02,Low,630.0
S00223,Basic,One year,0.02,Low,310.8
S02306,Basic,One year,0.02,Low,348.48
S05510,Basic,Two year,0.02,Low,302.64
S05147,Basic,One year,0.02,Low,357.36
S07720,Basic,One year,0.02,Low,324.84
S04037,Standard,One year,0.02,Low,686.64
S01979,Basic,One year,0.02,Low,277.2
S06604,Standard,One year,0.02,Low,653.04
S03622,Basic,One year,0.02,Low,433.08
S00141,Basic,One year,0.02,Low,466.92
S04863,Basic,Two year,0.02,Low,456.48
S02160,Standard,One year,0.02,Low,719.76
S04432,Standard,Two year,0.02,Low,653.4
S03270,Premium,One year,0.02,Low,1137.12
S05650,Basic,Two year,0.02,Low,307.56
S06247,Basic,Two year,0.02,Low,317.16
S02224,Standard,Two year,0.02,Low,611.4
S06283,Standard,Two year,0.02,Low,703.8
S05054,Premium,Two year,0.02,Low,1114.92
S07735,Standard,Two year,0.02,Low,755.76
S07421,Standard,One year,0.02,Low,518.64
S02980,Standard,One year,0.02,Low,720.12
S01025,Basic,Two year,0.02,Low,354.72
S07006,Basic,Two year,0.02,Low,346.56
S07868,Standard,Two year,0.02,Low,777.24
S01364,Standard,Two year,0.02,Low,588.24
S02197,Standard,One year,0.02,Low,885.0
S04122,Standard,Two year,0.02,Low,634.92
S05087,Standard,Two year,0.02,Low,644.64
S04367,Basic,One year,0.02,Low,288.96
S04980,Standard,One year,0.02,Low,648.24
S05546,Standard,Two year,0.02,Low,599.4
S01793,Basic,Two year,0.02,Low,318.84
S05270,Premium,One year,0.02,Low,1173.36
S04513,Premium,Two year,0.02,Low,1135.56
S04566,Standard,Two year,0.02,Low,659.16
S02537,Standard,One year,0.019,Low,562.8
S02340,Basic,One year,0.019,Low,259.8
S05738,Basic,Two year,0.019,Low,288.96
S07885,Standard,Two year,0.019,Low,682.8
S07055,Standard,Two year,0.019,Low,678.84
S02147,Standard,One year,0.019,Low,650.04
S00598,Standard,One year,0.019,Low,733.92
S07357,Standard,Two year,0.019,Low,750.84
S03875,Basic,Two year,0.019,Low,303.12
S02717,Standard,Two year,0.019,Low,671.76
S00623,Basic,Two year,0.019,Low,346.44
S05842,Standard,One year,0.019,Low,749.52
S02250,Standard,One year,0.019,Low,809.64
S02918,Standard,Two year,0.019,Low,724.68
S00953,Basic,Two year,0.019,Low,262.32
S00493,Basic,Two year,0.019,Low,294.12
S03472,Basic,Two year,0.019,Low,268.8
S07758,Basic,Two year,0.019,Low,384.24
S04490,Basic,Two year,0.019,Low,353.28
S05453,Basic,Two year,0.019,Low,414.36
S07483,Standard,Two year,0.019,Low,613.08
S02892,Premium,One year,0.019,Low,1284.84
S02195,Basic,Two year,0.019,Low,332.4
S00074,Basic,One year,0.019,Low,429.0
S05911,Basic,Two year,0.019,Low,350.64
S07856,Basic,Two year,0.019,Low,378.24
S00787,Premium,Two year,0.019,Low,1188.72
S02248,Standard,Two year,0.019,Low,831.72
S04227,Basic,Two year,0.019,Low,373.2
S07223,Basic,Two year,0.019,Low,344.04
S03083,Basic,Two year,0.019,Low,285.48
S00008,Basic,Two year,0.019,Low,342.96
S00557,Basic,Two year,0.019,Low,451.8
S02724,Basic,Two year,0.019,Low,332.64
S04679,Basic,Two year,0.019,Low,396.72
S06750,Premium,Two year,0.019,Low,1159.56
S01953,Basic,One year,0.019,Low,184.2
S02727,Standard,Two year,0.019,Low,680.88
S06474,Standard,One year,0.019,Low,800.76
S06186,Standard,Two year,0.019,Low,643.92
S05418,Basic,Two year,0.019,Low,484.68
S04084,Premium,Two year,0.019,Low,1184.52
S03137,Standard,One year,0.019,Low,695.16
S03840,Basic,Two year,0.019,Low,429.48
S05068,Basic,Two year,0.019,Low,361.92
S01884,Basic,One year,0.019,Low,300.96
S02584,Basic,Two year,0.019,Low,426.6
S01449,Basic,Two year,0.019,Low,355.08
S06482,Standard,Two year,0.019,Low,839.04
S03681,Standard,One year,0.019,Low,729.48
S07639,Premium,One year,0.018,Low,1029.84
S02184,Standard,Two year,0.018,Low,764.76
S00305,Basic,One year,0.018,Low,399.72
S03884,Basic,Two year,0.018,Low,302.16
S05988,Standard,Two year,0.018,Low,790.56
S06350,Standard,One year,0.018,Low,576.96
S03730,Basic,Two year,0.018,Low,287.28
S01375,Standard,Two year,0.018,Low,707.52
S04276,Basic,Two year,0.018,Low,413.52
S02270,Standard,One year,0.018,Low,669.24
S05576,Basic,One year,0.018,Low,448.44
S03902,Basic,Two year,0.018,Low,395.64
S03129,Standard,Two year,0.018,Low,730.32
S05726,Basic,Two year,0.018,Low,395.76
S03850,Basic,Two year,0.018,Low,495.0
S06547,Standard,Two year,0.018,Low,670.2
S07010,Basic,One year,0.018,Low,270.84
S07550,Premium,Two year,0.018,Low,1155.48
S05426,Standard,One year,0.018,Low,917.88
S01819,Standard,Two year,0.018,Low,676.56
S01552,Basic,One year,0.018,Low,299.4
S01581,Basic,Two year,0.018,Low,329.16
S00636,Basic,One year,0.018,Low,466.56
S01744,Standard,Two year,0.018,Low,711.36
S03432,Standard,Two year,0.018,Low,597.24
S04009,Basic,One year,0.018,Low,357.84
S06754,Basic,Month-to-month,0.018,Low,139.56
S06409,Standard,Two year,0.018,Low,623.28
S05482,Basic,Two year,0.018,Low,263.28
S05017,Standard,One year,0.018,Low,713.64
S00846,Premium,One year,0.018,Low,1152.24
S03638,Basic,Two year,0.018,Low,252.72
S07374,Basic,One year,0.018,Low,110.4
S03045,Standard,One year,0.018,Low,779.88
S00419,Basic,One year,0.018,Low,254.28
S04815,Premium,Two year,0.018,Low,1098.72
S05776,Basic,One year,0.018,Low,425.76
S02668,Basic,Two year,0.018,Low,335.64
S06625,Standard,Two year,0.018,Low,845.52
S02523,Standard,Two year,0.018,Low,625.44
S01166,Basic,Two year,0.018,Low,249.12
S01904,Basic,One year,0.018,Low,336.84
S02660,Standard,Two year,0.018,Low,797.52
S00880,Premium,Two year,0.018,Low,1224.0
S05137,Standard,Two year,0.018,Low,847.44
S06745,Standard,Two year,0.017,Low,742.92
S06086,Standard,Two year,0.017,Low,764.88
S06876,Standard,Two year,0.017,Low,687.72
S05592,Basic,Two year,0.017,Low,175.32
S04153,Standard,Two year,0.017,Low,826.08
S06152,Standard,Two year,0.017,Low,597.24
S02016,Standard,Two year,0.017,Low,774.12
S04749,Basic,One year,0.017,Low,239.16
S05702,Standard,Two year,0.017,Low,704.88
S03079,Basic,Two year,0.017,Low,326.64
S00402,Basic,Two year,0.017,Low,331.8
S04001,Premium,Two year,0.017,Low,1209.72
S05446,Basic,One year,0.017,Low,309.48
S07427,Basic,One year,0.017,Low,390.72
S00826,Premium,Two year,0.017,Low,1354.08
S01127,Basic,Two year,0.017,Low,361.56
S02559,Standard,Two year,0.017,Low,656.04
S05228,Standard,One year,0.017,Low,662.28
S04583,Basic,One year,0.017,Low,426.6
S04544,Premium,Two year,0.017,Low,1164.6
S03502,Basic,Two year,0.017,Low,365.52
S04689,Premium,Two year,0.017,Low,1261.08
S03910,Standard,Two year,0.017,Low,718.92
S04342,Basic,Two year,0.017,Low,270.24
S00468,Standard,One year,0.017,Low,620.52
S07281,Basic,Two year,0.017,Low,361.2
S06775,Standard,One year,0.017,Low,701.16
S05846,Premium,Two year,0.017,Low,1269.36
S02256,Standard,Two year,0.017,Low,667.56
S01916,Premium,Two year,0.017,Low,1145.28
S07414,Standard,One year,0.017,Low,717.36
S07090,Standard,Two year,0.017,Low,763.56
S07335,Basic,One year,0.017,Low,338.4
S02098,Standard,Two year,0.017,Low,706.2
S07861,Basic,Two year,0.017,Low,382.08
S07824,Standard,Two year,0.017,Low,633.72
S03660,Basic,Two year,0.017,Low,297.48
S04385,Premium,Two year,0.017,Low,1196.64
S02950,Standard,Two year,0.017,Low,768.72
S06640,Standard,One year,0.017,Low,690.0
S01234,Basic,Two year,0.017,Low,263.64
S02771,Basic,One year,0.017,Low,312.12
S03401,Basic,Two year,0.017,Low,413.4
S01123,Standard,Two year,0.017,Low,643.68
S05609,Basic,Two year,0.017,Low,407.04
S04049,Premium,One year,0.017,Low,1088.76
S05873,Basic,One year,0.017,Low,356.76
S05359,Standard,Two year,0.017,Low,827.28
S06486,Standard,One year,0.017,Low,747.84
S06718,Premium,Two year,0.017,Low,1209.6
S05194,Premium,One year,0.017,Low,1188.96
S02012,Basic,One year,0.017,Low,396.12
S07755,Basic,One year,0.017,Low,284.76
S07839,Standard,Two year,0.017,Low,722.88
S04706,Standard,One year,0.017,Low,577.56
S05711,Basic,Two year,0.017,Low,472.08
S07658,Basic,One year,0.017,Low,258.6
S07949,Standard,Two year,0.017,Low,615.72
S00105,Standard,Two year,0.017,Low,786.84
S03630,Basic,Two year,0.017,Low,340.2
S04265,Basic,One year,0.017,Low,254.76
S01309,Standard,Two year,0.016,Low,789.72
S05743,Basic,Two year,0.016,Low,338.28
S07310,Standard,Two year,0.016,Low,661.8
S02123,Basic,One year,0.016,Low,392.52
S02214,Standard,Two year,0.016,Low,592.2
S07151,Standard,Two year,0.016,Low,805.44
S02997,Basic,One year,0.016,Low,259.2
S06510,Basic,One year,0.016,Low,443.04
S07305,Standard,One year,0.016,Low,788.76
S02452,Premium,Two year,0.016,Low,1267.56
S03382,Premium,Two year,0.016,Low,1210.2
S00502,Standard,Two year,0.016,Low,798.84
S01049,Standard,Two year,0.016,Low,713.52
S04658,Standard,Two year,0.016,Low,746.52
S04822,Standard,Two year,0.016,Low,717.84
S01891,Basic,One year,0.016,Low,345.48
S07633,Premium,Two year,0.016,Low,1153.08
S04603,Basic,Two year,0.016,Low,368.16
S06012,Standard,One year,0.016,Low,668.64
S01915,Premium,Two year,0.016,Low,1219.92
S02220,Standard,Two year,0.016,Low,725.88
S06425,Basic,One year,0.016,Low,375.0
S00085,Standard,Two year,0.016,Low,689.28
S01205,Basic,Two year,0.016,Low,420.0
S07750,Basic,Two year,0.016,Low,416.16
S01190,Standard,Two year,0.016,Low,717.0
S03253,Premium,Two year,0.016,Low,1308.24
S05241,Basic,Two year,0.016,Low,404.16
S03907,Standard,Two year,0.016,Low,572.04
S02105,Standard,One year,0.016,Low,739.2
S05041,Standard,One year,0.016,Low,637.8
S01751,Standard,Two year,0.016,Low,705.6
S07475,Basic,One year,0.016,Low,230.04
S04994,Standard,One year,0.016,Low,797.88
S01950,Standard,One year,0.016,Low,679.68
S05141,Basic,Two year,0.016,Low,323.52
S05013,Standard,One year,0.016,Low,712.68
S03423,Standard,One year,0.016,Low,824.64
S00948,Basic,Two year,0.016,Low,434.52
S03876,Basic,One year,0.016,Low,380.52
S06982,Premium,Two year,0.016,Low,1225.56
S06385,Standard,One year,0.016,Low,680.28
S01769,Standard,Two year,0.016,Low,687.0
S05473,Standard,Two year,0.016,Low,610.08
S01001,Basic,Two year,0.016,Low,434.16
S06493,Premium,Two year,0.016,Low,1237.2
S01204,Standard,Two year,0.016,Low,707.04
S02213,Standard,Two year,0.016,Low,694.8
S00719,Basic,One year,0.015,Low,285.12
S06729,Premium,Two year,0.015,Low,1240.44
S00258,Basic,One year,0.015,Low,294.36
S01702,Standard,One year,0.015,Low,767.52
S06826,Standard,Two year,0.015,Low,827.4
S05088,Basic,Two year,0.015,Low,402.96
S01644,Standard,One year,0.015,Low,725.28
S00843,Basic,One year,0.015,Low,316.68
S00087,Basic,One year,0.015,Low,338.28
S04197,Basic,Two year,0.015,Low,337.56
S01638,Basic,Two year,0.015,Low,280.92
S00793,Basic,Two year,0.015,Low,460.08
S05716,Standard,Two year,0.015,Low,730.8
S04721,Standard,Two year,0.015,Low,870.0
S03959,Basic,Two year,0.015,Low,398.28
S06813,Basic,One year,0.015,Low,333.36
S05448,Standard,One year,0.015,Low,736.2
S07747,Basic,One year,0.015,Low,274.2
S03275,Standard,Two year,0.015,Low,617.28
S03221,Standard,Two year,0.015,Low,704.16
S00400,Basic,One year,0.015,Low,271.32
S02616,Premium,Two year,0.015,Low,1228.68
S05538,Basic,Two year,0.015,Low,424.44
S07520,Standard,One year,0.015,Low,729.12
S01094,Basic,Two year,0.015,Low,433.92
S05921,Basic,Two year,0.015,Low,341.76
S03104,Basic,Two year,0.015,Low,228.48
S02638,Basic,Two year,0.015,Low,293.52
S04591,Standard,Two year,0.015,Low,802.56
S06172,Standard,Two year,0.015,Low,852.96
S02114,Standard,One year,0.015,Low,705.72
S05483,Basic,One year,0.015,Low,271.56
S00020,Standard,Two year,0.015,Low,725.28
S06700,Standard,Two year,0.015,Low,608.28
S01168,Standard,Two year,0.015,Low,718.68
S02271,Standard,Two year,0.015,Low,739.92
S01134,Basic,One year,0.015,Low,408.72
S07668,Standard,One year,0.015,Low,715.32
S06787,Standard,Two year,0.015,Low,740.4
S03982,Basic,Two year,0.015,Low,404.52
S06908,Premium,One year,0.015,Low,1222.44
S02089,Premium,One year,0.015,Low,1238.04
S05211,Basic,Two year,0.015,Low,438.84
S06191,Standard,Two year,0.015,Low,762.48
S05411,Basic,Two year,0.015,Low,444.6
S01845,Basic,Two year,0.015,Low,304.44
S02458,Standard,Two year,0.015,Low,646.56
S02627,Standard,Two year,0.015,Low,742.32
S02922,Standard,Two year,0.015,Low,716.64
S04156,Standard,One year,0.015,Low,714.72
S05346,Basic,Two year,0.015,Low,361.2
S06480,Basic,Two year,0.015,Low,306.96
S04560,Basic,Two year,0.015,Low,218.16
S06066,Basic,One year,0.015,Low,387.12
S01379,Premium,Two year,0.015,Low,1048.2
S03562,Standard,Two year,0.014,Low,776.28
S07033,Basic,Two year,0.014,Low,305.4
S02432,Basic,One year,0.014,Low,276.48
S00303,Standard,One year,0.014,Low,644.04
S01326,Standard,Two year,0.014,Low,813.24
S06809,Standard,Two year,0.014,Low,636.96
S01528,Basic,Two year,0.014,Low,383.28
S02848,Basic,Two year,0.014,Low,286.08
S04925,Basic,Two year,0.014,Low,405.0
S01185,Basic,Two year,0.014,Low,349.08
S03380,Standard,Two year,0.014,Low,715.2
S02606,Basic,Two year,0.014,Low,418.68
S04343,Basic,Two year,0.014,Low,435.48
S02370,Premium,Two year,0.014,Low,1216.32
S05259,Standard,Two year,0.014,Low,754.44
S07065,Standard,One year,0.014,Low,837.48
S07007,Basic,One year,0.014,Low,249.6
S01970,Standard,One year,0.014,Low,811.68
S00310,Standard,Two year,0.014,Low,746.76
S04431,Premium,Two year,0.014,Low,1182.36
S04358,Basic,Two year,0.014,Low,355.68
S03592,Basic,One year,0.014,Low,415.2
S04890,Standard,Two year,0.014,Low,752.88
S02720,Standard,Two year,0.014,Low,716.52
S00215,Standard,Two year,0.014,Low,751.2
S07286,Basic,Two year,0.014,Low,408.24
S07827,Basic,One year,0.014,Low,392.52
S07777,Basic,Two year,0.014,Low,406.68
S06391,Basic,Two year,0.014,Low,306.84
S06661,Basic,Two year,0.014,Low,254.16
S02954,Standard,One year,0.014,Low,677.64
S03504,Basic,Two year,0.014,Low,420.96
S03332,Standard,One year,0.014,Low,674.64
S07785,Premium,Two year,0.014,Low,1153.44
S02887,Standard,Two year,0.014,Low,705.72
S02404,Standard,Two year,0.014,Low,595.92
S01905,Premium,Two year,0.014,Low,1289.52
S00430,Basic,One year,0.014,Low,371.28
S07819,Standard,Two year,0.014,Low,606.72
S05670,Standard,Two year,0.014,Low,791.88
S06810,Standard,Two year,0.014,Low,631.8
S02007,Basic,One year,0.014,Low,328.68
S02108,Basic,Two year,0.014,Low,271.08
S03882,Basic,One year,0.014,Low,372.36
S02334,Standard,Two year,0.014,Low,681.96
S06916,Basic,Two year,0.014,Low,314.52
S06128,Premium,Two year,0.014,Low,1184.52
S06442,Standard,Two year,0.014,Low,752.4
S06189,Standard,One year,0.014,Low,669.24
S04201,Basic,Two year,0.014,Low,347.52
S05046,Premium,Two year,0.014,Low,1185.72
S04468,Standard,Two year,0.014,Low,772.2
S00796,Standard,One year,0.014,Low,656.4
S07546,Premium,Two year,0.014,Low,1205.04
S03051,Basic,Two year,0.014,Low,334.92
S02972,Basic,Two year,0.014,Low,343.08
S03769,Basic,Two year,0.014,Low,291.0
S06779,Basic,Two year,0.014,Low,400.32
S01158,Basic,Two year,0.014,Low,253.56
S04541,Basic,Two year,0.014,Low,303.0
S07201,Standard,Two year,0.014,Low,617.64
S04366,Basic,Two year,0.014,Low,293.76
S07210,Premium,One year,0.014,Low,1144.56
S05868,Basic,One year,0.014,Low,439.2
S06773,Standard,Two year,0.014,Low,713.04
S04228,Standard,Two year,0.014,Low,679.2
S07511,Basic,One year,0.014,Low,303.24
S02018,Basic,Two year,0.013,Low,383.76
S00587,Basic,Two year,0.013,Low,192.12
S03626,Basic,Two year,0.013,Low,257.88
S00162,Premium,Two year,0.013,Low,1105.68
S01770,Premium,Two year,0.013,Low,1180.44
S02409,Premium,Two year,0.013,Low,1253.88
S06622,Premium,Two year,0.013,Low,1143.48
S06308,Standard,Two year,0.013,Low,670.68
S05728,Basic,One year,0.013,Low,330.12
S04419,Standard,Two year,0.013,Low,675.96
S07194,Basic,One year,0.013,Low,311.28
S04437,Basic,One year,0.013,Low,291.24
S06658,Basic,Two year,0.013,Low,364.2
S00976,Basic,Two year,0.013,Low,387.96
S05742,Basic,Two year,0.013,Low,294.84
S03976,Premium,One year,0.013,Low,1251.72
S03132,Basic,Two year,0.013,Low,348.84
S03002,Standard,Two year,0.013,Low,747.36
S01732,Basic,Two year,0.013,Low,282.36
S01411,Standard,One year,0.013,Low,616.92
S00918,Premium,Two year,0.013,Low,1128.6
S04903,Basic,One year,0.013,Low,421.2
S03298,Standard,Two year,0.013,Low,659.28
S04501,Basic,One year,0.013,Low,321.72
S01899,Standard,Two year,0.013,Low,736.68
S03970,Basic,Two year,0.013,Low,305.16
S01036,Basic,Two year,0.013,Low,422.28
S03525,Basic,Two year,0.013,Low,374.64
S06965,Basic,Two year,0.013,Low,185.52
S00972,Premium,Two year,0.013,Low,1303.32
S02953,Standard,One year,0.013,Low,673.08
S07428,Basic,Two year,0.013,Low,301.68
S04357,Basic,Two year,0.013,Low,217.08
S03379,Basic,Two year,0.013,Low,334.68
S01772,Basic,Two year,0.013,Low,312.72
S06104,Basic,Two year,0.013,Low,268.08
S06539,Standard,Two year,0.013,Low,687.48
S04171,Standard,Two year,0.013,Low,671.88
S03169,Basic,Two year,0.013,Low,323.88
S06368,Premium,Two year,0.013,Low,1074.36
S01622,Standard,Two year,0.013,Low,660.12
S06160,Basic,One year,0.013,Low,341.4
S06285,Basic,Two year,0.013,Low,306.48
S03393,Standard,Two year,0.013,Low,822.36
S07933,Basic,Two year,0.013,Low,413.76
S01413,Standard,Two year,0.013,Low,714.84
S05456,Basic,Two year,0.013,Low,421.08
S02902,Standard,Two year,0.013,Low,713.52
S05454,Basic,Two year,0.012,Low,434.64
S00218,Basic,Two year,0.012,Low,381.48
S06891,Standard,One year,0.012,Low,713.16
S05689,Basic,Two year,0.012,Low,379.68
S07074,Basic,Two year,0.012,Low,326.16
S00178,Basic,Two year,0.012,Low,234.96
S03388,Standard,One year,0.012,Low,678.96
S01135,Basic,Two year,0.012,Low,481.32
S02734,Standard,Two year,0.012,Low,796.32
S06682,Basic,Two year,0.012,Low,411.72
S04586,Basic,Two year,0.012,Low,221.64
S06043,Standard,Two year,0.012,Low,690.12
S00742,Standard,Two year,0.012,Low,645.6
S07693,Standard,Two year,0.012,Low,559.32
S07482,Premium,Two year,0.012,Low,1218.6
S04942,Premium,Two year,0.012,Low,1166.76
S05640,Standard,Two year,0.012,Low,664.92
S02563,Premium,Two year,0.012,Low,1034.4
S02969,Basic,Two year,0.012,Low,218.4
S03417,Standard,Two year,0.012,Low,704.52
S07920,Basic,Two year,0.012,Low,364.92
S01010,Premium,Two year,0.012,Low,1152.48
S00710,Basic,One year,0.012,Low,357.24
S03086,Standard,Two year,0.012,Low,770.28
S06636,Standard,Two year,0.012,Low,687.36
S06828,Basic,Two year,0.012,Low,395.76
S03744,Standard,Two year,0.012,Low,826.92
S07102,Standard,Two year,0.012,Low,691.56
S00077,Basic,Two year,0.012,Low,303.84
S07510,Premium,Two year,0.012,Low,1263.24
S00249,Premium,Two year,0.012,Low,1114.56
S00711,Basic,Two year,0.012,Low,299.04
S03192,Basic,Two year,0.012,Low,383.76
S00566,Basic,Two year,0.012,Low,377.52
S00343,Basic,One year,0.012,Low,330.72
S04327,Premium,Two year,0.012,Low,1192.44
S02885,Basic,Two year,0.012,Low,462.12
S00217,Basic,Two year,0.012,Low,419.28
S00489,Basic,Two year,0.012,Low,512.16
S04503,Basic,One year,0.012,Low,367.44
S03789,Standard,One year,0.012,Low,771.6
S04234,Basic,Two year,0.012,Low,327.84
S02335,Standard,Two year,0.012,Low,715.92
S05099,Basic,Two year,0.012,Low,376.32
S00259,Basic,One year,0.012,Low,338.28
S00656,Standard,Two year,0.012,Low,807.72
S05900,Standard,One year,0.012,Low,673.8
S01210,Basic,Two year,0.012,Low,302.16
S00137,Standard,Two year,0.012,Low,729.0
S02880,Basic,Two year,0.012,Low,420.24
S07836,Basic,Two year,0.012,Low,147.36
S07209,Basic,Two year,0.012,Low,217.08
S06874,Standard,Two year,0.012,Low,647.16
S01426,Basic,Two year,0.012,Low,409.92
S01828,Basic,Two year,0.012,Low,359.4
S01286,Standard,Two year,0.012,Low,692.28
S01850,Basic,Two year,0.012,Low,238.08
S03493,Basic,Two year,0.011,Low,232.56
S07801,Basic,Two year,0.011,Low,395.88
S03942,Basic,Two year,0.011,Low,471.48
S04582,Basic,Two year,0.011,Low,404.16
S07260,Standard,Two year,0.011,Low,775.2
S07618,Standard,Two year,0.011,Low,624.48
S07999,Basic,Two year,0.011,Low,214.44
S00679,Premium,Two year,0.011,Low,1249.44
S07552,Basic,Two year,0.011,Low,329.88
S05236,Standard,Two year,0.011,Low,692.88
S00131,Basic,Two year,0.011,Low,313.08
S06377,Basic,One year,0.011,Low,405.6
S07152,Standard,Two year,0.011,Low,596.88
S07478,Basic,Two year,0.011,Low,330.24
S07447,Standard,Two year,0.011,Low,693.72
S04299,Basic,Two year,0.011,Low,349.08
S06013,Basic,Two year,0.011,Low,313.8
S04621,Basic,Two year,0.011,Low,331.8
S05568,Basic,Two year,0.011,Low,115.8
S02781,Basic,Two year,0.011,Low,304.8
S01623,Basic,Two year,0.011,Low,343.68
S04837,Premium,Two year,0.011,Low,1274.28
S04254,Standard,Two year,0.011,Low,650.52
S06536,Basic,Two year,0.011,Low,428.04
S04812,Standard,Two year,0.011,Low,648.36
S01600,Basic,Two year,0.011,Low,339.84
S06655,Standard,Two year,0.011,Low,600.84
S06488,Standard,Two year,0.011,Low,702.48
S06313,Basic,One year,0.011,Low,228.0
S07864,Basic,Two year,0.011,Low,302.76
S04071,Basic,Two year,0.011,Low,428.4
S06893,Basic,Two year,0.011,Low,386.52
S07513,Standard,Two year,0.011,Low,701.04
S03155,Standard,Two year,0.011,Low,697.92
S03836,Basic,Two year,0.011,Low,463.2
S04543,Basic,One year,0.011,Low,288.84
S05249,Basic,Two year,0.011,Low,369.12
S01536,Standard,Two year,0.011,Low,754.08
S07957,Basic,Two year,0.011,Low,290.28
S01391,Standard,Two year,0.011,Low,690.48
S05401,Basic,One year,0.011,Low,370.92
S07032,Basic,One year,0.011,Low,443.52
S00393,Basic,One year,0.011,Low,286.44
S05779,Basic,Two year,0.011,Low,321.0
S05154,Premium,Two year,0.011,Low,1057.32
S07924,Standard,Two year,0.011,Low,604.68
S02536,Basic,Two year,0.011,Low,384.36
S04249,Basic,Two year,0.011,Low,340.56
S05634,Basic,Two year,0.011,Low,330.84
S07582,Standard,Two year,0.011,Low,629.76
S06829,Basic,One year,0.011,Low,373.92
S00426,Standard,Two year,0.011,Low,634.92
S07921,Basic,Two year,0.011,Low,370.92
S00120,Basic,Two year,0.011,Low,543.96
S01465,Basic,Two year,0.011,Low,321.12
S01186,Basic,Two year,0.011,Low,369.12
S02463,Standard,One year,0.011,Low,715.8
S00996,Standard,Two year,0.011,Low,682.68
S04530,Basic,Two year,0.011,Low,342.24
S02619,Standard,Two year,0.01,Low,676.44
S07749,Standard,One year,0.01,Low,683.16
S01754,Basic,Two year,0.01,Low,400.44
S04866,Basic,Two year,0.01,Low,374.88
S01690,Standard,Two year,0.01,Low,747.72
S06695,Basic,Two year,0.01,Low,377.28
S01072,Basic,Two year,0.01,Low,221.04
S06825,Standard,Two year,0.01,Low,620.16
S02908,Basic,Two year,0.01,Low,264.0
S05040,Basic,Two year,0.01,Low,414.96
S02422,Basic,Two year,0.01,Low,157.08
S03211,Basic,Two year,0.01,Low,458.04
S07808,Basic,Two year,0.01,Low,495.12
S03754,Standard,Two year,0.01,Low,634.92
S01564,Basic,Two year,0.01,Low,298.32
S00896,Basic,Two year,0.01,Low,433.92
S05242,Basic,Two year,0.01,Low,275.4
S06850,Basic,Two year,0.01,Low,424.2
S07847,Standard,Two year,0.01,Low,574.08
S04817,Premium,Two year,0.01,Low,1086.36
S00627,Basic,Two year,0.01,Low,471.96
S05207,Basic,Two year,0.01,Low,369.24
S02945,Basic,One year,0.01,Low,307.44
S02086,Premium,Two year,0.01,Low,1293.24
S03575,Basic,One year,0.01,Low,327.24
S01568,Standard,Two year,0.01,Low,646.2
S04996,Premium,Two year,0.01,Low,1201.44
S06698,Basic,Two year,0.01,Low,372.84
S05237,Basic,One year,0.01,Low,316.44
S05257,Standard,Two year,0.01,Low,732.84
S04987,Basic,One year,0.01,Low,389.04
S04074,Basic,Two year,0.01,Low,398.4
S05697,Standard,Two year,0.01,Low,679.92
S04561,Basic,Two year,0.01,Low,407.04
S01780,Premium,Two year,0.01,Low,1165.44
S03583,Basic,Two year,0.01,Low,363.12
S00214,Basic,One year,0.01,Low,267.12
S03025,Standard,Two year,0.01,Low,819.96
S06744,Standard,Two year,0.01,Low,693.12
S06383,Premium,Two year,0.01,Low,1169.28
S06328,Standard,Two year,0.01,Low,530.4
S03347,Basic,Two year,0.01,Low,160.92
S03210,Basic,Two year,0.01,Low,241.56
S05959,Basic,Two year,0.01,Low,232.08
S00933,Basic,Two year,0.01,Low,405.96
S00237,Standard,One year,0.01,Low,825.96
S06305,Basic,Two year,0.01,Low,338.64
S01596,Basic,Two year,0.01,Low,273.84
S06404,Basic,Two year,0.01,Low,257.28
S07727,Basic,Two year,0.01,Low,356.76
S04365,Basic,Two year,0.01,Low,437.04
S07724,Standard,Two year,0.01,Low,878.52
S06117,Basic,Two year,0.01,Low,420.6
S07150,Basic,Two year,0.009,Low,277.32
S01738,Premium,Two year,0.009,Low,1146.12
S00082,Standard,Two year,0.009,Low,627.6
S04974,Standard,Two year,0.009,Low,653.64
S05589,Basic,Two year,0.009,Low,387.96
S04907,Standard,Two year,0.009,Low,667.2
S03007,Basic,Two year,0.009,Low,413.28
S03426,Standard,Two year,0.009,Low,549.24
S02844,Basic,One year,0.009,Low,254.88
S00028,Standard,Two year,0.009,Low,672.24
S05104,Basic,Two year,0.009,Low,427.68
S00059,Premium,Two year,0.009,Low,1208.16
S01403,Basic,Two year,0.009,Low,364.2
S00490,Premium,Two year,0.009,Low,1248.84
S03790,Basic,Two year,0.009,Low,312.36
S02450,Basic,Two year,0.009,Low,263.04
S05295,Basic,Two year,0.009,Low,309.12
S03610,Basic,One year,0.009,Low,570.0
S07994,Basic,Two year,0.009,Low,326.4
S00357,Basic,Two year,0.009,Low,360.72
S00050,Standard,Two year,0.009,Low,721.2
S06535,Standard,Two year,0.009,Low,663.72
S06953,Standard,Two year,0.009,Low,779.76
S00994,Basic,Two year,0.009,Low,435.36
S00581,Basic,Two year,0.009,Low,337.56
S01557,Standard,Two year,0.009,Low,661.32
S01376,Standard,Two year,0.009,Low,642.84
S01773,Basic,Two year,0.009,Low,405.96
S05910,Standard,Two year,0.009,Low,636.24
S00394,Basic,One year,0.009,Low,180.6
S00181,Standard,Two year,0.009,Low,661.32
S03936,Basic,Two year,0.009,Low,464.64
S05621,Basic,Two year,0.009,Low,266.4
S07498,Basic,Two year,0.009,Low,449.76
S01508,Basic,Two year,0.009,Low,368.88
S05050,Basic,Two year,0.009,Low,359.88
S07515,Standard,Two year,0.009,Low,735.96
S01796,Standard,Two year,0.009,Low,584.4
S05255,Basic,Two year,0.009,Low,374.52
S01351,Standard,Two year,0.009,Low,729.24
S01859,Standard,Two year,0.009,Low,667.44
S05584,Standard,Two year,0.009,Low,708.6
S07790,Basic,Two year,0.009,Low,294.12
S03468,Standard,Two year,0.009,Low,632.64
S05698,Basic,Two year,0.009,Low,353.88
S06664,Standard,Two year,0.009,Low,771.72
S04770,Basic,Two year,0.009,Low,252.0
S01298,Standard,Two year,0.009,Low,641.64
S04604,Standard,Two year,0.009,Low,722.28
S07228,Basic,Two year,0.009,Low,320.4
S07226,Premium,Two year,0.009,Low,1386.72
S05500,Standard,Two year,0.009,Low,760.44
S04520,Basic,Two year,0.009,Low,385.32
S03207,Standard,Two year,0.009,Low,623.52
S01860,Basic,Two year,0.009,Low,439.92
S05167,Standard,Two year,0.009,Low,677.64
S01063,Basic,Two year,0.009,Low,486.24
S07105,Basic,Two year,0.009,Low,204.84
S01218,Standard,Two year,0.009,Low,697.68
S01163,Standard,Two year,0.008,Low,787.8
S07181,Basic,Two year,0.008,Low,431.16
S02156,Premium,Two year,0.008,Low,1068.84
S02194,Standard,Two year,0.008,Low,802.2
S01002,Standard,Two year,0.008,Low,749.52
S06620,Standard,Two year,0.008,Low,814.92
S07765,Standard,Two year,0.008,Low,554.4
S03237,Basic,Two year,0.008,Low,359.52
S01777,Basic,Two year,0.008,Low,295.44
S04952,Basic,Two year,0.008,Low,251.76
S01675,Basic,Two year,0.008,Low,328.44
S01561,Standard,Two year,0.008,Low,758.52
S05774,Basic,Two year,0.008,Low,326.52
S00146,Standard,Two year,0.008,Low,657.72
S06297,Premium,Two year,0.008,Low,1249.92
S04941,Basic,Two year,0.008,Low,379.8
S03198,Standard,Two year,0.008,Low,705.12
S02473,Standard,One year,0.008,Low,617.28
S00208,Standard,Two year,0.008,Low,677.4
S03617,Basic,Two year,0.008,Low,443.04
S06491,Basic,One year,0.008,Low,264.12
S00851,Standard,Two year,0.008,Low,743.28
S02865,Standard,Two year,0.008,Low,719.04
S00230,Standard,Two year,0.008,Low,823.68
S06685,Standard,Two year,0.008,Low,571.56
S06827,Basic,Two year,0.008,Low,383.4
S02770,Basic,Two year,0.008,Low,316.56
S01406,Premium,Two year,0.008,Low,1182.36
S04613,Premium,Two year,0.008,Low,1019.4
S05790,Basic,One year,0.008,Low,310.8
S00373,Premium,Two year,0.008,Low,1173.72
S03992,Standard,Two year,0.008,Low,617.76
S02364,Basic,Two year,0.008,Low,406.2
S02021,Basic,Two year,0.008,Low,309.0
S07263,Basic,Two year,0.008,Low,480.48
S01766,Standard,Two year,0.008,Low,689.64
S00076,Basic,Two year,0.008,Low,397.56
S00722,Premium,Two year,0.008,Low,1210.2
S04609,Premium,Two year,0.008,Low,1219.8
S00467,Basic,Two year,0.008,Low,322.08
S02998,Standard,One year,0.008,Low,734.52
S01910,Basic,One year,0.008,Low,323.16
S01759,Standard,Two year,0.008,Low,703.32
S07657,Standard,Two year,0.008,Low,732.24
S04473,Basic,Two year,0.008,Low,345.96
S06136,Standard,Two year,0.008,Low,660.72
S06545,Basic,Two year,0.008,Low,363.36
S01707,Basic,Two year,0.008,Low,392.04
S05954,Basic,Two year,0.007,Low,355.68
S02739,Basic,Two year,0.007,Low,387.12
S04435,Basic,Two year,0.007,Low,319.68
S06270,Basic,One year,0.007,Low,454.56
S06111,Basic,Two year,0.007,Low,366.48
S06837,Basic,Two year,0.007,Low,401.76
S00346,Standard,Two year,0.007,Low,806.16
S05643,Standard,Two year,0.007,Low,699.36
S07284,Basic,Two year,0.007,Low,345.24
S06618,Basic,Two year,0.007,Low,378.84
S02287,Basic,Two year,0.007,Low,251.52
S06062,Standard,Two year,0.007,Low,712.44
S02212,Basic,Two year,0.007,Low,336.12
S01687,Basic,One year,0.007,Low,364.68
S00575,Basic,One year,0.007,Low,394.8
S04552,Standard,Two year,0.007,Low,686.4
S06326,Basic,Two year,0.007,Low,340.68
S01816,Basic,Two year,0.007,Low,435.36
S02449,Basic,Two year,0.007,Low,243.48
S05369,Basic,One year,0.007,Low,227.04
S07178,Basic,One year,0.007,Low,344.04
S05288,Standard,Two year,0.007,Low,787.2
S04997,Basic,Two year,0.007,Low,305.4
S05323,Standard,One year,0.007,Low,766.56
S06566,Basic,Two year,0.007,Low,362.64
S01821,Basic,Two year,0.007,Low,289.68
S06250,Premium,Two year,0.007,Low,1247.16
S03309,Basic,Two year,0.007,Low,325.68
S07934,Basic,Two year,0.007,Low,282.0
S07909,Standard,Two year,0.007,Low,621.36
S03625,Basic,Two year,0.007,Low,321.6
S05593,Basic,Two year,0.007,Low,338.88
S00813,Standard,Two year,0.007,Low,739.68
S03424,Basic,Two year,0.007,Low,292.8
S07730,Basic,Two year,0.007,Low,410.28
S00858,Premium,Two year,0.007,Low,1133.4
S05534,Standard,Two year,0.007,Low,800.16
S05022,Basic,Two year,0.007,Low,386.88
S04846,Basic,Two year,0.007,Low,474.48
S04957,Standard,Two year,0.007,Low,568.08
S00233,Standard,Two year,0.007,Low,605.28
S00444,Basic,Two year,0.007,Low,323.04
S00881,Standard,Two year,0.007,Low,709.8
S00541,Basic,Two year,0.007,Low,183.12
S06561,Standard,Two year,0.007,Low,776.16
S03643,Standard,Two year,0.006,Low,759.96
S07267,Basic,Two year,0.006,Low,354.0
S01799,Standard,Two year,0.006,Low,577.32
S00413,Standard,Two year,0.006,Low,819.36
S01272,Basic,Two year,0.006,Low,371.88
S04397,Basic,Two year,0.006,Low,303.72
S03164,Standard,Two year,0.006,Low,688.08
S01694,Basic,Two year,0.006,Low,380.88
S06968,Basic,Two year,0.006,Low,295.44
S04168,Standard,Two year,0.006,Low,671.64
S01518,Basic,Two year,0.006,Low,256.8
S06747,Premium,Two year,0.006,Low,1174.8
S05026,Basic,Two year,0.006,Low,252.96
S03175,Basic,Two year,0.006,Low,288.96
S02379,Basic,Two year,0.006,Low,421.56
S03244,Standard,Two year,0.006,Low,661.92
S06337,Basic,Two year,0.006,Low,308.16
S04690,Standard,Two year,0.006,Low,707.16
S02513,Standard,Two year,0.006,Low,788.88
S01405,Standard,Two year,0.006,Low,766.92
S03414,Premium,Two year,0.006,Low,1271.16
S03408,Basic,Two year,0.006,Low,286.8
S00810,Basic,Two year,0.006,Low,359.64
S02921,Basic,Two year,0.006,Low,283.8
S04752,Basic,Two year,0.006,Low,322.2
S02390,Standard,Two year,0.006,Low,649.2
S02779,Basic,Two year,0.006,Low,383.64
S06279,Premium,Two year,0.006,Low,1242.12
S06009,Standard,Two year,0.006,Low,713.04
S02420,Basic,Two year,0.006,Low,331.32
S05355,Basic,Two year,0.006,Low,401.04
S03283,Basic,Two year,0.006,Low,260.4
S01918,Basic,Two year,0.006,Low,363.0
S06534,Premium,Two year,0.006,Low,1165.68
S03023,Basic,Two year,0.006,Low,369.72
S03296,Standard,One year,0.006,Low,692.64
S01479,Basic,Two year,0.006,Low,325.68
S04657,Premium,Two year,0.006,Low,1183.56
S00674,Standard,Two year,0.006,Low,907.8
S01457,Standard,Two year,0.006,Low,835.8
S01366,Standard,Two year,0.006,Low,667.92
S06057,Basic,Two year,0.006,Low,254.52
S01654,Basic,Two year,0.006,Low,402.48
S01099,Standard,Two year,0.006,Low,644.64
S07461,Standard,Two year,0.006,Low,661.8
S04045,Basic,Two year,0.006,Low,423.72
S03018,Standard,Two year,0.006,Low,649.8
S00680,Basic,Two year,0.006,Low,308.04
S03661,Basic,One year,0.006,Low,227.64
S04819,Basic,Two year,0.006,Low,375.48
S01862,Standard,Two year,0.006,Low,684.72
S07578,Basic,Two year,0.006,Low,357.24
S05169,Basic,Two year,0.006,Low,452.88
S05691,Standard,Two year,0.006,Low,741.24
S04319,Basic,Two year,0.006,Low,295.44
S04574,Basic,Two year,0.005,Low,258.0
S03352,Basic,Two year,0.005,Low,243.12
S03683,Basic,Two year,0.005,Low,406.44
S05495,Basic,One year,0.005,Low,356.52
S07307,Basic,Two year,0.005,Low,308.28
S05414,Standard,Two year,0.005,Low,672.6
S07962,Basic,Two year,0.005,Low,259.08
S06059,Basic,Two year,0.005,Low,401.52
S02247,Standard,Two year,0.005,Low,564.0
S06643,Basic,Two year,0.005,Low,369.48
S06036,Premium,Two year,0.005,Low,1209.6
S06770,Basic,Two year,0.005,Low,367.08
S06237,Premium,Two year,0.005,Low,1178.16
S03348,Standard,Two year,0.005,Low,569.04
S07701,Basic,Two year,0.005,Low,317.52
S04079,Standard,Two year,0.005,Low,780.0
S03005,Basic,Two year,0.005,Low,471.72
S02746,Basic,Two year,0.005,Low,389.16
S02578,Basic,One year,0.005,Low,268.92
S04384,Basic,Two year,0.005,Low,158.88
S07659,Basic,Two year,0.005,Low,457.32
S03593,Basic,Two year,0.005,Low,279.84
S02488,Basic,One year,0.005,Low,320.88
S01959,Basic,Two year,0.005,Low,260.52
S01566,Standard,Two year,0.005,Low,704.28
S00528,Basic,Two year,0.005,Low,343.2
S00687,Standard,Two year,0.005,Low,661.32
S04158,Basic,Two year,0.005,Low,327.96
S03362,Standard,Two year,0.005,Low,697.56
S02674,Standard,Two year,0.005,Low,725.64
S03376,Basic,Two year,0.005,Low,238.8
S06356,Basic,Two year,0.005,Low,354.72
S06617,Basic,Two year,0.005,Low,381.12
S05102,Basic,Two year,0.005,Low,447.36
S01055,Basic,Two year,0.005,Low,339.84
S00117,Standard,Two year,0.005,Low,683.04
S04226,Standard,Two year,0.005,Low,711.6
S02163,Basic,Two year,0.005,Low,430.2
S07838,Basic,Two year,0.005,Low,398.64
S04445,Basic,Two year,0.005,Low,319.08
S01548,Standard,Two year,0.005,Low,757.08
S04951,Standard,Two year,0.004,Low,766.2
S02807,Basic,Two year,0.004,Low,325.32
S00904,Basic,Two year,0.004,Low,406.32
S01945,Standard,Two year,0.004,Low,658.08
S02154,Basic,Two year,0.004,Low,389.64
S02386,Basic,Two year,0.004,Low,316.44
S05461,Basic,Two year,0.004,Low,310.2
S05171,Standard,Two year,0.004,Low,648.0
S01106,Standard,Two year,0.004,Low,647.16
S02511,Basic,Two year,0.004,Low,478.56
S00009,Basic,Two year,0.004,Low,340.44
S02294,Standard,Two year,0.004,Low,716.76
S05048,Basic,Two year,0.004,Low,292.56
S01825,Premium,Two year,0.004,Low,1182.6
S03777,Standard,Two year,0.004,Low,757.2
S07840,Basic,Two year,0.004,Low,326.52
S02510,Basic,Two year,0.004,Low,431.4
S02515,Basic,Two year,0.004,Low,300.36
S05443,Basic,Two year,0.004,Low,322.2
S04386,Basic,Two year,0.004,Low,224.76
S04897,Standard,Two year,0.004,Low,570.6
S01894,Basic,Two year,0.004,Low,418.68
S03871,Standard,Two year,0.004,Low,731.16
S05090,Basic,Two year,0.004,Low,344.52
S00728,Basic,Two year,0.004,Low,485.04
S01700,Basic,Two year,0.004,Low,364.68
S03697,Standard,Two year,0.004,Low,620.88
S06310,Standard,Two year,0.004,Low,790.56
S03663,Basic,Two year,0.004,Low,335.52
S06930,Basic,Two year,0.004,Low,474.6
S03734,Standard,Two year,0.004,Low,747.12
S01356,Basic,Two year,0.004,Low,262.08
S00374,Basic,Two year,0.004,Low,176.04
S03171,Basic,Two year,0.004,Low,378.48
S02862,Basic,Two year,0.004,Low,324.6
S03170,Basic,Two year,0.004,Low,234.6
S06694,Basic,Two year,0.003,Low,253.56
S04712,Basic,Two year,0.003,Low,356.76
S02128,Basic,Two year,0.003,Low,286.8
S02352,Basic,Two year,0.003,Low,346.2
S07893,Basic,Two year,0.003,Low,328.56
S03428,Basic,Two year,0.003,Low,450.12
S01931,Basic,Two year,0.003,Low,240.6
S05933,Standard,Two year,0.003,Low,701.52
S03499,Standard,Two year,0.003,Low,689.88
S01876,Basic,Two year,0.003,Low,404.04
S01224,Basic,Two year,0.003,Low,418.68
S05037,Standard,Two year,0.003,Low,853.08
S02978,Basic,Two year,0.003,Low,357.36
S04370,Basic,Two year,0.003,Low,274.56
S05121,Basic,Two year,0.003,Low,435.12
S07448,Basic,Two year,0.003,Low,199.44
S01193,Basic,Two year,0.002,Low,327.12
S04667,Basic,Two year,0.002,Low,441.6
S02586,Basic,Two year,0.002,Low,365.76
S05250,Basic,Two year,0.002,Low,442.32
S03947,Basic,Two year,0.002,Low,408.12
