customer_id,orders,total_spend,avg_order_value,days_since_last_order,avg_discount,return_rate,holiday_share,share_Beauty,share_Books,share_Electronics,share_Fashion,share_Home & Kitchen,share_Sports,region,acquisition_channel,cluster,persona
C00001,2,284.55,142.275,364,0.0,0.0,0.0,0.0,0.0,0.0,0.5,0.0,0.5,West,Marketplace,1,Everyday Fashion Shoppers
C00002,3,162.98,54.327,38,0.15,0.0,0.667,0.667,0.0,0.0,0.0,0.0,0.333,East,Organic Search,2,Deal & Festive Shoppers
C00003,3,612.74,204.247,259,0.0,0.0,0.0,0.0,0.0,0.0,0.667,0.333,0.0,North,Paid Social,1,Everyday Fashion Shoppers
C00004,3,339.96,113.32,335,0.2,0.0,0.667,0.0,0.333,0.0,0.0,0.0,0.667,East,Organic Search,2,Deal & Festive Shoppers
C00005,2,130.41,65.205,216,0.175,0.0,0.5,0.5,0.0,0.0,0.5,0.0,0.0,North,Organic Search,4,Everyday Beauty Shoppers
C00006,2,103.25,51.625,78,0.05,0.0,0.0,0.5,0.0,0.0,0.0,0.0,0.5,East,Email,4,Everyday Beauty Shoppers
C00007,4,401.67,100.418,473,0.038,0.0,0.0,0.0,0.5,0.0,0.5,0.0,0.0,East,Organic Search,1,Everyday Fashion Shoppers
C00008,3,409.59,136.53,198,0.033,0.0,0.0,0.0,0.0,0.0,0.0,0.333,0.667,North,Paid Social,0,Everyday Home & Kitchen Shoppers
C00009,4,324.79,81.197,416,0.112,0.0,0.5,0.0,0.25,0.0,0.0,0.5,0.25,North,Email,0,Everyday Home & Kitchen Shoppers
C00010,2,158.72,79.36,597,0.0,0.0,0.0,0.5,0.0,0.0,0.0,0.5,0.0,East,Organic Search,4,Everyday Beauty Shoppers
C00011,1,39.88,39.88,347,0.15,0.0,0.0,0.0,0.0,0.0,1.0,0.0,0.0,South,Paid Social,1,Everyday Fashion Shoppers
C00012,1,212.44,212.44,40,0.1,0.0,1.0,0.0,0.0,0.0,0.0,0.0,1.0,West,Email,2,Deal & Festive Shoppers
C00013,2,211.92,105.96,135,0.0,0.0,0.0,0.0,0.5,0.0,0.5,0.0,0.0,East,Marketplace,1,Everyday Fashion Shoppers
C00014,1,121.28,121.28,184,0.0,0.0,0.0,0.0,0.0,0.0,0.0,1.0,0.0,East,Organic Search,0,Everyday Home & Kitchen Shoppers
C00015,2,170.34,85.17,78,0.1,0.0,0.0,0.0,0.0,0.0,0.5,0.5,0.0,North,Marketplace,0,Everyday Home & Kitchen Shoppers
C00016,3,1502.52,500.84,27,0.233,0.0,0.667,0.0,0.0,0.333,0.0,0.667,0.0,East,Marketplace,2,Deal & Festive Shoppers
C00017,6,928.03,154.672,182,0.067,0.333,0.333,0.167,0.0,0.167,0.167,0.5,0.0,West,Referral,2,Deal & Festive Shoppers
C00018,3,397.42,132.473,500,0.033,0.0,0.0,0.0,0.333,0.0,0.333,0.0,0.333,North,Paid Social,1,Everyday Fashion Shoppers
C00019,2,471.42,235.71,91,0.0,0.0,0.0,0.0,0.0,0.0,0.0,0.5,0.5,South,Email,0,Everyday Home & Kitchen Shoppers
C00020,3,1065.31,355.103,149,0.167,0.0,0.333,0.333,0.0,0.333,0.0,0.333,0.0,North,Email,3,Big-Ticket Tech Buyers
C00021,3,1386.34,462.113,309,0.133,0.0,0.667,0.0,0.333,0.667,0.0,0.0,0.0,South,Paid Social,3,Big-Ticket Tech Buyers
C00022,2,121.41,60.705,453,0.1,0.0,0.0,0.0,0.0,0.0,0.5,0.5,0.0,East,Marketplace,0,Everyday Home & Kitchen Shoppers
C00023,3,464.09,154.697,184,0.117,0.0,0.0,0.333,0.0,0.0,0.0,0.667,0.0,South,Marketplace,0,Everyday Home & Kitchen Shoppers
C00024,1,34.58,34.58,81,0.0,0.0,0.0,0.0,1.0,0.0,0.0,0.0,0.0,East,Paid Social,1,Everyday Fashion Shoppers
C00025,3,700.96,233.653,65,0.033,0.0,0.0,0.0,0.0,0.0,0.0,0.667,0.333,South,Email,0,Everyday Home & Kitchen Shoppers
C00026,1,154.49,154.49,279,0.1,0.0,0.0,0.0,0.0,0.0,0.0,1.0,0.0,North,Paid Social,0,Everyday Home & Kitchen Shoppers
C00027,3,137.57,45.857,412,0.133,0.0,0.667,0.0,0.0,0.0,0.667,0.0,0.333,North,Email,2,Deal & Festive Shoppers
C00028,1,281.52,281.52,156,0.2,0.0,0.0,0.0,0.0,0.0,0.0,0.0,1.0,West,Marketplace,1,Everyday Fashion Shoppers
C00029,2,551.93,275.965,311,0.0,0.0,0.0,0.0,0.5,0.0,0.0,0.5,0.0,East,Organic Search,0,Everyday Home & Kitchen Shoppers
C00030,3,330.92,110.307,329,0.1,0.0,0.667,0.667,0.0,0.0,0.0,0.333,0.0,South,Organic Search,4,Everyday Beauty Shoppers
C00031,2,119.76,59.88,407,0.3,0.0,1.0,0.0,0.0,0.0,0.0,0.0,1.0,East,Paid Social,2,Deal & Festive Shoppers
C00032,1,63.56,63.56,562,0.0,0.0,0.0,1.0,0.0,0.0,0.0,0.0,0.0,North,Marketplace,4,Everyday Beauty Shoppers
C00033,1,115.92,115.92,661,0.0,0.0,0.0,0.0,0.0,0.0,0.0,1.0,0.0,North,Paid Social,0,Everyday Home & Kitchen Shoppers
C00034,1,295.09,295.09,342,0.1,1.0,0.0,0.0,0.0,0.0,0.0,1.0,0.0,North,Marketplace,0,Everyday Home & Kitchen Shoppers
C00035,1,56.4,56.4,92,0.0,0.0,0.0,1.0,0.0,0.0,0.0,0.0,0.0,West,Paid Social,4,Everyday Beauty Shoppers
C00036,5,727.88,145.576,300,0.1,0.0,0.4,0.2,0.2,0.2,0.4,0.0,0.0,East,Organic Search,2,Deal & Festive Shoppers
C00037,2,45.89,22.945,93,0.2,0.0,0.0,0.0,0.5,0.0,0.5,0.0,0.0,East,Marketplace,1,Everyday Fashion Shoppers
C00038,2,345.54,172.77,116,0.1,0.0,0.0,0.0,0.0,0.0,1.0,0.0,0.0,North,Referral,1,Everyday Fashion Shoppers
C00039,1,7.95,7.95,534,0.2,0.0,0.0,0.0,1.0,0.0,0.0,0.0,0.0,North,Paid Social,1,Everyday Fashion Shoppers
C00040,2,282.34,141.17,115,0.15,0.0,0.0,0.0,0.0,0.5,0.5,0.0,0.0,East,Organic Search,3,Big-Ticket Tech Buyers
C00041,1,112.72,112.72,597,0.15,0.0,0.0,0.0,0.0,0.0,0.0,1.0,0.0,South,Organic Search,0,Everyday Home & Kitchen Shoppers
C00042,2,431.5,215.75,83,0.0,0.0,0.0,0.0,0.0,0.5,0.0,0.0,0.5,West,Organic Search,3,Big-Ticket Tech Buyers
C00043,1,11.05,11.05,229,0.05,0.0,0.0,1.0,0.0,0.0,0.0,0.0,0.0,East,Paid Social,4,Everyday Beauty Shoppers
C00044,4,247.23,61.808,327,0.05,0.0,0.5,0.0,0.5,0.0,0.25,0.25,0.0,South,Referral,2,Deal & Festive Shoppers
C00045,2,57.86,28.93,506,0.1,0.0,0.0,1.0,0.0,0.0,0.0,0.0,0.0,East,Paid Social,4,Everyday Beauty Shoppers
C00046,1,52.4,52.4,44,0.15,0.0,1.0,0.0,0.0,0.0,0.0,0.0,1.0,West,Organic Search,2,Deal & Festive Shoppers
C00047,4,1396.63,349.158,149,0.038,0.0,0.25,0.25,0.25,0.5,0.0,0.0,0.0,South,Organic Search,3,Big-Ticket Tech Buyers
C00048,1,53.96,53.96,96,0.0,1.0,0.0,1.0,0.0,0.0,0.0,0.0,0.0,East,Paid Social,4,Everyday Beauty Shoppers
C00049,1,343.5,343.5,245,0.0,0.0,0.0,0.0,0.0,0.0,0.0,1.0,0.0,West,Marketplace,0,Everyday Home & Kitchen Shoppers
C00050,1,206.14,206.14,181,0.1,0.0,0.0,0.0,0.0,0.0,1.0,0.0,0.0,North,Paid Social,1,Everyday Fashion Shoppers
C00051,1,64.48,64.48,183,0.15,0.0,0.0,0.0,1.0,0.0,0.0,0.0,0.0,West,Organic Search,1,Everyday Fashion Shoppers
C00052,5,2857.43,571.486,361,0.14,0.0,0.4,0.2,0.2,0.6,0.0,0.0,0.0,North,Referral,3,Big-Ticket Tech Buyers
C00053,1,11.26,11.26,458,0.05,0.0,0.0,0.0,1.0,0.0,0.0,0.0,0.0,East,Marketplace,1,Everyday Fashion Shoppers
C00054,3,283.5,94.5,391,0.2,0.0,1.0,0.0,0.0,0.0,0.0,0.667,0.333,East,Email,2,Deal & Festive Shoppers
C00055,2,199.58,99.79,378,0.3,0.0,1.0,0.0,0.0,0.0,0.0,1.0,0.0,East,Marketplace,2,Deal & Festive Shoppers
C00056,2,671.55,335.775,650,0.225,1.0,0.0,0.0,0.0,0.5,0.0,0.0,0.5,South,Marketplace,3,Big-Ticket Tech Buyers
C00057,3,275.42,91.807,213,0.1,0.667,0.0,0.333,0.0,0.0,0.333,0.0,0.333,East,Referral,1,Everyday Fashion Shoppers
C00058,3,547.16,182.387,597,0.05,0.667,0.0,0.333,0.0,0.0,0.0,0.333,0.333,North,Marketplace,0,Everyday Home & Kitchen Shoppers
C00059,3,605.95,201.983,128,0.117,0.0,0.0,0.333,0.0,0.333,0.333,0.0,0.0,North,Organic Search,3,Big-Ticket Tech Buyers
C00060,2,64.24,32.12,13,0.15,0.0,0.5,0.0,0.5,0.0,0.0,0.5,0.0,North,Marketplace,2,Deal & Festive Shoppers
C00061,1,31.92,31.92,84,0.2,0.0,0.0,0.0,1.0,0.0,0.0,0.0,0.0,East,Marketplace,1,Everyday Fashion Shoppers
C00062,1,247.71,247.71,202,0.2,0.0,0.0,0.0,0.0,1.0,0.0,0.0,0.0,South,Marketplace,3,Big-Ticket Tech Buyers
C00063,2,314.08,157.04,230,0.1,0.0,0.0,0.5,0.0,0.0,0.0,0.0,0.5,North,Paid Social,4,Everyday Beauty Shoppers
C00064,2,625.72,312.86,42,0.15,0.0,1.0,0.0,0.0,0.0,0.0,1.0,0.0,West,Email,2,Deal & Festive Shoppers
C00065,1,355.61,355.61,435,0.0,0.0,0.0,0.0,0.0,1.0,0.0,0.0,0.0,South,Organic Search,3,Big-Ticket Tech Buyers
C00066,3,784.07,261.357,220,0.0,0.0,0.0,0.0,0.0,0.0,0.0,1.0,0.0,South,Referral,0,Everyday Home & Kitchen Shoppers
C00067,1,65.66,65.66,97,0.0,0.0,0.0,1.0,0.0,0.0,0.0,0.0,0.0,South,Paid Social,4,Everyday Beauty Shoppers
C00068,2,612.84,306.42,464,0.075,0.0,0.0,0.0,0.0,0.5,0.5,0.0,0.0,North,Referral,3,Big-Ticket Tech Buyers
C00069,1,60.08,60.08,673,0.05,0.0,0.0,0.0,0.0,0.0,0.0,1.0,0.0,East,Email,0,Everyday Home & Kitchen Shoppers
C00070,2,202.52,101.26,388,0.2,0.0,1.0,0.0,0.0,0.0,1.0,0.0,0.0,South,Paid Social,2,Deal & Festive Shoppers
C00071,2,252.58,126.29,146,0.0,0.0,0.0,0.5,0.0,0.0,0.5,0.0,0.0,North,Organic Search,4,Everyday Beauty Shoppers
C00072,2,120.49,60.245,369,0.2,0.0,0.5,0.0,0.5,0.0,0.0,0.5,0.0,West,Paid Social,0,Everyday Home & Kitchen Shoppers
C00073,4,398.01,99.502,217,0.15,0.0,0.5,0.25,0.0,0.0,0.5,0.0,0.25,West,Referral,2,Deal & Festive Shoppers
C00074,3,189.71,63.237,552,0.133,0.0,0.0,0.0,0.667,0.0,0.0,0.333,0.0,East,Email,0,Everyday Home & Kitchen Shoppers
C00075,3,1696.95,565.65,163,0.1,0.0,0.0,0.333,0.0,0.333,0.0,0.0,0.333,West,Email,3,Big-Ticket Tech Buyers
C00076,3,532.25,177.417,63,0.033,0.0,0.333,0.0,0.0,0.0,0.333,0.667,0.0,West,Organic Search,0,Everyday Home & Kitchen Shoppers
C00077,1,113.55,113.55,491,0.15,0.0,0.0,0.0,0.0,0.0,0.0,1.0,0.0,South,Email,0,Everyday Home & Kitchen Shoppers
C00078,2,56.12,28.06,558,0.15,0.0,0.0,0.5,0.5,0.0,0.0,0.0,0.0,East,Email,4,Everyday Beauty Shoppers
C00079,5,143.45,28.69,11,0.2,0.0,0.8,0.2,0.4,0.0,0.4,0.0,0.0,East,Organic Search,2,Deal & Festive Shoppers
C00080,1,46.06,46.06,247,0.2,0.0,0.0,1.0,0.0,0.0,0.0,0.0,0.0,North,Paid Social,4,Everyday Beauty Shoppers
C00081,2,408.56,204.28,36,0.225,0.0,1.0,0.0,0.0,0.0,0.0,1.0,0.0,North,Paid Social,2,Deal & Festive Shoppers
C00082,2,228.24,114.12,418,0.1,0.0,1.0,0.0,0.0,0.0,0.0,1.0,0.0,North,Paid Social,0,Everyday Home & Kitchen Shoppers
C00083,3,215.57,71.857,482,0.133,0.0,0.0,0.333,0.333,0.0,0.0,0.333,0.0,East,Organic Search,4,Everyday Beauty Shoppers
C00084,1,138.21,138.21,145,0.1,0.0,0.0,1.0,0.0,0.0,0.0,0.0,0.0,East,Organic Search,4,Everyday Beauty Shoppers
C00085,4,698.25,174.562,40,0.1,0.0,0.25,0.0,0.0,0.25,0.5,0.25,0.0,East,Organic Search,2,Deal & Festive Shoppers
C00086,3,325.26,108.42,38,0.117,0.0,0.333,0.333,0.0,0.0,0.667,0.0,0.0,South,Organic Search,2,Deal & Festive Shoppers
C00087,3,155.0,51.667,146,0.2,0.0,0.0,0.0,0.0,0.0,0.333,0.0,0.667,North,Organic Search,1,Everyday Fashion Shoppers
C00088,3,494.2,164.733,242,0.05,0.333,0.0,0.333,0.333,0.333,0.0,0.0,0.0,South,Email,3,Big-Ticket Tech Buyers
C00089,1,26.38,26.38,175,0.0,0.0,0.0,1.0,0.0,0.0,0.0,0.0,0.0,East,Paid Social,4,Everyday Beauty Shoppers
C00090,1,33.85,33.85,147,0.0,0.0,0.0,0.0,1.0,0.0,0.0,0.0,0.0,West,Paid Social,1,Everyday Fashion Shoppers
C00091,5,274.37,54.874,387,0.21,0.0,1.0,0.4,0.0,0.0,0.6,0.0,0.0,West,Referral,2,Deal & Festive Shoppers
C00092,1,77.72,77.72,161,0.0,0.0,0.0,0.0,1.0,0.0,0.0,0.0,0.0,West,Paid Social,1,Everyday Fashion Shoppers
C00093,1,41.88,41.88,128,0.05,0.0,0.0,1.0,0.0,0.0,0.0,0.0,0.0,West,Organic Search,4,Everyday Beauty Shoppers
C00094,3,152.62,50.873,228,0.183,0.0,0.333,0.333,0.0,0.0,0.0,0.667,0.0,West,Organic Search,0,Everyday Home & Kitchen Shoppers
C00095,1,47.84,47.84,103,0.1,0.0,0.0,0.0,0.0,0.0,1.0,0.0,0.0,South,Organic Search,1,Everyday Fashion Shoppers
C00096,5,478.57,95.714,379,0.14,0.2,0.6,0.0,0.4,0.2,0.2,0.2,0.0,North,Referral,2,Deal & Festive Shoppers
C00097,2,235.96,117.98,429,0.0,0.0,0.0,0.0,0.0,0.0,1.0,0.0,0.0,North,Paid Social,1,Everyday Fashion Shoppers
C00098,2,201.49,100.745,119,0.075,0.0,0.0,0.0,0.5,0.0,0.0,0.5,0.0,South,Paid Social,0,Everyday Home & Kitchen Shoppers
C00099,7,724.62,103.517,22,0.086,0.0,0.286,0.429,0.143,0.143,0.286,0.0,0.0,North,Referral,2,Deal & Festive Shoppers
C00100,1,417.28,417.28,616,0.1,0.0,0.0,0.0,0.0,1.0,0.0,0.0,0.0,North,Marketplace,3,Big-Ticket Tech Buyers
C00101,1,12.67,12.67,142,0.0,0.0,0.0,0.0,1.0,0.0,0.0,0.0,0.0,West,Paid Social,1,Everyday Fashion Shoppers
C00102,2,495.47,247.735,96,0.05,0.0,0.0,0.0,0.0,0.0,0.5,0.0,0.5,North,Paid Social,1,Everyday Fashion Shoppers
C00103,3,98.23,32.743,57,0.3,0.667,0.667,0.0,0.333,0.0,0.667,0.0,0.0,West,Paid Social,2,Deal & Festive Shoppers
C00104,5,974.48,194.896,452,0.04,0.2,0.0,0.0,0.0,0.2,0.2,0.6,0.0,East,Email,0,Everyday Home & Kitchen Shoppers
C00105,1,92.78,92.78,164,0.2,0.0,0.0,0.0,0.0,0.0,1.0,0.0,0.0,East,Email,1,Everyday Fashion Shoppers
C00106,5,326.85,65.37,47,0.18,0.0,0.6,0.4,0.2,0.0,0.2,0.2,0.0,East,Email,2,Deal & Festive Shoppers
C00107,2,184.14,92.07,103,0.025,0.0,0.0,0.0,0.5,0.0,0.0,0.5,0.0,South,Organic Search,0,Everyday Home & Kitchen Shoppers
C00108,1,187.41,187.41,260,0.15,0.0,0.0,0.0,0.0,0.0,0.0,0.0,1.0,East,Paid Social,1,Everyday Fashion Shoppers
C00109,4,818.2,204.55,314,0.075,0.25,0.5,0.25,0.0,0.25,0.0,0.5,0.0,North,Email,0,Everyday Home & Kitchen Shoppers
C00110,1,437.0,437.0,238,0.0,0.0,0.0,0.0,0.0,1.0,0.0,0.0,0.0,West,Paid Social,3,Big-Ticket Tech Buyers
C00111,7,1423.5,203.357,11,0.107,0.286,0.571,0.143,0.0,0.286,0.286,0.286,0.0,South,Marketplace,2,Deal & Festive Shoppers
C00112,3,750.93,250.31,22,0.067,0.0,0.333,0.333,0.0,0.333,0.0,0.0,0.333,North,Paid Social,2,Deal & Festive Shoppers
C00113,1,69.71,69.71,333,0.15,0.0,0.0,0.0,0.0,0.0,1.0,0.0,0.0,East,Paid Social,1,Everyday Fashion Shoppers
C00114,2,406.4,203.2,392,0.15,0.0,1.0,0.0,0.0,0.0,0.0,1.0,0.0,East,Paid Social,0,Everyday Home & Kitchen Shoppers
C00115,2,54.62,27.31,369,0.3,0.0,1.0,1.0,0.0,0.0,0.0,0.0,0.0,South,Paid Social,4,Everyday Beauty Shoppers
C00116,2,243.5,121.75,309,0.0,0.0,0.0,0.5,0.0,0.0,0.0,0.5,0.0,East,Marketplace,0,Everyday Home & Kitchen Shoppers
C00117,4,534.32,133.58,319,0.125,0.0,0.5,0.0,0.0,0.0,0.25,0.75,0.0,North,Organic Search,0,Everyday Home & Kitchen Shoppers
C00118,3,264.13,88.043,321,0.1,0.0,0.0,0.667,0.0,0.0,0.0,0.0,0.333,East,Referral,4,Everyday Beauty Shoppers
C00119,3,889.28,296.427,442,0.067,0.0,0.0,0.0,0.0,0.333,0.333,0.333,0.0,North,Referral,3,Big-Ticket Tech Buyers
C00120,1,37.86,37.86,632,0.0,0.0,0.0,0.0,1.0,0.0,0.0,0.0,0.0,North,Marketplace,1,Everyday Fashion Shoppers
C00121,5,515.43,103.086,177,0.06,0.0,0.4,0.4,0.0,0.0,0.4,0.2,0.0,North,Referral,2,Deal & Festive Shoppers
C00122,2,86.52,43.26,134,0.05,0.0,0.0,0.0,1.0,0.0,0.0,0.0,0.0,South,Marketplace,1,Everyday Fashion Shoppers
C00123,2,829.46,414.73,147,0.15,0.0,0.0,0.5,0.0,0.5,0.0,0.0,0.0,South,Marketplace,3,Big-Ticket Tech Buyers
C00124,2,25.0,12.5,388,0.3,0.0,1.0,1.0,0.0,0.0,0.0,0.0,0.0,South,Paid Social,4,Everyday Beauty Shoppers
C00125,1,262.32,262.32,125,0.0,0.0,0.0,0.0,0.0,0.0,0.0,1.0,0.0,North,Marketplace,0,Everyday Home & Kitchen Shoppers
C00126,1,196.89,196.89,323,0.0,0.0,0.0,0.0,0.0,1.0,0.0,0.0,0.0,North,Marketplace,3,Big-Ticket Tech Buyers
C00127,1,233.12,233.12,675,0.0,0.0,0.0,0.0,0.0,0.0,0.0,0.0,1.0,East,Organic Search,1,Everyday Fashion Shoppers
C00128,5,1594.49,318.898,1,0.12,0.0,0.6,0.2,0.0,0.6,0.0,0.0,0.2,North,Referral,2,Deal & Festive Shoppers
C00129,2,336.24,168.12,286,0.15,0.0,0.0,0.0,0.0,0.0,0.0,0.0,1.0,East,Organic Search,1,Everyday Fashion Shoppers
C00130,2,284.61,142.305,242,0.0,0.0,0.0,0.0,0.0,0.0,0.5,0.0,0.5,West,Referral,1,Everyday Fashion Shoppers
C00131,3,255.55,85.183,219,0.1,0.0,0.0,0.333,0.0,0.333,0.0,0.333,0.0,South,Organic Search,0,Everyday Home & Kitchen Shoppers
C00132,2,243.95,121.975,84,0.15,0.0,0.0,0.0,0.5,0.0,0.0,0.0,0.5,West,Email,1,Everyday Fashion Shoppers
C00133,5,3211.34,642.268,15,0.08,0.0,0.4,0.0,0.0,0.6,0.2,0.2,0.0,North,Paid Social,3,Big-Ticket Tech Buyers
C00134,4,685.81,171.453,253,0.112,0.0,0.0,0.25,0.0,0.25,0.5,0.0,0.0,North,Referral,3,Big-Ticket Tech Buyers
C00135,2,767.99,383.995,168,0.05,0.0,0.0,0.0,0.0,0.5,0.0,0.0,0.5,East,Organic Search,3,Big-Ticket Tech Buyers
C00136,1,57.38,57.38,511,0.0,0.0,0.0,0.0,0.0,0.0,0.0,0.0,1.0,East,Email,1,Everyday Fashion Shoppers
C00137,1,85.02,85.02,301,0.0,0.0,0.0,0.0,0.0,0.0,1.0,0.0,0.0,West,Paid Social,1,Everyday Fashion Shoppers
C00138,2,263.95,131.975,584,0.0,1.0,0.0,0.0,0.5,0.0,0.5,0.0,0.0,North,Referral,1,Everyday Fashion Shoppers
C00139,1,54.54,54.54,471,0.0,0.0,0.0,1.0,0.0,0.0,0.0,0.0,0.0,East,Paid Social,4,Everyday Beauty Shoppers
C00140,3,168.58,56.193,281,0.2,0.0,0.667,0.0,0.667,0.0,0.0,0.333,0.0,South,Organic Search,2,Deal & Festive Shoppers
C00141,2,282.56,141.28,44,0.2,0.0,1.0,0.0,0.0,0.0,0.0,1.0,0.0,South,Paid Social,2,Deal & Festive Shoppers
C00142,1,113.23,113.23,581,0.2,0.0,0.0,0.0,0.0,0.0,1.0,0.0,0.0,North,Marketplace,1,Everyday Fashion Shoppers
C00143,2,412.12,206.06,519,0.1,0.0,0.0,0.5,0.0,0.0,0.0,0.0,0.5,West,Organic Search,4,Everyday Beauty Shoppers
C00144,4,722.93,180.733,319,0.05,0.0,0.0,0.25,0.0,0.0,0.75,0.0,0.0,North,Email,1,Everyday Fashion Shoppers
C00145,3,523.48,174.493,17,0.3,0.667,1.0,0.0,0.0,0.0,0.0,1.0,0.0,West,Organic Search,2,Deal & Festive Shoppers
C00146,1,66.15,66.15,117,0.0,0.0,0.0,1.0,0.0,0.0,0.0,0.0,0.0,East,Email,4,Everyday Beauty Shoppers
C00147,2,104.08,52.04,427,0.05,0.0,0.0,0.5,0.5,0.0,0.0,0.0,0.0,East,Organic Search,4,Everyday Beauty Shoppers
C00148,1,34.0,34.0,553,0.0,0.0,0.0,1.0,0.0,0.0,0.0,0.0,0.0,East,Paid Social,4,Everyday Beauty Shoppers
C00149,1,59.95,59.95,152,0.05,0.0,0.0,0.0,0.0,0.0,1.0,0.0,0.0,West,Paid Social,1,Everyday Fashion Shoppers
C00150,1,309.98,309.98,676,0.0,0.0,0.0,0.0,0.0,0.0,0.0,1.0,0.0,North,Organic Search,0,Everyday Home & Kitchen Shoppers
C00151,1,528.59,528.59,119,0.05,0.0,0.0,0.0,0.0,1.0,0.0,0.0,0.0,North,Paid Social,3,Big-Ticket Tech Buyers
C00152,1,155.29,155.29,523,0.0,0.0,0.0,0.0,0.0,0.0,0.0,0.0,1.0,East,Paid Social,1,Everyday Fashion Shoppers
C00153,2,269.31,134.655,81,0.125,0.0,0.0,0.0,0.0,0.0,0.0,0.5,0.5,South,Paid Social,0,Everyday Home & Kitchen Shoppers
C00154,1,58.23,58.23,511,0.0,0.0,0.0,0.0,0.0,0.0,1.0,0.0,0.0,North,Marketplace,1,Everyday Fashion Shoppers
C00155,2,105.12,52.56,411,0.2,0.0,1.0,0.0,0.0,0.0,0.0,1.0,0.0,North,Paid Social,2,Deal & Festive Shoppers
C00156,3,698.2,232.733,88,0.0,0.0,0.0,0.333,0.0,0.0,0.333,0.0,0.333,South,Marketplace,1,Everyday Fashion Shoppers
C00157,1,86.9,86.9,643,0.3,0.0,0.0,1.0,0.0,0.0,0.0,0.0,0.0,North,Paid Social,4,Everyday Beauty Shoppers
C00158,3,436.51,145.503,157,0.0,0.0,0.0,0.667,0.0,0.333,0.0,0.0,0.0,North,Organic Search,4,Everyday Beauty Shoppers
C00159,5,1127.57,225.514,126,0.12,0.0,0.4,0.0,0.0,0.4,0.4,0.2,0.0,West,Organic Search,2,Deal & Festive Shoppers
C00160,1,38.11,38.11,182,0.3,0.0,0.0,0.0,1.0,0.0,0.0,0.0,0.0,South,Paid Social,1,Everyday Fashion Shoppers
C00161,1,19.38,19.38,20,0.2,0.0,1.0,0.0,1.0,0.0,0.0,0.0,0.0,West,Paid Social,2,Deal & Festive Shoppers
C00162,2,164.61,82.305,227,0.0,0.0,0.0,0.5,0.0,0.0,0.5,0.0,0.0,West,Marketplace,4,Everyday Beauty Shoppers
C00163,4,228.43,57.108,49,0.088,0.0,0.5,0.0,0.25,0.0,0.75,0.0,0.0,North,Email,2,Deal & Festive Shoppers
C00164,4,1812.15,453.038,324,0.1,0.25,0.0,0.25,0.0,0.25,0.5,0.0,0.0,East,Referral,3,Big-Ticket Tech Buyers
C00165,1,170.26,170.26,422,0.1,0.0,1.0,0.0,0.0,0.0,0.0,0.0,1.0,East,Paid Social,2,Deal & Festive Shoppers
C00166,1,18.73,18.73,148,0.2,1.0,0.0,0.0,0.0,0.0,1.0,0.0,0.0,East,Paid Social,1,Everyday Fashion Shoppers
C00167,3,1041.14,347.047,257,0.033,0.333,0.0,0.0,0.0,0.333,0.0,0.333,0.333,North,Referral,3,Big-Ticket Tech Buyers
C00168,1,87.5,87.5,602,0.0,1.0,0.0,0.0,0.0,0.0,1.0,0.0,0.0,North,Organic Search,1,Everyday Fashion Shoppers
C00169,3,292.47,97.49,451,0.017,0.0,0.0,0.0,0.0,0.0,0.333,0.333,0.333,North,Organic Search,0,Everyday Home & Kitchen Shoppers
C00170,2,313.07,156.535,296,0.1,0.5,0.0,0.0,0.0,0.5,0.0,0.5,0.0,East,Paid Social,3,Big-Ticket Tech Buyers
C00171,2,427.67,213.835,349,0.0,0.0,0.0,0.0,0.0,0.0,0.0,1.0,0.0,West,Organic Search,0,Everyday Home & Kitchen Shoppers
C00172,4,1255.74,313.935,158,0.088,0.25,0.0,0.25,0.0,0.25,0.0,0.5,0.0,East,Email,3,Big-Ticket Tech Buyers
C00173,1,135.55,135.55,190,0.0,0.0,0.0,0.0,0.0,0.0,1.0,0.0,0.0,East,Organic Search,1,Everyday Fashion Shoppers
C00174,2,1077.52,538.76,195,0.0,0.0,0.0,0.5,0.0,0.5,0.0,0.0,0.0,West,Organic Search,3,Big-Ticket Tech Buyers
C00175,2,244.63,122.315,153,0.05,0.0,0.0,0.5,0.0,0.0,0.5,0.0,0.0,East,Marketplace,4,Everyday Beauty Shoppers
C00176,2,299.48,149.74,389,0.2,0.0,1.0,0.0,0.0,0.0,0.0,0.0,1.0,North,Marketplace,2,Deal & Festive Shoppers
C00177,1,78.99,78.99,220,0.0,0.0,0.0,0.0,0.0,0.0,0.0,1.0,0.0,West,Paid Social,0,Everyday Home & Kitchen Shoppers
C00178,2,144.82,72.41,602,0.0,0.0,0.0,0.0,0.5,0.0,0.5,0.0,0.0,South,Paid Social,1,Everyday Fashion Shoppers
C00179,1,32.45,32.45,86,0.1,0.0,0.0,0.0,0.0,0.0,1.0,0.0,0.0,North,Email,1,Everyday Fashion Shoppers
C00180,4,1392.74,348.185,29,0.2,0.25,0.75,0.0,0.0,0.25,0.75,0.0,0.0,East,Organic Search,2,Deal & Festive Shoppers
C00181,2,17.56,8.78,58,0.3,0.0,1.0,0.0,1.0,0.0,0.0,0.0,0.0,West,Paid Social,2,Deal & Festive Shoppers
C00182,1,363.9,363.9,615,0.0,0.0,0.0,0.0,0.0,1.0,0.0,0.0,0.0,North,Organic Search,3,Big-Ticket Tech Buyers
C00183,1,40.19,40.19,367,0.2,0.0,1.0,0.0,0.0,0.0,1.0,0.0,0.0,South,Paid Social,2,Deal & Festive Shoppers
C00184,1,136.18,136.18,242,0.1,0.0,0.0,0.0,0.0,0.0,0.0,1.0,0.0,North,Marketplace,0,Everyday Home & Kitchen Shoppers
C00185,4,467.84,116.96,214,0.075,0.0,0.25,0.5,0.25,0.0,0.0,0.25,0.0,North,Email,4,Everyday Beauty Shoppers
C00186,2,309.47,154.735,334,0.1,0.0,0.5,0.0,0.0,0.5,0.0,0.5,0.0,North,Marketplace,3,Big-Ticket Tech Buyers
C00187,3,207.58,69.193,503,0.05,0.0,0.0,0.333,0.0,0.0,0.667,0.0,0.0,East,Email,1,Everyday Fashion Shoppers
C00188,1,25.91,25.91,459,0.0,0.0,0.0,0.0,1.0,0.0,0.0,0.0,0.0,West,Referral,1,Everyday Fashion Shoppers
C00189,6,1289.58,214.93,82,0.133,0.0,0.333,0.333,0.167,0.167,0.0,0.0,0.333,North,Email,2,Deal & Festive Shoppers
C00190,4,336.11,84.028,77,0.1,0.0,0.5,0.75,0.0,0.0,0.0,0.25,0.0,South,Referral,4,Everyday Beauty Shoppers
C00191,1,32.4,32.4,253,0.2,0.0,0.0,1.0,0.0,0.0,0.0,0.0,0.0,North,Paid Social,4,Everyday Beauty Shoppers
C00192,2,318.23,159.115,213,0.125,0.0,0.0,0.0,0.0,0.0,0.0,1.0,0.0,North,Organic Search,0,Everyday Home & Kitchen Shoppers
C00193,1,228.7,228.7,301,0.3,0.0,0.0,0.0,0.0,0.0,0.0,1.0,0.0,East,Paid Social,0,Everyday Home & Kitchen Shoppers
C00194,2,210.56,105.28,449,0.1,0.0,0.0,0.5,0.0,0.0,0.0,0.0,0.5,East,Organic Search,4,Everyday Beauty Shoppers
C00195,2,28.36,14.18,48,0.3,0.0,1.0,1.0,0.0,0.0,0.0,0.0,0.0,East,Paid Social,2,Deal & Festive Shoppers
C00196,6,599.22,99.87,251,0.075,0.167,0.333,0.167,0.333,0.0,0.167,0.167,0.167,South,Organic Search,2,Deal & Festive Shoppers
C00197,6,1150.43,191.738,121,0.042,0.0,0.0,0.167,0.167,0.167,0.333,0.0,0.167,East,Referral,3,Big-Ticket Tech Buyers
C00198,2,191.79,95.895,554,0.2,0.0,0.0,0.0,0.0,0.0,0.5,0.5,0.0,North,Organic Search,0,Everyday Home & Kitchen Shoppers
C00199,4,283.64,70.91,326,0.175,0.0,0.5,0.25,0.0,0.0,0.25,0.0,0.5,North,Organic Search,2,Deal & Festive Shoppers
C00200,1,49.56,49.56,53,0.2,0.0,1.0,0.0,0.0,0.0,1.0,0.0,0.0,West,Paid Social,2,Deal & Festive Shoppers
C00201,3,344.07,114.69,362,0.0,0.333,0.0,0.333,0.333,0.0,0.0,0.0,0.333,East,Organic Search,4,Everyday Beauty Shoppers
C00202,2,351.03,175.515,83,0.2,0.0,0.0,0.0,0.0,0.0,0.5,0.5,0.0,West,Marketplace,0,Everyday Home & Kitchen Shoppers
C00203,3,77.49,25.83,327,0.25,0.0,0.667,0.0,0.667,0.0,0.333,0.0,0.0,West,Paid Social,2,Deal & Festive Shoppers
C00204,1,472.74,472.74,241,0.2,0.0,0.0,0.0,0.0,1.0,0.0,0.0,0.0,East,Paid Social,3,Big-Ticket Tech Buyers
C00205,3,412.25,137.417,282,0.217,0.0,0.667,0.0,0.0,0.0,0.0,1.0,0.0,West,Organic Search,0,Everyday Home & Kitchen Shoppers
C00206,2,452.74,226.37,263,0.075,0.0,0.0,0.0,0.0,0.0,0.5,0.0,0.5,South,Marketplace,1,Everyday Fashion Shoppers
C00207,2,161.41,80.705,66,0.05,0.0,0.0,0.0,0.5,0.0,0.5,0.0,0.0,North,Referral,1,Everyday Fashion Shoppers
C00208,2,279.72,139.86,50,0.3,0.0,1.0,0.0,0.0,0.0,1.0,0.0,0.0,North,Paid Social,2,Deal & Festive Shoppers
C00209,3,271.54,90.513,370,0.2,0.667,0.667,0.333,0.0,0.0,0.667,0.0,0.0,North,Organic Search,2,Deal & Festive Shoppers
C00210,3,867.62,289.207,51,0.133,0.333,0.667,0.0,0.0,0.333,0.0,0.0,0.667,North,Email,2,Deal & Festive Shoppers
C00211,4,184.78,46.195,303,0.25,0.0,0.5,0.0,0.5,0.0,0.5,0.0,0.0,South,Marketplace,2,Deal & Festive Shoppers
C00212,1,162.2,162.2,218,0.0,0.0,0.0,0.0,0.0,0.0,0.0,1.0,0.0,East,Paid Social,0,Everyday Home & Kitchen Shoppers
C00213,2,153.67,76.835,34,0.075,0.0,0.5,0.0,0.0,0.0,1.0,0.0,0.0,East,Organic Search,2,Deal & Festive Shoppers
C00214,2,256.32,128.16,410,0.3,0.0,1.0,0.0,0.0,0.0,1.0,0.0,0.0,East,Organic Search,2,Deal & Festive Shoppers
C00215,2,150.04,75.02,91,0.0,0.0,0.0,0.0,0.0,0.0,0.0,1.0,0.0,North,Organic Search,0,Everyday Home & Kitchen Shoppers
C00216,4,587.03,146.758,315,0.1,0.25,0.0,0.0,0.5,0.25,0.0,0.0,0.25,East,Email,3,Big-Ticket Tech Buyers
C00217,2,175.98,87.99,363,0.15,0.5,0.0,1.0,0.0,0.0,0.0,0.0,0.0,South,Marketplace,4,Everyday Beauty Shoppers
C00218,5,747.12,149.424,116,0.0,0.0,0.0,0.0,0.2,0.0,0.0,0.2,0.6,North,Marketplace,0,Everyday Home & Kitchen Shoppers
C00219,4,1049.12,262.28,329,0.188,0.0,0.75,0.0,0.0,0.75,0.0,0.0,0.25,South,Email,3,Big-Ticket Tech Buyers
C00220,2,52.35,26.175,90,0.0,0.0,0.0,0.5,0.5,0.0,0.0,0.0,0.0,South,Organic Search,4,Everyday Beauty Shoppers
C00221,4,679.26,169.815,265,0.012,0.0,0.0,0.0,0.0,0.25,0.0,0.75,0.0,North,Marketplace,0,Everyday Home & Kitchen Shoppers
C00222,2,360.34,180.17,402,0.15,0.0,1.0,0.0,0.0,0.0,1.0,0.0,0.0,West,Paid Social,2,Deal & Festive Shoppers
C00223,1,253.08,253.08,234,0.0,0.0,0.0,0.0,0.0,0.0,0.0,1.0,0.0,East,Paid Social,0,Everyday Home & Kitchen Shoppers
C00224,3,487.25,162.417,434,0.15,0.0,0.0,0.0,0.333,0.0,0.333,0.333,0.0,East,Email,0,Everyday Home & Kitchen Shoppers
C00225,2,504.52,252.26,20,0.075,0.0,0.5,0.5,0.0,0.5,0.0,0.0,0.0,North,Organic Search,3,Big-Ticket Tech Buyers
C00226,2,35.11,17.555,501,0.15,0.0,0.0,0.5,0.5,0.0,0.0,0.0,0.0,West,Marketplace,4,Everyday Beauty Shoppers
C00227,3,246.44,82.147,16,0.1,0.0,0.667,0.0,0.0,0.0,0.0,1.0,0.0,East,Marketplace,2,Deal & Festive Shoppers
C00228,3,310.07,103.357,112,0.05,0.0,0.0,0.0,0.0,0.0,0.333,0.667,0.0,North,Email,0,Everyday Home & Kitchen Shoppers
C00229,3,534.71,178.237,296,0.1,0.0,0.0,0.0,0.0,0.333,0.333,0.333,0.0,East,Email,3,Big-Ticket Tech Buyers
C00230,1,256.41,256.41,595,0.05,0.0,0.0,0.0,0.0,1.0,0.0,0.0,0.0,South,Paid Social,3,Big-Ticket Tech Buyers
C00231,5,1306.99,261.398,108,0.17,0.0,0.4,0.0,0.0,0.4,0.2,0.4,0.0,South,Organic Search,2,Deal & Festive Shoppers
C00232,1,46.77,46.77,116,0.1,1.0,0.0,0.0,0.0,0.0,1.0,0.0,0.0,North,Email,1,Everyday Fashion Shoppers
C00233,1,33.07,33.07,705,0.0,0.0,0.0,1.0,0.0,0.0,0.0,0.0,0.0,East,Referral,4,Everyday Beauty Shoppers
C00234,1,42.56,42.56,188,0.05,0.0,0.0,1.0,0.0,0.0,0.0,0.0,0.0,North,Marketplace,4,Everyday Beauty Shoppers
C00235,1,20.87,20.87,377,0.3,0.0,1.0,0.0,1.0,0.0,0.0,0.0,0.0,North,Organic Search,2,Deal & Festive Shoppers
C00236,2,439.08,219.54,73,0.0,0.5,0.0,0.0,0.5,0.5,0.0,0.0,0.0,North,Paid Social,3,Big-Ticket Tech Buyers
C00237,1,50.53,50.53,253,0.1,0.0,0.0,0.0,0.0,0.0,1.0,0.0,0.0,West,Paid Social,1,Everyday Fashion Shoppers
C00238,1,207.09,207.09,420,0.15,0.0,1.0,0.0,0.0,0.0,0.0,0.0,1.0,South,Email,2,Deal & Festive Shoppers
C00239,5,1499.27,299.854,370,0.08,0.0,0.4,0.4,0.0,0.2,0.0,0.2,0.2,South,Email,3,Big-Ticket Tech Buyers
C00240,1,110.24,110.24,277,0.0,0.0,0.0,1.0,0.0,0.0,0.0,0.0,0.0,South,Marketplace,4,Everyday Beauty Shoppers
C00241,4,1269.16,317.29,274,0.112,0.25,0.25,0.25,0.0,0.5,0.25,0.0,0.0,West,Organic Search,3,Big-Ticket Tech Buyers
C00242,1,109.14,109.14,305,0.0,0.0,0.0,1.0,0.0,0.0,0.0,0.0,0.0,East,Paid Social,4,Everyday Beauty Shoppers
C00243,1,241.7,241.7,650,0.1,0.0,0.0,0.0,0.0,0.0,0.0,1.0,0.0,West,Organic Search,0,Everyday Home & Kitchen Shoppers
C00244,5,789.61,157.922,166,0.12,0.0,0.0,0.4,0.0,0.0,0.2,0.0,0.4,South,Organic Search,4,Everyday Beauty Shoppers
C00245,1,122.42,122.42,279,0.0,0.0,0.0,0.0,0.0,1.0,0.0,0.0,0.0,North,Paid Social,3,Big-Ticket Tech Buyers
C00246,2,176.27,88.135,531,0.0,0.5,0.0,0.0,0.0,0.0,0.0,1.0,0.0,East,Referral,0,Everyday Home & Kitchen Shoppers
C00247,1,126.62,126.62,188,0.0,1.0,0.0,0.0,0.0,0.0,1.0,0.0,0.0,South,Paid Social,1,Everyday Fashion Shoppers
C00248,3,575.85,191.95,15,0.167,0.0,0.667,0.0,0.0,0.333,0.0,0.333,0.333,West,Paid Social,2,Deal & Festive Shoppers
C00249,5,294.9,58.98,20,0.14,0.0,0.8,0.2,0.4,0.0,0.0,0.4,0.0,West,Referral,2,Deal & Festive Shoppers
C00250,2,268.64,134.32,414,0.1,0.0,0.5,0.0,0.0,0.0,1.0,0.0,0.0,South,Marketplace,1,Everyday Fashion Shoppers
C00251,3,1204.78,401.593,393,0.15,0.667,0.667,0.333,0.0,0.667,0.0,0.0,0.0,West,Organic Search,3,Big-Ticket Tech Buyers
C00252,3,379.54,126.513,344,0.133,0.0,0.667,0.0,0.0,0.0,0.0,1.0,0.0,East,Paid Social,0,Everyday Home & Kitchen Shoppers
C00253,3,200.76,66.92,249,0.067,0.0,0.0,0.0,0.0,0.0,1.0,0.0,0.0,North,Email,1,Everyday Fashion Shoppers
C00254,3,727.52,242.507,320,0.067,0.0,0.0,0.333,0.0,0.333,0.0,0.333,0.0,South,Email,3,Big-Ticket Tech Buyers
C00255,3,367.52,122.507,1,0.2,0.0,0.667,0.0,0.333,0.0,0.0,0.0,0.667,North,Marketplace,2,Deal & Festive Shoppers
C00256,2,227.88,113.94,526,0.15,0.0,0.0,0.0,0.0,0.0,0.5,0.5,0.0,West,Organic Search,0,Everyday Home & Kitchen Shoppers
C00257,2,282.41,141.205,168,0.15,0.5,0.0,0.0,0.0,0.5,0.5,0.0,0.0,North,Paid Social,3,Big-Ticket Tech Buyers
C00258,1,8.79,8.79,648,0.15,0.0,0.0,1.0,0.0,0.0,0.0,0.0,0.0,South,Marketplace,4,Everyday Beauty Shoppers
C00259,4,305.79,76.448,401,0.2,0.0,0.5,0.0,0.25,0.25,0.0,0.0,0.5,East,Paid Social,2,Deal & Festive Shoppers
C00260,1,62.02,62.02,307,0.0,0.0,0.0,0.0,1.0,0.0,0.0,0.0,0.0,North,Paid Social,1,Everyday Fashion Shoppers
C00261,1,290.5,290.5,170,0.0,0.0,0.0,0.0,0.0,0.0,0.0,0.0,1.0,North,Marketplace,1,Everyday Fashion Shoppers
C00262,3,1019.12,339.707,426,0.05,0.0,0.333,0.0,0.0,0.333,0.333,0.0,0.333,East,Organic Search,3,Big-Ticket Tech Buyers
C00263,2,303.51,151.755,398,0.15,0.0,0.5,0.0,0.0,0.0,0.5,0.5,0.0,North,Email,0,Everyday Home & Kitchen Shoppers
C00264,4,1690.61,422.653,51,0.075,0.0,0.5,0.25,0.0,0.75,0.0,0.0,0.0,South,Marketplace,3,Big-Ticket Tech Buyers
C00265,3,437.4,145.8,22,0.2,0.0,1.0,0.0,0.333,0.0,0.0,0.667,0.0,South,Organic Search,2,Deal & Festive Shoppers
C00266,2,176.93,88.465,274,0.0,0.0,0.0,0.0,0.0,0.0,0.5,0.0,0.5,North,Email,1,Everyday Fashion Shoppers
C00267,2,20.34,10.17,415,0.1,0.0,1.0,1.0,0.0,0.0,0.0,0.0,0.0,North,Paid Social,4,Everyday Beauty Shoppers
C00268,1,105.05,105.05,471,0.05,0.0,0.0,0.0,0.0,0.0,0.0,1.0,0.0,East,Marketplace,0,Everyday Home & Kitchen Shoppers
C00269,1,459.03,459.03,285,0.15,0.0,0.0,0.0,0.0,0.0,0.0,0.0,1.0,West,Marketplace,1,Everyday Fashion Shoppers
C00270,1,96.81,96.81,316,0.15,0.0,0.0,0.0,0.0,0.0,0.0,1.0,0.0,North,Marketplace,0,Everyday Home & Kitchen Shoppers
C00271,5,414.27,82.854,242,0.14,0.0,0.4,0.2,0.2,0.0,0.0,0.6,0.0,West,Organic Search,2,Deal & Festive Shoppers
C00272,2,1081.4,540.7,710,0.0,0.5,0.0,0.0,0.0,0.5,0.0,0.0,0.5,East,Email,3,Big-Ticket Tech Buyers
C00273,2,228.1,114.05,313,0.1,0.5,0.0,0.0,0.0,0.0,1.0,0.0,0.0,East,Marketplace,1,Everyday Fashion Shoppers
C00274,2,1368.59,684.295,9,0.15,0.0,1.0,0.0,0.0,0.5,0.0,0.5,0.0,East,Referral,2,Deal & Festive Shoppers
C00275,6,1348.9,224.817,194,0.05,0.0,0.167,0.0,0.0,0.0,0.5,0.333,0.167,East,Referral,0,Everyday Home & Kitchen Shoppers
C00276,4,979.34,244.835,262,0.2,0.0,0.5,0.0,0.0,0.25,0.75,0.0,0.0,West,Organic Search,2,Deal & Festive Shoppers
C00277,1,16.64,16.64,391,0.3,0.0,1.0,1.0,0.0,0.0,0.0,0.0,0.0,South,Marketplace,4,Everyday Beauty Shoppers
C00278,1,72.01,72.01,165,0.1,0.0,0.0,0.0,0.0,0.0,1.0,0.0,0.0,East,Organic Search,1,Everyday Fashion Shoppers
C00279,2,209.93,104.965,551,0.0,0.0,0.0,0.0,0.0,0.5,0.0,0.5,0.0,South,Paid Social,0,Everyday Home & Kitchen Shoppers
C00280,1,192.9,192.9,661,0.0,1.0,0.0,0.0,0.0,0.0,1.0,0.0,0.0,North,Marketplace,1,Everyday Fashion Shoppers
C00281,2,163.71,81.855,502,0.15,0.5,0.0,0.0,0.0,0.0,0.0,0.5,0.5,East,Marketplace,0,Everyday Home & Kitchen Shoppers
C00282,2,563.95,281.975,130,0.2,0.0,0.5,0.0,0.0,0.0,0.0,0.5,0.5,North,Marketplace,2,Deal & Festive Shoppers
C00283,1,117.81,117.81,261,0.0,0.0,0.0,0.0,0.0,0.0,1.0,0.0,0.0,North,Paid Social,1,Everyday Fashion Shoppers
C00284,4,378.87,94.718,84,0.162,0.0,0.25,0.25,0.0,0.0,0.25,0.25,0.25,North,Organic Search,2,Deal & Festive Shoppers
C00285,2,251.6,125.8,416,0.3,0.0,1.0,0.0,0.0,0.0,0.0,0.0,1.0,North,Paid Social,2,Deal & Festive Shoppers
C00286,2,402.64,201.32,60,0.15,0.0,1.0,0.0,0.0,0.0,0.0,0.0,1.0,East,Organic Search,2,Deal & Festive Shoppers
C00287,3,389.48,129.827,222,0.167,0.333,0.333,0.333,0.0,0.0,0.333,0.333,0.0,East,Marketplace,2,Deal & Festive Shoppers
C00288,2,127.12,63.56,156,0.075,0.5,0.0,0.5,0.0,0.0,0.0,0.5,0.0,South,Referral,4,Everyday Beauty Shoppers
C00289,1,167.71,167.71,339,0.05,0.0,0.0,0.0,0.0,0.0,0.0,1.0,0.0,North,Paid Social,0,Everyday Home & Kitchen Shoppers
C00290,2,134.16,67.08,169,0.075,0.0,0.5,0.0,0.0,0.0,1.0,0.0,0.0,South,Organic Search,1,Everyday Fashion Shoppers
C00291,3,231.06,77.02,2,0.133,0.333,0.667,0.0,0.667,0.0,0.333,0.0,0.0,South,Paid Social,2,Deal & Festive Shoppers
C00292,2,356.44,178.22,218,0.0,0.0,0.0,0.0,0.0,0.5,0.5,0.0,0.0,East,Marketplace,3,Big-Ticket Tech Buyers
C00293,3,298.38,99.46,16,0.233,0.333,1.0,0.0,0.0,0.333,0.0,0.667,0.0,East,Email,2,Deal & Festive Shoppers
C00294,4,158.52,39.63,64,0.0,0.0,0.0,0.5,0.25,0.0,0.0,0.25,0.0,South,Organic Search,4,Everyday Beauty Shoppers
C00295,3,1586.69,528.897,82,0.05,0.333,0.0,0.0,0.0,0.333,0.333,0.0,0.333,South,Organic Search,3,Big-Ticket Tech Buyers
C00296,1,8.29,8.29,351,0.0,0.0,0.0,0.0,1.0,0.0,0.0,0.0,0.0,West,Paid Social,1,Everyday Fashion Shoppers
C00297,2,488.99,244.495,63,0.15,0.0,0.0,0.5,0.0,0.5,0.0,0.0,0.0,East,Organic Search,3,Big-Ticket Tech Buyers
C00298,3,1803.46,601.153,244,0.217,0.0,0.667,0.667,0.0,0.333,0.0,0.0,0.0,South,Marketplace,3,Big-Ticket Tech Buyers
C00299,3,467.42,155.807,431,0.15,0.0,0.0,0.0,0.0,0.0,0.667,0.0,0.333,South,Referral,1,Everyday Fashion Shoppers
C00300,3,260.54,86.847,451,0.133,0.0,0.0,0.0,0.0,0.0,0.667,0.333,0.0,North,Organic Search,1,Everyday Fashion Shoppers
C00301,6,1108.91,184.818,54,0.167,0.167,0.833,0.5,0.0,0.167,0.0,0.167,0.167,West,Email,2,Deal & Festive Shoppers
C00302,1,472.01,472.01,139,0.1,0.0,0.0,0.0,0.0,0.0,0.0,1.0,0.0,South,Paid Social,0,Everyday Home & Kitchen Shoppers
C00303,3,414.6,138.2,452,0.05,0.0,0.0,0.333,0.0,0.0,0.0,0.0,0.667,North,Organic Search,4,Everyday Beauty Shoppers
C00304,3,98.25,32.75,11,0.25,0.0,0.667,0.0,0.667,0.0,0.333,0.0,0.0,West,Referral,2,Deal & Festive Shoppers
C00305,3,200.25,66.75,248,0.1,0.0,0.0,0.0,0.333,0.0,0.0,0.667,0.0,East,Organic Search,0,Everyday Home & Kitchen Shoppers
C00306,1,101.04,101.04,621,0.0,0.0,0.0,1.0,0.0,0.0,0.0,0.0,0.0,North,Paid Social,4,Everyday Beauty Shoppers
C00307,5,297.06,59.412,354,0.09,0.2,0.2,0.2,0.0,0.0,0.2,0.4,0.2,North,Marketplace,0,Everyday Home & Kitchen Shoppers
C00308,8,1674.19,209.274,5,0.169,0.0,0.5,0.125,0.0,0.25,0.25,0.375,0.0,North,Marketplace,2,Deal & Festive Shoppers
C00309,1,121.14,121.14,502,0.0,0.0,0.0,0.0,0.0,0.0,1.0,0.0,0.0,East,Paid Social,1,Everyday Fashion Shoppers
C00310,3,214.04,71.347,364,0.067,0.333,0.0,0.667,0.0,0.0,0.333,0.0,0.0,North,Referral,4,Everyday Beauty Shoppers
C00311,3,543.21,181.07,3,0.067,0.0,0.667,0.0,0.0,0.0,0.0,1.0,0.0,West,Organic Search,2,Deal & Festive Shoppers
C00312,6,908.75,151.458,47,0.15,0.167,0.333,0.167,0.0,0.167,0.333,0.333,0.0,West,Referral,2,Deal & Festive Shoppers
C00313,1,174.13,174.13,647,0.1,0.0,0.0,0.0,0.0,0.0,1.0,0.0,0.0,East,Organic Search,1,Everyday Fashion Shoppers
C00314,4,1411.55,352.888,375,0.1,0.0,0.5,0.0,0.0,0.25,0.25,0.0,0.5,East,Referral,3,Big-Ticket Tech Buyers
C00315,4,550.08,137.52,385,0.112,0.25,0.5,0.5,0.0,0.0,0.0,0.5,0.0,South,Organic Search,2,Deal & Festive Shoppers
C00316,3,643.45,214.483,86,0.067,0.0,0.0,0.333,0.0,0.333,0.0,0.333,0.0,North,Marketplace,3,Big-Ticket Tech Buyers
C00317,1,120.23,120.23,216,0.1,0.0,0.0,0.0,0.0,0.0,0.0,1.0,0.0,East,Marketplace,0,Everyday Home & Kitchen Shoppers
C00318,2,383.36,191.68,183,0.075,1.0,0.0,0.0,0.5,0.5,0.0,0.0,0.0,North,Paid Social,3,Big-Ticket Tech Buyers
C00319,3,1520.52,506.84,61,0.167,0.0,0.667,0.0,0.0,0.667,0.0,0.333,0.0,North,Email,3,Big-Ticket Tech Buyers
C00320,1,17.85,17.85,186,0.15,0.0,0.0,0.0,1.0,0.0,0.0,0.0,0.0,South,Organic Search,1,Everyday Fashion Shoppers
C00321,2,125.98,62.99,474,0.025,0.0,0.0,0.5,0.0,0.0,0.5,0.0,0.0,North,Email,4,Everyday Beauty Shoppers
C00322,1,43.3,43.3,643,0.0,0.0,0.0,1.0,0.0,0.0,0.0,0.0,0.0,South,Organic Search,4,Everyday Beauty Shoppers
C00323,2,1593.35,796.675,269,0.05,0.0,0.0,0.0,0.0,0.5,0.5,0.0,0.0,East,Organic Search,3,Big-Ticket Tech Buyers
C00324,1,93.32,93.32,83,0.3,0.0,0.0,0.0,0.0,0.0,0.0,1.0,0.0,West,Email,0,Everyday Home & Kitchen Shoppers
C00325,2,254.5,127.25,36,0.2,0.0,1.0,1.0,0.0,0.0,0.0,0.0,0.0,East,Paid Social,2,Deal & Festive Shoppers
C00326,2,392.96,196.48,529,0.25,0.0,0.0,0.0,0.0,0.0,0.5,0.5,0.0,West,Paid Social,0,Everyday Home & Kitchen Shoppers
C00327,2,1535.06,767.53,529,0.05,0.0,0.0,0.0,0.0,0.5,0.5,0.0,0.0,South,Paid Social,3,Big-Ticket Tech Buyers
C00328,1,29.9,29.9,686,0.0,0.0,0.0,0.0,0.0,0.0,0.0,1.0,0.0,West,Organic Search,0,Everyday Home & Kitchen Shoppers
C00329,2,542.13,271.065,515,0.075,0.0,0.0,0.0,0.0,0.0,0.0,0.5,0.5,East,Organic Search,0,Everyday Home & Kitchen Shoppers
C00330,4,1390.48,347.62,195,0.038,0.0,0.0,0.0,0.25,0.5,0.0,0.0,0.25,North,Referral,3,Big-Ticket Tech Buyers
C00331,4,2953.8,738.45,171,0.025,0.25,0.0,0.0,0.0,0.5,0.25,0.0,0.25,West,Referral,3,Big-Ticket Tech Buyers
C00332,2,507.24,253.62,399,0.15,0.5,0.5,0.0,0.5,0.5,0.0,0.0,0.0,North,Organic Search,3,Big-Ticket Tech Buyers
C00333,1,618.73,618.73,513,0.1,0.0,0.0,0.0,0.0,0.0,0.0,0.0,1.0,North,Paid Social,1,Everyday Fashion Shoppers
C00334,4,473.0,118.25,66,0.062,0.0,0.0,0.25,0.0,0.0,0.25,0.0,0.5,North,Referral,1,Everyday Fashion Shoppers
C00335,4,254.78,63.695,344,0.212,0.0,0.75,0.75,0.0,0.0,0.25,0.0,0.0,South,Referral,4,Everyday Beauty Shoppers
C00336,3,510.24,170.08,14,0.117,0.0,0.667,0.0,0.0,0.0,0.0,1.0,0.0,South,Marketplace,2,Deal & Festive Shoppers
C00337,3,261.66,87.22,25,0.2,0.0,1.0,0.0,0.0,0.0,0.0,0.667,0.333,East,Paid Social,2,Deal & Festive Shoppers
C00338,3,390.37,130.123,380,0.217,0.0,0.667,0.0,0.0,0.333,0.667,0.0,0.0,West,Paid Social,2,Deal & Festive Shoppers
C00339,3,653.47,217.823,531,0.167,0.0,0.0,0.0,0.0,0.333,0.0,0.667,0.0,South,Referral,0,Everyday Home & Kitchen Shoppers
C00340,2,168.76,84.38,58,0.1,0.0,1.0,0.0,0.0,0.0,0.0,0.0,1.0,East,Paid Social,2,Deal & Festive Shoppers
C00341,1,138.71,138.71,280,0.1,1.0,0.0,0.0,0.0,0.0,1.0,0.0,0.0,South,Organic Search,1,Everyday Fashion Shoppers
C00342,2,259.85,129.925,167,0.0,0.5,0.0,0.0,0.0,0.0,0.5,0.5,0.0,West,Organic Search,0,Everyday Home & Kitchen Shoppers
C00343,3,558.13,186.043,8,0.067,0.333,0.667,0.0,0.0,0.333,0.333,0.333,0.0,North,Marketplace,2,Deal & Festive Shoppers
C00344,3,804.64,268.213,166,0.083,0.0,0.0,0.0,0.0,0.333,0.333,0.0,0.333,North,Organic Search,3,Big-Ticket Tech Buyers
C00345,1,59.62,59.62,89,0.1,0.0,0.0,0.0,0.0,0.0,1.0,0.0,0.0,East,Referral,1,Everyday Fashion Shoppers
C00346,6,2083.2,347.2,145,0.133,0.167,0.333,0.167,0.0,0.333,0.0,0.167,0.333,East,Referral,3,Big-Ticket Tech Buyers
C00347,2,43.52,21.76,20,0.3,0.0,1.0,0.0,1.0,0.0,0.0,0.0,0.0,East,Paid Social,2,Deal & Festive Shoppers
C00348,1,190.48,190.48,68,0.0,0.0,0.0,0.0,0.0,0.0,0.0,0.0,1.0,East,Marketplace,1,Everyday Fashion Shoppers
C00349,3,365.41,121.803,240,0.083,0.333,0.0,0.0,0.0,0.0,0.667,0.333,0.0,East,Email,1,Everyday Fashion Shoppers
C00350,2,527.31,263.655,387,0.075,0.0,0.5,0.0,0.0,0.5,0.0,0.0,0.5,South,Organic Search,3,Big-Ticket Tech Buyers
C00351,2,329.32,164.66,286,0.0,0.0,0.0,0.5,0.0,0.5,0.0,0.0,0.0,North,Email,3,Big-Ticket Tech Buyers
C00352,2,833.64,416.82,527,0.1,0.0,0.0,0.0,0.0,0.5,0.5,0.0,0.0,North,Paid Social,3,Big-Ticket Tech Buyers
C00353,1,118.14,118.14,521,0.3,0.0,0.0,0.0,0.0,0.0,0.0,1.0,0.0,North,Paid Social,0,Everyday Home & Kitchen Shoppers
C00354,6,704.59,117.432,54,0.15,0.167,0.5,0.0,0.5,0.167,0.0,0.167,0.167,South,Email,2,Deal & Festive Shoppers
C00355,2,850.8,425.4,34,0.3,0.0,1.0,0.0,0.0,1.0,0.0,0.0,0.0,South,Email,2,Deal & Festive Shoppers
C00356,6,4153.04,692.173,11,0.183,0.333,1.0,0.0,0.0,0.667,0.0,0.333,0.0,South,Paid Social,2,Deal & Festive Shoppers
C00357,1,296.82,296.82,618,0.0,0.0,0.0,0.0,0.0,0.0,1.0,0.0,0.0,East,Marketplace,1,Everyday Fashion Shoppers
C00358,6,300.43,50.072,5,0.117,0.0,0.667,0.167,0.5,0.0,0.0,0.167,0.167,South,Referral,2,Deal & Festive Shoppers
C00359,2,381.97,190.985,645,0.1,0.0,0.0,0.0,0.5,0.5,0.0,0.0,0.0,East,Referral,3,Big-Ticket Tech Buyers
C00360,2,356.27,178.135,181,0.175,0.0,0.0,0.5,0.0,0.0,0.0,0.5,0.0,East,Organic Search,0,Everyday Home & Kitchen Shoppers
C00361,4,212.17,53.042,13,0.112,0.0,0.5,0.0,0.25,0.0,0.5,0.25,0.0,South,Organic Search,2,Deal & Festive Shoppers
C00362,2,64.83,32.415,78,0.2,0.0,0.0,0.0,0.5,0.0,0.5,0.0,0.0,South,Paid Social,1,Everyday Fashion Shoppers
C00363,8,1019.58,127.447,93,0.162,0.0,0.25,0.0,0.0,0.0,0.125,0.75,0.125,East,Referral,2,Deal & Festive Shoppers
C00364,2,228.58,114.29,93,0.05,0.0,0.0,0.0,0.0,0.0,0.5,0.5,0.0,East,Paid Social,0,Everyday Home & Kitchen Shoppers
C00365,3,255.96,85.32,563,0.0,0.0,0.0,0.0,0.0,0.0,1.0,0.0,0.0,South,Email,1,Everyday Fashion Shoppers
C00366,3,918.92,306.307,188,0.117,0.333,0.0,0.0,0.333,0.333,0.333,0.0,0.0,South,Organic Search,3,Big-Ticket Tech Buyers
C00367,3,269.31,89.77,356,0.1,1.0,0.667,0.0,0.0,0.0,0.667,0.333,0.0,East,Email,2,Deal & Festive Shoppers
C00368,3,268.35,89.45,287,0.2,0.0,0.333,0.0,0.333,0.0,0.333,0.333,0.0,East,Email,2,Deal & Festive Shoppers
C00369,2,189.58,94.79,549,0.15,0.0,0.0,0.0,0.0,0.0,0.0,1.0,0.0,North,Email,0,Everyday Home & Kitchen Shoppers
C00370,1,31.88,31.88,179,0.0,0.0,0.0,0.0,1.0,0.0,0.0,0.0,0.0,South,Email,1,Everyday Fashion Shoppers
C00371,2,48.43,24.215,306,0.0,0.0,0.0,0.5,0.5,0.0,0.0,0.0,0.0,West,Marketplace,4,Everyday Beauty Shoppers
C00372,3,438.84,146.28,79,0.117,0.0,0.0,0.0,0.0,0.0,0.667,0.0,0.333,North,Organic Search,1,Everyday Fashion Shoppers
C00373,4,1467.04,366.76,278,0.1,0.0,0.5,0.0,0.5,0.25,0.25,0.0,0.0,West,Email,3,Big-Ticket Tech Buyers
C00374,2,205.82,102.91,238,0.1,0.0,0.0,0.0,0.5,0.0,0.0,0.5,0.0,North,Marketplace,0,Everyday Home & Kitchen Shoppers
C00375,5,441.62,88.324,15,0.1,0.0,0.8,0.2,0.0,0.0,0.0,0.4,0.4,East,Referral,2,Deal & Festive Shoppers
C00376,2,473.97,236.985,573,0.0,0.0,0.0,0.0,0.0,0.0,0.5,0.5,0.0,South,Organic Search,0,Everyday Home & Kitchen Shoppers
C00377,3,175.42,58.473,32,0.2,0.333,0.333,0.667,0.0,0.0,0.0,0.333,0.0,North,Marketplace,2,Deal & Festive Shoppers
C00378,1,496.77,496.77,200,0.0,0.0,0.0,0.0,0.0,0.0,0.0,1.0,0.0,West,Organic Search,0,Everyday Home & Kitchen Shoppers
C00379,1,47.17,47.17,462,0.0,0.0,0.0,0.0,0.0,0.0,0.0,0.0,1.0,South,Paid Social,1,Everyday Fashion Shoppers
C00380,2,98.17,49.085,366,0.3,0.0,0.5,0.5,0.0,0.0,0.5,0.0,0.0,West,Organic Search,2,Deal & Festive Shoppers
C00381,3,1955.53,651.843,248,0.033,0.0,0.0,0.333,0.0,0.333,0.0,0.333,0.0,South,Paid Social,3,Big-Ticket Tech Buyers
C00382,1,111.97,111.97,60,0.2,0.0,1.0,0.0,0.0,0.0,1.0,0.0,0.0,West,Paid Social,2,Deal & Festive Shoppers
C00383,2,78.36,39.18,50,0.15,0.0,1.0,1.0,0.0,0.0,0.0,0.0,0.0,West,Paid Social,4,Everyday Beauty Shoppers
C00384,4,490.44,122.61,317,0.162,0.5,0.5,0.25,0.0,0.0,0.5,0.25,0.0,East,Marketplace,2,Deal & Festive Shoppers
C00385,1,112.98,112.98,696,0.05,0.0,0.0,0.0,0.0,0.0,1.0,0.0,0.0,North,Paid Social,1,Everyday Fashion Shoppers
C00386,1,93.5,93.5,633,0.0,0.0,0.0,0.0,0.0,0.0,0.0,1.0,0.0,East,Paid Social,0,Everyday Home & Kitchen Shoppers
C00387,1,748.53,748.53,683,0.0,0.0,0.0,0.0,0.0,1.0,0.0,0.0,0.0,East,Marketplace,3,Big-Ticket Tech Buyers
C00388,1,89.4,89.4,146,0.2,0.0,0.0,0.0,0.0,0.0,0.0,1.0,0.0,West,Email,0,Everyday Home & Kitchen Shoppers
C00389,2,355.98,177.99,67,0.075,0.0,0.0,0.0,0.0,0.0,0.0,1.0,0.0,South,Organic Search,0,Everyday Home & Kitchen Shoppers
C00390,1,282.75,282.75,605,0.0,0.0,0.0,0.0,0.0,0.0,1.0,0.0,0.0,North,Organic Search,1,Everyday Fashion Shoppers
C00391,1,56.7,56.7,208,0.1,0.0,0.0,0.0,0.0,0.0,1.0,0.0,0.0,North,Referral,1,Everyday Fashion Shoppers
C00392,3,1639.01,546.337,324,0.0,0.0,0.0,0.0,0.0,0.667,0.0,0.333,0.0,East,Marketplace,3,Big-Ticket Tech Buyers
C00393,4,474.07,118.518,167,0.162,0.0,0.0,0.25,0.5,0.0,0.0,0.25,0.0,West,Referral,0,Everyday Home & Kitchen Shoppers
C00394,1,164.74,164.74,311,0.0,0.0,0.0,0.0,0.0,0.0,0.0,1.0,0.0,North,Organic Search,0,Everyday Home & Kitchen Shoppers
C00395,3,1660.2,553.4,114,0.033,0.0,0.0,0.0,0.333,0.667,0.0,0.0,0.0,East,Email,3,Big-Ticket Tech Buyers
C00396,4,868.8,217.2,30,0.162,0.0,0.5,0.0,0.0,0.0,0.5,0.25,0.25,West,Referral,2,Deal & Festive Shoppers
C00397,5,718.59,143.718,379,0.1,0.0,0.2,0.4,0.0,0.0,0.0,0.0,0.6,North,Referral,4,Everyday Beauty Shoppers
C00398,2,170.94,85.47,567,0.05,0.0,0.0,0.0,0.0,0.0,0.0,0.5,0.5,North,Marketplace,0,Everyday Home & Kitchen Shoppers
C00399,2,271.52,135.76,409,0.15,0.0,0.5,0.0,0.0,0.0,0.5,0.0,0.5,East,Email,1,Everyday Fashion Shoppers
C00400,2,159.74,79.87,493,0.125,0.0,0.0,0.0,0.5,0.0,0.0,0.5,0.0,East,Referral,0,Everyday Home & Kitchen Shoppers
C00401,2,143.16,71.58,31,0.3,0.0,1.0,0.0,0.0,0.0,1.0,0.0,0.0,North,Referral,2,Deal & Festive Shoppers
C00402,3,609.16,203.053,18,0.15,0.333,0.667,0.0,0.0,0.0,0.333,0.667,0.0,West,Referral,2,Deal & Festive Shoppers
C00403,3,365.94,121.98,415,0.083,0.667,0.667,0.0,0.0,0.0,1.0,0.0,0.0,East,Paid Social,1,Everyday Fashion Shoppers
C00404,1,468.84,468.84,32,0.2,1.0,1.0,0.0,0.0,0.0,0.0,0.0,1.0,West,Paid Social,2,Deal & Festive Shoppers
C00405,3,1028.75,342.917,310,0.083,0.333,0.333,0.333,0.0,0.333,0.333,0.0,0.0,West,Email,3,Big-Ticket Tech Buyers
C00406,6,2793.82,465.637,36,0.083,0.167,0.5,0.0,0.167,0.667,0.167,0.0,0.0,West,Referral,3,Big-Ticket Tech Buyers
C00407,4,463.6,115.9,256,0.062,0.0,0.5,0.5,0.0,0.0,0.0,0.0,0.5,East,Paid Social,4,Everyday Beauty Shoppers
C00408,3,334.37,111.457,384,0.067,0.0,0.667,0.333,0.0,0.0,0.0,0.667,0.0,North,Organic Search,0,Everyday Home & Kitchen Shoppers
C00409,3,227.8,75.933,30,0.2,0.0,0.667,0.0,0.0,0.0,0.333,0.667,0.0,East,Email,2,Deal & Festive Shoppers
C00410,2,190.93,95.465,83,0.0,0.0,0.0,0.0,0.0,0.0,0.5,0.5,0.0,North,Referral,0,Everyday Home & Kitchen Shoppers
C00411,2,625.1,312.55,579,0.0,0.0,0.0,0.0,0.0,0.5,0.5,0.0,0.0,East,Paid Social,3,Big-Ticket Tech Buyers
C00412,1,13.64,13.64,568,0.2,0.0,0.0,0.0,1.0,0.0,0.0,0.0,0.0,North,Paid Social,1,Everyday Fashion Shoppers
C00413,3,1200.1,400.033,145,0.017,0.333,0.0,0.0,0.0,0.333,0.0,0.667,0.0,East,Organic Search,3,Big-Ticket Tech Buyers
C00414,4,463.96,115.99,87,0.112,0.0,0.5,0.0,0.5,0.0,0.0,0.5,0.0,North,Marketplace,2,Deal & Festive Shoppers
C00415,3,450.5,150.167,346,0.05,0.0,0.0,0.333,0.0,0.0,0.333,0.333,0.0,South,Marketplace,0,Everyday Home & Kitchen Shoppers
C00416,6,843.13,140.522,20,0.167,0.0,0.667,0.5,0.0,0.333,0.0,0.167,0.0,North,Referral,2,Deal & Festive Shoppers
C00417,1,127.32,127.32,37,0.3,0.0,1.0,0.0,0.0,0.0,0.0,1.0,0.0,East,Paid Social,2,Deal & Festive Shoppers
C00418,2,76.74,38.37,514,0.0,0.0,0.0,0.5,0.5,0.0,0.0,0.0,0.0,East,Email,4,Everyday Beauty Shoppers
C00419,3,457.44,152.48,123,0.05,0.667,0.0,0.0,0.0,0.333,0.333,0.333,0.0,North,Paid Social,3,Big-Ticket Tech Buyers
C00420,5,364.45,72.89,32,0.26,0.0,0.8,0.2,0.4,0.0,0.0,0.4,0.0,West,Marketplace,2,Deal & Festive Shoppers
C00421,1,61.65,61.65,71,0.0,0.0,0.0,1.0,0.0,0.0,0.0,0.0,0.0,West,Organic Search,4,Everyday Beauty Shoppers
C00422,2,148.31,74.155,27,0.075,0.5,0.5,0.5,0.0,0.0,0.0,0.5,0.0,South,Organic Search,2,Deal & Festive Shoppers
C00423,2,148.26,74.13,109,0.075,0.0,0.0,1.0,0.0,0.0,0.0,0.0,0.0,East,Referral,4,Everyday Beauty Shoppers
C00424,2,307.72,153.86,318,0.1,0.0,0.0,0.5,0.0,0.0,0.0,0.0,0.5,South,Organic Search,4,Everyday Beauty Shoppers
C00425,3,263.0,87.667,268,0.05,0.0,0.333,0.667,0.333,0.0,0.0,0.0,0.0,North,Referral,4,Everyday Beauty Shoppers
C00426,4,600.04,150.01,213,0.125,0.0,0.0,0.5,0.0,0.0,0.0,0.5,0.0,East,Email,0,Everyday Home & Kitchen Shoppers
C00427,6,551.26,91.877,18,0.133,0.333,0.833,0.167,0.333,0.0,0.333,0.0,0.167,North,Organic Search,2,Deal & Festive Shoppers
C00428,1,122.44,122.44,159,0.0,0.0,0.0,0.0,0.0,0.0,0.0,1.0,0.0,West,Paid Social,0,Everyday Home & Kitchen Shoppers
C00429,3,732.01,244.003,582,0.05,0.0,0.0,0.333,0.0,0.0,0.0,0.333,0.333,West,Email,0,Everyday Home & Kitchen Shoppers
C00430,1,295.77,295.77,222,0.0,0.0,0.0,0.0,0.0,1.0,0.0,0.0,0.0,West,Marketplace,3,Big-Ticket Tech Buyers
C00431,2,495.27,247.635,610,0.0,0.0,0.0,0.0,0.0,0.5,0.5,0.0,0.0,East,Paid Social,3,Big-Ticket Tech Buyers
C00432,2,481.54,240.77,206,0.0,0.0,0.0,0.0,0.0,0.0,0.5,0.5,0.0,East,Organic Search,0,Everyday Home & Kitchen Shoppers
C00433,1,1137.44,1137.44,150,0.0,0.0,0.0,0.0,0.0,1.0,0.0,0.0,0.0,West,Referral,3,Big-Ticket Tech Buyers
C00434,2,935.18,467.59,489,0.125,0.0,0.0,0.0,0.0,1.0,0.0,0.0,0.0,North,Paid Social,3,Big-Ticket Tech Buyers
C00435,4,494.01,123.502,87,0.225,0.0,0.5,0.0,0.0,0.25,0.75,0.0,0.0,North,Email,2,Deal & Festive Shoppers
C00436,3,312.42,104.14,551,0.0,0.0,0.0,0.0,0.0,0.0,0.333,0.333,0.333,East,Referral,0,Everyday Home & Kitchen Shoppers
C00437,3,287.08,95.693,277,0.117,0.0,0.0,0.0,0.333,0.0,0.333,0.333,0.0,South,Organic Search,0,Everyday Home & Kitchen Shoppers
C00438,1,264.74,264.74,71,0.0,0.0,0.0,0.0,0.0,0.0,0.0,1.0,0.0,South,Email,0,Everyday Home & Kitchen Shoppers
C00439,3,767.46,255.82,435,0.033,0.0,0.0,0.0,0.333,0.333,0.0,0.0,0.333,North,Paid Social,3,Big-Ticket Tech Buyers
C00440,3,507.82,169.273,222,0.017,0.333,0.0,0.0,0.333,0.0,0.333,0.0,0.333,East,Organic Search,1,Everyday Fashion Shoppers
C00441,2,90.58,45.29,35,0.3,0.0,1.0,1.0,0.0,0.0,0.0,0.0,0.0,North,Referral,2,Deal & Festive Shoppers
C00442,3,378.34,126.113,64,0.0,0.0,0.0,0.0,0.0,0.333,0.333,0.0,0.333,North,Marketplace,3,Big-Ticket Tech Buyers
C00443,3,590.47,196.823,506,0.067,0.0,0.0,0.0,0.333,0.0,0.0,0.333,0.333,North,Email,0,Everyday Home & Kitchen Shoppers
C00444,5,1298.85,259.77,36,0.21,0.6,0.6,0.2,0.0,0.2,0.0,0.6,0.0,South,Organic Search,2,Deal & Festive Shoppers
C00445,4,627.76,156.94,176,0.125,0.25,0.5,0.25,0.5,0.0,0.0,0.0,0.25,West,Email,2,Deal & Festive Shoppers
C00446,1,55.8,55.8,250,0.0,0.0,0.0,1.0,0.0,0.0,0.0,0.0,0.0,South,Organic Search,4,Everyday Beauty Shoppers
C00447,2,41.11,20.555,440,0.125,0.0,0.0,0.5,0.5,0.0,0.0,0.0,0.0,East,Paid Social,4,Everyday Beauty Shoppers
C00448,4,380.06,95.015,6,0.225,0.0,1.0,0.5,0.0,0.0,0.0,0.0,0.5,East,Paid Social,2,Deal & Festive Shoppers
C00449,2,837.99,418.995,155,0.0,0.0,0.0,0.0,0.0,0.5,0.5,0.0,0.0,South,Organic Search,3,Big-Ticket Tech Buyers
C00450,2,433.18,216.59,441,0.0,0.0,0.0,0.0,0.0,0.0,0.5,0.5,0.0,West,Paid Social,0,Everyday Home & Kitchen Shoppers
C00451,4,1129.8,282.45,19,0.2,0.0,1.0,0.0,0.0,0.0,0.5,0.0,0.5,East,Marketplace,2,Deal & Festive Shoppers
C00452,4,562.49,140.622,59,0.088,0.0,0.5,0.0,0.0,0.0,0.75,0.25,0.0,East,Organic Search,2,Deal & Festive Shoppers
C00453,4,666.04,166.51,199,0.162,0.0,0.5,0.0,0.5,0.25,0.0,0.25,0.0,North,Email,2,Deal & Festive Shoppers
C00454,2,372.26,186.13,699,0.075,0.0,0.0,0.0,0.0,1.0,0.0,0.0,0.0,North,Referral,3,Big-Ticket Tech Buyers
C00455,3,577.41,192.47,183,0.1,0.333,0.0,0.0,0.0,0.667,0.333,0.0,0.0,West,Paid Social,3,Big-Ticket Tech Buyers
C00456,2,234.83,117.415,187,0.1,0.0,0.0,0.5,0.0,0.0,0.5,0.0,0.0,East,Organic Search,4,Everyday Beauty Shoppers
C00457,1,147.98,147.98,616,0.0,0.0,0.0,0.0,0.0,0.0,0.0,1.0,0.0,West,Organic Search,0,Everyday Home & Kitchen Shoppers
C00458,3,350.8,116.933,71,0.0,0.0,0.0,0.0,0.333,0.0,0.333,0.0,0.333,West,Organic Search,1,Everyday Fashion Shoppers
C00459,1,47.43,47.43,125,0.0,0.0,0.0,0.0,0.0,0.0,0.0,0.0,1.0,North,Referral,1,Everyday Fashion Shoppers
C00460,2,318.24,159.12,113,0.0,0.0,0.0,0.5,0.0,0.0,0.5,0.0,0.0,East,Marketplace,4,Everyday Beauty Shoppers
C00461,1,214.71,214.71,206,0.15,0.0,0.0,0.0,0.0,0.0,1.0,0.0,0.0,South,Marketplace,1,Everyday Fashion Shoppers
C00462,2,133.83,66.915,393,0.1,0.0,0.5,0.5,0.5,0.0,0.0,0.0,0.0,East,Organic Search,4,Everyday Beauty Shoppers
C00463,1,183.34,183.34,192,0.15,0.0,0.0,0.0,0.0,1.0,0.0,0.0,0.0,North,Organic Search,3,Big-Ticket Tech Buyers
C00464,4,301.02,75.255,304,0.125,0.25,0.5,0.25,0.5,0.0,0.0,0.0,0.25,South,Organic Search,2,Deal & Festive Shoppers
C00465,4,829.98,207.495,486,0.025,0.0,0.0,0.0,0.25,0.25,0.25,0.0,0.25,East,Marketplace,3,Big-Ticket Tech Buyers
C00466,4,240.48,60.12,41,0.225,0.0,1.0,0.5,0.0,0.0,0.0,0.5,0.0,East,Organic Search,2,Deal & Festive Shoppers
C00467,2,47.84,23.92,474,0.125,0.0,0.0,0.5,0.5,0.0,0.0,0.0,0.0,East,Organic Search,4,Everyday Beauty Shoppers
C00468,1,389.04,389.04,306,0.05,0.0,0.0,0.0,0.0,1.0,0.0,0.0,0.0,South,Referral,3,Big-Ticket Tech Buyers
C00469,4,639.48,159.87,556,0.1,0.0,0.0,0.0,0.0,0.5,0.5,0.0,0.0,South,Referral,3,Big-Ticket Tech Buyers
C00470,1,70.89,70.89,63,0.0,0.0,0.0,0.0,0.0,0.0,0.0,0.0,1.0,West,Organic Search,1,Everyday Fashion Shoppers
C00471,2,236.35,118.175,167,0.05,1.0,0.0,0.0,0.0,0.0,0.0,1.0,0.0,South,Email,0,Everyday Home & Kitchen Shoppers
C00472,3,666.44,222.147,33,0.067,0.0,0.333,0.0,0.0,0.333,0.333,0.333,0.0,South,Organic Search,2,Deal & Festive Shoppers
C00473,1,28.23,28.23,416,0.1,0.0,1.0,0.0,0.0,0.0,0.0,1.0,0.0,East,Organic Search,0,Everyday Home & Kitchen Shoppers
C00474,6,180.54,30.09,81,0.117,0.0,0.5,0.167,0.5,0.0,0.167,0.167,0.0,South,Organic Search,2,Deal & Festive Shoppers
C00475,1,49.72,49.72,279,0.0,0.0,0.0,0.0,0.0,0.0,0.0,0.0,1.0,East,Paid Social,1,Everyday Fashion Shoppers
C00476,1,77.92,77.92,180,0.1,0.0,0.0,0.0,1.0,0.0,0.0,0.0,0.0,South,Marketplace,1,Everyday Fashion Shoppers
C00477,1,180.56,180.56,130,0.0,0.0,0.0,0.0,0.0,0.0,0.0,0.0,1.0,West,Paid Social,1,Everyday Fashion Shoppers
C00478,3,242.39,80.797,493,0.05,0.0,0.0,0.333,0.333,0.0,0.0,0.333,0.0,West,Email,0,Everyday Home & Kitchen Shoppers
C00479,2,462.77,231.385,74,0.05,0.0,0.0,0.5,0.0,0.0,0.0,0.5,0.0,West,Paid Social,0,Everyday Home & Kitchen Shoppers
C00480,3,168.68,56.227,124,0.05,0.0,0.0,0.667,0.333,0.0,0.0,0.0,0.0,East,Email,4,Everyday Beauty Shoppers
C00481,2,362.91,181.455,403,0.075,0.0,0.5,0.5,0.0,0.0,0.0,0.0,0.5,South,Marketplace,4,Everyday Beauty Shoppers
C00482,1,272.83,272.83,141,0.1,0.0,0.0,0.0,0.0,0.0,0.0,0.0,1.0,East,Paid Social,1,Everyday Fashion Shoppers
C00483,3,670.22,223.407,418,0.117,0.0,0.333,0.0,0.0,0.0,0.333,0.0,0.667,West,Marketplace,1,Everyday Fashion Shoppers
C00484,1,35.3,35.3,173,0.0,0.0,0.0,1.0,0.0,0.0,0.0,0.0,0.0,East,Referral,4,Everyday Beauty Shoppers
C00485,7,799.34,114.191,34,0.15,0.0,0.857,0.143,0.286,0.143,0.143,0.0,0.286,East,Email,2,Deal & Festive Shoppers
C00486,5,751.93,150.386,263,0.14,0.0,0.4,0.0,0.0,0.0,0.4,0.2,0.4,East,Organic Search,2,Deal & Festive Shoppers
C00487,5,854.36,170.872,196,0.06,0.0,0.4,0.4,0.0,0.0,0.6,0.0,0.0,East,Referral,2,Deal & Festive Shoppers
C00488,2,336.01,168.005,308,0.175,0.0,0.0,0.0,0.0,0.0,0.5,0.0,0.5,East,Paid Social,1,Everyday Fashion Shoppers
C00489,3,624.89,208.297,46,0.1,0.0,0.667,0.0,0.0,0.0,0.0,0.667,0.333,North,Marketplace,2,Deal & Festive Shoppers
C00490,1,151.59,151.59,302,0.05,0.0,0.0,0.0,0.0,0.0,0.0,0.0,1.0,South,Marketplace,1,Everyday Fashion Shoppers
C00491,1,122.26,122.26,63,0.0,0.0,0.0,0.0,0.0,0.0,0.0,1.0,0.0,East,Paid Social,0,Everyday Home & Kitchen Shoppers
C00492,1,1245.87,1245.87,106,0.0,0.0,0.0,0.0,0.0,1.0,0.0,0.0,0.0,North,Marketplace,3,Big-Ticket Tech Buyers
C00493,2,91.92,45.96,92,0.125,0.0,0.0,0.0,0.0,0.0,0.5,0.0,0.5,West,Marketplace,1,Everyday Fashion Shoppers
C00494,3,372.16,124.053,280,0.017,0.0,0.0,0.0,0.333,0.0,0.333,0.0,0.333,East,Referral,1,Everyday Fashion Shoppers
C00495,3,1281.77,427.257,283,0.05,0.0,0.0,0.0,0.0,0.333,0.333,0.333,0.0,North,Organic Search,3,Big-Ticket Tech Buyers
C00496,1,25.6,25.6,428,0.0,0.0,0.0,0.0,0.0,0.0,0.0,1.0,0.0,West,Organic Search,0,Everyday Home & Kitchen Shoppers
C00497,1,188.14,188.14,633,0.0,0.0,0.0,0.0,0.0,0.0,0.0,0.0,1.0,East,Organic Search,1,Everyday Fashion Shoppers
C00498,2,634.26,317.13,186,0.0,0.0,0.0,0.0,0.0,0.0,0.5,0.0,0.5,East,Organic Search,1,Everyday Fashion Shoppers
C00499,1,76.34,76.34,68,0.1,0.0,0.0,1.0,0.0,0.0,0.0,0.0,0.0,South,Marketplace,4,Everyday Beauty Shoppers
C00500,5,760.99,152.198,70,0.07,0.0,0.4,0.0,0.0,0.0,0.4,0.2,0.4,West,Organic Search,2,Deal & Festive Shoppers
C00501,3,141.52,47.173,584,0.033,0.0,0.0,0.333,0.0,0.0,0.667,0.0,0.0,South,Email,1,Everyday Fashion Shoppers
C00502,2,415.45,207.725,90,0.0,0.0,0.0,0.0,0.0,0.0,0.5,0.5,0.0,East,Referral,0,Everyday Home & Kitchen Shoppers
C00503,3,1391.49,463.83,22,0.15,0.0,1.0,0.0,0.667,0.333,0.0,0.0,0.0,North,Referral,2,Deal & Festive Shoppers
C00504,2,552.36,276.18,81,0.0,0.0,0.0,0.0,0.5,0.5,0.0,0.0,0.0,East,Organic Search,3,Big-Ticket Tech Buyers
C00505,5,695.01,139.002,345,0.15,0.0,0.4,0.4,0.0,0.2,0.2,0.2,0.0,East,Referral,2,Deal & Festive Shoppers
C00506,4,143.22,35.805,324,0.175,0.0,0.5,0.0,0.25,0.0,0.25,0.5,0.0,East,Referral,2,Deal & Festive Shoppers
C00507,3,323.33,107.777,178,0.133,0.0,0.0,0.333,0.333,0.0,0.0,0.333,0.0,South,Referral,0,Everyday Home & Kitchen Shoppers
C00508,3,362.22,120.74,269,0.3,0.0,0.333,0.0,0.0,0.333,0.333,0.333,0.0,West,Organic Search,2,Deal & Festive Shoppers
C00509,2,430.12,215.06,508,0.125,0.0,0.0,0.5,0.0,0.0,0.0,0.5,0.0,East,Email,0,Everyday Home & Kitchen Shoppers
C00510,4,541.43,135.358,402,0.175,0.0,0.5,0.0,0.25,0.0,0.75,0.0,0.0,North,Organic Search,2,Deal & Festive Shoppers
C00511,3,920.46,306.82,8,0.267,0.0,1.0,0.0,0.667,0.333,0.0,0.0,0.0,West,Referral,2,Deal & Festive Shoppers
C00512,2,549.57,274.785,176,0.0,0.0,0.0,0.0,0.0,0.5,0.5,0.0,0.0,East,Paid Social,3,Big-Ticket Tech Buyers
C00513,4,1431.93,357.982,1,0.175,0.0,0.75,0.0,0.0,0.75,0.25,0.0,0.0,West,Organic Search,2,Deal & Festive Shoppers
C00514,1,168.4,168.4,152,0.0,0.0,0.0,0.0,0.0,0.0,1.0,0.0,0.0,West,Email,1,Everyday Fashion Shoppers
C00515,2,629.46,314.73,45,0.3,1.0,1.0,0.0,0.0,1.0,0.0,0.0,0.0,West,Organic Search,3,Big-Ticket Tech Buyers
C00516,1,151.66,151.66,658,0.15,0.0,0.0,0.0,0.0,0.0,1.0,0.0,0.0,East,Marketplace,1,Everyday Fashion Shoppers
C00517,2,74.39,37.195,92,0.1,0.0,0.0,0.5,0.0,0.0,0.5,0.0,0.0,East,Marketplace,4,Everyday Beauty Shoppers
C00518,2,367.79,183.895,111,0.025,1.0,0.0,0.5,0.0,0.5,0.0,0.0,0.0,North,Paid Social,3,Big-Ticket Tech Buyers
C00519,3,138.77,46.257,28,0.167,0.0,1.0,0.0,0.667,0.0,0.333,0.0,0.0,East,Paid Social,2,Deal & Festive Shoppers
C00520,1,272.77,272.77,301,0.15,1.0,0.0,0.0,0.0,0.0,1.0,0.0,0.0,East,Organic Search,1,Everyday Fashion Shoppers
C00521,1,33.78,33.78,470,0.0,0.0,0.0,0.0,1.0,0.0,0.0,0.0,0.0,East,Marketplace,1,Everyday Fashion Shoppers
C00522,1,39.24,39.24,613,0.0,0.0,0.0,1.0,0.0,0.0,0.0,0.0,0.0,West,Referral,4,Everyday Beauty Shoppers
C00523,2,620.9,310.45,554,0.025,0.0,0.0,0.0,0.0,0.0,0.5,0.5,0.0,North,Organic Search,0,Everyday Home & Kitchen Shoppers
C00524,1,76.53,76.53,142,0.3,0.0,0.0,0.0,0.0,0.0,0.0,1.0,0.0,South,Paid Social,0,Everyday Home & Kitchen Shoppers
C00525,2,322.67,161.335,499,0.05,0.0,0.0,0.0,0.0,0.0,1.0,0.0,0.0,East,Organic Search,1,Everyday Fashion Shoppers
C00526,5,1006.97,201.394,213,0.1,0.2,0.0,0.2,0.0,0.2,0.2,0.2,0.2,South,Referral,3,Big-Ticket Tech Buyers
C00527,1,166.89,166.89,85,0.0,0.0,0.0,1.0,0.0,0.0,0.0,0.0,0.0,North,Paid Social,4,Everyday Beauty Shoppers
C00528,1,450.31,450.31,621,0.15,0.0,0.0,0.0,0.0,1.0,0.0,0.0,0.0,North,Organic Search,3,Big-Ticket Tech Buyers
C00529,2,877.58,438.79,81,0.0,0.0,0.0,0.0,0.0,0.5,0.0,0.0,0.5,West,Email,3,Big-Ticket Tech Buyers
C00530,1,72.04,72.04,86,0.0,0.0,0.0,0.0,1.0,0.0,0.0,0.0,0.0,South,Organic Search,1,Everyday Fashion Shoppers
C00531,1,468.89,468.89,311,0.0,0.0,0.0,0.0,0.0,1.0,0.0,0.0,0.0,North,Paid Social,3,Big-Ticket Tech Buyers
C00532,3,581.28,193.76,362,0.0,0.0,0.0,0.333,0.0,0.333,0.333,0.0,0.0,North,Referral,3,Big-Ticket Tech Buyers
C00533,3,268.42,89.473,552,0.033,0.0,0.0,0.0,0.333,0.0,0.667,0.0,0.0,South,Marketplace,1,Everyday Fashion Shoppers
C00534,1,54.61,54.61,526,0.1,0.0,0.0,1.0,0.0,0.0,0.0,0.0,0.0,North,Paid Social,4,Everyday Beauty Shoppers
C00535,2,711.09,355.545,219,0.025,0.0,0.0,0.0,0.0,0.0,0.0,0.5,0.5,East,Marketplace,0,Everyday Home & Kitchen Shoppers
C00536,3,669.41,223.137,165,0.017,0.0,0.0,0.0,0.0,0.0,0.333,0.667,0.0,East,Paid Social,0,Everyday Home & Kitchen Shoppers
C00537,3,345.21,115.07,120,0.2,0.0,0.667,0.0,0.0,0.0,0.0,1.0,0.0,North,Marketplace,2,Deal & Festive Shoppers
C00538,1,56.86,56.86,651,0.2,0.0,0.0,0.0,0.0,0.0,0.0,1.0,0.0,East,Organic Search,0,Everyday Home & Kitchen Shoppers
C00539,5,546.14,109.228,105,0.07,0.0,0.0,0.6,0.0,0.0,0.4,0.0,0.0,North,Email,4,Everyday Beauty Shoppers
C00540,2,693.38,346.69,525,0.15,0.5,0.0,0.0,0.0,0.0,0.5,0.0,0.5,South,Organic Search,1,Everyday Fashion Shoppers
C00541,2,516.76,258.38,201,0.05,0.5,0.0,0.0,0.0,0.5,0.5,0.0,0.0,West,Marketplace,3,Big-Ticket Tech Buyers
C00542,3,231.48,77.16,523,0.1,0.0,0.0,0.333,0.0,0.0,0.667,0.0,0.0,East,Marketplace,1,Everyday Fashion Shoppers
C00543,2,579.34,289.67,521,0.0,0.0,0.0,0.0,0.0,0.0,0.0,0.5,0.5,West,Paid Social,0,Everyday Home & Kitchen Shoppers
C00544,2,325.92,162.96,518,0.175,0.5,0.0,0.0,0.0,0.0,0.0,1.0,0.0,North,Paid Social,0,Everyday Home & Kitchen Shoppers
C00545,1,17.26,17.26,147,0.2,0.0,0.0,1.0,0.0,0.0,0.0,0.0,0.0,South,Referral,4,Everyday Beauty Shoppers
C00546,1,18.23,18.23,679,0.0,1.0,0.0,1.0,0.0,0.0,0.0,0.0,0.0,South,Organic Search,4,Everyday Beauty Shoppers
C00547,1,138.29,138.29,414,0.15,0.0,1.0,0.0,0.0,0.0,1.0,0.0,0.0,South,Email,1,Everyday Fashion Shoppers
C00548,3,618.34,206.113,37,0.067,0.333,0.333,0.0,0.0,0.333,0.0,0.0,0.667,West,Email,3,Big-Ticket Tech Buyers
C00549,1,122.31,122.31,357,0.0,0.0,0.0,0.0,0.0,0.0,0.0,0.0,1.0,North,Paid Social,1,Everyday Fashion Shoppers
C00550,1,32.88,32.88,243,0.0,0.0,0.0,1.0,0.0,0.0,0.0,0.0,0.0,West,Organic Search,4,Everyday Beauty Shoppers
C00551,1,220.21,220.21,156,0.1,0.0,0.0,0.0,0.0,0.0,0.0,1.0,0.0,West,Marketplace,0,Everyday Home & Kitchen Shoppers
C00552,5,1352.26,270.452,48,0.08,0.4,0.2,0.0,0.0,0.6,0.0,0.4,0.0,East,Organic Search,3,Big-Ticket Tech Buyers
C00553,2,1170.88,585.44,118,0.025,0.0,0.0,0.0,0.0,0.5,0.0,0.5,0.0,South,Referral,3,Big-Ticket Tech Buyers
C00554,3,716.35,238.783,402,0.2,0.0,0.667,0.0,0.0,0.0,0.0,0.333,0.667,East,Organic Search,2,Deal & Festive Shoppers
C00555,1,194.98,194.98,26,0.1,1.0,1.0,0.0,0.0,1.0,0.0,0.0,0.0,South,Organic Search,3,Big-Ticket Tech Buyers
C00556,1,42.45,42.45,362,0.05,0.0,0.0,0.0,0.0,0.0,1.0,0.0,0.0,East,Organic Search,1,Everyday Fashion Shoppers
C00557,1,354.38,354.38,202,0.0,0.0,0.0,0.0,0.0,0.0,0.0,1.0,0.0,South,Paid Social,0,Everyday Home & Kitchen Shoppers
C00558,3,1194.35,398.117,66,0.1,0.333,0.0,0.0,0.0,0.667,0.333,0.0,0.0,West,Referral,3,Big-Ticket Tech Buyers
C00559,1,33.0,33.0,177,0.3,0.0,0.0,0.0,0.0,0.0,1.0,0.0,0.0,East,Paid Social,1,Everyday Fashion Shoppers
C00560,3,307.05,102.35,56,0.167,0.0,0.667,0.333,0.0,0.667,0.0,0.0,0.0,East,Email,2,Deal & Festive Shoppers
C00561,5,1253.88,250.776,246,0.11,0.0,0.0,0.2,0.0,0.2,0.2,0.2,0.2,East,Email,3,Big-Ticket Tech Buyers
C00562,3,589.06,196.353,576,0.0,0.0,0.0,0.0,0.0,0.333,0.333,0.333,0.0,East,Organic Search,3,Big-Ticket Tech Buyers
C00563,3,312.64,104.213,165,0.133,0.0,0.667,0.0,0.0,0.0,0.667,0.333,0.0,West,Organic Search,2,Deal & Festive Shoppers
C00564,7,2505.51,357.93,159,0.107,0.143,0.0,0.0,0.0,0.286,0.143,0.429,0.143,North,Referral,3,Big-Ticket Tech Buyers
C00565,1,71.82,71.82,92,0.0,0.0,0.0,1.0,0.0,0.0,0.0,0.0,0.0,West,Referral,4,Everyday Beauty Shoppers
C00566,3,686.81,228.937,460,0.0,0.0,0.0,0.0,0.0,0.333,0.333,0.333,0.0,West,Referral,3,Big-Ticket Tech Buyers
C00567,3,198.9,66.3,23,0.117,0.0,0.333,0.333,0.0,0.0,0.333,0.333,0.0,West,Organic Search,2,Deal & Festive Shoppers
C00568,4,601.23,150.308,318,0.0,0.0,0.0,0.0,0.0,0.0,0.25,0.75,0.0,South,Email,0,Everyday Home & Kitchen Shoppers
C00569,2,1152.71,576.355,80,0.0,0.0,0.0,0.5,0.0,0.5,0.0,0.0,0.0,West,Organic Search,3,Big-Ticket Tech Buyers
C00570,5,527.64,105.528,64,0.06,0.2,0.0,0.0,0.0,0.0,0.2,0.8,0.0,South,Referral,0,Everyday Home & Kitchen Shoppers
C00571,3,722.3,240.767,23,0.133,0.0,0.667,0.333,0.0,0.333,0.0,0.333,0.0,East,Organic Search,2,Deal & Festive Shoppers
C00572,5,2651.24,530.248,300,0.22,0.0,0.8,0.4,0.0,0.4,0.0,0.2,0.0,North,Referral,2,Deal & Festive Shoppers
C00573,2,140.35,70.175,378,0.15,1.0,0.5,0.0,0.0,0.0,0.5,0.5,0.0,South,Paid Social,2,Deal & Festive Shoppers
C00574,4,494.7,123.675,601,0.1,0.25,0.0,0.0,0.0,0.0,0.5,0.25,0.25,South,Email,1,Everyday Fashion Shoppers
C00575,3,1244.33,414.777,423,0.067,0.0,0.667,0.0,0.0,0.0,0.333,0.0,0.667,South,Organic Search,2,Deal & Festive Shoppers
C00576,3,247.85,82.617,401,0.2,0.0,0.667,0.0,0.0,0.0,0.667,0.0,0.333,South,Referral,2,Deal & Festive Shoppers
C00577,3,268.27,89.423,54,0.2,0.0,0.667,0.667,0.0,0.333,0.0,0.0,0.0,West,Organic Search,2,Deal & Festive Shoppers
C00578,3,631.92,210.64,267,0.0,0.0,0.0,0.0,0.333,0.0,0.0,0.0,0.667,North,Email,1,Everyday Fashion Shoppers
C00579,4,249.54,62.385,6,0.2,0.0,0.75,0.5,0.0,0.0,0.25,0.0,0.25,East,Organic Search,2,Deal & Festive Shoppers
C00580,3,365.58,121.86,526,0.083,0.0,0.0,0.333,0.0,0.0,0.667,0.0,0.0,North,Organic Search,1,Everyday Fashion Shoppers
C00581,3,346.16,115.387,569,0.117,0.0,0.0,0.0,0.333,0.0,0.333,0.333,0.0,East,Email,0,Everyday Home & Kitchen Shoppers
C00582,3,538.4,179.467,57,0.1,0.0,0.333,0.0,0.0,0.0,0.0,0.667,0.333,East,Organic Search,0,Everyday Home & Kitchen Shoppers
C00583,1,67.74,67.74,653,0.0,0.0,0.0,0.0,1.0,0.0,0.0,0.0,0.0,South,Organic Search,1,Everyday Fashion Shoppers
C00584,2,234.92,117.46,502,0.0,0.0,0.0,0.0,0.0,0.0,0.5,0.5,0.0,East,Marketplace,0,Everyday Home & Kitchen Shoppers
C00585,2,553.03,276.515,342,0.15,0.0,0.0,0.5,0.0,0.5,0.0,0.0,0.0,West,Email,3,Big-Ticket Tech Buyers
C00586,1,45.67,45.67,80,0.3,0.0,0.0,0.0,0.0,0.0,0.0,1.0,0.0,West,Marketplace,0,Everyday Home & Kitchen Shoppers
C00587,1,273.88,273.88,243,0.2,1.0,0.0,0.0,0.0,1.0,0.0,0.0,0.0,South,Paid Social,3,Big-Ticket Tech Buyers
C00588,1,52.13,52.13,658,0.05,0.0,0.0,1.0,0.0,0.0,0.0,0.0,0.0,South,Paid Social,4,Everyday Beauty Shoppers
C00589,5,1349.94,269.988,14,0.12,0.2,0.6,0.4,0.0,0.2,0.2,0.0,0.2,East,Email,2,Deal & Festive Shoppers
C00590,4,581.9,145.475,46,0.075,0.0,0.25,0.0,0.0,0.0,0.25,0.5,0.25,South,Organic Search,2,Deal & Festive Shoppers
C00591,1,47.43,47.43,170,0.2,1.0,0.0,0.0,0.0,0.0,0.0,1.0,0.0,West,Email,0,Everyday Home & Kitchen Shoppers
C00592,1,111.29,111.29,96,0.1,0.0,0.0,0.0,0.0,0.0,0.0,0.0,1.0,South,Organic Search,1,Everyday Fashion Shoppers
C00593,5,2817.22,563.444,336,0.11,0.0,0.4,0.0,0.0,0.4,0.2,0.4,0.0,West,Marketplace,3,Big-Ticket Tech Buyers
C00594,3,205.8,68.6,10,0.167,0.0,1.0,0.333,0.0,0.0,0.667,0.0,0.0,North,Referral,2,Deal & Festive Shoppers
C00595,2,101.27,50.635,108,0.1,0.0,0.0,0.0,0.5,0.0,0.0,0.5,0.0,North,Paid Social,0,Everyday Home & Kitchen Shoppers
C00596,2,209.08,104.54,143,0.05,0.0,0.0,0.0,0.5,0.0,0.0,0.5,0.0,West,Paid Social,0,Everyday Home & Kitchen Shoppers
C00597,3,160.82,53.607,263,0.05,0.333,0.0,0.333,0.0,0.0,0.667,0.0,0.0,West,Organic Search,1,Everyday Fashion Shoppers
C00598,1,98.01,98.01,186,0.0,0.0,0.0,0.0,0.0,0.0,1.0,0.0,0.0,West,Paid Social,1,Everyday Fashion Shoppers
C00599,4,1027.77,256.942,132,0.05,0.0,0.0,0.0,0.0,0.5,0.5,0.0,0.0,West,Email,3,Big-Ticket Tech Buyers
C00600,1,172.77,172.77,266,0.05,0.0,0.0,0.0,0.0,0.0,1.0,0.0,0.0,South,Paid Social,1,Everyday Fashion Shoppers
C00601,1,112.67,112.67,292,0.3,0.0,0.0,0.0,0.0,0.0,1.0,0.0,0.0,South,Paid Social,1,Everyday Fashion Shoppers
C00602,3,261.14,87.047,50,0.067,0.0,0.667,0.667,0.0,0.0,0.0,0.333,0.0,North,Organic Search,2,Deal & Festive Shoppers
C00603,3,115.45,38.483,161,0.067,0.0,0.0,0.333,0.333,0.0,0.0,0.333,0.0,East,Email,4,Everyday Beauty Shoppers
C00604,2,163.86,81.93,556,0.05,0.0,0.0,0.0,0.5,0.0,0.5,0.0,0.0,North,Paid Social,1,Everyday Fashion Shoppers
C00605,1,270.96,270.96,152,0.0,0.0,0.0,0.0,0.0,0.0,1.0,0.0,0.0,West,Organic Search,1,Everyday Fashion Shoppers
C00606,1,107.98,107.98,345,0.05,0.0,0.0,0.0,0.0,0.0,0.0,0.0,1.0,North,Marketplace,1,Everyday Fashion Shoppers
C00607,2,192.51,96.255,362,0.0,0.0,0.0,0.0,0.5,0.0,0.0,0.5,0.0,North,Paid Social,0,Everyday Home & Kitchen Shoppers
C00608,1,78.15,78.15,357,0.0,0.0,0.0,0.0,1.0,0.0,0.0,0.0,0.0,North,Paid Social,1,Everyday Fashion Shoppers
C00609,1,91.37,91.37,37,0.1,0.0,1.0,0.0,0.0,0.0,1.0,0.0,0.0,North,Marketplace,2,Deal & Festive Shoppers
C00610,1,29.78,29.78,124,0.15,0.0,0.0,0.0,0.0,0.0,1.0,0.0,0.0,North,Paid Social,1,Everyday Fashion Shoppers
C00611,1,28.15,28.15,140,0.05,0.0,0.0,0.0,0.0,0.0,1.0,0.0,0.0,East,Marketplace,1,Everyday Fashion Shoppers
C00612,2,364.97,182.485,102,0.1,1.0,0.5,0.0,0.0,0.5,0.5,0.0,0.0,South,Email,3,Big-Ticket Tech Buyers
C00613,3,452.09,150.697,110,0.1,0.0,0.0,0.333,0.0,0.0,0.0,0.0,0.667,East,Referral,4,Everyday Beauty Shoppers
C00614,4,164.37,41.092,34,0.075,0.5,0.25,0.25,0.0,0.0,0.5,0.25,0.0,West,Organic Search,2,Deal & Festive Shoppers
C00615,1,51.62,51.62,238,0.15,0.0,0.0,1.0,0.0,0.0,0.0,0.0,0.0,East,Organic Search,4,Everyday Beauty Shoppers
C00616,4,312.08,78.02,35,0.188,0.25,0.5,0.5,0.0,0.25,0.25,0.0,0.0,East,Paid Social,2,Deal & Festive Shoppers
C00617,3,537.92,179.307,143,0.05,0.0,0.0,0.333,0.0,0.333,0.0,0.333,0.0,South,Organic Search,3,Big-Ticket Tech Buyers
C00618,5,592.98,118.596,111,0.11,0.0,0.0,0.2,0.4,0.0,0.2,0.0,0.2,North,Organic Search,2,Deal & Festive Shoppers
C00619,4,709.57,177.392,544,0.025,0.0,0.0,0.0,0.25,0.0,0.5,0.0,0.25,South,Referral,1,Everyday Fashion Shoppers
C00620,3,712.02,237.34,543,0.0,0.0,0.0,0.0,0.0,0.0,0.0,0.667,0.333,West,Email,0,Everyday Home & Kitchen Shoppers
C00621,4,285.6,71.4,157,0.225,0.0,0.75,0.75,0.0,0.0,0.0,0.25,0.0,East,Organic Search,2,Deal & Festive Shoppers
C00622,2,147.22,73.61,309,0.15,0.0,0.5,0.0,0.0,0.0,0.5,0.5,0.0,North,Email,2,Deal & Festive Shoppers
C00623,5,1578.18,315.636,401,0.06,0.0,0.4,0.2,0.0,0.6,0.2,0.0,0.0,South,Marketplace,3,Big-Ticket Tech Buyers
C00624,3,1621.0,540.333,273,0.117,0.0,0.667,0.0,0.0,0.333,0.0,0.667,0.0,West,Email,3,Big-Ticket Tech Buyers
C00625,3,248.45,82.817,107,0.0,0.0,0.0,0.667,0.0,0.0,0.333,0.0,0.0,East,Email,4,Everyday Beauty Shoppers
C00626,2,439.76,219.88,510,0.1,0.0,0.0,0.0,0.0,0.0,1.0,0.0,0.0,East,Email,1,Everyday Fashion Shoppers
C00627,2,929.85,464.925,490,0.15,0.0,0.0,0.5,0.0,0.5,0.0,0.0,0.0,West,Organic Search,3,Big-Ticket Tech Buyers
C00628,1,82.62,82.62,459,0.0,0.0,0.0,0.0,0.0,0.0,1.0,0.0,0.0,East,Paid Social,1,Everyday Fashion Shoppers
C00629,4,691.22,172.805,209,0.112,0.0,0.5,0.0,0.0,0.0,0.0,0.25,0.75,East,Marketplace,2,Deal & Festive Shoppers
C00630,2,773.82,386.91,206,0.05,1.0,0.0,0.0,0.0,0.5,0.5,0.0,0.0,North,Referral,3,Big-Ticket Tech Buyers
C00631,2,463.36,231.68,188,0.1,0.5,0.0,0.0,0.5,0.5,0.0,0.0,0.0,North,Email,3,Big-Ticket Tech Buyers
C00632,1,109.4,109.4,496,0.0,0.0,0.0,0.0,0.0,0.0,0.0,0.0,1.0,West,Marketplace,1,Everyday Fashion Shoppers
C00633,2,22.66,11.33,425,0.1,0.0,1.0,0.0,1.0,0.0,0.0,0.0,0.0,East,Organic Search,2,Deal & Festive Shoppers
C00634,1,77.32,77.32,463,0.05,0.0,0.0,1.0,0.0,0.0,0.0,0.0,0.0,South,Paid Social,4,Everyday Beauty Shoppers
C00635,4,1460.76,365.19,451,0.025,0.0,0.0,0.0,0.0,0.5,0.0,0.25,0.25,East,Referral,3,Big-Ticket Tech Buyers
C00636,3,350.47,116.823,118,0.0,0.0,0.0,0.0,0.667,0.0,0.0,0.333,0.0,North,Organic Search,0,Everyday Home & Kitchen Shoppers
C00637,3,152.47,50.823,371,0.15,0.333,0.667,0.0,0.0,0.0,0.667,0.0,0.333,West,Referral,2,Deal & Festive Shoppers
C00638,4,350.38,87.595,265,0.062,0.0,0.0,0.25,0.5,0.0,0.0,0.25,0.0,North,Email,0,Everyday Home & Kitchen Shoppers
C00639,4,541.13,135.282,112,0.038,0.0,0.0,0.5,0.25,0.0,0.25,0.0,0.0,West,Referral,4,Everyday Beauty Shoppers
C00640,2,420.42,210.21,50,0.3,0.0,1.0,0.0,0.0,1.0,0.0,0.0,0.0,East,Organic Search,2,Deal & Festive Shoppers
C00641,3,193.54,64.513,194,0.067,0.333,0.0,0.333,0.0,0.0,0.667,0.0,0.0,North,Email,1,Everyday Fashion Shoppers
C00642,3,315.8,105.267,28,0.2,0.0,0.667,0.0,0.333,0.0,0.667,0.0,0.0,North,Organic Search,2,Deal & Festive Shoppers
C00643,1,37.8,37.8,129,0.0,0.0,0.0,0.0,0.0,0.0,0.0,1.0,0.0,West,Marketplace,0,Everyday Home & Kitchen Shoppers
C00644,2,213.12,106.56,390,0.1,0.0,1.0,0.0,0.0,0.0,0.0,0.0,1.0,North,Organic Search,2,Deal & Festive Shoppers
C00645,2,388.21,194.105,150,0.15,0.0,0.0,0.5,0.0,0.5,0.0,0.0,0.0,North,Marketplace,3,Big-Ticket Tech Buyers
C00646,3,260.11,86.703,382,0.167,0.0,0.667,0.667,0.0,0.0,0.333,0.0,0.0,East,Paid Social,4,Everyday Beauty Shoppers
C00647,4,360.42,90.105,335,0.162,0.0,0.75,0.0,0.25,0.25,0.0,0.5,0.0,South,Paid Social,2,Deal & Festive Shoppers
C00648,2,177.63,88.815,92,0.05,0.0,0.0,0.5,0.0,0.0,0.0,0.5,0.0,South,Paid Social,4,Everyday Beauty Shoppers
C00649,3,90.57,30.19,15,0.267,0.0,1.0,0.667,0.0,0.0,0.0,0.0,0.333,North,Organic Search,2,Deal & Festive Shoppers
C00650,2,246.68,123.34,95,0.1,0.0,0.0,0.0,0.5,0.5,0.0,0.0,0.0,West,Paid Social,3,Big-Ticket Tech Buyers
C00651,3,1018.0,339.333,200,0.117,0.333,0.333,0.0,0.0,0.333,0.333,0.0,0.333,South,Marketplace,3,Big-Ticket Tech Buyers
C00652,2,349.82,174.91,119,0.025,0.0,0.0,0.0,0.0,0.0,0.5,0.5,0.0,North,Email,0,Everyday Home & Kitchen Shoppers
C00653,2,141.75,70.875,556,0.05,0.5,0.0,0.0,0.5,0.0,0.0,0.5,0.0,South,Organic Search,0,Everyday Home & Kitchen Shoppers
C00654,3,263.07,87.69,12,0.133,0.0,0.667,0.0,0.0,0.0,0.667,0.333,0.0,North,Email,2,Deal & Festive Shoppers
C00655,2,183.12,91.56,206,0.0,0.0,0.0,0.0,0.5,0.0,0.0,0.5,0.0,South,Marketplace,0,Everyday Home & Kitchen Shoppers
C00656,1,111.34,111.34,357,0.1,0.0,0.0,0.0,0.0,0.0,1.0,0.0,0.0,North,Email,1,Everyday Fashion Shoppers
C00657,2,383.32,191.66,153,0.025,0.0,0.0,0.0,0.0,0.0,1.0,0.0,0.0,North,Paid Social,1,Everyday Fashion Shoppers
C00658,1,477.42,477.42,270,0.0,1.0,0.0,0.0,0.0,1.0,0.0,0.0,0.0,South,Organic Search,3,Big-Ticket Tech Buyers
C00659,5,942.41,188.482,415,0.13,0.2,0.4,0.0,0.0,0.2,0.4,0.4,0.0,West,Marketplace,2,Deal & Festive Shoppers
C00660,2,622.5,311.25,432,0.075,0.0,0.0,0.0,0.0,0.5,0.0,0.5,0.0,North,Paid Social,3,Big-Ticket Tech Buyers
C00661,3,270.2,90.067,547,0.067,0.0,0.0,0.333,0.333,0.0,0.0,0.333,0.0,North,Paid Social,0,Everyday Home & Kitchen Shoppers
C00662,2,466.36,233.18,202,0.075,0.0,0.0,0.0,0.5,0.0,0.0,0.0,0.5,West,Email,1,Everyday Fashion Shoppers
C00663,3,359.34,119.78,259,0.15,0.333,0.0,0.0,0.667,0.0,0.0,0.333,0.0,West,Organic Search,0,Everyday Home & Kitchen Shoppers
C00664,1,30.19,30.19,581,0.0,0.0,0.0,1.0,0.0,0.0,0.0,0.0,0.0,East,Marketplace,4,Everyday Beauty Shoppers
C00665,2,175.08,87.54,270,0.15,0.0,0.0,0.5,0.5,0.0,0.0,0.0,0.0,North,Organic Search,4,Everyday Beauty Shoppers
C00666,1,76.39,76.39,228,0.15,1.0,0.0,0.0,0.0,0.0,1.0,0.0,0.0,South,Email,1,Everyday Fashion Shoppers
C00667,3,584.81,194.937,310,0.133,0.333,0.333,0.333,0.0,0.0,0.333,0.0,0.333,North,Marketplace,2,Deal & Festive Shoppers
C00668,1,35.88,35.88,112,0.0,0.0,0.0,1.0,0.0,0.0,0.0,0.0,0.0,North,Marketplace,4,Everyday Beauty Shoppers
C00669,1,60.06,60.06,72,0.0,0.0,0.0,0.0,1.0,0.0,0.0,0.0,0.0,South,Marketplace,1,Everyday Fashion Shoppers
C00670,1,735.47,735.47,637,0.2,0.0,0.0,0.0,0.0,1.0,0.0,0.0,0.0,East,Marketplace,3,Big-Ticket Tech Buyers
C00671,3,115.29,38.43,8,0.183,0.0,1.0,0.0,0.667,0.0,0.333,0.0,0.0,South,Organic Search,2,Deal & Festive Shoppers
C00672,1,989.32,989.32,282,0.0,0.0,0.0,0.0,0.0,1.0,0.0,0.0,0.0,East,Marketplace,3,Big-Ticket Tech Buyers
C00673,5,1308.68,261.736,11,0.08,0.0,0.8,0.2,0.4,0.4,0.0,0.0,0.0,South,Marketplace,2,Deal & Festive Shoppers
C00674,2,103.76,51.88,567,0.05,0.0,0.0,0.5,0.5,0.0,0.0,0.0,0.0,South,Paid Social,4,Everyday Beauty Shoppers
C00675,2,152.27,76.135,259,0.0,0.0,0.0,0.0,0.0,0.0,1.0,0.0,0.0,East,Paid Social,1,Everyday Fashion Shoppers
C00676,4,388.42,97.105,30,0.1,0.0,0.5,0.0,0.25,0.0,0.75,0.0,0.0,West,Organic Search,2,Deal & Festive Shoppers
C00677,1,48.12,48.12,308,0.0,0.0,0.0,0.0,0.0,0.0,1.0,0.0,0.0,South,Referral,1,Everyday Fashion Shoppers
C00678,2,600.34,300.17,626,0.075,0.0,0.0,0.0,0.0,0.5,0.0,0.5,0.0,East,Email,3,Big-Ticket Tech Buyers
C00679,1,337.07,337.07,353,0.0,0.0,0.0,0.0,0.0,1.0,0.0,0.0,0.0,North,Paid Social,3,Big-Ticket Tech Buyers
C00680,1,248.54,248.54,72,0.1,0.0,0.0,0.0,0.0,0.0,1.0,0.0,0.0,North,Paid Social,1,Everyday Fashion Shoppers
C00681,1,529.05,529.05,220,0.0,0.0,0.0,0.0,0.0,0.0,0.0,1.0,0.0,East,Referral,0,Everyday Home & Kitchen Shoppers
C00682,2,409.97,204.985,588,0.0,0.0,0.0,0.0,0.0,0.0,0.5,0.5,0.0,North,Organic Search,0,Everyday Home & Kitchen Shoppers
C00683,2,18.52,9.26,56,0.15,0.0,1.0,1.0,0.0,0.0,0.0,0.0,0.0,South,Marketplace,4,Everyday Beauty Shoppers
C00684,2,233.54,116.77,49,0.3,0.0,1.0,0.0,0.0,1.0,0.0,0.0,0.0,South,Organic Search,2,Deal & Festive Shoppers
C00685,3,439.8,146.6,99,0.033,0.0,0.0,0.0,0.333,0.0,0.667,0.0,0.0,North,Organic Search,1,Everyday Fashion Shoppers
C00686,2,170.35,85.175,92,0.0,0.0,0.0,0.0,0.5,0.5,0.0,0.0,0.0,North,Organic Search,3,Big-Ticket Tech Buyers
C00687,3,264.56,88.187,404,0.2,0.0,0.667,0.667,0.0,0.0,0.0,0.0,0.333,South,Marketplace,4,Everyday Beauty Shoppers
C00688,1,25.38,25.38,314,0.05,0.0,0.0,1.0,0.0,0.0,0.0,0.0,0.0,West,Marketplace,4,Everyday Beauty Shoppers
C00689,2,1082.34,541.17,413,0.1,0.0,1.0,0.0,0.0,1.0,0.0,0.0,0.0,East,Organic Search,3,Big-Ticket Tech Buyers
C00690,2,158.28,79.14,159,0.1,0.0,0.0,0.0,0.0,0.0,0.0,0.5,0.5,South,Organic Search,0,Everyday Home & Kitchen Shoppers
C00691,2,109.6,54.8,31,0.2,1.0,1.0,0.0,0.0,0.0,1.0,0.0,0.0,North,Paid Social,2,Deal & Festive Shoppers
C00692,2,328.13,164.065,139,0.075,0.0,0.0,0.5,0.0,0.0,0.5,0.0,0.0,East,Organic Search,4,Everyday Beauty Shoppers
C00693,3,968.5,322.833,26,0.133,0.0,0.667,0.333,0.0,0.0,0.0,0.0,0.667,North,Email,2,Deal & Festive Shoppers
C00694,3,911.17,303.723,48,0.1,0.0,1.0,0.0,0.0,0.667,0.333,0.0,0.0,East,Organic Search,2,Deal & Festive Shoppers
C00695,2,380.19,190.095,217,0.0,0.5,0.0,0.0,0.0,0.0,0.5,0.0,0.5,East,Paid Social,1,Everyday Fashion Shoppers
C00696,2,234.22,117.11,362,0.05,0.0,0.0,0.5,0.0,0.0,0.5,0.0,0.0,South,Paid Social,4,Everyday Beauty Shoppers
C00697,1,84.81,84.81,214,0.3,0.0,0.0,1.0,0.0,0.0,0.0,0.0,0.0,South,Paid Social,4,Everyday Beauty Shoppers
C00698,5,183.21,36.642,51,0.18,0.0,0.8,0.0,0.6,0.0,0.4,0.0,0.0,North,Paid Social,2,Deal & Festive Shoppers
C00699,3,289.17,96.39,325,0.133,0.333,0.0,0.333,0.0,0.0,0.333,0.333,0.0,North,Organic Search,0,Everyday Home & Kitchen Shoppers
C00700,4,620.68,155.17,144,0.038,0.0,0.0,0.25,0.0,0.25,0.0,0.0,0.5,South,Organic Search,3,Big-Ticket Tech Buyers
C00701,4,1654.01,413.502,54,0.15,0.0,0.5,0.0,0.0,0.75,0.0,0.0,0.25,West,Organic Search,3,Big-Ticket Tech Buyers
C00702,1,1684.92,1684.92,288,0.05,1.0,0.0,0.0,0.0,1.0,0.0,0.0,0.0,North,Organic Search,3,Big-Ticket Tech Buyers
C00703,1,306.12,306.12,604,0.0,0.0,0.0,0.0,0.0,0.0,0.0,1.0,0.0,East,Marketplace,0,Everyday Home & Kitchen Shoppers
C00704,4,208.71,52.178,389,0.188,0.0,0.5,0.5,0.25,0.0,0.25,0.0,0.0,East,Organic Search,4,Everyday Beauty Shoppers
C00705,2,1373.24,686.62,576,0.025,0.0,0.0,0.0,0.0,0.5,0.5,0.0,0.0,North,Paid Social,3,Big-Ticket Tech Buyers
C00706,2,436.17,218.085,302,0.0,0.5,0.0,0.5,0.0,0.0,0.5,0.0,0.0,North,Organic Search,1,Everyday Fashion Shoppers
C00707,1,99.06,99.06,717,0.05,0.0,0.0,0.0,0.0,0.0,1.0,0.0,0.0,South,Email,1,Everyday Fashion Shoppers
C00708,1,421.72,421.72,323,0.1,0.0,0.0,0.0,0.0,1.0,0.0,0.0,0.0,East,Marketplace,3,Big-Ticket Tech Buyers
C00709,2,135.73,67.865,329,0.1,0.0,0.5,1.0,0.0,0.0,0.0,0.0,0.0,South,Email,4,Everyday Beauty Shoppers
C00710,5,942.14,188.428,25,0.22,0.2,0.6,0.0,0.0,0.2,0.6,0.2,0.0,East,Referral,2,Deal & Festive Shoppers
C00711,2,1640.25,820.125,168,0.05,0.0,0.0,0.0,0.0,1.0,0.0,0.0,0.0,West,Email,3,Big-Ticket Tech Buyers
C00712,1,186.29,186.29,350,0.2,0.0,0.0,0.0,0.0,0.0,0.0,0.0,1.0,East,Paid Social,1,Everyday Fashion Shoppers
C00713,2,269.02,134.51,106,0.05,0.0,0.0,0.0,0.0,0.0,1.0,0.0,0.0,West,Marketplace,1,Everyday Fashion Shoppers
C00714,3,502.27,167.423,14,0.25,0.667,0.667,0.0,0.0,0.0,1.0,0.0,0.0,East,Email,2,Deal & Festive Shoppers
C00715,1,16.17,16.17,87,0.0,0.0,0.0,1.0,0.0,0.0,0.0,0.0,0.0,West,Organic Search,4,Everyday Beauty Shoppers
C00716,1,59.62,59.62,162,0.0,0.0,0.0,1.0,0.0,0.0,0.0,0.0,0.0,West,Paid Social,4,Everyday Beauty Shoppers
C00717,2,392.07,196.035,352,0.025,0.0,0.0,0.0,0.0,0.0,0.5,0.5,0.0,East,Organic Search,0,Everyday Home & Kitchen Shoppers
C00718,3,463.18,154.393,171,0.1,0.0,0.333,0.0,0.0,0.333,0.0,0.333,0.333,West,Organic Search,3,Big-Ticket Tech Buyers
C00719,2,279.49,139.745,202,0.125,0.0,0.0,0.0,0.0,0.0,1.0,0.0,0.0,West,Marketplace,1,Everyday Fashion Shoppers
C00720,2,487.09,243.545,109,0.025,0.0,0.0,0.5,0.0,0.5,0.0,0.0,0.0,South,Organic Search,3,Big-Ticket Tech Buyers
C00721,2,202.45,101.225,565,0.075,0.0,0.0,0.5,0.0,0.0,0.0,0.0,0.5,East,Email,4,Everyday Beauty Shoppers
C00722,1,943.21,943.21,73,0.05,0.0,0.0,0.0,0.0,1.0,0.0,0.0,0.0,East,Marketplace,3,Big-Ticket Tech Buyers
C00723,1,364.59,364.59,139,0.1,0.0,0.0,0.0,0.0,1.0,0.0,0.0,0.0,West,Paid Social,3,Big-Ticket Tech Buyers
C00724,1,105.49,105.49,643,0.3,0.0,0.0,0.0,0.0,0.0,0.0,1.0,0.0,South,Paid Social,0,Everyday Home & Kitchen Shoppers
C00725,4,617.57,154.392,6,0.038,0.0,0.25,0.0,0.25,0.25,0.0,0.25,0.25,West,Referral,2,Deal & Festive Shoppers
C00726,3,377.29,125.763,442,0.017,0.0,0.0,0.0,0.333,0.333,0.333,0.0,0.0,East,Email,3,Big-Ticket Tech Buyers
C00727,1,401.47,401.47,225,0.1,0.0,0.0,0.0,0.0,0.0,0.0,0.0,1.0,West,Organic Search,1,Everyday Fashion Shoppers
C00728,2,717.42,358.71,623,0.0,0.0,0.0,0.0,0.0,0.5,0.0,0.0,0.5,North,Organic Search,3,Big-Ticket Tech Buyers
C00729,6,534.71,89.118,69,0.05,0.0,0.333,0.167,0.167,0.0,0.167,0.167,0.333,East,Referral,2,Deal & Festive Shoppers
C00730,1,60.01,60.01,268,0.1,0.0,0.0,0.0,0.0,0.0,1.0,0.0,0.0,East,Marketplace,1,Everyday Fashion Shoppers
C00731,2,309.76,154.88,209,0.0,0.0,0.0,0.0,0.0,0.0,0.0,0.5,0.5,West,Organic Search,0,Everyday Home & Kitchen Shoppers
C00732,2,106.47,53.235,56,0.175,0.0,0.5,1.0,0.0,0.0,0.0,0.0,0.0,West,Paid Social,4,Everyday Beauty Shoppers
C00733,2,262.56,131.28,76,0.1,0.0,0.0,0.0,0.0,0.0,0.0,1.0,0.0,East,Marketplace,0,Everyday Home & Kitchen Shoppers
C00734,4,849.34,212.335,41,0.05,0.0,0.5,0.0,0.0,0.0,0.0,0.0,1.0,East,Organic Search,2,Deal & Festive Shoppers
C00735,2,254.85,127.425,479,0.2,0.0,0.0,0.0,0.5,0.0,0.0,0.5,0.0,North,Organic Search,0,Everyday Home & Kitchen Shoppers
C00736,3,292.16,97.387,105,0.0,0.0,0.0,0.333,0.0,0.0,0.333,0.333,0.0,West,Referral,0,Everyday Home & Kitchen Shoppers
C00737,1,35.66,35.66,214,0.0,0.0,0.0,0.0,0.0,0.0,1.0,0.0,0.0,North,Organic Search,1,Everyday Fashion Shoppers
C00738,2,140.05,70.025,466,0.1,0.0,0.0,0.0,0.5,0.0,0.5,0.0,0.0,East,Organic Search,1,Everyday Fashion Shoppers
C00739,2,44.22,22.11,145,0.1,0.0,0.0,0.5,0.5,0.0,0.0,0.0,0.0,East,Referral,4,Everyday Beauty Shoppers
C00740,2,679.91,339.955,74,0.075,0.0,0.0,0.0,0.0,0.5,0.5,0.0,0.0,South,Referral,3,Big-Ticket Tech Buyers
C00741,3,451.11,150.37,5,0.133,0.0,0.667,0.0,0.0,0.0,1.0,0.0,0.0,North,Paid Social,2,Deal & Festive Shoppers
C00742,1,307.78,307.78,187,0.1,0.0,0.0,0.0,0.0,1.0,0.0,0.0,0.0,North,Paid Social,3,Big-Ticket Tech Buyers
C00743,2,621.63,310.815,234,0.0,0.0,0.0,0.0,0.0,0.5,0.0,0.5,0.0,West,Referral,3,Big-Ticket Tech Buyers
C00744,7,758.86,108.409,375,0.129,0.143,0.571,0.143,0.0,0.143,0.714,0.0,0.0,East,Referral,2,Deal & Festive Shoppers
C00745,2,173.7,86.85,71,0.075,0.0,0.0,0.5,0.5,0.0,0.0,0.0,0.0,North,Email,4,Everyday Beauty Shoppers
C00746,7,1185.12,169.303,45,0.1,0.0,0.286,0.286,0.143,0.143,0.286,0.0,0.143,East,Email,2,Deal & Festive Shoppers
C00747,5,392.98,78.596,20,0.16,0.0,0.6,0.2,0.0,0.0,0.6,0.0,0.2,North,Referral,2,Deal & Festive Shoppers
C00748,2,1184.74,592.37,270,0.075,0.0,0.0,0.0,0.0,0.5,0.0,0.5,0.0,West,Marketplace,3,Big-Ticket Tech Buyers
C00749,2,352.4,176.2,451,0.05,0.5,0.0,0.5,0.0,0.0,0.5,0.0,0.0,South,Marketplace,1,Everyday Fashion Shoppers
C00750,2,292.55,146.275,217,0.15,0.0,0.0,0.0,0.0,0.5,0.0,0.0,0.5,North,Organic Search,3,Big-Ticket Tech Buyers
C00751,1,44.7,44.7,50,0.3,0.0,1.0,1.0,0.0,0.0,0.0,0.0,0.0,North,Marketplace,4,Everyday Beauty Shoppers
C00752,2,206.82,103.41,265,0.125,0.0,0.0,0.0,0.0,0.0,1.0,0.0,0.0,East,Marketplace,1,Everyday Fashion Shoppers
C00753,1,119.95,119.95,664,0.1,0.0,0.0,0.0,0.0,0.0,0.0,1.0,0.0,South,Paid Social,0,Everyday Home & Kitchen Shoppers
C00754,1,8.57,8.57,64,0.2,0.0,0.0,1.0,0.0,0.0,0.0,0.0,0.0,East,Organic Search,4,Everyday Beauty Shoppers
C00755,5,859.32,171.864,190,0.05,0.2,0.0,0.0,0.0,0.0,0.6,0.4,0.0,South,Referral,0,Everyday Home & Kitchen Shoppers
C00756,2,303.54,151.77,416,0.3,0.0,1.0,0.0,0.0,0.0,1.0,0.0,0.0,South,Paid Social,2,Deal & Festive Shoppers
C00757,1,398.47,398.47,200,0.05,0.0,0.0,0.0,0.0,1.0,0.0,0.0,0.0,North,Email,3,Big-Ticket Tech Buyers
C00758,5,1937.98,387.596,403,0.1,0.0,0.8,0.0,0.6,0.4,0.0,0.0,0.0,North,Paid Social,3,Big-Ticket Tech Buyers
C00759,2,172.38,86.19,284,0.15,0.0,0.0,0.5,0.0,0.0,0.0,0.5,0.0,West,Organic Search,4,Everyday Beauty Shoppers
C00760,2,107.45,53.725,183,0.1,0.0,0.0,0.0,0.5,0.0,0.0,0.5,0.0,North,Organic Search,0,Everyday Home & Kitchen Shoppers
C00761,4,228.6,57.15,404,0.188,0.0,0.5,0.25,0.5,0.0,0.0,0.0,0.25,West,Marketplace,2,Deal & Festive Shoppers
C00762,1,30.51,30.51,329,0.0,0.0,0.0,1.0,0.0,0.0,0.0,0.0,0.0,South,Organic Search,4,Everyday Beauty Shoppers
C00763,1,66.99,66.99,64,0.2,0.0,0.0,0.0,0.0,0.0,1.0,0.0,0.0,North,Email,1,Everyday Fashion Shoppers
C00764,2,341.88,170.94,23,0.175,0.0,0.5,0.0,0.0,0.0,0.5,0.5,0.0,North,Organic Search,2,Deal & Festive Shoppers
C00765,2,214.81,107.405,445,0.05,0.0,0.0,0.5,0.0,0.0,0.5,0.0,0.0,North,Paid Social,4,Everyday Beauty Shoppers
C00766,1,139.82,139.82,169,0.0,0.0,0.0,1.0,0.0,0.0,0.0,0.0,0.0,East,Paid Social,4,Everyday Beauty Shoppers
C00767,1,136.32,136.32,294,0.05,0.0,0.0,0.0,0.0,0.0,0.0,0.0,1.0,East,Organic Search,1,Everyday Fashion Shoppers
C00768,1,23.94,23.94,381,0.3,0.0,1.0,0.0,1.0,0.0,0.0,0.0,0.0,South,Referral,2,Deal & Festive Shoppers
C00769,3,299.3,99.767,528,0.033,0.0,0.0,0.333,0.333,0.0,0.333,0.0,0.0,East,Email,4,Everyday Beauty Shoppers
C00770,1,44.67,44.67,462,0.0,0.0,0.0,0.0,0.0,0.0,0.0,0.0,1.0,East,Organic Search,1,Everyday Fashion Shoppers
C00771,2,190.5,95.25,243,0.125,0.0,0.0,0.5,0.0,0.0,0.0,0.0,0.5,West,Paid Social,4,Everyday Beauty Shoppers
C00772,2,122.8,61.4,24,0.15,0.0,1.0,0.0,1.0,0.0,0.0,0.0,0.0,West,Email,2,Deal & Festive Shoppers
C00773,2,121.55,60.775,598,0.0,0.0,0.0,0.5,0.0,0.0,0.0,0.5,0.0,East,Email,4,Everyday Beauty Shoppers
C00774,2,579.44,289.72,89,0.15,0.0,0.0,0.0,0.0,0.5,0.0,0.0,0.5,West,Paid Social,3,Big-Ticket Tech Buyers
C00775,1,56.86,56.86,126,0.0,0.0,0.0,0.0,0.0,0.0,0.0,1.0,0.0,East,Email,0,Everyday Home & Kitchen Shoppers
C00776,3,91.21,30.403,4,0.133,0.0,0.667,0.0,0.333,0.0,0.667,0.0,0.0,South,Organic Search,2,Deal & Festive Shoppers
C00777,4,203.76,50.94,373,0.2,0.0,0.75,0.25,0.0,0.0,0.0,0.75,0.0,East,Organic Search,2,Deal & Festive Shoppers
C00778,3,270.97,90.323,548,0.117,0.0,0.0,0.0,0.0,0.0,0.333,0.333,0.333,North,Referral,0,Everyday Home & Kitchen Shoppers
C00779,2,247.69,123.845,302,0.0,0.0,0.0,0.0,0.0,0.0,0.5,0.5,0.0,East,Email,0,Everyday Home & Kitchen Shoppers
C00780,4,894.13,223.532,104,0.038,0.25,0.0,0.25,0.0,0.25,0.0,0.0,0.5,West,Email,3,Big-Ticket Tech Buyers
C00781,1,115.74,115.74,105,0.0,0.0,0.0,0.0,0.0,0.0,1.0,0.0,0.0,North,Organic Search,1,Everyday Fashion Shoppers
C00782,1,1138.52,1138.52,273,0.05,1.0,0.0,0.0,0.0,1.0,0.0,0.0,0.0,West,Paid Social,3,Big-Ticket Tech Buyers
C00783,5,442.67,88.534,43,0.05,0.0,0.2,0.2,0.0,0.0,0.4,0.4,0.0,West,Referral,2,Deal & Festive Shoppers
C00784,3,191.95,63.983,347,0.0,0.0,0.0,0.333,0.333,0.0,0.333,0.0,0.0,North,Organic Search,4,Everyday Beauty Shoppers
C00785,3,199.88,66.627,298,0.2,0.0,0.667,0.0,0.0,0.0,0.333,0.667,0.0,East,Paid Social,2,Deal & Festive Shoppers
C00786,2,271.82,135.91,271,0.0,0.0,0.0,0.0,0.5,0.5,0.0,0.0,0.0,West,Referral,3,Big-Ticket Tech Buyers
C00787,2,337.21,168.605,303,0.1,0.0,0.0,0.5,0.0,0.0,0.0,0.0,0.5,West,Organic Search,4,Everyday Beauty Shoppers
C00788,2,251.34,125.67,119,0.0,0.0,0.0,0.5,0.0,0.0,0.5,0.0,0.0,North,Paid Social,4,Everyday Beauty Shoppers
C00789,2,110.43,55.215,174,0.0,0.0,0.0,0.5,0.0,0.0,0.0,0.0,0.5,South,Organic Search,4,Everyday Beauty Shoppers
C00790,1,160.64,160.64,707,0.1,0.0,0.0,0.0,0.0,0.0,0.0,0.0,1.0,East,Marketplace,1,Everyday Fashion Shoppers
C00791,5,334.12,66.824,258,0.18,0.0,0.4,0.2,0.4,0.0,0.2,0.2,0.0,North,Organic Search,2,Deal & Festive Shoppers
C00792,3,308.5,102.833,266,0.167,0.0,0.333,0.0,0.0,0.0,0.667,0.333,0.0,South,Organic Search,2,Deal & Festive Shoppers
C00793,2,520.18,260.09,107,0.075,0.0,0.0,0.0,0.0,0.0,0.0,1.0,0.0,North,Organic Search,0,Everyday Home & Kitchen Shoppers
C00794,2,463.83,231.915,103,0.0,0.0,0.0,0.5,0.0,0.0,0.0,0.0,0.5,North,Organic Search,4,Everyday Beauty Shoppers
C00795,3,553.8,184.6,70,0.1,0.0,0.333,0.333,0.0,0.0,0.667,0.0,0.0,East,Organic Search,2,Deal & Festive Shoppers
C00796,2,924.77,462.385,414,0.05,0.0,0.5,0.5,0.0,0.5,0.0,0.0,0.0,East,Referral,3,Big-Ticket Tech Buyers
C00797,2,48.62,24.31,53,0.1,0.0,1.0,0.0,0.0,0.0,1.0,0.0,0.0,East,Organic Search,2,Deal & Festive Shoppers
C00798,3,126.4,42.133,31,0.233,0.0,1.0,1.0,0.0,0.0,0.0,0.0,0.0,East,Organic Search,2,Deal & Festive Shoppers
C00799,2,136.27,68.135,485,0.05,0.0,0.0,0.5,0.0,0.0,0.0,0.5,0.0,South,Organic Search,4,Everyday Beauty Shoppers
C00800,4,1840.82,460.205,61,0.125,0.0,1.0,0.0,0.0,0.5,0.0,0.0,0.5,North,Paid Social,2,Deal & Festive Shoppers
C00801,1,51.91,51.91,711,0.0,0.0,0.0,0.0,0.0,0.0,0.0,1.0,0.0,North,Organic Search,0,Everyday Home & Kitchen Shoppers
C00802,3,404.19,134.73,497,0.0,0.0,0.0,0.333,0.0,0.0,0.333,0.333,0.0,North,Referral,0,Everyday Home & Kitchen Shoppers
C00803,3,759.12,253.04,92,0.0,0.333,0.0,0.667,0.0,0.333,0.0,0.0,0.0,South,Email,3,Big-Ticket Tech Buyers
C00804,1,71.12,71.12,86,0.0,0.0,0.0,0.0,0.0,0.0,0.0,1.0,0.0,North,Email,0,Everyday Home & Kitchen Shoppers
C00805,1,213.48,213.48,203,0.0,0.0,0.0,0.0,0.0,0.0,0.0,1.0,0.0,North,Organic Search,0,Everyday Home & Kitchen Shoppers
C00806,2,310.64,155.32,153,0.025,0.0,0.0,0.0,0.0,0.0,0.5,0.5,0.0,North,Marketplace,0,Everyday Home & Kitchen Shoppers
C00807,2,408.41,204.205,177,0.15,0.5,0.0,0.0,0.0,0.5,0.5,0.0,0.0,East,Email,3,Big-Ticket Tech Buyers
C00808,3,410.82,136.94,361,0.167,0.0,0.0,0.0,0.0,0.0,0.333,0.333,0.333,East,Organic Search,0,Everyday Home & Kitchen Shoppers
C00809,1,462.05,462.05,440,0.0,0.0,0.0,0.0,0.0,1.0,0.0,0.0,0.0,West,Paid Social,3,Big-Ticket Tech Buyers
C00810,2,314.28,157.14,20,0.2,0.0,1.0,0.0,0.0,0.0,0.0,1.0,0.0,East,Email,2,Deal & Festive Shoppers
C00811,1,23.38,23.38,698,0.2,0.0,0.0,1.0,0.0,0.0,0.0,0.0,0.0,East,Paid Social,4,Everyday Beauty Shoppers
C00812,1,71.05,71.05,102,0.05,0.0,0.0,0.0,0.0,0.0,1.0,0.0,0.0,North,Paid Social,1,Everyday Fashion Shoppers
C00813,2,134.69,67.345,142,0.15,0.0,0.0,0.0,1.0,0.0,0.0,0.0,0.0,East,Referral,1,Everyday Fashion Shoppers
C00814,3,178.08,59.36,135,0.05,0.0,0.0,0.0,0.667,0.0,0.0,0.333,0.0,North,Organic Search,0,Everyday Home & Kitchen Shoppers
C00815,2,666.87,333.435,127,0.1,0.0,0.0,0.0,0.5,0.5,0.0,0.0,0.0,South,Marketplace,3,Big-Ticket Tech Buyers
C00816,3,348.37,116.123,12,0.133,0.0,0.667,0.0,0.0,0.0,0.667,0.333,0.0,South,Organic Search,2,Deal & Festive Shoppers
C00817,2,96.72,48.36,403,0.2,0.5,0.5,0.0,0.0,0.0,1.0,0.0,0.0,South,Organic Search,1,Everyday Fashion Shoppers
C00818,2,212.38,106.19,572,0.125,0.0,0.0,0.5,0.0,0.0,0.0,0.0,0.5,North,Organic Search,4,Everyday Beauty Shoppers
C00819,1,1033.02,1033.02,263,0.0,1.0,0.0,0.0,0.0,1.0,0.0,0.0,0.0,East,Paid Social,3,Big-Ticket Tech Buyers
C00820,2,194.58,97.29,19,0.1,0.0,1.0,0.0,0.0,0.0,1.0,0.0,0.0,West,Marketplace,2,Deal & Festive Shoppers
C00821,3,224.23,74.743,561,0.05,0.0,0.0,0.0,0.333,0.0,0.333,0.333,0.0,East,Email,0,Everyday Home & Kitchen Shoppers
C00822,2,213.8,106.9,16,0.25,0.0,0.5,0.0,0.0,0.0,0.5,0.0,0.5,East,Marketplace,2,Deal & Festive Shoppers
C00823,2,631.37,315.685,557,0.125,0.0,0.0,0.0,0.0,0.5,0.5,0.0,0.0,East,Paid Social,3,Big-Ticket Tech Buyers
C00824,1,27.35,27.35,257,0.1,0.0,0.0,0.0,1.0,0.0,0.0,0.0,0.0,North,Paid Social,1,Everyday Fashion Shoppers
C00825,1,122.35,122.35,295,0.0,0.0,0.0,0.0,0.0,0.0,0.0,1.0,0.0,East,Paid Social,0,Everyday Home & Kitchen Shoppers
C00826,3,353.24,117.747,560,0.033,0.0,0.0,0.0,0.333,0.0,0.0,0.667,0.0,East,Organic Search,0,Everyday Home & Kitchen Shoppers
C00827,1,48.57,48.57,242,0.0,0.0,0.0,1.0,0.0,0.0,0.0,0.0,0.0,North,Marketplace,4,Everyday Beauty Shoppers
C00828,1,184.21,184.21,104,0.15,0.0,0.0,0.0,0.0,0.0,0.0,1.0,0.0,South,Paid Social,0,Everyday Home & Kitchen Shoppers
C00829,3,259.76,86.587,62,0.067,0.0,0.0,0.0,0.333,0.0,0.667,0.0,0.0,West,Paid Social,1,Everyday Fashion Shoppers
C00830,2,125.96,62.98,595,0.05,0.5,0.0,0.5,0.0,0.0,0.0,0.5,0.0,East,Paid Social,4,Everyday Beauty Shoppers
C00831,2,1192.33,596.165,490,0.0,0.5,0.0,0.0,0.0,0.5,0.5,0.0,0.0,South,Email,3,Big-Ticket Tech Buyers
C00832,1,318.34,318.34,549,0.0,0.0,0.0,0.0,0.0,0.0,0.0,0.0,1.0,East,Organic Search,1,Everyday Fashion Shoppers
C00833,3,1973.44,657.813,283,0.217,0.0,0.667,0.0,0.0,0.667,0.0,0.0,0.333,South,Email,3,Big-Ticket Tech Buyers
C00834,4,500.06,125.015,131,0.112,0.0,0.0,0.25,0.25,0.0,0.0,0.0,0.5,South,Email,4,Everyday Beauty Shoppers
C00835,3,326.64,108.88,38,0.217,0.0,0.333,0.0,0.333,0.333,0.0,0.0,0.333,South,Marketplace,2,Deal & Festive Shoppers
C00836,4,253.71,63.427,5,0.175,0.0,0.5,0.5,0.0,0.0,0.0,0.25,0.25,South,Organic Search,2,Deal & Festive Shoppers
C00837,4,1226.73,306.682,19,0.112,0.0,0.5,0.0,0.25,0.25,0.5,0.0,0.0,East,Organic Search,2,Deal & Festive Shoppers
C00838,1,46.7,46.7,577,0.1,0.0,0.0,0.0,0.0,0.0,0.0,1.0,0.0,North,Paid Social,0,Everyday Home & Kitchen Shoppers
C00839,1,31.05,31.05,703,0.3,0.0,0.0,1.0,0.0,0.0,0.0,0.0,0.0,East,Marketplace,4,Everyday Beauty Shoppers
C00840,1,294.88,294.88,88,0.1,0.0,0.0,0.0,0.0,0.0,0.0,1.0,0.0,South,Marketplace,0,Everyday Home & Kitchen Shoppers
C00841,2,343.76,171.88,491,0.0,0.0,0.0,0.0,0.0,0.0,0.0,0.5,0.5,East,Referral,0,Everyday Home & Kitchen Shoppers
C00842,1,862.38,862.38,264,0.0,0.0,0.0,0.0,0.0,1.0,0.0,0.0,0.0,East,Organic Search,3,Big-Ticket Tech Buyers
C00843,1,139.52,139.52,93,0.0,0.0,0.0,0.0,0.0,0.0,1.0,0.0,0.0,East,Organic Search,1,Everyday Fashion Shoppers
C00844,4,1370.78,342.695,484,0.012,0.0,0.0,0.5,0.0,0.25,0.25,0.0,0.0,East,Referral,3,Big-Ticket Tech Buyers
C00845,4,138.71,34.678,323,0.075,0.0,0.25,0.25,0.5,0.0,0.0,0.25,0.0,West,Organic Search,4,Everyday Beauty Shoppers
C00846,5,596.85,119.37,613,0.05,0.0,0.0,0.6,0.0,0.0,0.0,0.4,0.0,East,Referral,4,Everyday Beauty Shoppers
C00847,1,271.44,271.44,614,0.0,0.0,0.0,0.0,0.0,0.0,0.0,1.0,0.0,East,Marketplace,0,Everyday Home & Kitchen Shoppers
C00848,2,390.07,195.035,489,0.025,0.0,0.0,0.0,0.0,0.0,0.5,0.5,0.0,East,Paid Social,0,Everyday Home & Kitchen Shoppers
C00849,2,262.08,131.04,81,0.0,0.0,0.0,0.0,0.5,0.0,0.5,0.0,0.0,North,Paid Social,1,Everyday Fashion Shoppers
C00850,1,22.67,22.67,293,0.1,0.0,0.0,0.0,0.0,0.0,1.0,0.0,0.0,South,Organic Search,1,Everyday Fashion Shoppers
C00851,3,512.16,170.72,28,0.2,0.0,1.0,0.0,0.0,0.667,0.0,0.333,0.0,South,Organic Search,2,Deal & Festive Shoppers
C00852,2,179.8,89.9,96,0.0,0.5,0.0,0.5,0.0,0.0,0.0,0.5,0.0,North,Email,0,Everyday Home & Kitchen Shoppers
C00853,2,182.42,91.21,46,0.1,0.0,1.0,0.0,0.0,0.0,0.0,0.0,1.0,South,Paid Social,2,Deal & Festive Shoppers
C00854,3,910.66,303.553,503,0.0,0.0,0.0,0.0,0.0,0.333,0.333,0.333,0.0,South,Organic Search,3,Big-Ticket Tech Buyers
C00855,4,385.91,96.478,230,0.112,0.0,0.0,0.5,0.0,0.0,0.0,0.25,0.25,East,Organic Search,4,Everyday Beauty Shoppers
C00856,1,124.54,124.54,118,0.2,0.0,0.0,1.0,0.0,0.0,0.0,0.0,0.0,North,Organic Search,4,Everyday Beauty Shoppers
C00857,1,427.15,427.15,554,0.0,1.0,0.0,0.0,0.0,1.0,0.0,0.0,0.0,West,Referral,3,Big-Ticket Tech Buyers
C00858,3,422.12,140.707,559,0.05,0.0,0.0,0.0,0.667,0.333,0.0,0.0,0.0,South,Referral,3,Big-Ticket Tech Buyers
C00859,1,127.82,127.82,261,0.0,0.0,0.0,1.0,0.0,0.0,0.0,0.0,0.0,East,Paid Social,4,Everyday Beauty Shoppers
C00860,1,451.56,451.56,171,0.0,0.0,0.0,0.0,0.0,1.0,0.0,0.0,0.0,North,Paid Social,3,Big-Ticket Tech Buyers
C00861,1,78.7,78.7,40,0.1,0.0,1.0,0.0,0.0,0.0,1.0,0.0,0.0,South,Organic Search,2,Deal & Festive Shoppers
C00862,1,144.69,144.69,74,0.3,0.0,0.0,1.0,0.0,0.0,0.0,0.0,0.0,North,Paid Social,4,Everyday Beauty Shoppers
C00863,1,194.94,194.94,639,0.0,0.0,0.0,0.0,0.0,0.0,1.0,0.0,0.0,East,Organic Search,1,Everyday Fashion Shoppers
C00864,1,243.15,243.15,174,0.2,0.0,0.0,0.0,0.0,0.0,0.0,0.0,1.0,South,Marketplace,1,Everyday Fashion Shoppers
C00865,2,112.21,56.105,88,0.1,0.0,0.0,0.5,0.0,0.0,0.5,0.0,0.0,West,Organic Search,4,Everyday Beauty Shoppers
C00866,2,109.04,54.52,58,0.075,0.0,0.5,0.0,0.0,0.0,0.0,1.0,0.0,South,Paid Social,0,Everyday Home & Kitchen Shoppers
C00867,1,21.11,21.11,148,0.15,0.0,0.0,1.0,0.0,0.0,0.0,0.0,0.0,East,Organic Search,4,Everyday Beauty Shoppers
C00868,3,651.88,217.293,45,0.067,0.0,0.667,0.0,0.0,0.0,0.0,0.667,0.333,North,Email,2,Deal & Festive Shoppers
C00869,4,431.6,107.9,396,0.175,0.5,1.0,0.0,0.0,0.0,0.0,0.0,1.0,East,Organic Search,2,Deal & Festive Shoppers
C00870,3,935.47,311.823,646,0.133,0.333,0.0,0.0,0.0,0.333,0.333,0.0,0.333,South,Marketplace,3,Big-Ticket Tech Buyers
C00871,5,860.39,172.078,249,0.26,0.0,0.8,0.0,0.0,0.4,0.0,0.6,0.0,South,Organic Search,2,Deal & Festive Shoppers
C00872,2,203.38,101.69,245,0.15,0.0,0.0,0.0,0.0,0.0,0.5,0.5,0.0,North,Marketplace,0,Everyday Home & Kitchen Shoppers
C00873,6,516.45,86.075,194,0.142,0.0,0.0,0.0,0.0,0.0,0.5,0.333,0.167,North,Referral,2,Deal & Festive Shoppers
C00874,3,1055.52,351.84,569,0.05,0.0,0.0,0.0,0.333,0.333,0.0,0.333,0.0,North,Organic Search,3,Big-Ticket Tech Buyers
C00875,2,205.85,102.925,179,0.075,0.0,0.0,0.5,0.0,0.0,0.0,0.5,0.0,West,Organic Search,4,Everyday Beauty Shoppers
C00876,3,353.39,117.797,245,0.05,0.0,0.333,0.333,0.0,0.0,0.333,0.333,0.0,South,Paid Social,0,Everyday Home & Kitchen Shoppers
C00877,2,842.96,421.48,300,0.075,0.0,0.0,0.0,0.0,1.0,0.0,0.0,0.0,North,Marketplace,3,Big-Ticket Tech Buyers
C00878,2,634.45,317.225,137,0.025,0.0,0.0,0.0,0.0,0.5,0.5,0.0,0.0,West,Marketplace,3,Big-Ticket Tech Buyers
C00879,4,395.68,98.92,295,0.05,0.0,0.0,0.0,0.25,0.0,0.5,0.25,0.0,North,Organic Search,1,Everyday Fashion Shoppers
C00880,1,411.08,411.08,281,0.0,0.0,0.0,0.0,0.0,1.0,0.0,0.0,0.0,South,Paid Social,3,Big-Ticket Tech Buyers
C00881,1,63.14,63.14,654,0.2,0.0,0.0,0.0,1.0,0.0,0.0,0.0,0.0,East,Organic Search,1,Everyday Fashion Shoppers
C00882,1,119.92,119.92,122,0.0,0.0,0.0,0.0,0.0,0.0,1.0,0.0,0.0,West,Organic Search,1,Everyday Fashion Shoppers
C00883,6,590.54,98.423,86,0.083,0.0,0.333,0.0,0.333,0.0,0.5,0.0,0.167,East,Referral,2,Deal & Festive Shoppers
C00884,2,69.53,34.765,263,0.025,0.0,0.0,0.5,0.0,0.0,0.0,0.5,0.0,South,Paid Social,4,Everyday Beauty Shoppers
C00885,2,250.15,125.075,110,0.3,0.0,0.0,0.0,0.5,0.0,0.0,0.5,0.0,West,Organic Search,0,Everyday Home & Kitchen Shoppers
C00886,2,532.1,266.05,140,0.025,0.0,0.0,0.0,0.0,0.5,0.0,0.5,0.0,North,Marketplace,3,Big-Ticket Tech Buyers
C00887,3,645.3,215.1,556,0.017,0.333,0.0,0.0,0.0,0.0,1.0,0.0,0.0,West,Email,1,Everyday Fashion Shoppers
C00888,1,170.15,170.15,594,0.1,0.0,0.0,0.0,0.0,0.0,0.0,0.0,1.0,West,Email,1,Everyday Fashion Shoppers
C00889,2,1122.21,561.105,690,0.075,0.0,0.0,0.0,0.0,0.5,0.0,0.5,0.0,West,Organic Search,3,Big-Ticket Tech Buyers
C00890,2,972.95,486.475,533,0.2,0.5,0.0,0.0,0.0,0.5,0.5,0.0,0.0,North,Marketplace,3,Big-Ticket Tech Buyers
C00891,3,282.94,94.313,586,0.05,0.0,0.0,0.0,0.333,0.0,0.333,0.0,0.333,North,Referral,1,Everyday Fashion Shoppers
C00892,2,102.2,51.1,121,0.0,0.0,0.0,0.5,0.0,0.0,0.0,0.5,0.0,East,Paid Social,4,Everyday Beauty Shoppers
C00893,2,242.65,121.325,215,0.0,0.0,0.0,0.0,0.5,0.0,0.0,0.5,0.0,East,Organic Search,0,Everyday Home & Kitchen Shoppers
C00894,2,407.53,203.765,20,0.15,0.0,1.0,0.0,0.0,0.5,0.0,0.0,0.5,East,Marketplace,2,Deal & Festive Shoppers
C00895,2,221.77,110.885,108,0.15,0.0,0.0,0.0,0.0,0.0,1.0,0.0,0.0,West,Paid Social,1,Everyday Fashion Shoppers
C00896,4,1040.02,260.005,111,0.05,0.0,0.0,0.25,0.0,0.25,0.25,0.25,0.0,East,Marketplace,3,Big-Ticket Tech Buyers
C00897,3,660.29,220.097,264,0.067,0.0,0.0,0.0,0.0,0.0,0.333,0.667,0.0,South,Referral,0,Everyday Home & Kitchen Shoppers
C00898,4,165.94,41.485,356,0.062,0.0,0.0,0.5,0.25,0.0,0.0,0.25,0.0,South,Email,4,Everyday Beauty Shoppers
C00899,2,403.22,201.61,565,0.025,0.0,0.0,0.5,0.0,0.5,0.0,0.0,0.0,North,Email,3,Big-Ticket Tech Buyers
C00900,3,355.72,118.573,227,0.05,0.333,0.0,0.667,0.0,0.0,0.0,0.333,0.0,North,Marketplace,4,Everyday Beauty Shoppers
C00901,5,861.41,172.282,396,0.07,0.0,0.6,0.2,0.0,0.0,0.0,0.6,0.2,North,Organic Search,0,Everyday Home & Kitchen Shoppers
C00902,2,69.47,34.735,681,0.05,0.0,0.0,0.0,0.0,0.0,1.0,0.0,0.0,West,Organic Search,1,Everyday Fashion Shoppers
C00903,4,970.56,242.64,84,0.05,0.0,0.0,0.0,0.25,0.5,0.25,0.0,0.0,East,Email,3,Big-Ticket Tech Buyers
C00904,2,474.49,237.245,11,0.1,0.0,0.5,0.0,0.5,0.5,0.0,0.0,0.0,East,Paid Social,2,Deal & Festive Shoppers
C00905,2,92.7,46.35,369,0.15,0.5,1.0,0.5,0.0,0.0,0.0,0.5,0.0,South,Referral,2,Deal & Festive Shoppers
C00906,4,1735.63,433.908,160,0.125,0.25,0.0,0.0,0.0,0.25,0.0,0.75,0.0,East,Email,0,Everyday Home & Kitchen Shoppers
C00907,1,36.24,36.24,432,0.05,0.0,0.0,0.0,1.0,0.0,0.0,0.0,0.0,West,Paid Social,1,Everyday Fashion Shoppers
C00908,2,52.02,26.01,577,0.0,0.0,0.0,0.5,0.5,0.0,0.0,0.0,0.0,West,Email,4,Everyday Beauty Shoppers
C00909,2,215.93,107.965,270,0.0,0.0,0.0,0.0,0.0,0.0,0.5,0.5,0.0,East,Paid Social,0,Everyday Home & Kitchen Shoppers
C00910,2,333.08,166.54,626,0.025,0.0,0.0,0.0,0.5,0.0,0.0,0.5,0.0,West,Marketplace,0,Everyday Home & Kitchen Shoppers
C00911,1,97.21,97.21,179,0.15,0.0,0.0,0.0,0.0,0.0,0.0,0.0,1.0,East,Organic Search,1,Everyday Fashion Shoppers
C00912,6,1239.7,206.617,414,0.108,0.0,0.333,0.167,0.0,0.333,0.5,0.0,0.0,South,Referral,3,Big-Ticket Tech Buyers
C00913,1,284.68,284.68,464,0.0,1.0,0.0,0.0,0.0,1.0,0.0,0.0,0.0,West,Marketplace,3,Big-Ticket Tech Buyers
C00914,1,122.03,122.03,40,0.2,0.0,1.0,0.0,0.0,0.0,0.0,1.0,0.0,South,Organic Search,2,Deal & Festive Shoppers
C00915,1,91.39,91.39,307,0.1,0.0,0.0,0.0,0.0,0.0,0.0,1.0,0.0,South,Paid Social,0,Everyday Home & Kitchen Shoppers
C00916,2,237.26,118.63,399,0.2,0.0,1.0,1.0,0.0,0.0,0.0,0.0,0.0,South,Paid Social,4,Everyday Beauty Shoppers
C00917,3,430.59,143.53,153,0.05,0.0,0.0,0.0,0.0,0.333,0.667,0.0,0.0,East,Referral,1,Everyday Fashion Shoppers
C00918,1,91.8,91.8,181,0.1,0.0,0.0,0.0,0.0,0.0,1.0,0.0,0.0,East,Paid Social,1,Everyday Fashion Shoppers
C00919,3,445.41,148.47,463,0.117,0.333,0.0,0.0,0.333,0.0,0.0,0.667,0.0,East,Organic Search,0,Everyday Home & Kitchen Shoppers
C00920,1,516.86,516.86,271,0.0,0.0,0.0,0.0,0.0,1.0,0.0,0.0,0.0,South,Marketplace,3,Big-Ticket Tech Buyers
C00921,1,31.62,31.62,112,0.05,0.0,0.0,0.0,0.0,0.0,1.0,0.0,0.0,North,Organic Search,1,Everyday Fashion Shoppers
C00922,2,785.42,392.71,241,0.1,0.0,0.0,0.0,0.0,0.5,0.5,0.0,0.0,West,Paid Social,3,Big-Ticket Tech Buyers
C00923,6,309.72,51.62,98,0.125,0.0,0.333,0.5,0.167,0.0,0.167,0.167,0.0,South,Referral,2,Deal & Festive Shoppers
C00924,3,376.45,125.483,77,0.05,0.0,0.0,0.0,0.0,0.333,0.0,0.667,0.0,West,Organic Search,0,Everyday Home & Kitchen Shoppers
C00925,5,1726.83,345.366,281,0.1,0.2,0.2,0.0,0.2,0.4,0.0,0.2,0.2,North,Organic Search,3,Big-Ticket Tech Buyers
C00926,2,359.8,179.9,61,0.3,0.0,1.0,0.0,0.0,0.0,1.0,0.0,0.0,East,Marketplace,2,Deal & Festive Shoppers
C00927,5,832.08,166.416,78,0.09,0.0,0.0,0.0,0.2,0.0,0.2,0.6,0.0,East,Referral,0,Everyday Home & Kitchen Shoppers
C00928,3,1485.79,495.263,184,0.067,0.0,0.0,0.667,0.0,0.333,0.0,0.0,0.0,West,Organic Search,3,Big-Ticket Tech Buyers
C00929,4,656.41,164.102,256,0.2,0.25,0.5,0.0,0.0,0.25,0.25,0.5,0.0,North,Email,2,Deal & Festive Shoppers
C00930,1,45.02,45.02,314,0.0,1.0,0.0,1.0,0.0,0.0,0.0,0.0,0.0,West,Paid Social,4,Everyday Beauty Shoppers
C00931,2,136.66,68.33,238,0.075,0.0,0.0,0.5,0.0,0.0,0.5,0.0,0.0,East,Organic Search,4,Everyday Beauty Shoppers
C00932,3,345.4,115.133,198,0.117,0.333,0.0,0.0,0.333,0.0,0.0,0.333,0.333,East,Email,0,Everyday Home & Kitchen Shoppers
C00933,3,783.45,261.15,259,0.067,0.333,0.0,0.0,0.0,0.333,0.667,0.0,0.0,East,Paid Social,3,Big-Ticket Tech Buyers
C00934,2,334.52,167.26,241,0.0,0.0,0.0,0.5,0.0,0.0,0.0,0.0,0.5,North,Organic Search,4,Everyday Beauty Shoppers
C00935,3,229.04,76.347,318,0.2,0.0,0.667,0.0,0.667,0.0,0.0,0.0,0.333,South,Marketplace,2,Deal & Festive Shoppers
C00936,1,123.09,123.09,69,0.05,0.0,0.0,0.0,0.0,0.0,0.0,1.0,0.0,North,Organic Search,0,Everyday Home & Kitchen Shoppers
C00937,2,798.62,399.31,291,0.2,0.5,0.0,0.0,0.0,0.5,0.5,0.0,0.0,South,Organic Search,3,Big-Ticket Tech Buyers
C00938,1,26.57,26.57,623,0.3,0.0,0.0,1.0,0.0,0.0,0.0,0.0,0.0,East,Organic Search,4,Everyday Beauty Shoppers
C00939,4,170.02,42.505,405,0.225,0.0,1.0,0.5,0.0,0.0,0.0,0.0,0.5,South,Email,2,Deal & Festive Shoppers
C00940,2,378.28,189.14,268,0.125,0.0,0.5,0.0,0.0,0.0,1.0,0.0,0.0,North,Email,1,Everyday Fashion Shoppers
C00941,1,177.99,177.99,247,0.0,0.0,0.0,0.0,0.0,1.0,0.0,0.0,0.0,North,Marketplace,3,Big-Ticket Tech Buyers
C00942,3,458.26,152.753,419,0.2,0.0,0.667,0.0,0.0,0.0,0.333,0.667,0.0,North,Organic Search,2,Deal & Festive Shoppers
C00943,1,40.76,40.76,84,0.05,0.0,0.0,1.0,0.0,0.0,0.0,0.0,0.0,North,Email,4,Everyday Beauty Shoppers
C00944,3,155.32,51.773,245,0.217,0.0,0.667,0.0,0.333,0.0,0.667,0.0,0.0,East,Referral,2,Deal & Festive Shoppers
C00945,1,126.29,126.29,633,0.0,0.0,0.0,0.0,0.0,0.0,0.0,0.0,1.0,North,Paid Social,1,Everyday Fashion Shoppers
C00946,4,549.52,137.38,40,0.05,0.0,0.25,0.0,0.0,0.0,0.25,0.75,0.0,West,Organic Search,0,Everyday Home & Kitchen Shoppers
C00947,2,767.84,383.92,33,0.2,0.0,1.0,0.0,0.0,0.0,0.0,0.0,1.0,North,Email,2,Deal & Festive Shoppers
C00948,2,272.91,136.455,557,0.15,0.0,0.0,0.0,0.5,0.0,0.0,0.5,0.0,North,Organic Search,0,Everyday Home & Kitchen Shoppers
C00949,2,146.2,73.1,54,0.3,0.0,1.0,0.0,0.0,0.0,0.0,1.0,0.0,West,Referral,2,Deal & Festive Shoppers
C00950,3,218.37,72.79,309,0.017,0.0,0.0,0.0,0.333,0.0,0.667,0.0,0.0,South,Paid Social,1,Everyday Fashion Shoppers
C00951,6,637.99,106.332,114,0.017,0.0,0.0,0.0,0.333,0.0,0.167,0.333,0.167,South,Organic Search,0,Everyday Home & Kitchen Shoppers
C00952,4,359.39,89.848,250,0.112,0.0,0.25,0.5,0.0,0.0,0.0,0.0,0.5,West,Marketplace,4,Everyday Beauty Shoppers
C00953,2,229.26,114.63,270,0.0,0.0,0.0,0.0,0.0,0.0,0.0,0.5,0.5,West,Email,0,Everyday Home & Kitchen Shoppers
C00954,3,2668.25,889.417,283,0.2,0.0,0.667,0.0,0.0,0.667,0.333,0.0,0.0,East,Paid Social,3,Big-Ticket Tech Buyers
C00955,1,35.22,35.22,179,0.2,0.0,0.0,0.0,0.0,0.0,1.0,0.0,0.0,North,Email,1,Everyday Fashion Shoppers
C00956,1,161.49,161.49,292,0.0,0.0,0.0,0.0,0.0,0.0,1.0,0.0,0.0,East,Paid Social,1,Everyday Fashion Shoppers
C00957,7,1308.93,186.99,371,0.186,0.0,0.857,0.0,0.0,0.0,0.0,0.286,0.714,West,Email,2,Deal & Festive Shoppers
C00958,2,505.74,252.87,247,0.0,0.0,0.0,0.0,0.0,0.0,0.5,0.0,0.5,West,Organic Search,1,Everyday Fashion Shoppers
C00959,1,70.49,70.49,37,0.1,0.0,1.0,0.0,0.0,0.0,1.0,0.0,0.0,North,Paid Social,2,Deal & Festive Shoppers
C00960,1,90.95,90.95,438,0.05,0.0,0.0,0.0,0.0,0.0,1.0,0.0,0.0,South,Paid Social,1,Everyday Fashion Shoppers
C00961,3,570.79,190.263,195,0.1,0.0,0.0,0.0,0.333,0.0,0.0,0.667,0.0,South,Paid Social,0,Everyday Home & Kitchen Shoppers
C00962,3,334.87,111.623,44,0.133,0.0,0.667,0.667,0.0,0.0,0.0,0.0,0.333,North,Paid Social,2,Deal & Festive Shoppers
C00963,2,663.63,331.815,115,0.05,0.5,0.0,0.0,0.0,0.5,0.0,0.5,0.0,East,Organic Search,3,Big-Ticket Tech Buyers
C00964,4,352.69,88.172,120,0.088,0.0,0.5,0.0,0.5,0.0,0.25,0.0,0.25,North,Marketplace,2,Deal & Festive Shoppers
C00965,3,1767.84,589.28,15,0.167,0.0,1.0,0.333,0.0,0.667,0.0,0.0,0.0,South,Organic Search,2,Deal & Festive Shoppers
C00966,1,12.71,12.71,316,0.0,0.0,0.0,0.0,1.0,0.0,0.0,0.0,0.0,North,Organic Search,1,Everyday Fashion Shoppers
C00967,2,144.3,72.15,63,0.075,0.0,0.0,0.0,0.5,0.0,0.5,0.0,0.0,South,Paid Social,1,Everyday Fashion Shoppers
C00968,2,790.78,395.39,483,0.0,0.0,0.0,0.5,0.0,0.0,0.0,0.0,0.5,North,Referral,4,Everyday Beauty Shoppers
C00969,1,24.84,24.84,83,0.0,0.0,0.0,1.0,0.0,0.0,0.0,0.0,0.0,South,Organic Search,4,Everyday Beauty Shoppers
C00970,2,508.18,254.09,153,0.0,0.0,0.0,0.0,0.0,0.0,0.0,0.5,0.5,North,Paid Social,0,Everyday Home & Kitchen Shoppers
C00971,7,2005.68,286.526,345,0.136,0.0,0.571,0.286,0.0,0.143,0.143,0.0,0.429,West,Email,2,Deal & Festive Shoppers
C00972,5,2747.45,549.49,68,0.12,0.0,0.6,0.2,0.0,0.6,0.0,0.0,0.2,North,Organic Search,3,Big-Ticket Tech Buyers
C00973,2,267.79,133.895,118,0.15,0.5,0.5,0.5,0.0,0.0,0.0,0.0,0.5,East,Marketplace,4,Everyday Beauty Shoppers
C00974,1,59.43,59.43,391,0.3,0.0,1.0,0.0,1.0,0.0,0.0,0.0,0.0,North,Paid Social,2,Deal & Festive Shoppers
C00975,5,674.63,134.926,28,0.08,0.0,0.2,0.2,0.2,0.2,0.0,0.2,0.2,North,Referral,2,Deal & Festive Shoppers
C00976,1,224.2,224.2,558,0.0,0.0,0.0,0.0,0.0,0.0,0.0,1.0,0.0,North,Organic Search,0,Everyday Home & Kitchen Shoppers
C00977,4,221.56,55.39,11,0.125,0.5,0.5,0.0,0.0,0.0,0.75,0.0,0.25,North,Email,2,Deal & Festive Shoppers
C00978,1,64.9,64.9,316,0.2,0.0,0.0,0.0,0.0,0.0,0.0,1.0,0.0,North,Marketplace,0,Everyday Home & Kitchen Shoppers
C00979,3,660.47,220.157,183,0.0,0.333,0.0,0.0,0.667,0.333,0.0,0.0,0.0,South,Organic Search,3,Big-Ticket Tech Buyers
C00980,4,653.69,163.422,267,0.1,0.25,0.0,0.0,0.0,0.25,0.5,0.25,0.0,East,Organic Search,3,Big-Ticket Tech Buyers
C00981,4,763.28,190.82,55,0.162,0.0,0.5,0.25,0.0,0.0,0.0,0.75,0.0,North,Organic Search,2,Deal & Festive Shoppers
C00982,2,115.4,57.7,161,0.0,0.0,0.0,0.5,0.0,0.0,0.5,0.0,0.0,South,Organic Search,4,Everyday Beauty Shoppers
C00983,2,109.47,54.735,336,0.05,0.0,0.0,0.0,1.0,0.0,0.0,0.0,0.0,East,Marketplace,1,Everyday Fashion Shoppers
C00984,2,438.46,219.23,263,0.075,0.0,0.0,0.0,0.0,0.0,0.0,0.5,0.5,North,Referral,0,Everyday Home & Kitchen Shoppers
C00985,5,2159.41,431.882,107,0.02,0.0,0.0,0.0,0.0,0.6,0.2,0.0,0.2,South,Referral,3,Big-Ticket Tech Buyers
C00986,2,235.66,117.83,92,0.0,0.0,0.0,0.5,0.0,0.0,0.0,0.0,0.5,North,Marketplace,4,Everyday Beauty Shoppers
C00987,1,118.02,118.02,292,0.3,0.0,0.0,0.0,0.0,0.0,0.0,1.0,0.0,North,Marketplace,0,Everyday Home & Kitchen Shoppers
C00988,1,79.61,79.61,496,0.0,0.0,0.0,0.0,0.0,0.0,1.0,0.0,0.0,South,Email,1,Everyday Fashion Shoppers
C00989,3,657.52,219.173,66,0.033,0.0,0.0,0.0,0.0,0.0,0.333,0.667,0.0,West,Paid Social,0,Everyday Home & Kitchen Shoppers
C00990,1,86.2,86.2,167,0.0,1.0,0.0,0.0,0.0,0.0,1.0,0.0,0.0,West,Paid Social,1,Everyday Fashion Shoppers
C00991,1,36.55,36.55,488,0.0,0.0,0.0,0.0,0.0,0.0,1.0,0.0,0.0,West,Organic Search,1,Everyday Fashion Shoppers
C00992,1,75.22,75.22,346,0.0,1.0,0.0,0.0,0.0,0.0,1.0,0.0,0.0,South,Paid Social,1,Everyday Fashion Shoppers
C00993,2,66.26,33.13,275,0.0,0.0,0.0,0.0,0.5,0.0,0.5,0.0,0.0,North,Paid Social,1,Everyday Fashion Shoppers
C00994,4,700.18,175.045,199,0.175,0.0,0.75,0.0,0.25,0.5,0.25,0.0,0.0,South,Organic Search,2,Deal & Festive Shoppers
C00995,1,44.34,44.34,358,0.0,0.0,0.0,1.0,0.0,0.0,0.0,0.0,0.0,North,Paid Social,4,Everyday Beauty Shoppers
C00996,2,289.32,144.66,274,0.075,0.0,0.0,0.0,0.0,0.0,0.5,0.5,0.0,North,Paid Social,0,Everyday Home & Kitchen Shoppers
C00997,2,216.09,108.045,292,0.1,0.0,0.0,0.5,0.0,0.0,0.5,0.0,0.0,North,Paid Social,4,Everyday Beauty Shoppers
C00998,2,516.29,258.145,459,0.05,0.0,0.0,0.0,0.0,0.5,0.5,0.0,0.0,South,Organic Search,3,Big-Ticket Tech Buyers
C00999,2,16.64,8.32,51,0.3,0.0,1.0,1.0,0.0,0.0,0.0,0.0,0.0,South,Paid Social,4,Everyday Beauty Shoppers
C01000,2,390.62,195.31,296,0.0,0.0,0.0,0.0,0.5,0.0,0.0,0.0,0.5,North,Paid Social,1,Everyday Fashion Shoppers
C01001,1,174.92,174.92,154,0.0,0.0,0.0,0.0,0.0,0.0,1.0,0.0,0.0,East,Email,1,Everyday Fashion Shoppers
C01002,3,615.3,205.1,183,0.033,0.0,0.0,0.0,0.0,0.333,0.333,0.333,0.0,South,Email,3,Big-Ticket Tech Buyers
C01003,3,1027.55,342.517,121,0.05,0.667,0.0,0.0,0.0,0.333,0.0,0.333,0.333,West,Organic Search,3,Big-Ticket Tech Buyers
C01004,1,525.1,525.1,93,0.1,0.0,0.0,0.0,0.0,1.0,0.0,0.0,0.0,North,Organic Search,3,Big-Ticket Tech Buyers
C01005,3,990.79,330.263,12,0.1,0.0,0.667,0.0,0.0,0.333,0.0,0.0,0.667,East,Paid Social,2,Deal & Festive Shoppers
C01006,1,78.16,78.16,69,0.3,0.0,0.0,0.0,0.0,0.0,0.0,0.0,1.0,North,Organic Search,1,Everyday Fashion Shoppers
C01007,1,196.96,196.96,121,0.0,0.0,0.0,0.0,0.0,0.0,1.0,0.0,0.0,South,Paid Social,1,Everyday Fashion Shoppers
C01008,2,254.14,127.07,373,0.15,0.0,1.0,0.0,0.0,0.0,0.0,1.0,0.0,North,Marketplace,0,Everyday Home & Kitchen Shoppers
C01009,3,153.44,51.147,120,0.117,0.0,0.0,0.0,0.667,0.0,0.0,0.0,0.333,North,Organic Search,1,Everyday Fashion Shoppers
C01010,6,1817.66,302.943,40,0.05,0.0,0.333,0.0,0.0,0.667,0.0,0.167,0.167,East,Paid Social,3,Big-Ticket Tech Buyers
C01011,1,88.42,88.42,536,0.1,0.0,0.0,0.0,0.0,0.0,0.0,1.0,0.0,North,Email,0,Everyday Home & Kitchen Shoppers
C01012,1,286.98,286.98,156,0.0,0.0,0.0,0.0,0.0,0.0,0.0,0.0,1.0,North,Paid Social,1,Everyday Fashion Shoppers
C01013,4,724.2,181.05,53,0.125,0.0,0.5,0.0,0.0,0.0,0.5,0.5,0.0,West,Organic Search,2,Deal & Festive Shoppers
C01014,4,638.52,159.63,244,0.088,0.25,0.25,0.0,0.0,0.25,0.25,0.25,0.25,North,Organic Search,3,Big-Ticket Tech Buyers
C01015,2,151.64,75.82,234,0.0,0.0,0.0,0.0,0.5,0.0,0.0,0.5,0.0,East,Marketplace,0,Everyday Home & Kitchen Shoppers
C01016,4,418.75,104.688,15,0.1,0.0,0.5,0.5,0.0,0.0,0.0,0.25,0.25,East,Organic Search,2,Deal & Festive Shoppers
C01017,5,963.32,192.664,221,0.11,0.0,0.0,0.0,0.2,0.0,0.2,0.4,0.2,North,Referral,0,Everyday Home & Kitchen Shoppers
C01018,3,169.86,56.62,282,0.1,0.667,0.667,0.0,0.667,0.0,0.0,0.333,0.0,South,Email,2,Deal & Festive Shoppers
C01019,3,699.71,233.237,505,0.05,0.0,0.0,0.0,0.333,0.333,0.0,0.333,0.0,North,Organic Search,3,Big-Ticket Tech Buyers
C01020,3,327.68,109.227,460,0.05,0.0,0.0,0.333,0.0,0.0,0.333,0.333,0.0,East,Email,0,Everyday Home & Kitchen Shoppers
C01021,1,113.67,113.67,684,0.1,0.0,0.0,1.0,0.0,0.0,0.0,0.0,0.0,North,Organic Search,4,Everyday Beauty Shoppers
C01022,4,1470.91,367.728,155,0.0,0.0,0.0,0.0,0.25,0.75,0.0,0.0,0.0,North,Organic Search,3,Big-Ticket Tech Buyers
C01023,1,178.1,178.1,117,0.0,0.0,0.0,0.0,0.0,0.0,0.0,1.0,0.0,South,Paid Social,0,Everyday Home & Kitchen Shoppers
C01024,1,69.71,69.71,124,0.1,0.0,0.0,0.0,1.0,0.0,0.0,0.0,0.0,West,Marketplace,1,Everyday Fashion Shoppers
C01025,3,307.12,102.373,118,0.067,0.0,0.0,1.0,0.0,0.0,0.0,0.0,0.0,East,Organic Search,4,Everyday Beauty Shoppers
C01026,2,300.72,150.36,528,0.075,0.0,0.0,0.0,0.0,0.5,0.5,0.0,0.0,West,Organic Search,3,Big-Ticket Tech Buyers
C01027,2,412.67,206.335,285,0.1,0.0,0.0,0.5,0.0,0.5,0.0,0.0,0.0,East,Marketplace,3,Big-Ticket Tech Buyers
C01028,2,178.66,89.33,122,0.1,0.5,0.0,0.0,0.0,0.0,1.0,0.0,0.0,East,Organic Search,1,Everyday Fashion Shoppers
C01029,2,350.36,175.18,303,0.05,0.0,0.0,0.0,0.0,0.5,0.0,0.0,0.5,South,Marketplace,3,Big-Ticket Tech Buyers
C01030,3,523.47,174.49,460,0.033,0.333,0.0,0.0,0.0,0.333,0.333,0.333,0.0,West,Referral,3,Big-Ticket Tech Buyers
C01031,7,1116.28,159.469,202,0.1,0.286,0.571,0.143,0.0,0.143,0.0,0.714,0.0,East,Referral,2,Deal & Festive Shoppers
C01032,1,165.38,165.38,599,0.15,0.0,0.0,0.0,0.0,0.0,0.0,1.0,0.0,South,Email,0,Everyday Home & Kitchen Shoppers
C01033,3,713.28,237.76,17,0.2,0.0,0.667,0.0,0.333,0.0,0.0,0.0,0.667,East,Email,2,Deal & Festive Shoppers
C01034,1,74.43,74.43,495,0.05,0.0,0.0,0.0,0.0,0.0,1.0,0.0,0.0,East,Organic Search,1,Everyday Fashion Shoppers
C01035,3,377.7,125.9,124,0.117,0.0,0.0,0.667,0.0,0.0,0.333,0.0,0.0,North,Marketplace,4,Everyday Beauty Shoppers
C01036,2,582.53,291.265,183,0.1,0.5,0.0,0.5,0.0,0.0,0.0,0.0,0.5,South,Marketplace,4,Everyday Beauty Shoppers
C01037,1,492.84,492.84,94,0.0,0.0,0.0,0.0,0.0,1.0,0.0,0.0,0.0,South,Marketplace,3,Big-Ticket Tech Buyers
C01038,5,609.21,121.842,442,0.03,0.0,0.0,0.0,0.0,0.0,1.0,0.0,0.0,West,Referral,1,Everyday Fashion Shoppers
C01039,1,233.89,233.89,407,0.1,0.0,1.0,0.0,0.0,0.0,1.0,0.0,0.0,South,Paid Social,1,Everyday Fashion Shoppers
C01040,1,27.23,27.23,135,0.0,0.0,0.0,0.0,0.0,0.0,0.0,1.0,0.0,West,Paid Social,0,Everyday Home & Kitchen Shoppers
C01041,3,391.2,130.4,123,0.05,0.333,0.0,0.667,0.0,0.0,0.0,0.333,0.0,South,Organic Search,4,Everyday Beauty Shoppers
C01042,1,534.8,534.8,113,0.1,0.0,0.0,0.0,0.0,1.0,0.0,0.0,0.0,East,Paid Social,3,Big-Ticket Tech Buyers
C01043,5,790.12,158.024,144,0.19,0.0,0.6,0.0,0.0,0.0,0.4,0.6,0.0,North,Referral,2,Deal & Festive Shoppers
C01044,2,253.16,126.58,466,0.1,0.0,0.0,0.5,0.0,0.0,0.5,0.0,0.0,West,Referral,4,Everyday Beauty Shoppers
C01045,2,280.87,140.435,197,0.0,0.0,0.0,0.0,0.0,0.0,0.0,0.5,0.5,South,Paid Social,0,Everyday Home & Kitchen Shoppers
C01046,2,745.66,372.83,169,0.025,0.0,0.0,0.0,0.0,0.5,0.5,0.0,0.0,North,Paid Social,3,Big-Ticket Tech Buyers
C01047,4,978.05,244.512,379,0.125,0.0,0.5,0.0,0.5,0.0,0.0,0.0,0.5,North,Referral,2,Deal & Festive Shoppers
C01048,1,18.93,18.93,292,0.05,0.0,0.0,1.0,0.0,0.0,0.0,0.0,0.0,North,Paid Social,4,Everyday Beauty Shoppers
C01049,2,264.56,132.28,200,0.05,0.0,0.0,0.0,0.5,0.0,0.0,0.0,0.5,South,Marketplace,1,Everyday Fashion Shoppers
C01050,2,731.94,365.97,527,0.0,0.0,0.0,0.0,0.0,0.5,0.0,0.5,0.0,East,Email,3,Big-Ticket Tech Buyers
C01051,1,161.33,161.33,368,0.1,0.0,1.0,0.0,0.0,0.0,0.0,0.0,1.0,West,Organic Search,2,Deal & Festive Shoppers
C01052,3,157.49,52.497,383,0.067,0.0,0.667,0.333,0.667,0.0,0.0,0.0,0.0,East,Organic Search,4,Everyday Beauty Shoppers
C01053,2,119.96,59.98,371,0.15,0.0,1.0,0.0,0.0,0.0,1.0,0.0,0.0,East,Email,2,Deal & Festive Shoppers
C01054,2,404.42,202.21,45,0.1,0.0,1.0,0.0,0.0,0.0,1.0,0.0,0.0,South,Paid Social,2,Deal & Festive Shoppers
C01055,3,490.42,163.473,577,0.05,0.0,0.0,0.0,0.0,0.0,0.333,0.333,0.333,West,Marketplace,0,Everyday Home & Kitchen Shoppers
C01056,1,409.2,409.2,16,0.2,0.0,1.0,0.0,0.0,1.0,0.0,0.0,0.0,West,Organic Search,3,Big-Ticket Tech Buyers
C01057,5,414.13,82.826,359,0.27,0.0,0.8,0.0,0.0,0.2,0.8,0.0,0.0,South,Organic Search,2,Deal & Festive Shoppers
C01058,1,342.18,342.18,173,0.0,0.0,0.0,0.0,0.0,0.0,0.0,1.0,0.0,West,Paid Social,0,Everyday Home & Kitchen Shoppers
C01059,2,371.68,185.84,415,0.2,0.0,1.0,0.0,0.0,0.0,1.0,0.0,0.0,South,Email,2,Deal & Festive Shoppers
C01060,1,258.08,258.08,506,0.0,0.0,0.0,0.0,0.0,1.0,0.0,0.0,0.0,West,Marketplace,3,Big-Ticket Tech Buyers
C01061,2,203.48,101.74,72,0.075,0.5,0.0,0.0,0.0,0.0,0.5,0.5,0.0,West,Marketplace,0,Everyday Home & Kitchen Shoppers
C01062,1,142.94,142.94,232,0.0,0.0,0.0,0.0,0.0,0.0,0.0,1.0,0.0,East,Paid Social,0,Everyday Home & Kitchen Shoppers
C01063,3,626.22,208.74,505,0.083,0.0,0.0,0.0,0.333,0.0,0.333,0.0,0.333,North,Email,1,Everyday Fashion Shoppers
C01064,3,165.71,55.237,107,0.167,0.333,0.0,0.0,0.333,0.0,0.333,0.333,0.0,East,Organic Search,0,Everyday Home & Kitchen Shoppers
C01065,3,165.95,55.317,33,0.133,0.333,0.667,0.0,0.667,0.0,0.333,0.0,0.0,North,Referral,2,Deal & Festive Shoppers
C01066,2,631.42,315.71,323,0.0,0.5,0.0,0.0,0.0,0.0,0.5,0.5,0.0,East,Marketplace,0,Everyday Home & Kitchen Shoppers
C01067,1,138.62,138.62,73,0.15,0.0,0.0,0.0,0.0,0.0,1.0,0.0,0.0,South,Paid Social,1,Everyday Fashion Shoppers
C01068,2,89.99,44.995,228,0.1,0.0,0.0,0.5,0.0,0.0,0.5,0.0,0.0,East,Marketplace,4,Everyday Beauty Shoppers
C01069,5,788.33,157.666,21,0.1,0.0,0.4,0.0,0.0,0.0,0.2,0.2,0.6,West,Organic Search,2,Deal & Festive Shoppers
C01070,3,506.57,168.857,407,0.067,0.0,0.667,0.667,0.0,0.333,0.0,0.0,0.0,North,Organic Search,4,Everyday Beauty Shoppers
C01071,2,502.32,251.16,83,0.075,0.0,0.0,0.0,0.0,0.5,0.5,0.0,0.0,South,Paid Social,3,Big-Ticket Tech Buyers
C01072,4,497.66,124.415,172,0.025,0.0,0.0,0.0,0.0,0.0,0.5,0.25,0.25,East,Marketplace,1,Everyday Fashion Shoppers
C01073,1,38.27,38.27,183,0.05,0.0,0.0,0.0,1.0,0.0,0.0,0.0,0.0,South,Paid Social,1,Everyday Fashion Shoppers
C01074,2,886.03,443.015,359,0.075,0.0,0.0,0.0,0.0,0.5,0.0,0.5,0.0,North,Email,3,Big-Ticket Tech Buyers
C01075,3,392.34,130.78,398,0.2,0.0,1.0,0.0,0.333,0.0,0.0,0.0,0.667,North,Organic Search,2,Deal & Festive Shoppers
C01076,5,716.56,143.312,425,0.13,0.0,0.4,0.0,0.0,0.0,0.2,0.4,0.4,South,Email,2,Deal & Festive Shoppers
C01077,2,335.19,167.595,101,0.0,0.0,0.0,0.5,0.0,0.0,0.5,0.0,0.0,East,Referral,4,Everyday Beauty Shoppers
C01078,4,1073.92,268.48,410,0.1,0.0,0.5,0.0,0.0,0.5,0.25,0.25,0.0,East,Organic Search,3,Big-Ticket Tech Buyers
C01079,5,1413.31,282.662,166,0.22,0.2,0.6,0.0,0.4,0.2,0.2,0.0,0.2,North,Email,2,Deal & Festive Shoppers
C01080,2,386.15,193.075,41,0.2,0.0,0.5,0.0,0.0,0.0,0.0,1.0,0.0,South,Email,2,Deal & Festive Shoppers
C01081,1,167.56,167.56,74,0.1,0.0,0.0,0.0,0.0,0.0,1.0,0.0,0.0,South,Paid Social,1,Everyday Fashion Shoppers
C01082,1,127.73,127.73,35,0.15,0.0,1.0,0.0,0.0,0.0,0.0,1.0,0.0,North,Organic Search,2,Deal & Festive Shoppers
C01083,2,247.94,123.97,44,0.2,0.0,1.0,0.0,0.0,0.0,0.0,1.0,0.0,East,Organic Search,2,Deal & Festive Shoppers
C01084,2,356.22,178.11,183,0.05,0.0,0.0,0.0,0.5,0.0,0.0,0.5,0.0,South,Marketplace,0,Everyday Home & Kitchen Shoppers
C01085,2,214.86,107.43,552,0.0,0.0,0.0,0.0,0.5,0.0,0.5,0.0,0.0,East,Referral,1,Everyday Fashion Shoppers
C01086,2,280.88,140.44,90,0.1,0.0,0.0,0.0,0.0,0.0,0.5,0.0,0.5,West,Email,1,Everyday Fashion Shoppers
C01087,2,91.44,45.72,96,0.0,0.5,0.0,0.0,0.5,0.0,0.5,0.0,0.0,East,Email,1,Everyday Fashion Shoppers
C01088,2,70.74,35.37,26,0.1,0.0,1.0,0.0,1.0,0.0,0.0,0.0,0.0,East,Marketplace,2,Deal & Festive Shoppers
C01089,2,729.47,364.735,248,0.075,0.0,0.0,0.0,0.0,0.5,0.0,0.5,0.0,North,Organic Search,3,Big-Ticket Tech Buyers
C01090,1,15.83,15.83,629,0.1,0.0,0.0,0.0,1.0,0.0,0.0,0.0,0.0,North,Paid Social,1,Everyday Fashion Shoppers
C01091,2,415.14,207.57,301,0.075,0.0,0.5,0.0,0.0,0.0,0.5,0.5,0.0,North,Referral,0,Everyday Home & Kitchen Shoppers
C01092,2,310.49,155.245,323,0.125,0.0,0.5,0.0,0.0,0.5,0.0,0.5,0.0,East,Organic Search,3,Big-Ticket Tech Buyers
C01093,2,324.63,162.315,71,0.0,0.0,0.0,0.5,0.0,0.0,0.5,0.0,0.0,West,Organic Search,4,Everyday Beauty Shoppers
C01094,6,865.01,144.168,187,0.108,0.0,0.333,0.167,0.0,0.0,0.167,0.167,0.5,North,Referral,2,Deal & Festive Shoppers
C01095,2,273.94,136.97,454,0.0,0.0,0.0,0.5,0.0,0.5,0.0,0.0,0.0,North,Marketplace,3,Big-Ticket Tech Buyers
C01096,4,1119.97,279.992,578,0.0,0.0,0.0,0.0,0.0,0.25,0.0,0.75,0.0,South,Referral,0,Everyday Home & Kitchen Shoppers
C01097,1,136.16,136.16,135,0.0,0.0,0.0,0.0,0.0,0.0,1.0,0.0,0.0,East,Organic Search,1,Everyday Fashion Shoppers
C01098,2,220.94,110.47,197,0.0,0.0,0.0,0.5,0.0,0.0,0.0,0.5,0.0,East,Marketplace,0,Everyday Home & Kitchen Shoppers
C01099,1,354.56,354.56,688,0.1,0.0,0.0,0.0,0.0,0.0,0.0,1.0,0.0,East,Organic Search,0,Everyday Home & Kitchen Shoppers
C01100,4,454.99,113.748,341,0.212,0.25,0.75,0.25,0.0,0.0,0.25,0.5,0.0,West,Organic Search,2,Deal & Festive Shoppers
C01101,3,756.5,252.167,353,0.15,0.0,0.667,0.333,0.0,0.667,0.0,0.0,0.0,South,Marketplace,3,Big-Ticket Tech Buyers
C01102,5,631.67,126.334,250,0.13,0.2,0.4,0.2,0.0,0.0,0.4,0.4,0.0,East,Email,2,Deal & Festive Shoppers
C01103,2,699.1,349.55,68,0.05,0.5,0.0,0.0,0.0,0.0,0.0,0.5,0.5,East,Marketplace,0,Everyday Home & Kitchen Shoppers
C01104,3,368.99,122.997,238,0.167,0.333,0.333,0.0,0.0,0.333,0.667,0.0,0.0,South,Email,2,Deal & Festive Shoppers
C01105,4,278.76,69.69,390,0.088,0.0,0.5,1.0,0.0,0.0,0.0,0.0,0.0,West,Referral,4,Everyday Beauty Shoppers
C01106,1,60.92,60.92,595,0.05,0.0,0.0,0.0,0.0,0.0,0.0,1.0,0.0,North,Organic Search,0,Everyday Home & Kitchen Shoppers
C01107,1,26.75,26.75,547,0.0,0.0,0.0,0.0,0.0,0.0,0.0,1.0,0.0,East,Paid Social,0,Everyday Home & Kitchen Shoppers
C01108,1,62.5,62.5,95,0.1,0.0,0.0,1.0,0.0,0.0,0.0,0.0,0.0,East,Marketplace,4,Everyday Beauty Shoppers
C01109,2,97.22,48.61,54,0.15,1.0,1.0,0.0,0.0,0.0,1.0,0.0,0.0,West,Marketplace,2,Deal & Festive Shoppers
C01110,2,226.6,113.3,621,0.05,0.0,0.0,0.0,0.0,0.0,0.0,1.0,0.0,East,Paid Social,0,Everyday Home & Kitchen Shoppers
C01111,2,287.21,143.605,75,0.0,0.0,0.0,0.5,0.0,0.0,0.0,0.0,0.5,South,Paid Social,4,Everyday Beauty Shoppers
C01112,2,497.17,248.585,356,0.175,0.5,0.0,0.0,0.0,0.5,0.5,0.0,0.0,West,Organic Search,3,Big-Ticket Tech Buyers
C01113,3,312.99,104.33,117,0.1,0.0,0.0,0.333,0.0,0.333,0.333,0.0,0.0,East,Paid Social,3,Big-Ticket Tech Buyers
C01114,2,97.11,48.555,480,0.1,0.0,0.0,0.5,0.5,0.0,0.0,0.0,0.0,East,Marketplace,4,Everyday Beauty Shoppers
C01115,3,877.54,292.513,545,0.15,0.0,0.0,0.333,0.0,0.333,0.0,0.0,0.333,East,Organic Search,3,Big-Ticket Tech Buyers
C01116,2,163.4,81.7,372,0.1,0.0,1.0,0.0,0.0,0.0,1.0,0.0,0.0,North,Paid Social,2,Deal & Festive Shoppers
C01117,1,82.01,82.01,16,0.3,0.0,1.0,0.0,0.0,0.0,1.0,0.0,0.0,East,Marketplace,2,Deal & Festive Shoppers
C01118,1,43.28,43.28,306,0.15,0.0,0.0,0.0,0.0,0.0,0.0,1.0,0.0,West,Paid Social,0,Everyday Home & Kitchen Shoppers
C01119,3,382.06,127.353,18,0.067,0.0,0.333,0.0,0.0,0.0,0.333,0.667,0.0,South,Paid Social,2,Deal & Festive Shoppers
C01120,4,602.78,150.695,5,0.175,0.25,0.75,0.0,0.25,0.25,0.5,0.0,0.0,South,Paid Social,2,Deal & Festive Shoppers
C01121,1,159.56,159.56,709,0.05,0.0,0.0,0.0,0.0,0.0,0.0,0.0,1.0,West,Organic Search,1,Everyday Fashion Shoppers
C01122,2,343.02,171.51,436,0.0,0.0,0.0,0.0,0.0,0.0,1.0,0.0,0.0,East,Organic Search,1,Everyday Fashion Shoppers
C01123,2,120.56,60.28,476,0.1,0.0,0.0,0.5,0.0,0.0,0.0,0.5,0.0,West,Organic Search,4,Everyday Beauty Shoppers
C01124,2,529.14,264.57,520,0.05,0.0,0.0,0.0,0.0,0.5,0.5,0.0,0.0,South,Organic Search,3,Big-Ticket Tech Buyers
C01125,1,163.26,163.26,135,0.0,0.0,0.0,0.0,0.0,0.0,0.0,1.0,0.0,West,Organic Search,0,Everyday Home & Kitchen Shoppers
C01126,2,372.96,186.48,109,0.075,0.0,0.0,0.0,0.0,0.0,0.5,0.0,0.5,North,Paid Social,1,Everyday Fashion Shoppers
C01127,1,121.84,121.84,125,0.05,0.0,0.0,0.0,0.0,0.0,0.0,1.0,0.0,East,Organic Search,0,Everyday Home & Kitchen Shoppers
C01128,2,624.1,312.05,228,0.05,0.0,0.0,0.0,0.0,0.5,0.5,0.0,0.0,South,Marketplace,3,Big-Ticket Tech Buyers
C01129,1,30.14,30.14,339,0.0,0.0,0.0,1.0,0.0,0.0,0.0,0.0,0.0,East,Organic Search,4,Everyday Beauty Shoppers
C01130,1,95.1,95.1,271,0.0,0.0,0.0,0.0,0.0,0.0,1.0,0.0,0.0,West,Paid Social,1,Everyday Fashion Shoppers
C01131,1,119.18,119.18,440,0.0,0.0,0.0,0.0,0.0,0.0,1.0,0.0,0.0,East,Marketplace,1,Everyday Fashion Shoppers
C01132,2,262.31,131.155,157,0.025,0.0,0.0,0.0,0.5,0.0,0.5,0.0,0.0,East,Organic Search,1,Everyday Fashion Shoppers
C01133,1,61.61,61.61,164,0.1,0.0,0.0,0.0,0.0,0.0,0.0,0.0,1.0,South,Paid Social,1,Everyday Fashion Shoppers
C01134,3,574.84,191.613,101,0.05,0.0,0.0,0.333,0.0,0.333,0.333,0.0,0.0,East,Marketplace,3,Big-Ticket Tech Buyers
C01135,5,1727.69,345.538,173,0.02,0.0,0.0,0.2,0.0,0.4,0.2,0.2,0.0,East,Referral,3,Big-Ticket Tech Buyers
C01136,3,404.84,134.947,497,0.133,0.0,0.0,0.333,0.0,0.333,0.0,0.333,0.0,North,Organic Search,3,Big-Ticket Tech Buyers
C01137,5,1240.91,248.182,78,0.04,0.0,0.0,0.0,0.2,0.4,0.0,0.2,0.2,East,Email,3,Big-Ticket Tech Buyers
C01138,4,1032.46,258.115,326,0.075,0.0,0.0,0.25,0.0,0.25,0.0,0.5,0.0,West,Email,0,Everyday Home & Kitchen Shoppers
C01139,2,345.81,172.905,195,0.125,0.5,0.0,0.0,0.0,0.0,0.5,0.0,0.5,East,Paid Social,1,Everyday Fashion Shoppers
C01140,1,309.34,309.34,350,0.15,0.0,0.0,0.0,0.0,0.0,1.0,0.0,0.0,East,Organic Search,1,Everyday Fashion Shoppers
C01141,1,14.16,14.16,108,0.0,0.0,0.0,0.0,1.0,0.0,0.0,0.0,0.0,South,Organic Search,1,Everyday Fashion Shoppers
C01142,4,357.85,89.462,311,0.112,0.25,0.0,0.0,0.0,0.0,0.25,0.5,0.25,East,Marketplace,0,Everyday Home & Kitchen Shoppers
C01143,1,73.39,73.39,61,0.15,0.0,1.0,0.0,0.0,0.0,1.0,0.0,0.0,North,Paid Social,2,Deal & Festive Shoppers
C01144,2,177.48,88.74,94,0.075,0.0,0.0,0.0,0.5,0.0,0.0,0.5,0.0,South,Organic Search,0,Everyday Home & Kitchen Shoppers
C01145,1,129.41,129.41,491,0.05,0.0,0.0,1.0,0.0,0.0,0.0,0.0,0.0,South,Paid Social,4,Everyday Beauty Shoppers
C01146,5,390.13,78.026,14,0.2,0.2,0.8,0.4,0.0,0.0,0.4,0.2,0.0,North,Marketplace,2,Deal & Festive Shoppers
C01147,4,1074.19,268.548,105,0.025,0.25,0.0,0.0,0.0,0.5,0.25,0.0,0.25,North,Organic Search,3,Big-Ticket Tech Buyers
C01148,2,802.24,401.12,80,0.0,0.0,0.0,0.0,0.0,0.5,0.0,0.0,0.5,East,Organic Search,3,Big-Ticket Tech Buyers
C01149,1,58.15,58.15,247,0.0,0.0,0.0,1.0,0.0,0.0,0.0,0.0,0.0,South,Paid Social,4,Everyday Beauty Shoppers
C01150,2,1530.3,765.15,58,0.15,0.0,0.5,0.0,0.0,0.5,0.0,0.0,0.5,South,Email,3,Big-Ticket Tech Buyers
C01151,1,73.68,73.68,463,0.0,0.0,0.0,1.0,0.0,0.0,0.0,0.0,0.0,North,Paid Social,4,Everyday Beauty Shoppers
C01152,2,478.86,239.43,291,0.025,0.0,0.0,0.0,0.5,0.0,0.0,0.0,0.5,East,Marketplace,1,Everyday Fashion Shoppers
C01153,4,311.04,77.76,411,0.15,0.0,1.0,0.5,0.0,0.0,0.0,0.5,0.0,South,Organic Search,2,Deal & Festive Shoppers
C01154,1,41.09,41.09,81,0.15,0.0,0.0,1.0,0.0,0.0,0.0,0.0,0.0,South,Paid Social,4,Everyday Beauty Shoppers
C01155,3,481.06,160.353,147,0.0,0.333,0.0,0.0,0.0,0.0,0.0,1.0,0.0,East,Paid Social,0,Everyday Home & Kitchen Shoppers
C01156,1,111.88,111.88,318,0.15,0.0,0.0,0.0,0.0,0.0,1.0,0.0,0.0,North,Paid Social,1,Everyday Fashion Shoppers
C01157,2,235.59,117.795,151,0.075,0.0,0.0,0.0,0.0,0.0,0.0,0.5,0.5,West,Paid Social,0,Everyday Home & Kitchen Shoppers
C01158,1,223.64,223.64,132,0.1,0.0,0.0,0.0,0.0,0.0,1.0,0.0,0.0,North,Email,1,Everyday Fashion Shoppers
C01159,1,91.82,91.82,450,0.0,0.0,0.0,0.0,0.0,0.0,1.0,0.0,0.0,South,Paid Social,1,Everyday Fashion Shoppers
C01160,3,553.87,184.623,342,0.0,0.0,0.0,0.0,0.0,0.333,0.0,0.667,0.0,North,Email,0,Everyday Home & Kitchen Shoppers
C01161,1,12.88,12.88,312,0.05,0.0,0.0,0.0,1.0,0.0,0.0,0.0,0.0,East,Organic Search,1,Everyday Fashion Shoppers
C01162,2,187.56,93.78,364,0.0,0.0,0.0,0.0,0.5,0.0,0.5,0.0,0.0,South,Referral,1,Everyday Fashion Shoppers
C01163,3,434.79,144.93,87,0.1,0.0,0.0,0.0,0.333,0.0,0.333,0.0,0.333,West,Paid Social,1,Everyday Fashion Shoppers
C01164,2,235.44,117.72,324,0.0,0.0,0.0,0.5,0.0,0.0,0.0,0.5,0.0,South,Paid Social,0,Everyday Home & Kitchen Shoppers
C01165,1,104.97,104.97,368,0.15,0.0,1.0,0.0,0.0,0.0,0.0,1.0,0.0,East,Organic Search,0,Everyday Home & Kitchen Shoppers
C01166,1,290.76,290.76,643,0.1,0.0,0.0,0.0,0.0,0.0,0.0,1.0,0.0,North,Marketplace,0,Everyday Home & Kitchen Shoppers
C01167,3,512.66,170.887,337,0.067,0.0,0.0,0.0,0.0,0.0,0.333,0.667,0.0,North,Marketplace,0,Everyday Home & Kitchen Shoppers
C01168,4,466.84,116.71,287,0.175,0.0,0.5,0.25,0.0,0.25,0.0,0.5,0.0,South,Marketplace,2,Deal & Festive Shoppers
C01169,2,21.18,10.59,21,0.3,0.0,1.0,0.0,1.0,0.0,0.0,0.0,0.0,East,Marketplace,2,Deal & Festive Shoppers
C01170,1,210.33,210.33,78,0.0,0.0,0.0,0.0,0.0,0.0,1.0,0.0,0.0,South,Organic Search,1,Everyday Fashion Shoppers
C01171,2,317.5,158.75,251,0.15,0.0,0.0,0.0,0.0,0.0,0.0,0.5,0.5,West,Paid Social,0,Everyday Home & Kitchen Shoppers
C01172,1,35.04,35.04,274,0.1,0.0,0.0,1.0,0.0,0.0,0.0,0.0,0.0,East,Paid Social,4,Everyday Beauty Shoppers
C01173,4,1258.7,314.675,59,0.075,0.25,0.5,0.0,0.0,0.0,0.5,0.0,0.5,West,Marketplace,2,Deal & Festive Shoppers
C01174,3,328.65,109.55,308,0.05,0.0,0.333,0.333,0.0,0.0,0.333,0.333,0.0,South,Organic Search,0,Everyday Home & Kitchen Shoppers
C01175,2,261.48,130.74,91,0.075,0.0,0.0,0.0,0.0,0.0,1.0,0.0,0.0,East,Organic Search,1,Everyday Fashion Shoppers
C01176,4,616.69,154.172,267,0.075,0.25,0.0,0.0,0.0,0.0,0.75,0.25,0.0,East,Email,1,Everyday Fashion Shoppers
C01177,5,447.66,89.532,19,0.24,0.0,0.8,0.6,0.0,0.0,0.0,0.0,0.4,East,Organic Search,2,Deal & Festive Shoppers
C01178,5,1075.77,215.154,197,0.12,0.2,0.4,0.0,0.0,0.4,0.4,0.0,0.2,West,Email,3,Big-Ticket Tech Buyers
C01179,4,301.88,75.47,374,0.175,0.0,0.75,0.25,0.0,0.0,0.5,0.0,0.25,East,Organic Search,2,Deal & Festive Shoppers
C01180,4,551.23,137.808,187,0.138,0.0,0.0,0.5,0.25,0.25,0.0,0.0,0.0,West,Referral,4,Everyday Beauty Shoppers
C01181,1,65.69,65.69,289,0.0,0.0,0.0,0.0,0.0,0.0,0.0,0.0,1.0,East,Marketplace,1,Everyday Fashion Shoppers
C01182,4,875.38,218.845,36,0.1,0.0,0.5,0.0,0.0,0.75,0.25,0.0,0.0,North,Referral,3,Big-Ticket Tech Buyers
C01183,1,285.0,285.0,237,0.0,0.0,0.0,0.0,0.0,0.0,0.0,1.0,0.0,East,Organic Search,0,Everyday Home & Kitchen Shoppers
C01184,2,3219.0,1609.5,401,0.1,0.0,1.0,0.0,0.0,1.0,0.0,0.0,0.0,South,Organic Search,3,Big-Ticket Tech Buyers
C01185,3,996.77,332.257,321,0.25,0.0,0.667,0.0,0.0,0.667,0.333,0.0,0.0,West,Organic Search,3,Big-Ticket Tech Buyers
C01186,2,149.76,74.88,136,0.075,0.0,0.0,0.5,0.0,0.0,0.5,0.0,0.0,West,Organic Search,4,Everyday Beauty Shoppers
C01187,2,88.48,44.24,606,0.05,0.0,0.0,0.5,0.0,0.0,0.5,0.0,0.0,North,Referral,4,Everyday Beauty Shoppers
C01188,1,253.32,253.32,298,0.0,0.0,0.0,0.0,0.0,0.0,0.0,1.0,0.0,North,Paid Social,0,Everyday Home & Kitchen Shoppers
C01189,1,1142.12,1142.12,322,0.0,1.0,0.0,0.0,0.0,1.0,0.0,0.0,0.0,North,Organic Search,3,Big-Ticket Tech Buyers
C01190,1,288.28,288.28,726,0.15,1.0,0.0,0.0,0.0,0.0,0.0,1.0,0.0,South,Organic Search,0,Everyday Home & Kitchen Shoppers
C01191,1,51.12,51.12,424,0.1,0.0,1.0,0.0,0.0,0.0,0.0,1.0,0.0,North,Marketplace,0,Everyday Home & Kitchen Shoppers
C01192,6,1359.79,226.632,222,0.083,0.0,0.5,0.333,0.0,0.167,0.333,0.167,0.0,East,Organic Search,2,Deal & Festive Shoppers
C01193,1,35.82,35.82,597,0.0,0.0,0.0,0.0,1.0,0.0,0.0,0.0,0.0,East,Paid Social,1,Everyday Fashion Shoppers
C01194,1,18.74,18.74,227,0.0,0.0,0.0,1.0,0.0,0.0,0.0,0.0,0.0,West,Paid Social,4,Everyday Beauty Shoppers
C01195,2,204.8,102.4,292,0.075,0.0,0.0,0.0,0.0,0.0,0.5,0.0,0.5,North,Organic Search,1,Everyday Fashion Shoppers
C01196,2,441.31,220.655,241,0.05,0.0,0.0,0.0,0.0,0.0,0.5,0.0,0.5,East,Marketplace,1,Everyday Fashion Shoppers
C01197,4,477.9,119.475,29,0.075,0.0,0.5,0.25,0.0,0.25,0.5,0.0,0.0,North,Organic Search,2,Deal & Festive Shoppers
C01198,3,158.71,52.903,26,0.167,0.0,1.0,0.0,0.333,0.0,0.0,0.667,0.0,West,Email,2,Deal & Festive Shoppers
C01199,1,1152.34,1152.34,168,0.0,0.0,0.0,0.0,0.0,1.0,0.0,0.0,0.0,North,Referral,3,Big-Ticket Tech Buyers
C01200,2,176.53,88.265,210,0.1,0.0,0.0,0.0,0.5,0.0,0.5,0.0,0.0,North,Email,1,Everyday Fashion Shoppers
C01201,2,179.19,89.595,78,0.0,0.0,0.0,0.0,0.5,0.0,0.5,0.0,0.0,North,Referral,1,Everyday Fashion Shoppers
C01202,5,553.71,110.742,285,0.15,0.0,0.4,0.4,0.0,0.2,0.0,0.0,0.4,West,Email,2,Deal & Festive Shoppers
C01203,2,87.1,43.55,37,0.15,0.0,1.0,0.0,1.0,0.0,0.0,0.0,0.0,North,Paid Social,2,Deal & Festive Shoppers
C01204,4,887.69,221.922,16,0.1,0.0,0.5,0.0,0.5,0.25,0.25,0.0,0.0,East,Paid Social,2,Deal & Festive Shoppers
C01205,4,470.74,117.685,104,0.138,0.25,0.0,0.25,0.0,0.0,0.25,0.25,0.25,East,Email,2,Deal & Festive Shoppers
C01206,1,78.26,78.26,80,0.0,0.0,0.0,0.0,1.0,0.0,0.0,0.0,0.0,East,Referral,1,Everyday Fashion Shoppers
C01207,1,300.44,300.44,363,0.15,0.0,0.0,0.0,0.0,0.0,0.0,1.0,0.0,North,Paid Social,0,Everyday Home & Kitchen Shoppers
C01208,2,473.16,236.58,89,0.025,0.0,0.0,0.0,0.0,0.0,0.5,0.0,0.5,North,Organic Search,1,Everyday Fashion Shoppers
C01209,3,236.29,78.763,337,0.117,0.333,0.0,0.333,0.333,0.0,0.333,0.0,0.0,South,Organic Search,4,Everyday Beauty Shoppers
C01210,3,555.85,185.283,36,0.25,1.0,1.0,0.0,0.0,0.333,0.667,0.0,0.0,North,Paid Social,2,Deal & Festive Shoppers
C01211,3,668.0,222.667,18,0.067,0.0,0.333,0.333,0.0,0.333,0.0,0.333,0.0,East,Organic Search,2,Deal & Festive Shoppers
C01212,2,1471.48,735.74,162,0.075,0.5,0.0,0.0,0.0,1.0,0.0,0.0,0.0,South,Paid Social,3,Big-Ticket Tech Buyers
C01213,3,352.87,117.623,235,0.217,0.0,0.333,0.0,0.333,0.0,0.333,0.0,0.333,South,Organic Search,2,Deal & Festive Shoppers
C01214,2,284.61,142.305,44,0.05,0.0,0.5,0.0,0.5,0.5,0.0,0.0,0.0,North,Referral,3,Big-Ticket Tech Buyers
C01215,4,434.93,108.732,644,0.075,0.0,0.0,0.0,0.0,0.0,0.75,0.25,0.0,East,Email,1,Everyday Fashion Shoppers
C01216,5,819.29,163.858,255,0.04,0.0,0.0,0.2,0.0,0.2,0.0,0.6,0.0,North,Referral,0,Everyday Home & Kitchen Shoppers
C01217,3,397.57,132.523,315,0.067,0.0,0.667,0.333,0.0,0.0,0.0,0.0,0.667,East,Email,4,Everyday Beauty Shoppers
C01218,3,976.58,325.527,9,0.1,0.0,0.667,0.333,0.0,0.667,0.0,0.0,0.0,North,Organic Search,2,Deal & Festive Shoppers
C01219,1,1000.7,1000.7,155,0.0,0.0,0.0,0.0,0.0,1.0,0.0,0.0,0.0,West,Organic Search,3,Big-Ticket Tech Buyers
C01220,3,223.57,74.523,190,0.167,0.0,0.333,0.0,0.0,0.0,0.333,0.333,0.333,East,Email,2,Deal & Festive Shoppers
C01221,4,1784.72,446.18,95,0.075,0.0,0.0,0.25,0.0,0.25,0.25,0.25,0.0,North,Email,3,Big-Ticket Tech Buyers
C01222,2,626.51,313.255,141,0.05,0.5,0.0,0.0,0.0,0.5,0.5,0.0,0.0,North,Email,3,Big-Ticket Tech Buyers
C01223,2,228.86,114.43,40,0.25,0.0,1.0,0.5,0.0,0.0,0.0,0.0,0.5,South,Referral,2,Deal & Festive Shoppers
C01224,2,301.47,150.735,210,0.15,0.0,0.0,0.0,0.0,0.5,0.5,0.0,0.0,North,Email,3,Big-Ticket Tech Buyers
C01225,3,403.67,134.557,383,0.1,0.333,0.667,0.333,0.0,0.0,0.0,0.667,0.0,North,Email,0,Everyday Home & Kitchen Shoppers
C01226,4,331.68,82.92,40,0.2,0.5,1.0,0.0,0.0,0.0,0.5,0.0,0.5,West,Email,2,Deal & Festive Shoppers
C01227,5,323.75,64.75,366,0.14,0.2,0.6,0.2,0.4,0.0,0.4,0.0,0.0,East,Email,2,Deal & Festive Shoppers
C01228,2,317.92,158.96,29,0.1,0.0,1.0,0.0,0.0,0.0,0.0,0.0,1.0,North,Organic Search,2,Deal & Festive Shoppers
C01229,2,104.45,52.225,610,0.075,0.0,0.0,0.0,0.5,0.0,0.5,0.0,0.0,East,Organic Search,1,Everyday Fashion Shoppers
C01230,1,94.62,94.62,528,0.2,0.0,0.0,0.0,0.0,0.0,0.0,1.0,0.0,North,Paid Social,0,Everyday Home & Kitchen Shoppers
C01231,1,64.56,64.56,139,0.0,0.0,0.0,0.0,0.0,0.0,1.0,0.0,0.0,West,Paid Social,1,Everyday Fashion Shoppers
C01232,6,436.08,72.68,20,0.125,0.167,0.333,0.333,0.333,0.0,0.167,0.167,0.0,North,Email,2,Deal & Festive Shoppers
C01233,1,220.05,220.05,35,0.15,0.0,1.0,0.0,0.0,0.0,0.0,1.0,0.0,East,Paid Social,2,Deal & Festive Shoppers
C01234,2,626.33,313.165,157,0.075,0.0,0.0,0.0,0.0,0.0,0.5,0.5,0.0,East,Organic Search,0,Everyday Home & Kitchen Shoppers
C01235,2,193.07,96.535,251,0.175,0.5,0.0,0.5,0.0,0.0,0.0,0.5,0.0,North,Email,4,Everyday Beauty Shoppers
C01236,4,460.07,115.018,208,0.112,0.0,0.25,0.0,0.25,0.0,0.0,0.5,0.25,North,Organic Search,0,Everyday Home & Kitchen Shoppers
C01237,3,715.97,238.657,455,0.017,0.333,0.0,0.0,0.0,0.333,0.333,0.333,0.0,South,Marketplace,3,Big-Ticket Tech Buyers
C01238,1,92.09,92.09,645,0.0,0.0,0.0,0.0,0.0,0.0,1.0,0.0,0.0,West,Organic Search,1,Everyday Fashion Shoppers
C01239,1,42.6,42.6,513,0.0,0.0,0.0,0.0,1.0,0.0,0.0,0.0,0.0,East,Paid Social,1,Everyday Fashion Shoppers
C01240,1,60.34,60.34,701,0.0,0.0,0.0,0.0,0.0,0.0,0.0,1.0,0.0,East,Paid Social,0,Everyday Home & Kitchen Shoppers
C01241,4,923.55,230.888,303,0.125,0.0,0.5,0.0,0.0,0.25,0.0,0.75,0.0,East,Organic Search,0,Everyday Home & Kitchen Shoppers
C01242,4,448.46,112.115,61,0.05,0.0,0.25,0.25,0.5,0.25,0.0,0.0,0.0,West,Organic Search,2,Deal & Festive Shoppers
C01243,1,53.67,53.67,52,0.15,0.0,1.0,1.0,0.0,0.0,0.0,0.0,0.0,South,Organic Search,4,Everyday Beauty Shoppers
C01244,1,129.78,129.78,376,0.2,0.0,1.0,0.0,0.0,0.0,0.0,0.0,1.0,East,Paid Social,2,Deal & Festive Shoppers
C01245,1,117.4,117.4,113,0.1,1.0,0.0,0.0,0.0,0.0,0.0,0.0,1.0,East,Paid Social,1,Everyday Fashion Shoppers
C01246,2,207.68,103.84,28,0.3,0.0,1.0,0.0,0.0,0.0,1.0,0.0,0.0,North,Email,2,Deal & Festive Shoppers
C01247,1,479.49,479.49,124,0.0,0.0,0.0,0.0,0.0,0.0,0.0,1.0,0.0,West,Organic Search,0,Everyday Home & Kitchen Shoppers
C01248,2,46.08,23.04,406,0.3,0.0,1.0,1.0,0.0,0.0,0.0,0.0,0.0,North,Paid Social,4,Everyday Beauty Shoppers
C01249,2,284.74,142.37,361,0.0,0.0,0.0,0.5,0.0,0.0,0.5,0.0,0.0,North,Organic Search,4,Everyday Beauty Shoppers
C01250,1,26.8,26.8,40,0.15,0.0,1.0,0.0,0.0,0.0,0.0,0.0,1.0,West,Marketplace,2,Deal & Festive Shoppers
C01251,3,475.01,158.337,315,0.083,0.0,0.333,0.0,0.0,0.0,0.667,0.333,0.0,South,Email,1,Everyday Fashion Shoppers
C01252,1,217.92,217.92,439,0.0,0.0,0.0,0.0,0.0,0.0,0.0,1.0,0.0,North,Marketplace,0,Everyday Home & Kitchen Shoppers
C01253,1,52.48,52.48,672,0.0,0.0,0.0,0.0,0.0,0.0,0.0,1.0,0.0,North,Marketplace,0,Everyday Home & Kitchen Shoppers
C01254,1,176.1,176.1,157,0.0,0.0,0.0,0.0,0.0,0.0,0.0,0.0,1.0,East,Paid Social,1,Everyday Fashion Shoppers
C01255,5,904.8,180.96,2,0.17,0.4,0.6,0.0,0.0,0.2,0.2,0.6,0.0,West,Email,2,Deal & Festive Shoppers
C01256,1,156.14,156.14,655,0.05,1.0,0.0,0.0,0.0,0.0,1.0,0.0,0.0,North,Paid Social,1,Everyday Fashion Shoppers
C01257,1,607.68,607.68,572,0.0,0.0,0.0,0.0,0.0,1.0,0.0,0.0,0.0,North,Marketplace,3,Big-Ticket Tech Buyers
C01258,3,297.87,99.29,30,0.2,0.0,0.667,0.0,0.0,0.0,0.0,1.0,0.0,South,Paid Social,2,Deal & Festive Shoppers
C01259,1,88.74,88.74,336,0.2,0.0,0.0,0.0,0.0,0.0,1.0,0.0,0.0,West,Paid Social,1,Everyday Fashion Shoppers
C01260,2,429.21,214.605,88,0.1,0.5,0.0,0.0,0.0,0.5,0.0,0.5,0.0,North,Marketplace,3,Big-Ticket Tech Buyers
C01261,1,284.11,284.11,527,0.0,0.0,0.0,0.0,0.0,1.0,0.0,0.0,0.0,West,Marketplace,3,Big-Ticket Tech Buyers
C01262,2,95.62,47.81,68,0.05,0.0,0.0,0.0,0.0,0.0,0.0,1.0,0.0,West,Marketplace,0,Everyday Home & Kitchen Shoppers
C01263,5,1240.09,248.018,274,0.2,0.0,0.8,0.6,0.0,0.4,0.0,0.0,0.0,South,Organic Search,2,Deal & Festive Shoppers
C01264,1,95.34,95.34,145,0.3,0.0,0.0,0.0,0.0,0.0,0.0,1.0,0.0,West,Organic Search,0,Everyday Home & Kitchen Shoppers
C01265,5,1200.6,240.12,207,0.17,0.0,0.6,0.0,0.2,0.2,0.2,0.4,0.0,East,Paid Social,2,Deal & Festive Shoppers
C01266,2,239.46,119.73,637,0.15,0.0,0.0,0.0,0.0,0.0,0.0,0.5,0.5,East,Paid Social,0,Everyday Home & Kitchen Shoppers
C01267,2,179.52,89.76,646,0.075,0.0,0.0,0.5,0.0,0.0,0.5,0.0,0.0,South,Paid Social,4,Everyday Beauty Shoppers
C01268,3,365.21,121.737,151,0.1,0.0,0.0,0.333,0.0,0.0,0.333,0.333,0.0,West,Organic Search,0,Everyday Home & Kitchen Shoppers
C01269,2,366.14,183.07,53,0.15,0.0,1.0,0.0,0.0,0.0,1.0,0.0,0.0,East,Email,2,Deal & Festive Shoppers
C01270,4,886.78,221.695,103,0.038,0.0,0.0,0.0,0.0,0.25,0.25,0.5,0.0,East,Organic Search,0,Everyday Home & Kitchen Shoppers
C01271,1,29.9,29.9,470,0.3,0.0,0.0,0.0,1.0,0.0,0.0,0.0,0.0,West,Email,1,Everyday Fashion Shoppers
C01272,2,183.39,91.695,623,0.2,0.0,0.0,0.5,0.0,0.0,0.5,0.0,0.0,South,Marketplace,4,Everyday Beauty Shoppers
C01273,1,1139.98,1139.98,73,0.0,0.0,0.0,0.0,0.0,1.0,0.0,0.0,0.0,West,Referral,3,Big-Ticket Tech Buyers
C01274,1,415.31,415.31,241,0.3,0.0,0.0,0.0,0.0,1.0,0.0,0.0,0.0,West,Paid Social,3,Big-Ticket Tech Buyers
C01275,2,95.12,47.56,161,0.15,0.0,0.0,0.0,0.5,0.0,0.0,0.5,0.0,North,Organic Search,0,Everyday Home & Kitchen Shoppers
C01276,1,208.58,208.58,232,0.0,0.0,0.0,0.0,0.0,0.0,0.0,0.0,1.0,North,Organic Search,1,Everyday Fashion Shoppers
C01277,3,578.41,192.803,85,0.017,0.0,0.0,0.0,0.333,0.333,0.0,0.333,0.0,South,Email,3,Big-Ticket Tech Buyers
C01278,1,266.1,266.1,189,0.0,0.0,0.0,0.0,0.0,0.0,0.0,1.0,0.0,West,Paid Social,0,Everyday Home & Kitchen Shoppers
C01279,2,117.63,58.815,451,0.175,0.0,0.0,0.5,0.5,0.0,0.0,0.0,0.0,South,Organic Search,4,Everyday Beauty Shoppers
C01280,4,726.62,181.655,37,0.088,0.25,0.25,0.0,0.25,0.25,0.5,0.0,0.0,East,Marketplace,2,Deal & Festive Shoppers
C01281,1,64.84,64.84,199,0.0,0.0,0.0,0.0,0.0,0.0,1.0,0.0,0.0,North,Email,1,Everyday Fashion Shoppers
C01282,2,211.07,105.535,41,0.075,0.0,0.5,0.0,0.5,0.0,0.0,0.5,0.0,South,Marketplace,2,Deal & Festive Shoppers
C01283,2,139.29,69.645,214,0.075,0.0,0.0,0.5,0.0,0.0,0.0,0.0,0.5,East,Paid Social,4,Everyday Beauty Shoppers
C01284,3,267.95,89.317,83,0.033,0.333,0.0,0.333,0.0,0.0,0.667,0.0,0.0,North,Marketplace,1,Everyday Fashion Shoppers
C01285,1,304.62,304.62,459,0.0,0.0,0.0,0.0,0.0,1.0,0.0,0.0,0.0,West,Organic Search,3,Big-Ticket Tech Buyers
C01286,5,854.09,170.818,71,0.0,0.0,0.0,0.0,0.2,0.0,0.2,0.4,0.2,North,Organic Search,0,Everyday Home & Kitchen Shoppers
C01287,4,927.75,231.938,19,0.162,0.0,0.5,0.0,0.0,0.75,0.0,0.25,0.0,West,Marketplace,2,Deal & Festive Shoppers
C01288,3,839.15,279.717,7,0.2,0.0,0.667,0.333,0.0,0.0,0.0,0.667,0.0,North,Marketplace,2,Deal & Festive Shoppers
C01289,2,139.17,69.585,653,0.1,0.5,0.0,0.5,0.0,0.0,0.0,0.5,0.0,West,Paid Social,4,Everyday Beauty Shoppers
C01290,3,331.19,110.397,76,0.15,0.0,0.0,0.333,0.333,0.0,0.0,0.0,0.333,East,Organic Search,4,Everyday Beauty Shoppers
C01291,2,611.22,305.61,496,0.0,0.0,0.0,0.0,0.0,0.0,0.5,0.5,0.0,North,Paid Social,0,Everyday Home & Kitchen Shoppers
C01292,4,629.94,157.485,60,0.2,0.0,0.5,0.25,0.0,0.0,0.5,0.25,0.0,North,Email,2,Deal & Festive Shoppers
C01293,3,536.22,178.74,349,0.2,1.0,0.667,0.0,0.0,1.0,0.0,0.0,0.0,North,Marketplace,3,Big-Ticket Tech Buyers
C01294,3,1310.49,436.83,532,0.05,0.0,0.0,0.0,0.0,0.333,0.333,0.333,0.0,East,Paid Social,3,Big-Ticket Tech Buyers
C01295,3,204.23,68.077,48,0.15,0.0,1.0,0.0,1.0,0.0,0.0,0.0,0.0,West,Organic Search,2,Deal & Festive Shoppers
C01296,6,1004.53,167.422,166,0.025,0.167,0.0,0.167,0.0,0.167,0.5,0.167,0.0,South,Referral,3,Big-Ticket Tech Buyers
C01297,2,131.84,65.92,490,0.025,0.0,0.0,0.0,0.0,0.0,0.5,0.5,0.0,South,Email,0,Everyday Home & Kitchen Shoppers
C01298,2,767.58,383.79,100,0.075,0.0,0.0,0.0,0.5,0.5,0.0,0.0,0.0,East,Paid Social,3,Big-Ticket Tech Buyers
C01299,3,260.67,86.89,337,0.017,0.0,0.0,0.333,0.0,0.0,0.667,0.0,0.0,East,Referral,1,Everyday Fashion Shoppers
C01300,2,437.33,218.665,582,0.05,0.0,0.0,0.0,0.5,0.0,0.0,0.0,0.5,East,Marketplace,1,Everyday Fashion Shoppers
C01301,3,367.29,122.43,32,0.083,0.0,0.333,0.333,0.333,0.0,0.0,0.333,0.0,South,Organic Search,2,Deal & Festive Shoppers
C01302,7,730.45,104.35,202,0.207,0.0,0.286,0.0,0.0,0.0,0.857,0.0,0.143,East,Referral,2,Deal & Festive Shoppers
C01303,4,1982.94,495.735,160,0.0,0.0,0.0,0.0,0.0,0.25,0.25,0.25,0.25,West,Referral,3,Big-Ticket Tech Buyers
C01304,1,144.42,144.42,103,0.05,0.0,0.0,0.0,0.0,0.0,0.0,0.0,1.0,South,Paid Social,1,Everyday Fashion Shoppers
C01305,2,153.29,76.645,66,0.05,0.0,0.0,0.5,0.0,0.0,0.5,0.0,0.0,North,Marketplace,4,Everyday Beauty Shoppers
C01306,4,556.49,139.122,196,0.025,0.0,0.0,0.0,0.0,0.0,0.5,0.5,0.0,North,Referral,0,Everyday Home & Kitchen Shoppers
C01307,3,699.53,233.177,146,0.083,0.0,0.0,0.0,0.333,0.333,0.0,0.333,0.0,East,Paid Social,3,Big-Ticket Tech Buyers
C01308,2,551.45,275.725,520,0.0,0.0,0.0,0.0,0.0,0.5,0.0,0.0,0.5,South,Organic Search,3,Big-Ticket Tech Buyers
C01309,2,63.91,31.955,431,0.025,0.5,0.0,0.5,0.0,0.0,0.5,0.0,0.0,West,Email,4,Everyday Beauty Shoppers
C01310,1,32.74,32.74,127,0.1,0.0,0.0,0.0,0.0,0.0,0.0,0.0,1.0,East,Organic Search,1,Everyday Fashion Shoppers
C01311,3,248.04,82.68,192,0.017,0.0,0.0,0.333,0.0,0.0,0.333,0.0,0.333,East,Organic Search,4,Everyday Beauty Shoppers
C01312,1,317.93,317.93,475,0.0,0.0,0.0,0.0,0.0,1.0,0.0,0.0,0.0,East,Paid Social,3,Big-Ticket Tech Buyers
C01313,3,371.78,123.927,94,0.033,0.0,0.0,0.333,0.0,0.0,0.333,0.333,0.0,North,Referral,0,Everyday Home & Kitchen Shoppers
C01314,1,135.66,135.66,132,0.0,0.0,0.0,1.0,0.0,0.0,0.0,0.0,0.0,West,Marketplace,4,Everyday Beauty Shoppers
C01315,1,82.45,82.45,91,0.15,0.0,0.0,0.0,0.0,0.0,1.0,0.0,0.0,North,Email,1,Everyday Fashion Shoppers
C01316,2,605.01,302.505,348,0.0,0.0,0.0,0.0,0.0,0.5,0.0,0.5,0.0,East,Marketplace,3,Big-Ticket Tech Buyers
C01317,1,96.69,96.69,234,0.15,0.0,0.0,0.0,0.0,0.0,1.0,0.0,0.0,West,Paid Social,1,Everyday Fashion Shoppers
C01318,2,2155.77,1077.885,292,0.175,0.0,0.0,0.0,0.0,1.0,0.0,0.0,0.0,East,Paid Social,3,Big-Ticket Tech Buyers
C01319,1,74.01,74.01,411,0.15,0.0,1.0,0.0,0.0,0.0,0.0,0.0,1.0,West,Marketplace,2,Deal & Festive Shoppers
C01320,1,121.57,121.57,446,0.1,0.0,0.0,0.0,0.0,0.0,1.0,0.0,0.0,South,Paid Social,1,Everyday Fashion Shoppers
C01321,1,155.04,155.04,645,0.0,0.0,0.0,0.0,0.0,1.0,0.0,0.0,0.0,West,Email,3,Big-Ticket Tech Buyers
C01322,1,105.84,105.84,532,0.0,0.0,0.0,0.0,0.0,0.0,1.0,0.0,0.0,East,Paid Social,1,Everyday Fashion Shoppers
C01323,4,675.31,168.828,245,0.125,0.0,0.0,0.5,0.0,0.0,0.25,0.25,0.0,East,Organic Search,4,Everyday Beauty Shoppers
C01324,4,305.68,76.42,53,0.112,0.0,0.5,0.25,0.0,0.0,0.25,0.5,0.0,North,Referral,2,Deal & Festive Shoppers
C01325,1,77.6,77.6,110,0.0,1.0,0.0,0.0,0.0,0.0,1.0,0.0,0.0,North,Organic Search,1,Everyday Fashion Shoppers
C01326,1,131.3,131.3,581,0.0,0.0,0.0,0.0,0.0,0.0,1.0,0.0,0.0,East,Organic Search,1,Everyday Fashion Shoppers
C01327,2,190.71,95.355,158,0.075,0.0,0.0,0.0,0.0,0.0,0.5,0.5,0.0,North,Organic Search,0,Everyday Home & Kitchen Shoppers
C01328,3,411.55,137.183,2,0.1,0.333,0.333,0.0,0.0,0.0,0.333,0.667,0.0,East,Organic Search,2,Deal & Festive Shoppers
C01329,1,149.96,149.96,259,0.1,0.0,0.0,0.0,0.0,0.0,0.0,0.0,1.0,West,Paid Social,1,Everyday Fashion Shoppers
C01330,2,259.37,129.685,139,0.15,0.5,0.0,0.0,0.0,0.5,0.5,0.0,0.0,West,Marketplace,3,Big-Ticket Tech Buyers
C01331,1,35.04,35.04,403,0.2,0.0,1.0,1.0,0.0,0.0,0.0,0.0,0.0,North,Paid Social,4,Everyday Beauty Shoppers
C01332,2,373.11,186.555,143,0.15,0.0,0.0,0.5,0.0,0.5,0.0,0.0,0.0,West,Marketplace,3,Big-Ticket Tech Buyers
C01333,5,378.35,75.67,70,0.09,0.2,0.4,0.0,0.0,0.4,0.2,0.2,0.2,North,Referral,2,Deal & Festive Shoppers
C01334,3,366.24,122.08,29,0.1,0.0,0.667,0.667,0.0,0.0,0.0,0.333,0.0,South,Organic Search,2,Deal & Festive Shoppers
C01335,2,1460.1,730.05,319,0.025,0.0,0.0,0.0,0.0,0.5,0.0,0.5,0.0,West,Organic Search,3,Big-Ticket Tech Buyers
C01336,1,291.24,291.24,21,0.1,0.0,1.0,0.0,0.0,0.0,0.0,1.0,0.0,North,Marketplace,2,Deal & Festive Shoppers
C01337,2,115.86,57.93,267,0.075,0.0,0.0,0.0,0.0,0.0,0.5,0.5,0.0,North,Referral,0,Everyday Home & Kitchen Shoppers
C01338,1,161.19,161.19,523,0.0,0.0,0.0,1.0,0.0,0.0,0.0,0.0,0.0,North,Marketplace,4,Everyday Beauty Shoppers
C01339,1,105.25,105.25,179,0.2,0.0,0.0,0.0,0.0,0.0,0.0,1.0,0.0,East,Paid Social,0,Everyday Home & Kitchen Shoppers
C01340,1,76.38,76.38,431,0.15,0.0,0.0,0.0,0.0,0.0,0.0,0.0,1.0,West,Email,1,Everyday Fashion Shoppers
C01341,2,1465.67,732.835,274,0.0,0.0,0.0,0.0,0.0,0.5,0.5,0.0,0.0,North,Email,3,Big-Ticket Tech Buyers
C01342,1,276.08,276.08,636,0.0,0.0,0.0,0.0,0.0,0.0,1.0,0.0,0.0,North,Marketplace,1,Everyday Fashion Shoppers
C01343,3,277.59,92.53,486,0.0,0.0,0.0,0.0,0.0,0.0,0.333,0.333,0.333,East,Organic Search,0,Everyday Home & Kitchen Shoppers
C01344,2,322.23,161.115,296,0.0,0.0,0.0,0.5,0.0,0.0,0.5,0.0,0.0,North,Marketplace,4,Everyday Beauty Shoppers
C01345,1,110.43,110.43,592,0.0,0.0,0.0,0.0,0.0,0.0,0.0,1.0,0.0,East,Paid Social,0,Everyday Home & Kitchen Shoppers
C01346,2,298.26,149.13,24,0.3,0.0,1.0,0.0,0.0,0.0,1.0,0.0,0.0,West,Marketplace,2,Deal & Festive Shoppers
C01347,2,224.67,112.335,115,0.15,0.0,0.0,0.0,0.0,0.0,1.0,0.0,0.0,East,Paid Social,1,Everyday Fashion Shoppers
C01348,3,281.04,93.68,99,0.117,0.333,0.0,0.0,0.0,0.0,0.667,0.0,0.333,West,Referral,1,Everyday Fashion Shoppers
C01349,3,747.77,249.257,41,0.117,0.0,0.333,0.0,0.0,0.333,0.333,0.333,0.0,East,Paid Social,2,Deal & Festive Shoppers
C01350,1,253.05,253.05,309,0.0,0.0,0.0,0.0,0.0,0.0,0.0,1.0,0.0,West,Marketplace,0,Everyday Home & Kitchen Shoppers
C01351,3,264.78,88.26,280,0.05,0.0,0.0,0.667,0.0,0.0,0.333,0.0,0.0,North,Organic Search,4,Everyday Beauty Shoppers
C01352,2,185.35,92.675,419,0.075,0.0,0.5,0.5,0.0,0.0,0.0,0.5,0.0,North,Paid Social,4,Everyday Beauty Shoppers
C01353,5,813.47,162.694,25,0.1,0.0,0.6,0.0,0.2,0.0,0.0,0.8,0.0,East,Referral,2,Deal & Festive Shoppers
C01354,1,222.84,222.84,89,0.0,0.0,0.0,0.0,0.0,0.0,0.0,0.0,1.0,North,Email,1,Everyday Fashion Shoppers
C01355,2,2020.73,1010.365,503,0.075,0.0,0.0,0.0,0.0,1.0,0.0,0.0,0.0,West,Paid Social,3,Big-Ticket Tech Buyers
C01356,1,208.58,208.58,380,0.2,0.0,1.0,0.0,0.0,0.0,0.0,1.0,0.0,East,Email,0,Everyday Home & Kitchen Shoppers
C01357,4,949.03,237.258,283,0.1,0.0,0.5,0.0,0.0,0.0,0.25,0.0,0.75,West,Paid Social,2,Deal & Festive Shoppers
C01358,7,1072.49,153.213,387,0.179,0.0,0.571,0.0,0.429,0.0,0.0,0.286,0.286,South,Referral,2,Deal & Festive Shoppers
C01359,2,597.68,298.84,552,0.125,0.0,0.0,0.0,0.5,0.5,0.0,0.0,0.0,South,Email,3,Big-Ticket Tech Buyers
C01360,4,689.72,172.43,138,0.225,0.0,0.5,0.25,0.25,0.5,0.0,0.0,0.0,East,Email,2,Deal & Festive Shoppers
C01361,2,1078.32,539.16,363,0.1,0.0,0.0,0.0,0.0,0.5,0.0,0.0,0.5,North,Marketplace,3,Big-Ticket Tech Buyers
C01362,3,179.23,59.743,106,0.067,0.0,0.0,0.0,0.333,0.0,0.333,0.333,0.0,East,Paid Social,0,Everyday Home & Kitchen Shoppers
C01363,5,1138.02,227.604,395,0.08,0.4,0.8,0.4,0.0,0.6,0.0,0.0,0.0,East,Organic Search,3,Big-Ticket Tech Buyers
C01364,3,100.95,33.65,490,0.0,0.0,0.0,0.667,0.333,0.0,0.0,0.0,0.0,West,Email,4,Everyday Beauty Shoppers
C01365,2,1237.87,618.935,289,0.025,0.0,0.0,0.0,0.0,0.5,0.5,0.0,0.0,East,Organic Search,3,Big-Ticket Tech Buyers
C01366,1,38.13,38.13,719,0.0,0.0,0.0,0.0,0.0,0.0,0.0,0.0,1.0,North,Organic Search,1,Everyday Fashion Shoppers
C01367,1,86.01,86.01,501,0.0,0.0,0.0,1.0,0.0,0.0,0.0,0.0,0.0,South,Email,4,Everyday Beauty Shoppers
C01368,2,368.76,184.38,401,0.3,0.0,1.0,0.0,0.0,0.0,0.0,1.0,0.0,East,Paid Social,2,Deal & Festive Shoppers
C01369,1,198.11,198.11,51,0.1,0.0,1.0,0.0,0.0,0.0,0.0,0.0,1.0,North,Paid Social,2,Deal & Festive Shoppers
C01370,3,672.72,224.24,118,0.083,0.333,0.0,0.0,0.0,0.0,0.667,0.0,0.333,South,Marketplace,1,Everyday Fashion Shoppers
C01371,3,401.58,133.86,51,0.067,0.0,0.667,0.0,0.0,0.0,0.333,0.667,0.0,South,Organic Search,2,Deal & Festive Shoppers
C01372,2,1324.83,662.415,289,0.15,0.0,0.0,0.0,0.0,0.5,0.0,0.5,0.0,North,Organic Search,3,Big-Ticket Tech Buyers
C01373,5,414.7,82.94,170,0.06,0.0,0.2,0.4,0.2,0.0,0.2,0.2,0.0,East,Organic Search,4,Everyday Beauty Shoppers
C01374,2,170.15,85.075,392,0.225,0.0,0.5,0.0,0.0,0.0,0.5,0.5,0.0,North,Organic Search,2,Deal & Festive Shoppers
C01375,2,1707.36,853.68,65,0.0,0.5,0.0,0.0,0.0,1.0,0.0,0.0,0.0,East,Email,3,Big-Ticket Tech Buyers
C01376,2,155.73,77.865,30,0.15,0.0,1.0,0.5,0.0,0.0,0.5,0.0,0.0,North,Email,2,Deal & Festive Shoppers
C01377,1,34.22,34.22,40,0.1,0.0,1.0,1.0,0.0,0.0,0.0,0.0,0.0,East,Referral,4,Everyday Beauty Shoppers
C01378,2,255.48,127.74,192,0.1,0.0,0.0,0.0,0.0,0.0,0.5,0.5,0.0,North,Organic Search,0,Everyday Home & Kitchen Shoppers
C01379,2,483.0,241.5,285,0.125,0.0,0.0,0.5,0.0,0.5,0.0,0.0,0.0,West,Paid Social,3,Big-Ticket Tech Buyers
C01380,3,592.1,197.367,221,0.033,0.0,0.0,0.0,0.0,0.667,0.333,0.0,0.0,North,Organic Search,3,Big-Ticket Tech Buyers
C01381,6,963.58,160.597,21,0.2,0.0,1.0,0.333,0.0,0.333,0.0,0.0,0.333,East,Email,2,Deal & Festive Shoppers
C01382,8,1365.42,170.678,240,0.025,0.0,0.25,0.0,0.25,0.125,0.25,0.125,0.25,South,Referral,2,Deal & Festive Shoppers
C01383,2,157.93,78.965,338,0.1,0.0,0.0,0.0,0.0,0.0,0.5,0.5,0.0,North,Organic Search,0,Everyday Home & Kitchen Shoppers
C01384,2,143.74,71.87,71,0.0,0.0,0.0,0.0,0.0,0.0,1.0,0.0,0.0,South,Email,1,Everyday Fashion Shoppers
C01385,4,353.06,88.265,276,0.238,0.0,0.5,0.0,0.5,0.0,0.25,0.25,0.0,West,Email,2,Deal & Festive Shoppers
C01386,1,162.94,162.94,548,0.0,0.0,0.0,0.0,0.0,0.0,0.0,1.0,0.0,West,Paid Social,0,Everyday Home & Kitchen Shoppers
C01387,3,748.83,249.61,294,0.167,0.0,0.0,0.0,0.0,0.333,0.333,0.333,0.0,South,Referral,3,Big-Ticket Tech Buyers
C01388,4,1341.68,335.42,231,0.112,0.0,0.0,0.0,0.0,0.5,0.0,0.25,0.25,North,Referral,3,Big-Ticket Tech Buyers
C01389,1,162.6,162.6,99,0.0,0.0,0.0,0.0,0.0,0.0,1.0,0.0,0.0,East,Organic Search,1,Everyday Fashion Shoppers
C01390,1,17.06,17.06,85,0.2,0.0,0.0,1.0,0.0,0.0,0.0,0.0,0.0,East,Organic Search,4,Everyday Beauty Shoppers
C01391,6,1114.2,185.7,399,0.083,0.0,0.667,0.167,0.0,0.167,0.0,0.333,0.333,North,Email,2,Deal & Festive Shoppers
C01392,1,151.89,151.89,355,0.0,0.0,0.0,0.0,0.0,0.0,0.0,0.0,1.0,East,Marketplace,1,Everyday Fashion Shoppers
C01393,2,63.94,31.97,29,0.2,0.0,1.0,0.0,1.0,0.0,0.0,0.0,0.0,East,Referral,2,Deal & Festive Shoppers
C01394,1,168.13,168.13,198,0.2,1.0,0.0,0.0,0.0,1.0,0.0,0.0,0.0,East,Referral,3,Big-Ticket Tech Buyers
C01395,2,139.88,69.94,555,0.05,0.0,0.0,0.5,0.0,0.0,0.0,0.5,0.0,South,Referral,4,Everyday Beauty Shoppers
C01396,2,283.84,141.92,70,0.15,0.0,0.0,0.0,0.5,0.0,0.0,0.5,0.0,South,Paid Social,0,Everyday Home & Kitchen Shoppers
C01397,3,245.66,81.887,140,0.083,0.0,0.0,0.0,0.0,0.0,0.333,0.333,0.333,North,Organic Search,0,Everyday Home & Kitchen Shoppers
C01398,1,66.28,66.28,261,0.0,0.0,0.0,0.0,0.0,0.0,0.0,1.0,0.0,East,Paid Social,0,Everyday Home & Kitchen Shoppers
C01399,2,109.79,54.895,561,0.075,0.0,0.0,0.5,0.0,0.0,0.0,0.5,0.0,North,Marketplace,4,Everyday Beauty Shoppers
C01400,5,663.72,132.744,411,0.12,0.2,0.4,0.0,0.0,0.0,0.8,0.2,0.0,East,Email,2,Deal & Festive Shoppers
C01401,1,52.46,52.46,127,0.0,0.0,0.0,0.0,1.0,0.0,0.0,0.0,0.0,East,Marketplace,1,Everyday Fashion Shoppers
C01402,1,288.6,288.6,551,0.0,0.0,0.0,0.0,0.0,1.0,0.0,0.0,0.0,East,Organic Search,3,Big-Ticket Tech Buyers
C01403,3,263.79,87.93,193,0.017,0.0,0.0,0.333,0.0,0.0,0.333,0.333,0.0,North,Paid Social,0,Everyday Home & Kitchen Shoppers
C01404,2,521.25,260.625,433,0.05,0.0,0.0,0.0,0.0,0.0,0.0,0.0,1.0,North,Referral,1,Everyday Fashion Shoppers
C01405,1,97.81,97.81,598,0.05,1.0,0.0,0.0,0.0,0.0,0.0,0.0,1.0,South,Organic Search,1,Everyday Fashion Shoppers
C01406,4,624.86,156.215,147,0.088,0.25,0.25,0.5,0.0,0.25,0.25,0.0,0.0,East,Organic Search,4,Everyday Beauty Shoppers
C01407,2,232.27,116.135,339,0.2,0.0,0.0,0.5,0.0,0.0,0.0,0.0,0.5,West,Email,4,Everyday Beauty Shoppers
C01408,1,153.26,153.26,109,0.2,0.0,0.0,0.0,0.0,0.0,1.0,0.0,0.0,South,Email,1,Everyday Fashion Shoppers
C01409,2,125.89,62.945,639,0.05,0.0,0.0,0.0,0.5,0.0,0.5,0.0,0.0,West,Referral,1,Everyday Fashion Shoppers
C01410,1,37.32,37.32,529,0.0,0.0,0.0,0.0,0.0,0.0,1.0,0.0,0.0,North,Organic Search,1,Everyday Fashion Shoppers
C01411,2,165.17,82.585,308,0.15,0.5,0.0,0.5,0.0,0.0,0.5,0.0,0.0,South,Paid Social,4,Everyday Beauty Shoppers
C01412,3,358.19,119.397,275,0.067,0.0,0.0,0.0,0.667,0.333,0.0,0.0,0.0,North,Organic Search,3,Big-Ticket Tech Buyers
C01413,2,262.88,131.44,439,0.0,0.0,0.0,0.5,0.0,0.5,0.0,0.0,0.0,East,Organic Search,3,Big-Ticket Tech Buyers
C01414,3,290.03,96.677,2,0.133,0.0,0.667,0.0,0.0,0.0,1.0,0.0,0.0,North,Paid Social,2,Deal & Festive Shoppers
C01415,1,27.7,27.7,304,0.0,0.0,0.0,0.0,0.0,0.0,1.0,0.0,0.0,North,Paid Social,1,Everyday Fashion Shoppers
C01416,2,413.19,206.595,25,0.225,0.5,0.5,0.0,0.0,0.5,0.0,0.5,0.0,East,Marketplace,2,Deal & Festive Shoppers
C01417,1,112.35,112.35,271,0.05,0.0,0.0,0.0,1.0,0.0,0.0,0.0,0.0,East,Paid Social,1,Everyday Fashion Shoppers
C01418,2,493.42,246.71,421,0.15,0.0,1.0,0.0,0.0,0.0,1.0,0.0,0.0,North,Organic Search,2,Deal & Festive Shoppers
C01419,4,1420.98,355.245,21,0.075,0.0,0.5,0.0,0.0,0.25,0.0,0.75,0.0,North,Organic Search,2,Deal & Festive Shoppers
C01420,7,762.98,108.997,30,0.093,0.571,0.571,0.143,0.143,0.0,0.0,0.429,0.286,East,Email,2,Deal & Festive Shoppers
C01421,4,775.62,193.905,11,0.125,0.0,1.0,0.5,0.0,0.5,0.0,0.0,0.0,South,Organic Search,2,Deal & Festive Shoppers
C01422,3,1042.14,347.38,19,0.233,0.667,1.0,0.0,0.0,0.667,0.0,0.333,0.0,North,Organic Search,2,Deal & Festive Shoppers
C01423,1,225.12,225.12,310,0.05,0.0,0.0,0.0,0.0,1.0,0.0,0.0,0.0,East,Paid Social,3,Big-Ticket Tech Buyers
C01424,4,977.89,244.472,87,0.125,0.25,0.0,0.0,0.0,0.25,0.5,0.25,0.0,North,Organic Search,3,Big-Ticket Tech Buyers
C01425,5,1185.73,237.146,66,0.16,0.0,0.0,0.0,0.2,0.4,0.4,0.0,0.0,East,Referral,3,Big-Ticket Tech Buyers
C01426,2,162.95,81.475,127,0.0,0.0,0.0,0.0,0.0,0.0,0.0,0.5,0.5,South,Paid Social,0,Everyday Home & Kitchen Shoppers
C01427,1,140.14,140.14,244,0.0,0.0,0.0,0.0,0.0,0.0,1.0,0.0,0.0,North,Organic Search,1,Everyday Fashion Shoppers
C01428,1,62.34,62.34,86,0.1,0.0,0.0,1.0,0.0,0.0,0.0,0.0,0.0,North,Email,4,Everyday Beauty Shoppers
C01429,4,368.58,92.145,38,0.1,0.0,0.5,0.0,0.25,0.0,0.5,0.25,0.0,North,Paid Social,2,Deal & Festive Shoppers
C01430,3,340.39,113.463,151,0.083,0.0,0.0,0.0,0.333,0.333,0.0,0.333,0.0,North,Referral,0,Everyday Home & Kitchen Shoppers
C01431,2,144.06,72.03,371,0.3,0.0,1.0,0.0,0.0,0.0,0.5,0.0,0.5,South,Organic Search,2,Deal & Festive Shoppers
C01432,3,243.39,81.13,447,0.0,0.0,0.0,0.667,0.0,0.0,0.333,0.0,0.0,West,Referral,4,Everyday Beauty Shoppers
C01433,2,418.81,209.405,552,0.025,0.0,0.0,0.0,0.0,0.5,0.0,0.0,0.5,West,Organic Search,3,Big-Ticket Tech Buyers
C01434,2,992.22,496.11,149,0.1,0.0,0.0,0.0,0.0,1.0,0.0,0.0,0.0,South,Paid Social,3,Big-Ticket Tech Buyers
C01435,6,598.47,99.745,341,0.208,0.0,0.333,0.167,0.167,0.0,0.5,0.167,0.0,East,Organic Search,2,Deal & Festive Shoppers
C01436,2,262.01,131.005,604,0.05,0.0,0.0,0.0,0.0,0.0,0.5,0.5,0.0,East,Marketplace,0,Everyday Home & Kitchen Shoppers
C01437,2,112.58,56.29,424,0.1,0.0,1.0,0.0,1.0,0.0,0.0,0.0,0.0,West,Organic Search,2,Deal & Festive Shoppers
C01438,1,721.62,721.62,265,0.05,1.0,0.0,0.0,0.0,1.0,0.0,0.0,0.0,North,Marketplace,3,Big-Ticket Tech Buyers
C01439,1,356.16,356.16,490,0.1,0.0,0.0,0.0,0.0,0.0,0.0,1.0,0.0,South,Marketplace,0,Everyday Home & Kitchen Shoppers
C01440,2,199.16,99.58,47,0.1,0.0,1.0,1.0,0.0,0.0,0.0,0.0,0.0,South,Paid Social,4,Everyday Beauty Shoppers
C01441,1,28.42,28.42,171,0.0,0.0,0.0,0.0,1.0,0.0,0.0,0.0,0.0,North,Paid Social,1,Everyday Fashion Shoppers
C01442,2,635.3,317.65,369,0.15,0.0,1.0,0.0,0.0,0.0,0.0,1.0,0.0,South,Paid Social,0,Everyday Home & Kitchen Shoppers
C01443,1,86.04,86.04,74,0.3,1.0,0.0,0.0,0.0,1.0,0.0,0.0,0.0,West,Marketplace,3,Big-Ticket Tech Buyers
C01444,5,838.05,167.61,196,0.07,0.0,0.4,0.0,0.0,0.0,0.2,0.4,0.4,West,Referral,2,Deal & Festive Shoppers
C01445,2,630.93,315.465,228,0.125,0.0,0.0,0.0,0.0,0.5,0.5,0.0,0.0,North,Paid Social,3,Big-Ticket Tech Buyers
C01446,1,63.32,63.32,697,0.2,0.0,0.0,0.0,0.0,0.0,1.0,0.0,0.0,South,Organic Search,1,Everyday Fashion Shoppers
C01447,2,90.84,45.42,58,0.15,0.0,1.0,0.0,1.0,0.0,0.0,0.0,0.0,South,Marketplace,2,Deal & Festive Shoppers
C01448,2,81.7,40.85,60,0.3,0.0,1.0,0.0,0.0,0.0,1.0,0.0,0.0,South,Organic Search,2,Deal & Festive Shoppers
C01449,2,187.79,93.895,84,0.1,0.0,0.0,0.0,0.0,0.0,0.5,0.5,0.0,East,Organic Search,0,Everyday Home & Kitchen Shoppers
C01450,1,181.34,181.34,648,0.0,0.0,0.0,0.0,0.0,0.0,1.0,0.0,0.0,North,Organic Search,1,Everyday Fashion Shoppers
C01451,4,143.3,35.825,387,0.1,0.0,0.5,0.25,0.5,0.0,0.0,0.25,0.0,West,Paid Social,2,Deal & Festive Shoppers
C01452,2,796.74,398.37,657,0.0,0.0,0.0,0.0,0.0,0.0,0.0,0.5,0.5,West,Marketplace,0,Everyday Home & Kitchen Shoppers
C01453,5,362.37,72.474,541,0.09,0.0,0.0,0.2,0.2,0.0,0.2,0.4,0.0,East,Email,0,Everyday Home & Kitchen Shoppers
C01454,2,66.26,33.13,324,0.0,0.0,0.0,0.5,0.0,0.0,0.0,0.5,0.0,East,Organic Search,4,Everyday Beauty Shoppers
C01455,2,131.77,65.885,93,0.0,0.0,0.0,0.0,0.5,0.0,0.0,0.5,0.0,East,Paid Social,0,Everyday Home & Kitchen Shoppers
C01456,6,1245.88,207.647,45,0.108,0.0,0.333,0.5,0.0,0.167,0.167,0.167,0.0,South,Email,2,Deal & Festive Shoppers
C01457,2,15.8,7.9,38,0.15,0.0,1.0,0.0,1.0,0.0,0.0,0.0,0.0,North,Paid Social,2,Deal & Festive Shoppers
C01458,3,1214.0,404.667,153,0.133,0.0,0.333,0.0,0.0,0.333,0.0,0.333,0.333,East,Organic Search,3,Big-Ticket Tech Buyers
C01459,2,368.14,184.07,424,0.175,0.0,0.5,0.0,0.0,0.5,0.5,0.0,0.0,North,Paid Social,3,Big-Ticket Tech Buyers
C01460,5,587.48,117.496,202,0.06,0.0,0.0,0.2,0.0,0.0,0.2,0.2,0.4,West,Referral,0,Everyday Home & Kitchen Shoppers
C01461,1,25.52,25.52,170,0.1,0.0,0.0,1.0,0.0,0.0,0.0,0.0,0.0,South,Marketplace,4,Everyday Beauty Shoppers
C01462,3,330.61,110.203,398,0.267,0.0,0.667,0.0,0.0,0.0,0.0,0.333,0.667,South,Referral,2,Deal & Festive Shoppers
C01463,3,756.89,252.297,582,0.05,0.0,0.0,0.0,0.0,0.0,1.0,0.0,0.0,South,Organic Search,1,Everyday Fashion Shoppers
C01464,4,649.61,162.402,644,0.0,0.25,0.0,0.5,0.0,0.25,0.0,0.25,0.0,West,Email,4,Everyday Beauty Shoppers
C01465,3,608.84,202.947,77,0.0,0.0,0.0,0.0,0.0,0.0,0.0,0.667,0.333,North,Organic Search,0,Everyday Home & Kitchen Shoppers
C01466,2,93.76,46.88,633,0.2,0.0,0.0,0.0,1.0,0.0,0.0,0.0,0.0,North,Marketplace,1,Everyday Fashion Shoppers
C01467,3,301.75,100.583,105,0.05,0.0,0.0,0.333,0.0,0.0,0.333,0.333,0.0,North,Paid Social,0,Everyday Home & Kitchen Shoppers
C01468,1,205.9,205.9,456,0.05,0.0,0.0,0.0,0.0,0.0,1.0,0.0,0.0,East,Organic Search,1,Everyday Fashion Shoppers
C01469,1,94.68,94.68,177,0.0,0.0,0.0,0.0,0.0,0.0,1.0,0.0,0.0,West,Paid Social,1,Everyday Fashion Shoppers
C01470,2,46.34,23.17,649,0.025,0.0,0.0,0.0,0.5,0.0,0.5,0.0,0.0,North,Organic Search,1,Everyday Fashion Shoppers
C01471,3,943.8,314.6,17,0.15,0.0,0.667,0.0,0.0,0.0,0.333,0.0,0.667,West,Organic Search,2,Deal & Festive Shoppers
C01472,2,1048.86,524.43,79,0.05,0.0,0.0,0.5,0.0,0.5,0.0,0.0,0.0,North,Referral,3,Big-Ticket Tech Buyers
C01473,4,467.82,116.955,285,0.125,0.0,0.75,0.0,0.75,0.0,0.0,0.0,0.25,East,Email,2,Deal & Festive Shoppers
C01474,2,577.47,288.735,580,0.025,0.0,0.0,0.0,0.0,0.5,0.0,0.5,0.0,North,Marketplace,3,Big-Ticket Tech Buyers
C01475,2,550.9,275.45,47,0.1,0.0,1.0,0.0,0.0,0.0,0.0,1.0,0.0,South,Paid Social,2,Deal & Festive Shoppers
C01476,4,414.8,103.7,19,0.062,0.0,0.25,0.25,0.0,0.0,0.5,0.25,0.0,East,Organic Search,2,Deal & Festive Shoppers
C01477,2,1202.6,601.3,381,0.3,0.0,1.0,0.0,0.0,1.0,0.0,0.0,0.0,East,Paid Social,3,Big-Ticket Tech Buyers
C01478,3,385.82,128.607,395,0.1,0.0,0.667,0.0,0.0,0.0,0.333,0.667,0.0,North,Paid Social,0,Everyday Home & Kitchen Shoppers
C01479,2,367.31,183.655,534,0.0,0.0,0.0,0.0,0.0,0.0,0.5,0.5,0.0,West,Organic Search,0,Everyday Home & Kitchen Shoppers
C01480,4,342.24,85.56,213,0.162,0.0,0.5,0.5,0.0,0.0,0.25,0.25,0.0,West,Marketplace,2,Deal & Festive Shoppers
C01481,1,84.7,84.7,609,0.05,0.0,0.0,0.0,0.0,0.0,0.0,0.0,1.0,South,Marketplace,1,Everyday Fashion Shoppers
C01482,4,1202.02,300.505,178,0.138,0.0,0.5,0.0,0.0,0.75,0.0,0.25,0.0,East,Organic Search,3,Big-Ticket Tech Buyers
C01483,2,195.22,97.61,457,0.0,0.5,0.0,1.0,0.0,0.0,0.0,0.0,0.0,East,Email,4,Everyday Beauty Shoppers
C01484,4,1633.89,408.472,587,0.112,0.0,0.0,0.0,0.0,0.25,0.5,0.25,0.0,North,Referral,3,Big-Ticket Tech Buyers
C01485,4,284.52,71.13,386,0.175,0.0,0.75,0.0,0.5,0.0,0.25,0.25,0.0,West,Organic Search,2,Deal & Festive Shoppers
C01486,2,40.01,20.005,8,0.175,0.0,0.5,0.5,0.5,0.0,0.0,0.0,0.0,South,Referral,2,Deal & Festive Shoppers
C01487,1,877.02,877.02,613,0.0,0.0,0.0,0.0,0.0,1.0,0.0,0.0,0.0,East,Organic Search,3,Big-Ticket Tech Buyers
C01488,2,734.55,367.275,681,0.0,0.5,0.0,0.5,0.0,0.5,0.0,0.0,0.0,North,Organic Search,3,Big-Ticket Tech Buyers
C01489,2,85.52,42.76,602,0.25,0.0,0.0,0.0,0.5,0.0,0.5,0.0,0.0,South,Marketplace,1,Everyday Fashion Shoppers
C01490,3,765.66,255.22,127,0.133,0.333,0.0,0.0,0.0,0.0,0.667,0.0,0.333,East,Referral,1,Everyday Fashion Shoppers
C01491,3,113.86,37.953,386,0.217,0.0,0.667,0.333,0.0,0.0,0.0,0.667,0.0,East,Organic Search,2,Deal & Festive Shoppers
C01492,2,218.0,109.0,381,0.3,0.0,1.0,0.0,0.0,0.0,1.0,0.0,0.0,West,Paid Social,2,Deal & Festive Shoppers
C01493,2,434.95,217.475,522,0.025,0.0,0.0,0.0,0.0,0.5,0.0,0.5,0.0,West,Marketplace,3,Big-Ticket Tech Buyers
C01494,2,704.98,352.49,229,0.0,0.0,0.0,0.0,0.0,0.5,0.0,0.0,0.5,North,Paid Social,3,Big-Ticket Tech Buyers
C01495,2,1293.54,646.77,430,0.075,0.0,0.0,0.0,0.0,0.5,0.0,0.5,0.0,North,Marketplace,3,Big-Ticket Tech Buyers
C01496,3,667.29,222.43,304,0.1,0.0,0.333,0.0,0.0,0.0,0.0,0.333,0.667,South,Marketplace,0,Everyday Home & Kitchen Shoppers
C01497,2,464.46,232.23,236,0.075,0.0,0.0,0.0,0.0,0.0,0.5,0.0,0.5,South,Paid Social,1,Everyday Fashion Shoppers
C01498,4,1402.11,350.528,18,0.212,0.25,0.5,0.0,0.25,0.5,0.25,0.0,0.0,South,Email,2,Deal & Festive Shoppers
C01499,5,182.72,36.544,386,0.17,0.0,1.0,0.2,0.4,0.0,0.4,0.0,0.0,West,Referral,2,Deal & Festive Shoppers
C01500,2,114.54,57.27,121,0.025,0.0,0.0,0.5,0.0,0.0,0.0,0.0,0.5,East,Email,4,Everyday Beauty Shoppers
C01501,2,476.05,238.025,67,0.05,0.0,0.0,0.0,0.0,0.5,0.5,0.0,0.0,North,Paid Social,3,Big-Ticket Tech Buyers
C01502,2,436.0,218.0,470,0.05,0.5,0.0,0.0,0.0,0.0,0.5,0.5,0.0,South,Organic Search,0,Everyday Home & Kitchen Shoppers
C01503,1,506.06,506.06,556,0.0,0.0,0.0,0.0,0.0,1.0,0.0,0.0,0.0,East,Organic Search,3,Big-Ticket Tech Buyers
C01504,6,460.14,76.69,190,0.05,0.167,0.0,0.5,0.167,0.0,0.167,0.167,0.0,South,Referral,4,Everyday Beauty Shoppers
C01505,3,498.04,166.013,98,0.083,0.333,0.0,0.0,0.0,0.333,0.333,0.333,0.0,North,Email,3,Big-Ticket Tech Buyers
C01506,3,737.67,245.89,115,0.083,0.333,0.0,0.0,0.0,0.333,0.0,0.333,0.333,South,Email,3,Big-Ticket Tech Buyers
C01507,3,329.9,109.967,49,0.1,0.0,0.333,0.0,0.0,0.0,0.667,0.333,0.0,South,Referral,2,Deal & Festive Shoppers
C01508,4,452.06,113.015,329,0.05,0.0,0.5,0.0,0.5,0.25,0.25,0.0,0.0,North,Organic Search,2,Deal & Festive Shoppers
C01509,1,81.5,81.5,108,0.0,0.0,0.0,0.0,0.0,0.0,0.0,1.0,0.0,East,Organic Search,0,Everyday Home & Kitchen Shoppers
C01510,3,278.06,92.687,57,0.233,0.0,0.667,0.0,0.0,0.0,1.0,0.0,0.0,South,Email,2,Deal & Festive Shoppers
C01511,3,132.91,44.303,208,0.083,0.0,0.0,0.0,0.667,0.0,0.333,0.0,0.0,East,Paid Social,1,Everyday Fashion Shoppers
C01512,4,383.86,95.965,393,0.225,0.0,0.5,0.5,0.0,0.0,0.0,0.25,0.25,East,Email,2,Deal & Festive Shoppers
C01513,3,513.39,171.13,56,0.167,0.333,0.667,0.0,0.0,0.333,0.667,0.0,0.0,West,Organic Search,2,Deal & Festive Shoppers
C01514,4,572.16,143.04,207,0.125,0.0,0.5,0.0,0.0,0.0,0.0,1.0,0.0,North,Paid Social,0,Everyday Home & Kitchen Shoppers
C01515,2,746.03,373.015,448,0.05,0.0,0.0,0.0,0.0,0.0,0.5,0.0,0.5,North,Marketplace,1,Everyday Fashion Shoppers
C01516,3,133.86,44.62,18,0.2,0.333,0.667,0.0,0.0,0.0,0.333,0.0,0.667,South,Organic Search,2,Deal & Festive Shoppers
C01517,4,197.07,49.268,102,0.1,0.0,0.25,0.5,0.25,0.0,0.0,0.25,0.0,South,Organic Search,4,Everyday Beauty Shoppers
C01518,3,221.14,73.713,383,0.1,0.0,0.667,0.333,0.0,0.0,0.667,0.0,0.0,South,Referral,2,Deal & Festive Shoppers
C01519,2,647.58,323.79,385,0.2,0.0,1.0,0.0,0.0,0.0,0.0,0.0,1.0,East,Referral,2,Deal & Festive Shoppers
C01520,4,413.27,103.318,218,0.138,0.0,0.5,0.5,0.0,0.0,0.0,0.5,0.0,North,Marketplace,2,Deal & Festive Shoppers
C01521,1,291.78,291.78,121,0.0,0.0,0.0,0.0,0.0,0.0,0.0,1.0,0.0,North,Marketplace,0,Everyday Home & Kitchen Shoppers
C01522,2,150.05,75.025,175,0.1,0.5,0.0,0.0,0.0,0.0,0.5,0.5,0.0,South,Email,0,Everyday Home & Kitchen Shoppers
C01523,5,906.37,181.274,496,0.09,0.2,0.0,0.0,0.0,0.4,0.4,0.0,0.2,East,Organic Search,3,Big-Ticket Tech Buyers
C01524,2,217.51,108.755,349,0.05,0.0,0.0,0.5,0.0,0.0,0.5,0.0,0.0,West,Paid Social,4,Everyday Beauty Shoppers
C01525,1,208.2,208.2,298,0.15,0.0,0.0,0.0,0.0,1.0,0.0,0.0,0.0,East,Marketplace,3,Big-Ticket Tech Buyers
C01526,2,1217.16,608.58,410,0.075,0.5,0.5,0.0,0.0,0.5,0.5,0.0,0.0,East,Paid Social,3,Big-Ticket Tech Buyers
C01527,2,354.96,177.48,196,0.175,0.0,0.0,0.0,0.0,0.0,0.5,0.5,0.0,East,Marketplace,0,Everyday Home & Kitchen Shoppers
C01528,5,768.33,153.666,402,0.14,0.4,0.4,0.2,0.0,0.0,0.2,0.4,0.2,East,Referral,2,Deal & Festive Shoppers
C01529,3,1258.47,419.49,658,0.067,0.0,0.0,0.333,0.0,0.333,0.0,0.0,0.333,North,Organic Search,3,Big-Ticket Tech Buyers
C01530,1,52.19,52.19,76,0.05,0.0,0.0,0.0,0.0,0.0,1.0,0.0,0.0,East,Paid Social,1,Everyday Fashion Shoppers
C01531,9,1608.46,178.718,365,0.15,0.111,0.444,0.222,0.0,0.111,0.222,0.222,0.222,East,Email,2,Deal & Festive Shoppers
C01532,3,284.08,94.693,588,0.05,0.0,0.0,0.333,0.0,0.0,0.0,0.333,0.333,South,Organic Search,0,Everyday Home & Kitchen Shoppers
C01533,1,70.12,70.12,66,0.15,0.0,0.0,0.0,0.0,0.0,0.0,1.0,0.0,East,Paid Social,0,Everyday Home & Kitchen Shoppers
C01534,5,2471.38,494.276,128,0.04,0.0,0.0,0.4,0.0,0.4,0.0,0.2,0.0,South,Email,3,Big-Ticket Tech Buyers
C01535,3,174.47,58.157,15,0.3,0.667,0.667,0.0,0.0,0.0,0.333,0.667,0.0,East,Organic Search,2,Deal & Festive Shoppers
C01536,1,65.1,65.1,692,0.0,0.0,0.0,1.0,0.0,0.0,0.0,0.0,0.0,North,Paid Social,4,Everyday Beauty Shoppers
C01537,3,1462.0,487.333,527,0.05,0.0,0.0,0.0,0.0,0.333,0.333,0.333,0.0,East,Email,3,Big-Ticket Tech Buyers
C01538,1,150.33,150.33,635,0.0,0.0,0.0,0.0,0.0,1.0,0.0,0.0,0.0,West,Email,3,Big-Ticket Tech Buyers
C01539,1,422.42,422.42,223,0.0,0.0,0.0,0.0,0.0,0.0,0.0,0.0,1.0,North,Paid Social,1,Everyday Fashion Shoppers
C01540,2,440.7,220.35,264,0.0,0.0,0.0,0.5,0.0,0.0,0.0,0.0,0.5,South,Marketplace,4,Everyday Beauty Shoppers
C01541,3,100.78,33.593,236,0.2,0.0,0.667,0.667,0.333,0.0,0.0,0.0,0.0,North,Marketplace,4,Everyday Beauty Shoppers
C01542,1,33.35,33.35,552,0.0,1.0,0.0,0.0,0.0,0.0,1.0,0.0,0.0,North,Paid Social,1,Everyday Fashion Shoppers
C01543,1,159.99,159.99,660,0.15,0.0,0.0,0.0,0.0,0.0,1.0,0.0,0.0,West,Organic Search,1,Everyday Fashion Shoppers
C01544,5,443.05,88.61,224,0.06,0.0,0.0,0.0,0.2,0.0,0.6,0.2,0.0,South,Email,1,Everyday Fashion Shoppers
C01545,4,895.42,223.855,426,0.15,0.25,0.5,0.25,0.0,0.0,0.0,0.0,0.75,South,Organic Search,2,Deal & Festive Shoppers
C01546,1,84.61,84.61,313,0.1,0.0,0.0,0.0,0.0,0.0,1.0,0.0,0.0,North,Marketplace,1,Everyday Fashion Shoppers
C01547,2,171.82,85.91,103,0.1,0.0,0.0,0.0,0.0,0.0,0.0,0.0,1.0,West,Referral,1,Everyday Fashion Shoppers
C01548,1,35.59,35.59,129,0.1,0.0,0.0,1.0,0.0,0.0,0.0,0.0,0.0,North,Paid Social,4,Everyday Beauty Shoppers
C01549,4,739.29,184.822,366,0.112,0.25,1.0,0.0,0.0,0.0,0.5,0.5,0.0,East,Referral,2,Deal & Festive Shoppers
C01550,2,218.51,109.255,460,0.2,0.0,0.0,0.0,0.0,0.0,0.0,0.5,0.5,South,Paid Social,0,Everyday Home & Kitchen Shoppers
C01551,3,830.95,276.983,406,0.15,0.0,0.667,0.0,0.667,0.333,0.0,0.0,0.0,North,Marketplace,3,Big-Ticket Tech Buyers
C01552,3,954.12,318.04,29,0.1,0.0,0.333,0.0,0.0,0.333,0.0,0.667,0.0,East,Organic Search,2,Deal & Festive Shoppers
C01553,1,59.1,59.1,352,0.0,0.0,0.0,0.0,0.0,0.0,0.0,1.0,0.0,North,Marketplace,0,Everyday Home & Kitchen Shoppers
C01554,4,1788.78,447.195,113,0.188,0.0,0.0,0.0,0.0,0.25,0.25,0.25,0.25,East,Organic Search,3,Big-Ticket Tech Buyers
C01555,4,521.2,130.3,392,0.225,0.0,1.0,0.5,0.0,0.5,0.0,0.0,0.0,North,Email,2,Deal & Festive Shoppers
C01556,1,189.86,189.86,618,0.0,0.0,0.0,0.0,0.0,0.0,0.0,0.0,1.0,East,Marketplace,1,Everyday Fashion Shoppers
C01557,1,191.98,191.98,98,0.1,1.0,0.0,0.0,0.0,0.0,0.0,0.0,1.0,East,Paid Social,1,Everyday Fashion Shoppers
C01558,3,148.72,49.573,142,0.067,0.0,0.0,0.333,0.333,0.0,0.0,0.333,0.0,East,Organic Search,4,Everyday Beauty Shoppers
C01559,1,46.72,46.72,25,0.15,0.0,1.0,0.0,0.0,0.0,0.0,0.0,1.0,North,Email,2,Deal & Festive Shoppers
C01560,1,76.94,76.94,120,0.2,0.0,0.0,0.0,0.0,0.0,1.0,0.0,0.0,East,Marketplace,1,Everyday Fashion Shoppers
C01561,1,185.69,185.69,524,0.15,1.0,0.0,0.0,0.0,0.0,1.0,0.0,0.0,West,Paid Social,1,Everyday Fashion Shoppers
C01562,1,366.87,366.87,540,0.0,0.0,0.0,0.0,0.0,0.0,1.0,0.0,0.0,North,Paid Social,1,Everyday Fashion Shoppers
C01563,3,449.21,149.737,345,0.017,0.0,0.0,0.0,0.333,0.0,0.333,0.333,0.0,North,Email,0,Everyday Home & Kitchen Shoppers
C01564,2,935.39,467.695,68,0.15,0.0,0.0,0.0,0.0,0.5,0.5,0.0,0.0,West,Organic Search,3,Big-Ticket Tech Buyers
C01565,3,342.95,114.317,28,0.15,0.0,0.333,0.0,0.0,0.333,0.0,0.333,0.333,North,Referral,2,Deal & Festive Shoppers
C01566,2,370.72,185.36,395,0.15,1.0,1.0,0.0,0.0,0.0,1.0,0.0,0.0,East,Paid Social,2,Deal & Festive Shoppers
C01567,2,307.54,153.77,39,0.1,0.0,1.0,0.0,0.0,0.0,0.0,1.0,0.0,East,Organic Search,2,Deal & Festive Shoppers
C01568,1,185.88,185.88,306,0.0,0.0,0.0,0.0,0.0,0.0,0.0,0.0,1.0,North,Marketplace,1,Everyday Fashion Shoppers
C01569,1,889.6,889.6,78,0.1,0.0,0.0,0.0,0.0,1.0,0.0,0.0,0.0,East,Paid Social,3,Big-Ticket Tech Buyers
C01570,2,85.7,42.85,25,0.1,0.0,1.0,1.0,0.0,0.0,0.0,0.0,0.0,East,Marketplace,4,Everyday Beauty Shoppers
C01571,4,1886.53,471.632,593,0.038,0.0,0.0,0.0,0.0,0.5,0.5,0.0,0.0,South,Referral,3,Big-Ticket Tech Buyers
C01572,3,205.59,68.53,91,0.0,0.0,0.0,0.667,0.0,0.0,0.333,0.0,0.0,West,Paid Social,4,Everyday Beauty Shoppers
C01573,1,111.22,111.22,218,0.0,0.0,0.0,0.0,0.0,0.0,1.0,0.0,0.0,North,Paid Social,1,Everyday Fashion Shoppers
C01574,2,97.43,48.715,124,0.15,0.0,0.0,1.0,0.0,0.0,0.0,0.0,0.0,South,Paid Social,4,Everyday Beauty Shoppers
C01575,2,190.39,95.195,486,0.0,0.0,0.0,0.0,0.0,0.0,0.5,0.5,0.0,West,Email,0,Everyday Home & Kitchen Shoppers
C01576,6,1880.23,313.372,25,0.083,0.0,0.167,0.0,0.0,0.333,0.167,0.0,0.5,North,Email,2,Deal & Festive Shoppers
C01577,3,303.3,101.1,199,0.05,0.0,0.0,0.0,0.333,0.0,0.333,0.0,0.333,West,Email,1,Everyday Fashion Shoppers
C01578,1,152.38,152.38,165,0.0,0.0,0.0,0.0,0.0,1.0,0.0,0.0,0.0,North,Paid Social,3,Big-Ticket Tech Buyers
C01579,2,1015.24,507.62,623,0.075,0.0,0.0,0.0,0.0,1.0,0.0,0.0,0.0,South,Organic Search,3,Big-Ticket Tech Buyers
C01580,4,1066.23,266.558,144,0.012,0.25,0.0,0.25,0.0,0.25,0.0,0.25,0.25,North,Organic Search,3,Big-Ticket Tech Buyers
C01581,4,312.78,78.195,302,0.112,0.0,0.5,0.5,0.0,0.0,0.25,0.0,0.25,East,Email,4,Everyday Beauty Shoppers
C01582,2,510.43,255.215,501,0.125,0.0,0.0,0.0,0.5,0.5,0.0,0.0,0.0,East,Paid Social,3,Big-Ticket Tech Buyers
C01583,2,508.22,254.11,336,0.0,0.0,0.0,0.5,0.0,0.5,0.0,0.0,0.0,West,Paid Social,3,Big-Ticket Tech Buyers
C01584,3,390.82,130.273,217,0.2,0.0,0.667,0.0,0.0,0.0,0.333,0.0,0.667,West,Paid Social,2,Deal & Festive Shoppers
C01585,1,63.91,63.91,287,0.0,0.0,0.0,0.0,0.0,0.0,1.0,0.0,0.0,East,Paid Social,1,Everyday Fashion Shoppers
C01586,6,1742.97,290.495,375,0.167,0.0,0.667,0.0,0.0,0.333,0.333,0.333,0.0,East,Email,2,Deal & Festive Shoppers
C01587,2,365.39,182.695,114,0.075,0.5,0.0,0.0,0.0,0.0,0.5,0.5,0.0,East,Referral,0,Everyday Home & Kitchen Shoppers
C01588,4,171.22,42.805,242,0.088,0.0,0.0,0.5,0.25,0.0,0.25,0.0,0.0,West,Marketplace,4,Everyday Beauty Shoppers
C01589,1,22.96,22.96,118,0.0,0.0,0.0,0.0,1.0,0.0,0.0,0.0,0.0,East,Organic Search,1,Everyday Fashion Shoppers
C01590,3,621.66,207.22,523,0.033,0.333,0.0,0.0,0.0,0.0,0.667,0.0,0.333,West,Referral,1,Everyday Fashion Shoppers
C01591,1,222.54,222.54,206,0.0,0.0,0.0,0.0,0.0,0.0,1.0,0.0,0.0,North,Organic Search,1,Everyday Fashion Shoppers
C01592,3,782.17,260.723,364,0.033,0.0,0.0,0.0,0.333,0.333,0.0,0.333,0.0,South,Email,3,Big-Ticket Tech Buyers
C01593,3,478.33,159.443,443,0.1,0.0,0.0,0.0,0.0,0.0,0.333,0.333,0.333,East,Referral,0,Everyday Home & Kitchen Shoppers
C01594,1,32.8,32.8,716,0.0,0.0,0.0,0.0,1.0,0.0,0.0,0.0,0.0,North,Paid Social,1,Everyday Fashion Shoppers
C01595,3,596.45,198.817,152,0.033,0.333,0.0,0.0,0.0,0.0,0.667,0.0,0.333,North,Email,1,Everyday Fashion Shoppers
C01596,2,440.97,220.485,483,0.1,0.0,0.0,0.0,0.0,0.5,0.0,0.0,0.5,West,Paid Social,3,Big-Ticket Tech Buyers
C01597,2,312.21,156.105,206,0.025,0.0,0.0,0.0,0.0,0.0,1.0,0.0,0.0,South,Organic Search,1,Everyday Fashion Shoppers
C01598,1,187.88,187.88,217,0.0,0.0,0.0,0.0,0.0,0.0,0.0,1.0,0.0,North,Paid Social,0,Everyday Home & Kitchen Shoppers
C01599,1,153.14,153.14,126,0.2,1.0,0.0,1.0,0.0,0.0,0.0,0.0,0.0,South,Organic Search,4,Everyday Beauty Shoppers
C01600,3,587.14,195.713,63,0.15,0.0,0.0,0.0,0.0,0.667,0.0,0.0,0.333,South,Marketplace,3,Big-Ticket Tech Buyers
C01601,5,411.58,82.316,342,0.07,0.2,0.4,0.2,0.0,0.0,0.6,0.2,0.0,East,Email,2,Deal & Festive Shoppers
C01602,4,725.81,181.452,74,0.038,0.25,0.0,0.25,0.0,0.25,0.0,0.5,0.0,West,Email,0,Everyday Home & Kitchen Shoppers
C01603,3,475.7,158.567,47,0.133,0.0,0.667,0.0,0.0,0.0,0.667,0.333,0.0,West,Marketplace,2,Deal & Festive Shoppers
C01604,3,292.53,97.51,208,0.067,0.333,0.0,0.333,0.0,0.0,0.333,0.0,0.333,East,Email,4,Everyday Beauty Shoppers
C01605,3,205.9,68.633,376,0.067,0.0,0.667,0.667,0.0,0.0,0.333,0.0,0.0,East,Paid Social,4,Everyday Beauty Shoppers
C01606,1,111.16,111.16,94,0.2,0.0,0.0,0.0,0.0,0.0,0.0,1.0,0.0,South,Organic Search,0,Everyday Home & Kitchen Shoppers
C01607,3,1142.48,380.827,468,0.083,0.0,0.0,0.0,0.0,0.333,0.333,0.333,0.0,West,Paid Social,3,Big-Ticket Tech Buyers
C01608,2,122.61,61.305,281,0.0,0.0,0.0,0.0,0.0,0.0,1.0,0.0,0.0,North,Marketplace,1,Everyday Fashion Shoppers
C01609,2,157.44,78.72,479,0.0,0.0,0.0,0.5,0.0,0.0,0.0,0.5,0.0,North,Marketplace,4,Everyday Beauty Shoppers
C01610,6,442.99,73.832,35,0.2,0.167,0.5,0.167,0.167,0.0,0.333,0.333,0.0,West,Email,2,Deal & Festive Shoppers
C01611,2,204.62,102.31,130,0.0,0.0,0.0,0.5,0.0,0.0,0.5,0.0,0.0,West,Organic Search,4,Everyday Beauty Shoppers
C01612,2,551.28,275.64,611,0.0,0.0,0.0,0.0,0.0,0.0,1.0,0.0,0.0,South,Organic Search,1,Everyday Fashion Shoppers
C01613,1,25.43,25.43,247,0.1,0.0,0.0,0.0,1.0,0.0,0.0,0.0,0.0,East,Marketplace,1,Everyday Fashion Shoppers
C01614,3,541.2,180.4,76,0.033,0.0,0.0,0.0,0.333,0.333,0.333,0.0,0.0,South,Organic Search,3,Big-Ticket Tech Buyers
C01615,5,768.05,153.61,336,0.18,0.0,0.2,0.0,0.2,0.0,0.2,0.4,0.2,South,Referral,2,Deal & Festive Shoppers
C01616,1,47.11,47.11,591,0.0,0.0,0.0,0.0,0.0,0.0,0.0,1.0,0.0,South,Paid Social,0,Everyday Home & Kitchen Shoppers
C01617,2,602.06,301.03,118,0.0,0.0,0.0,0.5,0.0,0.5,0.0,0.0,0.0,North,Paid Social,3,Big-Ticket Tech Buyers
C01618,6,849.28,141.547,80,0.042,0.0,0.0,0.167,0.167,0.0,0.333,0.0,0.333,East,Email,2,Deal & Festive Shoppers
C01619,3,518.22,172.74,408,0.133,0.0,0.333,0.0,0.333,0.0,0.333,0.0,0.333,South,Marketplace,1,Everyday Fashion Shoppers
C01620,2,108.58,54.29,35,0.3,0.0,1.0,0.0,0.0,0.0,1.0,0.0,0.0,East,Email,2,Deal & Festive Shoppers
C01621,3,479.47,159.823,281,0.117,0.0,0.0,0.333,0.0,0.0,0.333,0.333,0.0,North,Paid Social,0,Everyday Home & Kitchen Shoppers
C01622,1,47.33,47.33,710,0.0,0.0,0.0,1.0,0.0,0.0,0.0,0.0,0.0,West,Paid Social,4,Everyday Beauty Shoppers
C01623,1,341.28,341.28,76,0.0,0.0,0.0,0.0,0.0,0.0,1.0,0.0,0.0,East,Marketplace,1,Everyday Fashion Shoppers
C01624,2,221.5,110.75,697,0.15,0.0,0.0,0.5,0.0,0.0,0.5,0.0,0.0,West,Referral,4,Everyday Beauty Shoppers
C01625,1,595.72,595.72,334,0.0,0.0,0.0,0.0,0.0,1.0,0.0,0.0,0.0,North,Paid Social,3,Big-Ticket Tech Buyers
C01626,1,857.6,857.6,34,0.15,0.0,1.0,0.0,0.0,1.0,0.0,0.0,0.0,East,Email,3,Big-Ticket Tech Buyers
C01627,3,315.74,105.247,223,0.083,0.0,0.0,0.0,0.0,0.0,0.333,0.667,0.0,West,Organic Search,0,Everyday Home & Kitchen Shoppers
C01628,2,95.18,47.59,165,0.125,0.5,0.0,0.5,0.5,0.0,0.0,0.0,0.0,South,Organic Search,4,Everyday Beauty Shoppers
C01629,7,1265.36,180.766,161,0.114,0.0,0.571,0.143,0.143,0.0,0.0,0.571,0.143,North,Marketplace,2,Deal & Festive Shoppers
C01630,3,197.96,65.987,421,0.033,0.0,0.333,0.0,0.333,0.0,0.0,0.667,0.0,North,Referral,0,Everyday Home & Kitchen Shoppers
C01631,2,1011.05,505.525,125,0.075,0.0,0.0,0.0,0.5,0.5,0.0,0.0,0.0,North,Organic Search,3,Big-Ticket Tech Buyers
C01632,1,109.47,109.47,101,0.0,0.0,0.0,0.0,0.0,0.0,0.0,1.0,0.0,South,Organic Search,0,Everyday Home & Kitchen Shoppers
C01633,3,57.78,19.26,74,0.017,0.0,0.0,0.333,0.667,0.0,0.0,0.0,0.0,South,Marketplace,4,Everyday Beauty Shoppers
C01634,1,27.49,27.49,111,0.0,1.0,0.0,1.0,0.0,0.0,0.0,0.0,0.0,North,Referral,4,Everyday Beauty Shoppers
C01635,4,315.24,78.81,242,0.038,0.0,0.0,0.25,0.25,0.0,0.0,0.5,0.0,East,Referral,0,Everyday Home & Kitchen Shoppers
C01636,4,732.77,183.192,250,0.012,0.0,0.0,0.0,0.0,0.0,0.25,0.75,0.0,North,Organic Search,0,Everyday Home & Kitchen Shoppers
C01637,2,348.36,174.18,508,0.0,0.5,0.0,0.0,0.0,0.0,1.0,0.0,0.0,South,Marketplace,1,Everyday Fashion Shoppers
C01638,3,131.72,43.907,185,0.0,0.0,0.0,0.333,0.333,0.0,0.333,0.0,0.0,East,Marketplace,4,Everyday Beauty Shoppers
C01639,1,1382.89,1382.89,589,0.15,0.0,0.0,0.0,0.0,1.0,0.0,0.0,0.0,North,Paid Social,3,Big-Ticket Tech Buyers
C01640,1,291.14,291.14,525,0.0,0.0,0.0,0.0,0.0,0.0,0.0,0.0,1.0,North,Paid Social,1,Everyday Fashion Shoppers
C01641,2,320.81,160.405,162,0.05,0.0,0.0,0.5,0.0,0.0,0.0,0.0,0.5,North,Email,4,Everyday Beauty Shoppers
C01642,2,540.89,270.445,492,0.0,0.0,0.0,0.0,0.0,0.5,0.0,0.0,0.5,North,Marketplace,3,Big-Ticket Tech Buyers
C01643,5,173.32,34.664,58,0.12,0.0,0.8,0.0,0.0,0.0,1.0,0.0,0.0,South,Email,2,Deal & Festive Shoppers
C01644,1,66.24,66.24,299,0.0,0.0,0.0,0.0,0.0,0.0,0.0,1.0,0.0,North,Marketplace,0,Everyday Home & Kitchen Shoppers
C01645,6,945.49,157.582,269,0.025,0.0,0.0,0.0,0.167,0.167,0.333,0.167,0.167,North,Referral,3,Big-Ticket Tech Buyers
C01646,2,275.24,137.62,360,0.1,0.0,0.0,0.0,0.0,0.0,0.5,0.5,0.0,West,Paid Social,0,Everyday Home & Kitchen Shoppers
C01647,2,606.63,303.315,480,0.1,0.5,0.0,0.0,0.0,0.0,0.0,0.5,0.5,West,Paid Social,0,Everyday Home & Kitchen Shoppers
C01648,4,562.85,140.712,43,0.112,0.0,0.25,0.75,0.0,0.0,0.0,0.0,0.25,North,Email,4,Everyday Beauty Shoppers
C01649,3,985.78,328.593,22,0.167,0.0,1.0,0.0,0.0,0.0,0.0,0.0,1.0,South,Organic Search,2,Deal & Festive Shoppers
C01650,1,88.53,88.53,140,0.0,0.0,0.0,0.0,1.0,0.0,0.0,0.0,0.0,South,Organic Search,1,Everyday Fashion Shoppers
C01651,2,513.81,256.905,571,0.025,0.0,0.0,0.0,0.0,0.5,0.5,0.0,0.0,West,Email,3,Big-Ticket Tech Buyers
C01652,4,572.54,143.135,370,0.1,0.0,0.5,0.5,0.0,0.25,0.0,0.0,0.25,West,Paid Social,4,Everyday Beauty Shoppers
C01653,2,235.79,117.895,604,0.0,0.0,0.0,0.0,0.0,0.0,0.0,0.5,0.5,North,Email,0,Everyday Home & Kitchen Shoppers
C01654,3,603.56,201.187,281,0.1,0.333,0.0,0.0,0.0,0.0,0.333,0.0,0.667,North,Organic Search,1,Everyday Fashion Shoppers
C01655,3,127.05,42.35,194,0.0,0.0,0.0,0.0,0.667,0.0,0.333,0.0,0.0,South,Paid Social,1,Everyday Fashion Shoppers
C01656,3,133.57,44.523,510,0.017,0.0,0.0,0.0,0.667,0.0,0.0,0.333,0.0,West,Organic Search,0,Everyday Home & Kitchen Shoppers
C01657,3,409.3,136.433,67,0.0,0.0,0.0,0.0,0.333,0.333,0.333,0.0,0.0,West,Email,3,Big-Ticket Tech Buyers
C01658,3,782.29,260.763,29,0.1,0.0,0.667,0.0,0.0,0.0,0.667,0.333,0.0,North,Email,2,Deal & Festive Shoppers
C01659,1,80.94,80.94,139,0.2,0.0,0.0,0.0,0.0,0.0,1.0,0.0,0.0,East,Paid Social,1,Everyday Fashion Shoppers
C01660,2,74.18,37.09,192,0.3,0.0,0.0,0.0,0.0,0.0,0.0,1.0,0.0,North,Paid Social,0,Everyday Home & Kitchen Shoppers
C01661,1,1664.67,1664.67,296,0.0,0.0,0.0,0.0,0.0,1.0,0.0,0.0,0.0,East,Organic Search,3,Big-Ticket Tech Buyers
C01662,2,334.04,167.02,241,0.0,0.0,0.0,0.0,0.0,0.0,0.0,0.5,0.5,West,Email,0,Everyday Home & Kitchen Shoppers
C01663,2,101.63,50.815,343,0.1,0.0,0.0,0.0,0.0,0.0,0.5,0.5,0.0,South,Marketplace,0,Everyday Home & Kitchen Shoppers
C01664,2,192.63,96.315,292,0.0,0.5,0.0,0.0,0.0,0.0,1.0,0.0,0.0,North,Email,1,Everyday Fashion Shoppers
C01665,3,447.88,149.293,145,0.017,0.0,0.0,0.0,0.0,0.0,0.0,0.667,0.333,East,Organic Search,0,Everyday Home & Kitchen Shoppers
C01666,2,641.96,320.98,336,0.05,0.0,0.0,0.0,0.0,0.5,0.5,0.0,0.0,South,Referral,3,Big-Ticket Tech Buyers
C01667,1,1221.27,1221.27,194,0.0,0.0,0.0,0.0,0.0,1.0,0.0,0.0,0.0,West,Organic Search,3,Big-Ticket Tech Buyers
C01668,5,673.48,134.696,32,0.06,0.0,0.6,0.4,0.0,0.0,0.4,0.0,0.2,South,Organic Search,2,Deal & Festive Shoppers
C01669,1,57.07,57.07,345,0.15,0.0,0.0,0.0,0.0,0.0,1.0,0.0,0.0,West,Organic Search,1,Everyday Fashion Shoppers
C01670,2,1381.45,690.725,63,0.025,0.0,0.0,0.0,0.5,0.5,0.0,0.0,0.0,North,Organic Search,3,Big-Ticket Tech Buyers
C01671,3,346.24,115.413,25,0.2,0.0,0.667,0.0,0.0,0.0,0.333,0.0,0.667,North,Organic Search,2,Deal & Festive Shoppers
C01672,2,135.47,67.735,137,0.05,0.0,0.0,0.5,0.0,0.0,0.5,0.0,0.0,South,Email,4,Everyday Beauty Shoppers
C01673,3,468.07,156.023,429,0.0,0.0,0.0,0.0,0.333,0.0,0.333,0.333,0.0,North,Organic Search,0,Everyday Home & Kitchen Shoppers
C01674,1,120.08,120.08,199,0.0,0.0,0.0,1.0,0.0,0.0,0.0,0.0,0.0,South,Email,4,Everyday Beauty Shoppers
C01675,2,169.83,84.915,39,0.05,0.0,0.5,0.5,0.0,0.0,0.0,0.5,0.0,East,Marketplace,2,Deal & Festive Shoppers
C01676,2,37.0,18.5,35,0.15,0.0,1.0,1.0,0.0,0.0,0.0,0.0,0.0,North,Referral,4,Everyday Beauty Shoppers
C01677,3,767.73,255.91,475,0.033,0.0,0.0,0.0,0.0,0.0,0.667,0.0,0.333,North,Paid Social,1,Everyday Fashion Shoppers
C01678,2,60.13,30.065,417,0.225,0.0,1.0,1.0,0.0,0.0,0.0,0.0,0.0,North,Email,4,Everyday Beauty Shoppers
C01679,3,137.15,45.717,41,0.167,0.0,0.667,0.333,0.0,0.0,0.667,0.0,0.0,North,Organic Search,2,Deal & Festive Shoppers
C01680,2,334.32,167.16,172,0.075,0.0,0.0,0.0,0.0,0.0,0.5,0.5,0.0,West,Paid Social,0,Everyday Home & Kitchen Shoppers
C01681,1,492.63,492.63,70,0.05,0.0,0.0,0.0,0.0,1.0,0.0,0.0,0.0,West,Paid Social,3,Big-Ticket Tech Buyers
C01682,4,357.9,89.475,571,0.0,0.0,0.0,0.5,0.0,0.0,0.5,0.0,0.0,North,Marketplace,4,Everyday Beauty Shoppers
C01683,5,788.62,157.724,148,0.05,0.0,0.0,0.2,0.2,0.2,0.0,0.4,0.0,East,Email,0,Everyday Home & Kitchen Shoppers
C01684,2,256.92,128.46,132,0.1,0.0,0.0,0.0,0.0,0.0,1.0,0.0,0.0,East,Marketplace,1,Everyday Fashion Shoppers
C01685,3,1023.13,341.043,82,0.017,0.0,0.0,0.0,0.0,0.667,0.333,0.0,0.0,West,Email,3,Big-Ticket Tech Buyers
C01686,1,68.58,68.58,349,0.1,1.0,0.0,0.0,0.0,0.0,0.0,1.0,0.0,South,Paid Social,0,Everyday Home & Kitchen Shoppers
C01687,4,213.0,53.25,138,0.1,0.0,0.5,0.5,0.25,0.0,0.0,0.0,0.25,South,Marketplace,4,Everyday Beauty Shoppers
C01688,3,242.14,80.713,219,0.05,0.0,0.0,0.667,0.0,0.0,0.0,0.0,0.333,South,Marketplace,4,Everyday Beauty Shoppers
C01689,2,199.3,99.65,70,0.15,0.5,0.0,0.5,0.0,0.0,0.0,0.5,0.0,West,Paid Social,4,Everyday Beauty Shoppers
C01690,1,206.91,206.91,652,0.2,0.0,0.0,0.0,0.0,0.0,1.0,0.0,0.0,East,Marketplace,1,Everyday Fashion Shoppers
C01691,2,35.56,17.78,171,0.0,0.0,0.0,0.0,1.0,0.0,0.0,0.0,0.0,South,Marketplace,1,Everyday Fashion Shoppers
C01692,2,266.31,133.155,44,0.175,0.0,0.5,0.0,0.0,0.0,0.5,0.0,0.5,North,Paid Social,2,Deal & Festive Shoppers
C01693,2,129.91,64.955,94,0.1,0.0,0.0,0.0,0.5,0.0,0.5,0.0,0.0,East,Organic Search,1,Everyday Fashion Shoppers
C01694,3,1782.57,594.19,313,0.017,0.0,0.0,0.0,0.0,0.333,0.0,0.333,0.333,West,Organic Search,3,Big-Ticket Tech Buyers
C01695,5,716.97,143.394,240,0.04,0.2,0.0,0.4,0.2,0.0,0.0,0.2,0.2,South,Email,4,Everyday Beauty Shoppers
C01696,2,859.45,429.725,222,0.2,0.5,0.0,0.5,0.0,0.5,0.0,0.0,0.0,East,Organic Search,3,Big-Ticket Tech Buyers
C01697,2,655.14,327.57,394,0.15,0.0,1.0,0.0,0.0,1.0,0.0,0.0,0.0,South,Paid Social,3,Big-Ticket Tech Buyers
C01698,4,643.99,160.998,516,0.025,0.0,0.0,0.25,0.0,0.0,0.0,0.25,0.5,South,Referral,0,Everyday Home & Kitchen Shoppers
C01699,2,1228.39,614.195,260,0.0,0.0,0.0,0.0,0.0,0.5,0.5,0.0,0.0,East,Marketplace,3,Big-Ticket Tech Buyers
C01700,2,25.18,12.59,42,0.3,0.0,1.0,0.0,1.0,0.0,0.0,0.0,0.0,East,Marketplace,2,Deal & Festive Shoppers
C01701,3,1063.14,354.38,400,0.133,0.333,0.333,0.333,0.0,0.333,0.333,0.0,0.0,West,Email,3,Big-Ticket Tech Buyers
C01702,1,39.96,39.96,596,0.1,1.0,0.0,0.0,0.0,0.0,1.0,0.0,0.0,South,Paid Social,1,Everyday Fashion Shoppers
C01703,3,179.67,59.89,17,0.1,0.0,0.333,0.333,0.0,0.0,0.0,0.333,0.333,South,Organic Search,2,Deal & Festive Shoppers
C01704,3,369.42,123.14,560,0.167,0.0,0.0,0.0,0.333,0.0,0.333,0.333,0.0,South,Referral,0,Everyday Home & Kitchen Shoppers
C01705,1,19.91,19.91,72,0.1,0.0,0.0,1.0,0.0,0.0,0.0,0.0,0.0,North,Organic Search,4,Everyday Beauty Shoppers
C01706,1,36.65,36.65,115,0.15,0.0,0.0,0.0,0.0,0.0,1.0,0.0,0.0,South,Referral,1,Everyday Fashion Shoppers
C01707,1,350.98,350.98,41,0.15,1.0,1.0,0.0,0.0,1.0,0.0,0.0,0.0,North,Marketplace,3,Big-Ticket Tech Buyers
C01708,5,1344.24,268.848,32,0.04,0.2,0.4,0.0,0.0,0.0,0.4,0.0,0.6,South,Referral,2,Deal & Festive Shoppers
C01709,1,286.7,286.7,547,0.1,0.0,0.0,0.0,0.0,1.0,0.0,0.0,0.0,North,Referral,3,Big-Ticket Tech Buyers
C01710,3,215.39,71.797,456,0.083,0.667,0.0,0.0,0.0,0.0,0.333,0.667,0.0,South,Email,0,Everyday Home & Kitchen Shoppers
C01711,4,596.43,149.108,25,0.15,0.0,0.5,0.5,0.0,0.25,0.0,0.25,0.0,East,Marketplace,2,Deal & Festive Shoppers
C01712,2,164.14,82.07,165,0.25,0.0,0.5,0.0,0.5,0.0,0.0,0.0,0.5,North,Paid Social,2,Deal & Festive Shoppers
C01713,1,350.71,350.71,115,0.0,0.0,0.0,0.0,0.0,1.0,0.0,0.0,0.0,East,Paid Social,3,Big-Ticket Tech Buyers
C01714,3,491.11,163.703,114,0.15,0.0,0.0,0.0,0.333,0.0,0.667,0.0,0.0,West,Organic Search,1,Everyday Fashion Shoppers
C01715,4,1926.27,481.568,191,0.05,0.0,0.0,0.25,0.25,0.25,0.25,0.0,0.0,East,Referral,3,Big-Ticket Tech Buyers
C01716,3,164.87,54.957,43,0.067,0.0,0.667,0.0,0.667,0.0,0.0,0.0,0.333,North,Organic Search,2,Deal & Festive Shoppers
C01717,1,196.02,196.02,278,0.05,0.0,0.0,0.0,0.0,0.0,0.0,1.0,0.0,South,Paid Social,0,Everyday Home & Kitchen Shoppers
C01718,4,1965.61,491.402,420,0.1,0.0,0.5,0.0,0.5,0.5,0.0,0.0,0.0,East,Email,3,Big-Ticket Tech Buyers
C01719,1,154.35,154.35,428,0.0,0.0,0.0,0.0,0.0,0.0,0.0,0.0,1.0,East,Organic Search,1,Everyday Fashion Shoppers
C01720,3,434.68,144.893,199,0.133,0.333,0.0,0.0,0.333,0.0,0.333,0.333,0.0,North,Referral,0,Everyday Home & Kitchen Shoppers
C01721,4,443.8,110.95,124,0.1,0.0,0.5,0.25,0.0,0.0,0.25,0.5,0.0,South,Organic Search,2,Deal & Festive Shoppers
C01722,1,118.48,118.48,199,0.1,0.0,0.0,0.0,0.0,0.0,0.0,1.0,0.0,East,Organic Search,0,Everyday Home & Kitchen Shoppers
C01723,3,688.77,229.59,152,0.067,0.0,0.0,0.0,0.0,0.0,0.667,0.0,0.333,North,Organic Search,1,Everyday Fashion Shoppers
C01724,2,233.75,116.875,73,0.1,0.0,0.0,0.5,0.0,0.0,0.0,0.0,0.5,East,Organic Search,4,Everyday Beauty Shoppers
C01725,2,195.85,97.925,91,0.025,0.0,0.0,0.0,0.5,0.0,0.0,0.5,0.0,North,Marketplace,0,Everyday Home & Kitchen Shoppers
C01726,3,213.05,71.017,150,0.05,0.333,0.0,0.333,0.0,0.0,0.333,0.0,0.333,South,Marketplace,4,Everyday Beauty Shoppers
C01727,2,136.94,68.47,49,0.2,0.0,1.0,0.0,0.0,0.0,0.0,1.0,0.0,West,Email,2,Deal & Festive Shoppers
C01728,2,706.22,353.11,295,0.125,0.0,0.0,0.5,0.0,0.0,0.0,0.0,0.5,North,Referral,4,Everyday Beauty Shoppers
C01729,2,673.96,336.98,344,0.15,0.0,0.5,0.5,0.0,0.5,0.0,0.0,0.0,East,Email,3,Big-Ticket Tech Buyers
C01730,4,1187.31,296.828,535,0.1,0.0,0.0,0.0,0.0,0.5,0.25,0.0,0.25,South,Marketplace,3,Big-Ticket Tech Buyers
C01731,1,70.86,70.86,169,0.1,0.0,0.0,0.0,0.0,0.0,0.0,1.0,0.0,South,Paid Social,0,Everyday Home & Kitchen Shoppers
C01732,3,373.66,124.553,35,0.1,0.0,0.667,0.667,0.0,0.0,0.0,0.333,0.0,West,Organic Search,2,Deal & Festive Shoppers
C01733,3,1193.87,397.957,111,0.05,0.0,0.0,0.0,0.0,0.333,0.333,0.0,0.333,South,Email,3,Big-Ticket Tech Buyers
C01734,2,64.09,32.045,58,0.1,0.0,0.5,0.5,0.0,0.0,0.0,0.5,0.0,North,Marketplace,4,Everyday Beauty Shoppers
C01735,1,41.72,41.72,124,0.0,0.0,0.0,0.0,0.0,0.0,0.0,0.0,1.0,West,Organic Search,1,Everyday Fashion Shoppers
C01736,2,282.69,141.345,85,0.05,0.5,0.0,0.0,0.0,0.0,0.5,0.5,0.0,East,Paid Social,0,Everyday Home & Kitchen Shoppers
C01737,4,865.58,216.395,339,0.15,0.0,0.5,0.0,0.0,0.25,0.0,0.75,0.0,East,Paid Social,0,Everyday Home & Kitchen Shoppers
C01738,1,55.71,55.71,648,0.1,0.0,0.0,1.0,0.0,0.0,0.0,0.0,0.0,North,Paid Social,4,Everyday Beauty Shoppers
C01739,3,327.05,109.017,554,0.033,0.0,0.0,0.0,0.0,0.0,0.667,0.333,0.0,North,Email,1,Everyday Fashion Shoppers
C01740,1,73.11,73.11,581,0.0,0.0,0.0,0.0,1.0,0.0,0.0,0.0,0.0,East,Paid Social,1,Everyday Fashion Shoppers
C01741,3,129.73,43.243,404,0.15,0.0,1.0,1.0,0.0,0.0,0.0,0.0,0.0,North,Marketplace,4,Everyday Beauty Shoppers
C01742,3,326.42,108.807,16,0.067,0.333,0.333,0.0,0.333,0.0,0.333,0.0,0.333,North,Email,2,Deal & Festive Shoppers
C01743,4,2947.29,736.822,109,0.225,0.0,0.5,0.0,0.25,0.75,0.0,0.0,0.0,East,Organic Search,3,Big-Ticket Tech Buyers
C01744,4,214.26,53.565,247,0.062,0.0,0.0,0.25,0.5,0.0,0.0,0.25,0.0,South,Email,4,Everyday Beauty Shoppers
C01745,3,271.89,90.63,417,0.067,0.0,0.667,0.667,0.0,0.0,0.333,0.0,0.0,North,Email,4,Everyday Beauty Shoppers
C01746,2,156.1,78.05,33,0.3,0.0,1.0,0.0,0.0,0.0,0.0,1.0,0.0,North,Paid Social,2,Deal & Festive Shoppers
C01747,1,148.97,148.97,29,0.1,0.0,1.0,0.0,0.0,0.0,0.0,0.0,1.0,South,Paid Social,2,Deal & Festive Shoppers
C01748,2,285.76,142.88,202,0.075,0.5,0.0,0.0,0.0,0.0,0.5,0.5,0.0,East,Marketplace,0,Everyday Home & Kitchen Shoppers
C01749,1,20.91,20.91,165,0.0,0.0,0.0,0.0,1.0,0.0,0.0,0.0,0.0,West,Paid Social,1,Everyday Fashion Shoppers
C01750,2,70.47,35.235,31,0.1,0.5,0.5,0.0,0.5,0.0,0.5,0.0,0.0,North,Organic Search,2,Deal & Festive Shoppers
C01751,1,45.16,45.16,80,0.0,0.0,0.0,1.0,0.0,0.0,0.0,0.0,0.0,North,Paid Social,4,Everyday Beauty Shoppers
C01752,2,112.25,56.125,91,0.025,0.0,0.0,0.0,1.0,0.0,0.0,0.0,0.0,East,Organic Search,1,Everyday Fashion Shoppers
C01753,2,138.88,69.44,80,0.0,0.0,0.0,0.0,0.5,0.0,0.5,0.0,0.0,South,Email,1,Everyday Fashion Shoppers
C01754,2,961.27,480.635,412,0.075,0.0,0.5,0.0,0.0,0.5,0.0,0.0,0.5,South,Organic Search,3,Big-Ticket Tech Buyers
C01755,1,62.98,62.98,285,0.3,0.0,0.0,0.0,0.0,0.0,0.0,0.0,1.0,West,Referral,1,Everyday Fashion Shoppers
C01756,1,81.66,81.66,497,0.0,0.0,0.0,0.0,0.0,0.0,0.0,1.0,0.0,East,Paid Social,0,Everyday Home & Kitchen Shoppers
C01757,2,682.53,341.265,131,0.3,0.0,0.0,0.5,0.0,0.5,0.0,0.0,0.0,South,Marketplace,3,Big-Ticket Tech Buyers
C01758,1,69.59,69.59,302,0.3,0.0,0.0,0.0,0.0,0.0,0.0,1.0,0.0,West,Paid Social,0,Everyday Home & Kitchen Shoppers
C01759,1,225.25,225.25,326,0.15,0.0,0.0,0.0,0.0,0.0,1.0,0.0,0.0,North,Marketplace,1,Everyday Fashion Shoppers
C01760,1,155.89,155.89,310,0.1,0.0,0.0,0.0,0.0,0.0,0.0,0.0,1.0,West,Marketplace,1,Everyday Fashion Shoppers
C01761,3,140.83,46.943,222,0.067,0.333,0.0,0.333,0.333,0.0,0.333,0.0,0.0,East,Organic Search,4,Everyday Beauty Shoppers
C01762,6,2622.98,437.163,188,0.083,0.0,0.0,0.0,0.167,0.333,0.0,0.5,0.0,East,Email,3,Big-Ticket Tech Buyers
C01763,1,39.54,39.54,710,0.05,0.0,0.0,1.0,0.0,0.0,0.0,0.0,0.0,West,Organic Search,4,Everyday Beauty Shoppers
C01764,3,191.05,63.683,95,0.133,0.0,0.0,0.0,0.333,0.0,0.667,0.0,0.0,East,Marketplace,1,Everyday Fashion Shoppers
C01765,2,23.45,11.725,319,0.0,0.0,0.0,0.5,0.5,0.0,0.0,0.0,0.0,South,Referral,4,Everyday Beauty Shoppers
C01766,1,68.03,68.03,77,0.15,1.0,0.0,0.0,0.0,0.0,1.0,0.0,0.0,North,Organic Search,1,Everyday Fashion Shoppers
C01767,2,237.11,118.555,299,0.125,0.0,0.0,0.0,0.0,0.0,1.0,0.0,0.0,East,Organic Search,1,Everyday Fashion Shoppers
C01768,3,1004.7,334.9,324,0.083,0.0,0.333,0.333,0.0,0.333,0.333,0.0,0.0,East,Paid Social,3,Big-Ticket Tech Buyers
C01769,3,974.83,324.943,229,0.1,0.0,0.0,0.0,0.0,0.333,0.667,0.0,0.0,North,Email,3,Big-Ticket Tech Buyers
C01770,1,355.36,355.36,593,0.0,0.0,0.0,0.0,0.0,0.0,0.0,1.0,0.0,East,Email,0,Everyday Home & Kitchen Shoppers
C01771,5,2622.3,524.46,368,0.14,0.0,0.8,0.4,0.0,0.4,0.2,0.0,0.0,East,Organic Search,3,Big-Ticket Tech Buyers
C01772,4,1100.28,275.07,379,0.075,0.0,0.75,0.25,0.5,0.25,0.0,0.0,0.0,South,Paid Social,3,Big-Ticket Tech Buyers
C01773,3,357.93,119.31,85,0.117,0.333,0.0,0.0,0.333,0.0,0.333,0.333,0.0,North,Paid Social,0,Everyday Home & Kitchen Shoppers
C01774,3,381.83,127.277,310,0.033,0.0,0.0,0.0,0.333,0.0,0.0,0.667,0.0,South,Referral,0,Everyday Home & Kitchen Shoppers
C01775,1,293.86,293.86,192,0.0,0.0,0.0,0.0,0.0,0.0,0.0,1.0,0.0,North,Organic Search,0,Everyday Home & Kitchen Shoppers
C01776,4,490.89,122.723,321,0.088,0.25,0.0,0.0,0.5,0.25,0.0,0.25,0.0,North,Paid Social,3,Big-Ticket Tech Buyers
C01777,4,793.68,198.42,123,0.1,0.0,0.0,0.0,0.0,0.25,0.25,0.5,0.0,South,Marketplace,0,Everyday Home & Kitchen Shoppers
C01778,2,321.01,160.505,91,0.075,0.0,0.0,0.0,0.0,0.0,0.0,0.5,0.5,North,Paid Social,0,Everyday Home & Kitchen Shoppers
C01779,1,563.27,563.27,513,0.1,0.0,0.0,0.0,0.0,1.0,0.0,0.0,0.0,North,Email,3,Big-Ticket Tech Buyers
C01780,2,322.71,161.355,63,0.05,0.0,0.0,0.0,0.5,0.0,0.0,0.5,0.0,East,Paid Social,0,Everyday Home & Kitchen Shoppers
C01781,2,321.86,160.93,595,0.0,0.0,0.0,0.0,0.5,0.0,0.5,0.0,0.0,South,Paid Social,1,Everyday Fashion Shoppers
C01782,3,714.91,238.303,347,0.067,0.0,0.333,0.333,0.0,0.0,0.0,0.333,0.333,West,Referral,0,Everyday Home & Kitchen Shoppers
C01783,1,235.29,235.29,707,0.2,1.0,0.0,0.0,0.0,1.0,0.0,0.0,0.0,West,Organic Search,3,Big-Ticket Tech Buyers
C01784,2,275.3,137.65,47,0.2,0.0,1.0,0.0,0.0,1.0,0.0,0.0,0.0,East,Organic Search,2,Deal & Festive Shoppers
C01785,1,119.57,119.57,209,0.3,0.0,0.0,0.0,0.0,1.0,0.0,0.0,0.0,West,Marketplace,3,Big-Ticket Tech Buyers
C01786,4,302.14,75.535,393,0.125,0.25,0.5,0.0,0.0,0.25,0.0,0.5,0.25,West,Marketplace,2,Deal & Festive Shoppers
C01787,3,325.01,108.337,339,0.05,0.0,0.0,0.667,0.0,0.0,0.0,0.333,0.0,South,Email,4,Everyday Beauty Shoppers
C01788,2,433.34,216.67,554,0.15,0.0,0.0,0.0,0.0,0.5,0.5,0.0,0.0,East,Organic Search,3,Big-Ticket Tech Buyers
C01789,4,1120.34,280.085,370,0.3,0.0,1.0,0.5,0.0,0.0,0.0,0.0,0.5,North,Organic Search,2,Deal & Festive Shoppers
C01790,2,257.47,128.735,189,0.075,0.0,0.0,1.0,0.0,0.0,0.0,0.0,0.0,East,Organic Search,4,Everyday Beauty Shoppers
C01791,2,183.16,91.58,273,0.075,0.0,0.0,0.0,0.0,0.0,0.0,1.0,0.0,South,Marketplace,0,Everyday Home & Kitchen Shoppers
C01792,3,329.62,109.873,92,0.067,0.333,0.0,0.333,0.333,0.0,0.0,0.333,0.0,North,Email,0,Everyday Home & Kitchen Shoppers
C01793,2,507.84,253.92,418,0.15,0.0,0.5,0.0,0.5,0.0,0.0,0.0,0.5,North,Paid Social,2,Deal & Festive Shoppers
C01794,2,1129.19,564.595,501,0.05,0.0,0.0,0.0,0.0,0.5,0.0,0.0,0.5,West,Marketplace,3,Big-Ticket Tech Buyers
C01795,2,923.14,461.57,363,0.1,0.0,0.5,0.0,0.0,1.0,0.0,0.0,0.0,South,Organic Search,3,Big-Ticket Tech Buyers
C01796,2,297.37,148.685,483,0.05,0.5,0.0,0.0,0.0,0.0,0.0,0.5,0.5,North,Referral,0,Everyday Home & Kitchen Shoppers
C01797,2,525.16,262.58,31,0.3,0.0,1.0,0.0,0.0,1.0,0.0,0.0,0.0,North,Organic Search,2,Deal & Festive Shoppers
C01798,3,304.85,101.617,336,0.117,0.0,0.0,0.333,0.0,0.0,0.333,0.333,0.0,South,Paid Social,0,Everyday Home & Kitchen Shoppers
C01799,3,142.11,47.37,189,0.183,0.0,0.667,0.333,0.667,0.0,0.0,0.0,0.0,West,Marketplace,2,Deal & Festive Shoppers
C01800,3,313.76,104.587,35,0.117,0.0,0.333,0.333,0.0,0.0,0.0,0.333,0.333,East,Marketplace,2,Deal & Festive Shoppers
C01801,1,25.66,25.66,682,0.0,0.0,0.0,1.0,0.0,0.0,0.0,0.0,0.0,South,Organic Search,4,Everyday Beauty Shoppers
C01802,4,426.45,106.613,317,0.238,0.0,0.75,0.0,0.0,0.25,0.0,0.75,0.0,North,Organic Search,2,Deal & Festive Shoppers
C01803,2,110.89,55.445,320,0.05,0.0,0.5,0.0,0.5,0.0,0.0,0.5,0.0,North,Referral,0,Everyday Home & Kitchen Shoppers
C01804,3,626.71,208.903,364,0.067,0.0,0.0,0.0,0.0,0.0,0.0,0.0,1.0,South,Organic Search,1,Everyday Fashion Shoppers
C01805,2,272.17,136.085,616,0.2,0.0,0.0,0.0,0.5,0.0,0.5,0.0,0.0,West,Referral,1,Everyday Fashion Shoppers
C01806,2,174.47,87.235,630,0.0,0.0,0.0,0.0,0.5,0.0,0.0,0.0,0.5,East,Referral,1,Everyday Fashion Shoppers
C01807,2,166.15,83.075,707,0.025,0.0,0.0,0.0,0.5,0.0,0.0,0.5,0.0,South,Organic Search,0,Everyday Home & Kitchen Shoppers
C01808,2,129.9,64.95,302,0.05,0.0,0.5,0.5,0.5,0.0,0.0,0.0,0.0,East,Organic Search,4,Everyday Beauty Shoppers
C01809,3,480.36,160.12,96,0.05,0.0,0.0,0.333,0.0,0.0,0.0,0.333,0.333,South,Organic Search,0,Everyday Home & Kitchen Shoppers
C01810,2,104.86,52.43,41,0.3,0.0,1.0,0.0,0.0,0.0,0.0,1.0,0.0,East,Marketplace,2,Deal & Festive Shoppers
C01811,2,401.53,200.765,218,0.1,0.5,0.0,0.0,0.0,0.5,0.0,0.0,0.5,East,Paid Social,3,Big-Ticket Tech Buyers
C01812,1,76.7,76.7,261,0.0,1.0,0.0,0.0,1.0,0.0,0.0,0.0,0.0,East,Referral,1,Everyday Fashion Shoppers
C01813,1,119.7,119.7,242,0.15,0.0,0.0,0.0,0.0,0.0,1.0,0.0,0.0,East,Paid Social,1,Everyday Fashion Shoppers
C01814,5,724.94,144.988,165,0.16,0.2,0.4,0.0,0.2,0.0,0.2,0.6,0.0,West,Email,2,Deal & Festive Shoppers
C01815,1,77.23,77.23,110,0.05,0.0,0.0,0.0,0.0,0.0,0.0,1.0,0.0,South,Organic Search,0,Everyday Home & Kitchen Shoppers
C01816,2,724.83,362.415,599,0.0,0.0,0.0,0.5,0.0,0.5,0.0,0.0,0.0,North,Organic Search,3,Big-Ticket Tech Buyers
C01817,1,317.52,317.52,557,0.0,0.0,0.0,0.0,0.0,0.0,0.0,0.0,1.0,North,Email,1,Everyday Fashion Shoppers
C01818,5,245.73,49.146,381,0.1,0.0,0.2,0.4,0.2,0.0,0.2,0.2,0.0,East,Email,4,Everyday Beauty Shoppers
C01819,4,484.82,121.205,330,0.038,0.25,0.0,0.0,0.0,0.25,0.25,0.5,0.0,East,Organic Search,0,Everyday Home & Kitchen Shoppers
C01820,3,849.0,283.0,292,0.067,0.0,0.0,0.0,0.333,0.333,0.333,0.0,0.0,East,Paid Social,3,Big-Ticket Tech Buyers
C01821,2,341.74,170.87,347,0.025,0.5,0.0,0.5,0.0,0.5,0.0,0.0,0.0,East,Marketplace,3,Big-Ticket Tech Buyers
C01822,2,69.29,34.645,129,0.0,0.0,0.0,0.5,0.5,0.0,0.0,0.0,0.0,North,Organic Search,4,Everyday Beauty Shoppers
C01823,5,349.37,69.874,369,0.12,0.2,0.8,0.0,0.2,0.0,0.0,0.8,0.0,East,Organic Search,2,Deal & Festive Shoppers
C01824,1,184.86,184.86,107,0.2,1.0,0.0,0.0,0.0,0.0,1.0,0.0,0.0,East,Paid Social,1,Everyday Fashion Shoppers
C01825,2,245.48,122.74,182,0.1,0.0,0.0,0.0,0.0,0.0,0.0,0.5,0.5,South,Organic Search,0,Everyday Home & Kitchen Shoppers
C01826,1,64.8,64.8,94,0.1,0.0,0.0,0.0,0.0,0.0,0.0,1.0,0.0,South,Referral,0,Everyday Home & Kitchen Shoppers
C01827,3,526.77,175.59,522,0.1,0.333,0.0,0.333,0.0,0.0,0.333,0.0,0.333,North,Email,1,Everyday Fashion Shoppers
C01828,2,910.14,455.07,26,0.1,0.0,1.0,0.0,0.0,1.0,0.0,0.0,0.0,South,Paid Social,3,Big-Ticket Tech Buyers
C01829,4,725.34,181.335,19,0.125,0.0,0.5,0.25,0.25,0.25,0.0,0.0,0.25,East,Referral,2,Deal & Festive Shoppers
C01830,2,114.38,57.19,27,0.3,0.0,1.0,1.0,0.0,0.0,0.0,0.0,0.0,West,Paid Social,2,Deal & Festive Shoppers
C01831,4,722.34,180.585,345,0.075,0.0,0.5,0.5,0.0,0.25,0.0,0.25,0.0,East,Email,4,Everyday Beauty Shoppers
C01832,1,54.36,54.36,58,0.2,0.0,1.0,0.0,0.0,0.0,0.0,1.0,0.0,South,Organic Search,2,Deal & Festive Shoppers
C01833,1,102.12,102.12,319,0.0,0.0,0.0,0.0,0.0,0.0,0.0,1.0,0.0,East,Paid Social,0,Everyday Home & Kitchen Shoppers
C01834,4,1022.41,255.602,617,0.0,0.0,0.0,0.0,0.0,0.0,0.5,0.25,0.25,East,Email,0,Everyday Home & Kitchen Shoppers
C01835,1,190.87,190.87,430,0.05,0.0,0.0,0.0,0.0,0.0,0.0,0.0,1.0,South,Paid Social,1,Everyday Fashion Shoppers
C01836,3,183.34,61.113,458,0.0,0.0,0.0,0.333,0.333,0.0,0.0,0.333,0.0,West,Organic Search,4,Everyday Beauty Shoppers
C01837,1,34.32,34.32,65,0.0,0.0,0.0,0.0,0.0,0.0,0.0,0.0,1.0,North,Paid Social,1,Everyday Fashion Shoppers
C01838,2,138.75,69.375,460,0.0,0.0,0.0,0.0,0.0,0.0,0.5,0.0,0.5,North,Email,1,Everyday Fashion Shoppers
C01839,1,38.28,38.28,561,0.0,0.0,0.0,0.0,0.0,0.0,1.0,0.0,0.0,North,Organic Search,1,Everyday Fashion Shoppers
C01840,1,31.08,31.08,340,0.0,0.0,0.0,0.0,0.0,0.0,0.0,1.0,0.0,North,Email,0,Everyday Home & Kitchen Shoppers
C01841,3,235.39,78.463,35,0.217,0.0,0.667,0.0,0.0,0.0,0.667,0.333,0.0,West,Email,2,Deal & Festive Shoppers
C01842,5,435.03,87.006,294,0.04,0.0,0.0,0.0,0.6,0.0,0.4,0.0,0.0,South,Referral,1,Everyday Fashion Shoppers
C01843,1,195.54,195.54,152,0.2,0.0,0.0,0.0,0.0,1.0,0.0,0.0,0.0,North,Organic Search,3,Big-Ticket Tech Buyers
C01844,3,321.1,107.033,103,0.033,0.0,0.0,0.0,0.0,0.0,0.0,0.0,1.0,South,Email,1,Everyday Fashion Shoppers
C01845,1,509.61,509.61,198,0.0,1.0,0.0,0.0,0.0,0.0,0.0,1.0,0.0,South,Organic Search,0,Everyday Home & Kitchen Shoppers
C01846,7,557.78,79.683,3,0.243,0.286,0.571,0.0,0.143,0.143,0.143,0.571,0.0,South,Marketplace,2,Deal & Festive Shoppers
C01847,2,290.92,145.46,398,0.125,0.0,0.5,0.0,0.0,0.0,0.5,0.0,0.5,North,Email,1,Everyday Fashion Shoppers
C01848,3,637.06,212.353,2,0.1,0.0,0.333,0.0,0.0,0.333,0.0,0.667,0.0,East,Organic Search,2,Deal & Festive Shoppers
C01849,1,37.39,37.39,353,0.1,0.0,0.0,1.0,0.0,0.0,0.0,0.0,0.0,North,Email,4,Everyday Beauty Shoppers
C01850,2,200.98,100.49,501,0.0,0.0,0.0,0.0,0.0,0.0,0.5,0.5,0.0,East,Paid Social,0,Everyday Home & Kitchen Shoppers
C01851,2,178.52,89.26,639,0.05,0.5,0.0,0.0,0.0,0.0,0.5,0.0,0.5,North,Paid Social,1,Everyday Fashion Shoppers
C01852,2,160.58,80.29,337,0.0,0.0,0.0,0.0,0.5,0.0,0.0,0.5,0.0,East,Paid Social,0,Everyday Home & Kitchen Shoppers
C01853,1,58.44,58.44,394,0.2,1.0,1.0,0.0,0.0,0.0,1.0,0.0,0.0,West,Referral,2,Deal & Festive Shoppers
C01854,6,898.12,149.687,224,0.133,0.0,0.333,0.0,0.333,0.0,0.167,0.333,0.167,North,Email,2,Deal & Festive Shoppers
C01855,1,391.58,391.58,648,0.0,0.0,0.0,0.0,0.0,1.0,0.0,0.0,0.0,North,Marketplace,3,Big-Ticket Tech Buyers
C01856,2,56.55,28.275,57,0.15,0.0,0.5,0.0,0.0,0.0,0.5,0.5,0.0,West,Organic Search,2,Deal & Festive Shoppers
C01857,4,425.39,106.348,243,0.112,0.0,0.25,0.25,0.0,0.0,0.5,0.25,0.0,South,Referral,2,Deal & Festive Shoppers
C01858,1,22.93,22.93,310,0.0,0.0,0.0,0.0,1.0,0.0,0.0,0.0,0.0,East,Email,1,Everyday Fashion Shoppers
C01859,2,131.0,65.5,82,0.025,0.0,0.0,0.0,0.5,0.0,0.5,0.0,0.0,North,Email,1,Everyday Fashion Shoppers
C01860,3,129.0,43.0,48,0.1,0.0,0.667,0.333,0.667,0.0,0.0,0.0,0.0,North,Paid Social,2,Deal & Festive Shoppers
C01861,2,60.48,30.24,68,0.05,0.0,0.0,0.0,0.0,0.0,0.0,1.0,0.0,East,Paid Social,0,Everyday Home & Kitchen Shoppers
C01862,5,520.29,104.058,101,0.12,0.2,0.2,0.6,0.0,0.0,0.0,0.0,0.4,West,Email,4,Everyday Beauty Shoppers
C01863,1,390.48,390.48,133,0.05,0.0,0.0,0.0,0.0,0.0,0.0,1.0,0.0,North,Paid Social,0,Everyday Home & Kitchen Shoppers
C01864,1,160.82,160.82,453,0.0,0.0,0.0,0.0,0.0,0.0,0.0,1.0,0.0,East,Organic Search,0,Everyday Home & Kitchen Shoppers
C01865,1,51.41,51.41,146,0.0,0.0,0.0,0.0,0.0,0.0,1.0,0.0,0.0,East,Paid Social,1,Everyday Fashion Shoppers
C01866,1,125.3,125.3,434,0.05,0.0,0.0,0.0,0.0,0.0,1.0,0.0,0.0,North,Organic Search,1,Everyday Fashion Shoppers
C01867,2,343.75,171.875,556,0.075,0.0,0.0,0.5,0.0,0.0,0.0,0.5,0.0,South,Organic Search,0,Everyday Home & Kitchen Shoppers
C01868,1,26.93,26.93,199,0.3,0.0,0.0,0.0,1.0,0.0,0.0,0.0,0.0,North,Organic Search,1,Everyday Fashion Shoppers
C01869,5,385.78,77.156,533,0.04,0.0,0.0,0.2,0.0,0.0,0.2,0.4,0.2,South,Email,0,Everyday Home & Kitchen Shoppers
C01870,1,7.66,7.66,190,0.15,0.0,0.0,0.0,1.0,0.0,0.0,0.0,0.0,East,Marketplace,1,Everyday Fashion Shoppers
C01871,2,277.83,138.915,628,0.1,0.0,0.0,0.0,0.5,0.5,0.0,0.0,0.0,South,Paid Social,3,Big-Ticket Tech Buyers
C01872,1,14.2,14.2,571,0.3,0.0,0.0,1.0,0.0,0.0,0.0,0.0,0.0,North,Organic Search,4,Everyday Beauty Shoppers
C01873,4,467.77,116.942,86,0.112,0.0,0.0,0.0,0.25,0.25,0.0,0.25,0.25,East,Email,0,Everyday Home & Kitchen Shoppers
C01874,1,73.56,73.56,71,0.0,0.0,0.0,0.0,0.0,0.0,1.0,0.0,0.0,East,Organic Search,1,Everyday Fashion Shoppers
C01875,1,109.53,109.53,437,0.15,0.0,0.0,0.0,0.0,0.0,1.0,0.0,0.0,East,Marketplace,1,Everyday Fashion Shoppers
C01876,5,1288.56,257.712,559,0.07,0.0,0.0,0.0,0.2,0.4,0.2,0.0,0.2,East,Referral,3,Big-Ticket Tech Buyers
C01877,2,166.01,83.005,511,0.0,0.0,0.0,0.0,0.0,0.0,0.5,0.5,0.0,North,Organic Search,0,Everyday Home & Kitchen Shoppers
C01878,1,173.29,173.29,104,0.3,0.0,0.0,0.0,0.0,0.0,1.0,0.0,0.0,East,Paid Social,1,Everyday Fashion Shoppers
C01879,2,109.28,54.64,199,0.0,0.0,0.0,0.5,0.5,0.0,0.0,0.0,0.0,South,Paid Social,4,Everyday Beauty Shoppers
C01880,2,489.98,244.99,596,0.125,0.0,0.0,0.0,0.5,0.5,0.0,0.0,0.0,South,Email,3,Big-Ticket Tech Buyers
C01881,5,603.56,120.712,218,0.08,0.0,0.4,0.0,0.0,0.0,0.6,0.4,0.0,North,Organic Search,2,Deal & Festive Shoppers
C01882,1,104.76,104.76,527,0.0,0.0,0.0,0.0,0.0,0.0,0.0,0.0,1.0,East,Marketplace,1,Everyday Fashion Shoppers
C01883,2,50.38,25.19,454,0.15,0.0,0.0,0.0,0.5,0.0,0.0,0.5,0.0,East,Email,0,Everyday Home & Kitchen Shoppers
C01884,1,283.86,283.86,137,0.1,0.0,0.0,0.0,0.0,1.0,0.0,0.0,0.0,South,Marketplace,3,Big-Ticket Tech Buyers
C01885,2,482.9,241.45,206,0.05,0.0,0.0,0.0,0.0,0.0,0.5,0.5,0.0,West,Marketplace,0,Everyday Home & Kitchen Shoppers
C01886,2,514.29,257.145,495,0.15,0.0,0.0,0.0,0.0,0.5,0.0,0.0,0.5,West,Organic Search,3,Big-Ticket Tech Buyers
C01887,2,125.08,62.54,86,0.05,0.0,0.0,0.0,0.5,0.0,0.0,0.5,0.0,North,Paid Social,0,Everyday Home & Kitchen Shoppers
C01888,1,25.87,25.87,433,0.0,0.0,0.0,0.0,1.0,0.0,0.0,0.0,0.0,East,Marketplace,1,Everyday Fashion Shoppers
C01889,1,49.72,49.72,678,0.0,0.0,0.0,1.0,0.0,0.0,0.0,0.0,0.0,South,Paid Social,4,Everyday Beauty Shoppers
C01890,4,221.66,55.415,398,0.175,0.0,1.0,0.5,0.0,0.0,0.5,0.0,0.0,West,Organic Search,2,Deal & Festive Shoppers
C01891,1,226.9,226.9,602,0.0,0.0,0.0,0.0,0.0,0.0,1.0,0.0,0.0,North,Organic Search,1,Everyday Fashion Shoppers
C01892,1,81.03,81.03,545,0.05,0.0,0.0,0.0,0.0,0.0,0.0,1.0,0.0,South,Organic Search,0,Everyday Home & Kitchen Shoppers
C01893,1,170.43,170.43,105,0.2,0.0,0.0,0.0,0.0,0.0,1.0,0.0,0.0,South,Marketplace,1,Everyday Fashion Shoppers
C01894,1,76.92,76.92,223,0.0,0.0,0.0,0.0,0.0,0.0,0.0,0.0,1.0,North,Paid Social,1,Everyday Fashion Shoppers
C01895,2,495.33,247.665,487,0.075,0.0,0.0,0.0,0.0,0.0,0.5,0.0,0.5,East,Email,1,Everyday Fashion Shoppers
C01896,1,91.27,91.27,132,0.15,0.0,0.0,0.0,0.0,0.0,0.0,1.0,0.0,South,Marketplace,0,Everyday Home & Kitchen Shoppers
C01897,3,510.32,170.107,281,0.033,0.0,0.0,0.333,0.0,0.0,0.0,0.333,0.333,North,Organic Search,0,Everyday Home & Kitchen Shoppers
C01898,1,198.99,198.99,112,0.0,0.0,0.0,0.0,0.0,0.0,0.0,0.0,1.0,East,Email,1,Everyday Fashion Shoppers
C01899,1,168.06,168.06,190,0.05,0.0,0.0,0.0,0.0,0.0,0.0,0.0,1.0,West,Organic Search,1,Everyday Fashion Shoppers
C01900,2,219.44,109.72,320,0.1,0.0,0.0,0.0,0.0,0.0,0.5,0.5,0.0,East,Organic Search,0,Everyday Home & Kitchen Shoppers
C01901,4,441.65,110.412,77,0.025,0.25,0.0,0.0,0.5,0.0,0.25,0.0,0.25,South,Organic Search,1,Everyday Fashion Shoppers
C01902,1,26.02,26.02,356,0.1,0.0,0.0,0.0,1.0,0.0,0.0,0.0,0.0,South,Paid Social,1,Everyday Fashion Shoppers
C01903,1,160.0,160.0,222,0.0,0.0,0.0,0.0,0.0,0.0,1.0,0.0,0.0,North,Paid Social,1,Everyday Fashion Shoppers
C01904,1,155.86,155.86,542,0.15,0.0,0.0,1.0,0.0,0.0,0.0,0.0,0.0,West,Paid Social,4,Everyday Beauty Shoppers
C01905,2,419.91,209.955,475,0.1,0.0,0.0,0.0,0.0,0.0,0.0,0.5,0.5,East,Organic Search,0,Everyday Home & Kitchen Shoppers
C01906,1,381.34,381.34,559,0.0,0.0,0.0,0.0,0.0,1.0,0.0,0.0,0.0,East,Organic Search,3,Big-Ticket Tech Buyers
C01907,3,744.62,248.207,339,0.1,0.333,0.333,0.0,0.0,0.333,0.333,0.333,0.0,West,Email,3,Big-Ticket Tech Buyers
C01908,1,154.02,154.02,608,0.0,0.0,0.0,0.0,0.0,0.0,0.0,1.0,0.0,North,Organic Search,0,Everyday Home & Kitchen Shoppers
C01909,2,1444.08,722.04,536,0.1,0.0,0.0,0.0,0.0,0.5,0.0,0.5,0.0,East,Email,3,Big-Ticket Tech Buyers
C01910,3,138.18,46.06,24,0.267,0.0,0.667,0.0,0.333,0.0,0.667,0.0,0.0,North,Marketplace,2,Deal & Festive Shoppers
C01911,4,1506.41,376.602,515,0.088,0.0,0.0,0.25,0.25,0.25,0.0,0.0,0.25,North,Email,3,Big-Ticket Tech Buyers
C01912,3,508.3,169.433,20,0.133,0.333,0.667,0.0,0.0,0.333,0.0,0.0,0.667,South,Referral,2,Deal & Festive Shoppers
C01913,2,125.48,62.74,694,0.05,0.0,0.0,0.0,0.0,0.0,0.0,0.0,1.0,South,Referral,1,Everyday Fashion Shoppers
C01914,3,521.32,173.773,59,0.1,0.0,0.333,0.333,0.0,0.0,0.0,0.667,0.0,West,Referral,0,Everyday Home & Kitchen Shoppers
C01915,3,1101.45,367.15,373,0.117,0.0,0.667,0.0,0.0,0.0,0.333,0.0,0.667,South,Marketplace,2,Deal & Festive Shoppers
C01916,2,386.88,193.44,269,0.025,0.0,0.0,0.0,0.0,0.5,0.5,0.0,0.0,West,Marketplace,3,Big-Ticket Tech Buyers
C01917,2,121.47,60.735,342,0.1,0.0,0.0,0.5,0.0,0.0,0.0,0.0,0.5,East,Paid Social,4,Everyday Beauty Shoppers
C01918,7,2088.42,298.346,64,0.079,0.143,0.286,0.0,0.143,0.286,0.571,0.0,0.0,East,Referral,2,Deal & Festive Shoppers
C01919,2,40.9,20.45,396,0.3,0.0,1.0,0.0,1.0,0.0,0.0,0.0,0.0,West,Email,2,Deal & Festive Shoppers
C01920,4,296.61,74.152,185,0.138,0.25,0.0,0.25,0.25,0.0,0.25,0.25,0.0,South,Organic Search,0,Everyday Home & Kitchen Shoppers
C01921,1,355.34,355.34,442,0.2,0.0,0.0,0.0,0.0,1.0,0.0,0.0,0.0,South,Paid Social,3,Big-Ticket Tech Buyers
C01922,4,435.32,108.83,149,0.138,0.0,0.0,0.25,0.0,0.25,0.25,0.25,0.0,North,Referral,2,Deal & Festive Shoppers
C01923,3,361.47,120.49,62,0.1,0.333,0.0,0.0,0.0,0.0,1.0,0.0,0.0,North,Email,1,Everyday Fashion Shoppers
C01924,2,72.8,36.4,422,0.2,0.0,1.0,0.0,0.0,0.0,1.0,0.0,0.0,West,Paid Social,2,Deal & Festive Shoppers
C01925,1,189.32,189.32,476,0.0,0.0,0.0,0.0,0.0,0.0,0.0,0.0,1.0,South,Organic Search,1,Everyday Fashion Shoppers
C01926,1,286.31,286.31,637,0.05,0.0,0.0,0.0,0.0,0.0,1.0,0.0,0.0,South,Organic Search,1,Everyday Fashion Shoppers
C01927,1,31.16,31.16,463,0.0,0.0,0.0,0.0,0.0,0.0,1.0,0.0,0.0,North,Referral,1,Everyday Fashion Shoppers
C01928,2,323.59,161.795,297,0.0,0.0,0.0,0.0,0.0,1.0,0.0,0.0,0.0,South,Marketplace,3,Big-Ticket Tech Buyers
C01929,2,809.01,404.505,479,0.0,0.0,0.0,0.5,0.0,0.5,0.0,0.0,0.0,East,Marketplace,3,Big-Ticket Tech Buyers
C01930,1,132.37,132.37,50,0.1,0.0,1.0,0.0,0.0,0.0,0.0,1.0,0.0,South,Paid Social,2,Deal & Festive Shoppers
C01931,3,385.55,128.517,536,0.067,0.0,0.0,0.0,0.333,0.0,0.0,0.333,0.333,East,Organic Search,0,Everyday Home & Kitchen Shoppers
C01932,3,488.06,162.687,362,0.133,0.667,0.667,0.333,0.0,0.0,0.667,0.0,0.0,East,Email,2,Deal & Festive Shoppers
C01933,3,237.51,79.17,34,0.133,0.0,0.667,0.0,0.0,0.0,1.0,0.0,0.0,East,Email,2,Deal & Festive Shoppers
C01934,1,35.57,35.57,48,0.3,0.0,1.0,0.0,0.0,0.0,1.0,0.0,0.0,North,Paid Social,2,Deal & Festive Shoppers
C01935,1,46.26,46.26,625,0.15,0.0,0.0,0.0,1.0,0.0,0.0,0.0,0.0,East,Paid Social,1,Everyday Fashion Shoppers
C01936,1,65.78,65.78,608,0.05,0.0,0.0,0.0,1.0,0.0,0.0,0.0,0.0,North,Organic Search,1,Everyday Fashion Shoppers
C01937,3,763.34,254.447,89,0.05,0.0,0.0,0.0,0.0,0.333,0.667,0.0,0.0,South,Email,3,Big-Ticket Tech Buyers
C01938,2,250.85,125.425,143,0.15,0.5,0.0,0.0,0.0,0.0,0.0,1.0,0.0,East,Referral,0,Everyday Home & Kitchen Shoppers
C01939,2,43.8,21.9,58,0.3,0.0,1.0,0.0,1.0,0.0,0.0,0.0,0.0,East,Paid Social,2,Deal & Festive Shoppers
C01940,1,135.07,135.07,583,0.2,0.0,0.0,0.0,0.0,0.0,0.0,0.0,1.0,North,Marketplace,1,Everyday Fashion Shoppers
C01941,5,1396.24,279.248,278,0.04,0.0,0.2,0.2,0.0,0.4,0.0,0.0,0.4,West,Referral,3,Big-Ticket Tech Buyers
C01942,2,172.32,86.16,468,0.025,0.0,0.0,0.5,0.0,0.0,0.0,0.5,0.0,North,Marketplace,4,Everyday Beauty Shoppers
C01943,1,105.09,105.09,111,0.1,0.0,0.0,0.0,0.0,0.0,0.0,1.0,0.0,East,Paid Social,0,Everyday Home & Kitchen Shoppers
C01944,2,265.23,132.615,476,0.0,0.0,0.0,0.5,0.0,0.0,0.0,0.5,0.0,West,Paid Social,0,Everyday Home & Kitchen Shoppers
C01945,2,188.2,94.1,425,0.075,0.0,0.5,0.0,0.5,0.0,0.0,0.5,0.0,East,Marketplace,0,Everyday Home & Kitchen Shoppers
C01946,2,133.43,66.715,614,0.05,0.0,0.0,0.0,0.0,0.0,1.0,0.0,0.0,West,Marketplace,1,Everyday Fashion Shoppers
C01947,1,46.72,46.72,611,0.0,1.0,0.0,0.0,0.0,0.0,1.0,0.0,0.0,East,Marketplace,1,Everyday Fashion Shoppers
C01948,1,22.12,22.12,74,0.3,0.0,0.0,1.0,0.0,0.0,0.0,0.0,0.0,East,Email,4,Everyday Beauty Shoppers
C01949,2,442.14,221.07,507,0.2,0.0,0.0,0.0,0.5,0.5,0.0,0.0,0.0,East,Paid Social,3,Big-Ticket Tech Buyers
C01950,3,676.78,225.593,135,0.083,0.0,0.0,0.0,0.0,0.333,0.333,0.333,0.0,East,Organic Search,3,Big-Ticket Tech Buyers
C01951,1,53.47,53.47,72,0.2,0.0,0.0,0.0,1.0,0.0,0.0,0.0,0.0,North,Paid Social,1,Everyday Fashion Shoppers
C01952,1,112.88,112.88,297,0.0,0.0,0.0,1.0,0.0,0.0,0.0,0.0,0.0,East,Marketplace,4,Everyday Beauty Shoppers
C01953,3,1816.77,605.59,548,0.0,0.0,0.0,0.0,0.0,0.667,0.333,0.0,0.0,North,Paid Social,3,Big-Ticket Tech Buyers
C01954,5,1767.05,353.41,229,0.09,0.0,0.4,0.0,0.0,0.2,0.2,0.0,0.6,West,Email,3,Big-Ticket Tech Buyers
C01955,2,116.44,58.22,51,0.15,0.0,1.0,0.0,0.0,0.0,0.0,0.0,1.0,North,Marketplace,2,Deal & Festive Shoppers
C01956,4,1571.18,392.795,180,0.0,0.25,0.0,0.25,0.0,0.25,0.25,0.0,0.25,North,Marketplace,3,Big-Ticket Tech Buyers
C01957,2,1062.29,531.145,185,0.025,0.0,0.0,0.5,0.0,0.5,0.0,0.0,0.0,West,Marketplace,3,Big-Ticket Tech Buyers
C01958,3,325.03,108.343,107,0.017,0.0,0.0,0.0,0.333,0.0,0.333,0.333,0.0,North,Referral,0,Everyday Home & Kitchen Shoppers
C01959,1,122.67,122.67,263,0.3,0.0,0.0,0.0,0.0,0.0,0.0,1.0,0.0,South,Paid Social,0,Everyday Home & Kitchen Shoppers
C01960,2,531.98,265.99,320,0.2,0.0,0.0,0.0,0.0,0.5,0.0,0.0,0.5,East,Marketplace,3,Big-Ticket Tech Buyers
C01961,1,59.93,59.93,131,0.0,0.0,0.0,1.0,0.0,0.0,0.0,0.0,0.0,North,Organic Search,4,Everyday Beauty Shoppers
C01962,2,421.86,210.93,23,0.2,0.0,1.0,0.0,0.0,0.0,1.0,0.0,0.0,North,Organic Search,2,Deal & Festive Shoppers
C01963,1,11.56,11.56,625,0.0,0.0,0.0,0.0,1.0,0.0,0.0,0.0,0.0,South,Marketplace,1,Everyday Fashion Shoppers
C01964,2,125.86,62.93,81,0.25,0.0,0.0,0.5,0.0,0.0,0.0,0.5,0.0,North,Email,4,Everyday Beauty Shoppers
C01965,2,278.74,139.37,151,0.1,0.0,0.0,0.0,0.0,0.0,0.5,0.5,0.0,North,Paid Social,0,Everyday Home & Kitchen Shoppers
C01966,2,716.49,358.245,11,0.075,0.0,0.5,0.0,0.0,0.5,0.0,0.5,0.0,North,Organic Search,2,Deal & Festive Shoppers
C01967,2,558.67,279.335,310,0.1,0.0,0.0,0.0,0.0,0.0,0.0,0.5,0.5,South,Paid Social,0,Everyday Home & Kitchen Shoppers
C01968,2,141.2,70.6,399,0.2,0.0,1.0,0.0,0.0,0.0,0.0,1.0,0.0,South,Marketplace,2,Deal & Festive Shoppers
C01969,2,317.76,158.88,66,0.0,0.0,0.0,0.0,0.0,0.0,0.5,0.0,0.5,North,Referral,1,Everyday Fashion Shoppers
C01970,2,213.69,106.845,395,0.05,0.0,0.5,0.0,0.0,0.0,0.0,0.5,0.5,East,Paid Social,0,Everyday Home & Kitchen Shoppers
C01971,4,550.72,137.68,1,0.075,0.0,0.25,0.25,0.5,0.0,0.0,0.25,0.0,East,Referral,2,Deal & Festive Shoppers
C01972,2,52.06,26.03,30,0.175,0.0,0.5,0.0,0.5,0.0,0.0,0.0,0.5,North,Marketplace,2,Deal & Festive Shoppers
C01973,2,328.32,164.16,129,0.05,0.5,0.0,0.0,0.0,0.0,0.5,0.5,0.0,South,Marketplace,0,Everyday Home & Kitchen Shoppers
C01974,1,799.1,799.1,489,0.0,0.0,0.0,0.0,0.0,1.0,0.0,0.0,0.0,West,Paid Social,3,Big-Ticket Tech Buyers
C01975,2,118.12,59.06,327,0.2,0.0,0.0,0.5,0.0,0.0,0.0,0.5,0.0,East,Referral,4,Everyday Beauty Shoppers
C01976,4,462.99,115.748,444,0.088,0.0,0.0,0.0,0.25,0.0,0.25,0.5,0.0,South,Organic Search,0,Everyday Home & Kitchen Shoppers
C01977,1,21.68,21.68,70,0.3,0.0,0.0,0.0,0.0,0.0,0.0,0.0,1.0,South,Paid Social,1,Everyday Fashion Shoppers
C01978,5,309.22,61.844,372,0.18,0.0,0.8,0.4,0.0,0.0,0.2,0.0,0.4,North,Organic Search,2,Deal & Festive Shoppers
C01979,2,416.38,208.19,650,0.1,0.0,0.0,0.0,0.0,0.0,1.0,0.0,0.0,West,Paid Social,1,Everyday Fashion Shoppers
C01980,2,210.35,105.175,146,0.0,0.0,0.0,0.0,0.0,0.0,0.5,0.5,0.0,West,Referral,0,Everyday Home & Kitchen Shoppers
C01981,1,41.74,41.74,261,0.05,0.0,0.0,0.0,0.0,0.0,0.0,1.0,0.0,West,Paid Social,0,Everyday Home & Kitchen Shoppers
C01982,2,173.63,86.815,271,0.0,0.0,0.0,0.0,0.5,0.0,0.0,0.0,0.5,North,Organic Search,1,Everyday Fashion Shoppers
C01983,2,467.49,233.745,668,0.1,0.0,0.0,0.5,0.0,0.5,0.0,0.0,0.0,South,Organic Search,3,Big-Ticket Tech Buyers
C01984,3,678.48,226.16,107,0.067,0.0,0.0,0.0,0.333,0.333,0.0,0.0,0.333,North,Organic Search,3,Big-Ticket Tech Buyers
C01985,3,1504.12,501.373,62,0.033,0.0,0.0,0.0,0.0,0.333,0.333,0.0,0.333,South,Email,3,Big-Ticket Tech Buyers
C01986,2,58.84,29.42,104,0.05,0.0,0.0,0.0,0.5,0.0,0.0,0.5,0.0,South,Organic Search,0,Everyday Home & Kitchen Shoppers
C01987,3,1190.18,396.727,102,0.133,0.0,0.0,0.333,0.0,0.333,0.0,0.333,0.0,East,Organic Search,3,Big-Ticket Tech Buyers
C01988,1,70.99,70.99,574,0.2,0.0,0.0,0.0,0.0,0.0,0.0,1.0,0.0,North,Marketplace,0,Everyday Home & Kitchen Shoppers
C01989,3,148.37,49.457,230,0.1,0.0,0.0,0.333,0.0,0.0,0.333,0.333,0.0,West,Organic Search,4,Everyday Beauty Shoppers
C01990,1,31.8,31.8,74,0.0,0.0,0.0,0.0,1.0,0.0,0.0,0.0,0.0,North,Marketplace,1,Everyday Fashion Shoppers
C01991,4,497.3,124.325,191,0.112,0.0,0.0,0.25,0.0,0.0,0.25,0.5,0.0,North,Referral,0,Everyday Home & Kitchen Shoppers
C01992,5,910.0,182.0,156,0.08,0.0,0.2,0.2,0.2,0.2,0.2,0.2,0.0,West,Email,2,Deal & Festive Shoppers
C01993,6,1175.4,195.9,59,0.083,0.167,0.333,0.167,0.0,0.167,0.5,0.167,0.0,East,Referral,2,Deal & Festive Shoppers
C01994,2,143.59,71.795,226,0.15,0.0,0.0,0.0,0.5,0.0,0.5,0.0,0.0,South,Organic Search,1,Everyday Fashion Shoppers
C01995,1,83.1,83.1,194,0.0,0.0,0.0,0.0,0.0,0.0,0.0,1.0,0.0,East,Marketplace,0,Everyday Home & Kitchen Shoppers
C01996,2,957.48,478.74,568,0.05,0.5,0.0,0.0,0.0,0.5,0.5,0.0,0.0,North,Marketplace,3,Big-Ticket Tech Buyers
C01997,2,43.4,21.7,252,0.0,0.0,0.0,0.0,0.5,0.0,0.5,0.0,0.0,North,Paid Social,1,Everyday Fashion Shoppers
C01998,2,392.6,196.3,27,0.2,0.0,1.0,0.0,0.0,0.0,0.0,0.0,1.0,South,Email,2,Deal & Festive Shoppers
C01999,1,227.8,227.8,518,0.05,0.0,0.0,0.0,0.0,0.0,1.0,0.0,0.0,South,Paid Social,1,Everyday Fashion Shoppers
C02000,3,160.7,53.567,407,0.133,0.333,0.667,0.667,0.0,0.0,0.333,0.0,0.0,East,Marketplace,4,Everyday Beauty Shoppers
C02001,1,58.32,58.32,105,0.0,0.0,0.0,1.0,0.0,0.0,0.0,0.0,0.0,North,Email,4,Everyday Beauty Shoppers
C02002,2,358.87,179.435,582,0.2,0.0,0.0,0.5,0.0,0.5,0.0,0.0,0.0,East,Organic Search,3,Big-Ticket Tech Buyers
C02003,2,585.79,292.895,435,0.0,0.0,0.0,0.0,0.0,0.5,0.0,0.5,0.0,East,Marketplace,3,Big-Ticket Tech Buyers
C02004,3,655.16,218.387,241,0.133,1.0,0.667,0.0,0.0,0.0,0.0,1.0,0.0,North,Marketplace,0,Everyday Home & Kitchen Shoppers
C02005,6,587.12,97.853,6,0.083,0.0,0.5,0.167,0.0,0.167,0.667,0.0,0.0,North,Email,2,Deal & Festive Shoppers
C02006,2,357.1,178.55,559,0.025,0.0,0.0,0.0,0.0,0.5,0.5,0.0,0.0,South,Organic Search,3,Big-Ticket Tech Buyers
C02007,4,1261.09,315.273,189,0.162,0.25,0.25,0.25,0.0,0.25,0.25,0.25,0.0,East,Email,3,Big-Ticket Tech Buyers
C02008,5,733.38,146.676,415,0.06,0.0,0.2,0.4,0.2,0.0,0.2,0.2,0.0,East,Referral,4,Everyday Beauty Shoppers
C02009,2,707.88,353.94,67,0.075,0.0,0.0,0.5,0.0,0.5,0.0,0.0,0.0,East,Paid Social,3,Big-Ticket Tech Buyers
C02010,3,1131.1,377.033,16,0.033,0.0,0.333,0.0,0.0,0.333,0.667,0.0,0.0,South,Marketplace,2,Deal & Festive Shoppers
C02011,4,1178.9,294.725,62,0.15,0.0,0.25,0.0,0.0,0.25,0.25,0.25,0.25,North,Referral,2,Deal & Festive Shoppers
C02012,1,121.84,121.84,451,0.1,0.0,0.0,1.0,0.0,0.0,0.0,0.0,0.0,East,Marketplace,4,Everyday Beauty Shoppers
C02013,3,145.65,48.55,280,0.1,0.0,0.0,0.333,0.0,0.0,0.333,0.333,0.0,North,Email,4,Everyday Beauty Shoppers
C02014,2,781.49,390.745,26,0.1,0.0,0.5,0.0,0.0,0.5,0.5,0.0,0.0,East,Organic Search,3,Big-Ticket Tech Buyers
C02015,1,103.68,103.68,276,0.0,0.0,0.0,1.0,0.0,0.0,0.0,0.0,0.0,North,Marketplace,4,Everyday Beauty Shoppers
C02016,2,114.89,57.445,365,0.0,0.0,0.0,0.0,0.0,0.0,0.5,0.5,0.0,South,Referral,0,Everyday Home & Kitchen Shoppers
C02017,1,195.74,195.74,442,0.15,0.0,0.0,0.0,0.0,0.0,0.0,0.0,1.0,East,Paid Social,1,Everyday Fashion Shoppers
C02018,1,334.23,334.23,216,0.0,0.0,0.0,0.0,0.0,0.0,1.0,0.0,0.0,South,Paid Social,1,Everyday Fashion Shoppers
C02019,2,490.52,245.26,99,0.0,0.0,0.0,0.0,0.0,0.0,0.0,0.0,1.0,East,Organic Search,1,Everyday Fashion Shoppers
C02020,5,1440.01,288.002,214,0.17,0.0,0.6,0.0,0.4,0.4,0.0,0.0,0.2,South,Email,2,Deal & Festive Shoppers
C02021,2,723.92,361.96,261,0.1,0.5,0.0,0.0,0.0,0.0,0.5,0.0,0.5,West,Paid Social,1,Everyday Fashion Shoppers
C02022,3,330.52,110.173,194,0.017,0.0,0.0,0.333,0.0,0.0,0.333,0.333,0.0,West,Marketplace,0,Everyday Home & Kitchen Shoppers
C02023,3,292.94,97.647,28,0.133,0.0,0.667,0.0,0.0,0.0,0.667,0.333,0.0,West,Marketplace,2,Deal & Festive Shoppers
C02024,4,346.78,86.695,111,0.1,0.0,0.0,0.25,0.25,0.0,0.5,0.0,0.0,East,Email,1,Everyday Fashion Shoppers
C02025,1,60.31,60.31,677,0.0,0.0,0.0,0.0,0.0,0.0,1.0,0.0,0.0,East,Organic Search,1,Everyday Fashion Shoppers
C02026,7,599.27,85.61,178,0.15,0.0,0.429,0.571,0.143,0.0,0.286,0.0,0.0,East,Email,2,Deal & Festive Shoppers
C02027,1,40.34,40.34,302,0.0,0.0,0.0,0.0,1.0,0.0,0.0,0.0,0.0,South,Organic Search,1,Everyday Fashion Shoppers
C02028,1,49.31,49.31,64,0.0,0.0,0.0,1.0,0.0,0.0,0.0,0.0,0.0,South,Marketplace,4,Everyday Beauty Shoppers
C02029,1,260.12,260.12,363,0.0,0.0,0.0,0.0,0.0,0.0,1.0,0.0,0.0,East,Paid Social,1,Everyday Fashion Shoppers
C02030,2,135.13,67.565,458,0.225,0.0,0.0,0.0,0.5,0.0,0.0,0.0,0.5,North,Marketplace,1,Everyday Fashion Shoppers
C02031,1,75.8,75.8,335,0.0,0.0,0.0,0.0,1.0,0.0,0.0,0.0,0.0,North,Paid Social,1,Everyday Fashion Shoppers
C02032,3,1653.29,551.097,276,0.017,0.0,0.0,0.0,0.0,0.667,0.333,0.0,0.0,West,Organic Search,3,Big-Ticket Tech Buyers
C02033,2,421.32,210.66,538,0.0,0.0,0.0,0.0,0.5,0.0,0.0,0.0,0.5,North,Marketplace,1,Everyday Fashion Shoppers
C02034,1,271.75,271.75,252,0.1,0.0,0.0,0.0,0.0,0.0,0.0,1.0,0.0,East,Paid Social,0,Everyday Home & Kitchen Shoppers
C02035,2,182.86,91.43,27,0.15,1.0,1.0,0.0,0.0,0.0,1.0,0.0,0.0,East,Marketplace,2,Deal & Festive Shoppers
C02036,2,316.7,158.35,44,0.05,0.0,0.5,0.0,0.0,0.0,0.0,0.0,1.0,North,Marketplace,2,Deal & Festive Shoppers
C02037,1,610.31,610.31,314,0.1,1.0,0.0,0.0,0.0,1.0,0.0,0.0,0.0,West,Paid Social,3,Big-Ticket Tech Buyers
C02038,4,483.24,120.81,313,0.0,0.0,0.0,0.75,0.0,0.0,0.0,0.25,0.0,North,Paid Social,4,Everyday Beauty Shoppers
C02039,1,268.98,268.98,24,0.2,0.0,1.0,0.0,0.0,0.0,0.0,1.0,0.0,West,Referral,2,Deal & Festive Shoppers
C02040,2,54.12,27.06,408,0.3,0.0,1.0,1.0,0.0,0.0,0.0,0.0,0.0,East,Marketplace,4,Everyday Beauty Shoppers
C02041,2,223.18,111.59,283,0.075,0.0,0.0,0.5,0.5,0.0,0.0,0.0,0.0,North,Marketplace,4,Everyday Beauty Shoppers
C02042,1,63.34,63.34,102,0.15,0.0,0.0,0.0,1.0,0.0,0.0,0.0,0.0,North,Paid Social,1,Everyday Fashion Shoppers
C02043,1,42.97,42.97,203,0.15,0.0,0.0,0.0,0.0,0.0,1.0,0.0,0.0,South,Email,1,Everyday Fashion Shoppers
C02044,3,486.89,162.297,131,0.217,0.0,0.0,0.0,0.333,0.0,0.0,0.667,0.0,South,Organic Search,0,Everyday Home & Kitchen Shoppers
C02045,5,535.0,107.0,425,0.06,0.0,0.4,0.6,0.0,0.0,0.2,0.2,0.0,North,Referral,4,Everyday Beauty Shoppers
C02046,3,149.58,49.86,18,0.167,0.0,1.0,0.667,0.333,0.0,0.0,0.0,0.0,West,Email,2,Deal & Festive Shoppers
C02047,2,89.34,44.67,284,0.175,0.0,0.5,0.0,0.5,0.0,0.0,0.5,0.0,North,Marketplace,0,Everyday Home & Kitchen Shoppers
C02048,2,539.44,269.72,285,0.0,0.0,0.0,0.0,0.5,0.0,0.0,0.5,0.0,West,Paid Social,0,Everyday Home & Kitchen Shoppers
C02049,1,46.38,46.38,198,0.2,0.0,0.0,0.0,1.0,0.0,0.0,0.0,0.0,North,Paid Social,1,Everyday Fashion Shoppers
C02050,6,703.12,117.187,39,0.083,0.0,0.333,0.0,0.333,0.0,0.167,0.333,0.167,West,Organic Search,2,Deal & Festive Shoppers
C02051,3,1557.23,519.077,308,0.0,0.0,0.0,0.333,0.0,0.333,0.0,0.333,0.0,North,Organic Search,3,Big-Ticket Tech Buyers
C02052,1,227.29,227.29,512,0.05,0.0,0.0,0.0,0.0,0.0,0.0,0.0,1.0,South,Paid Social,1,Everyday Fashion Shoppers
C02053,5,527.01,105.402,52,0.13,0.0,0.6,0.0,0.0,0.0,0.4,0.4,0.2,East,Marketplace,2,Deal & Festive Shoppers
C02054,2,355.64,177.82,53,0.1,0.0,1.0,0.0,0.0,0.0,0.0,1.0,0.0,North,Paid Social,2,Deal & Festive Shoppers
C02055,1,243.98,243.98,230,0.0,1.0,0.0,0.0,0.0,1.0,0.0,0.0,0.0,West,Paid Social,3,Big-Ticket Tech Buyers
C02056,2,259.34,129.67,231,0.0,0.5,0.0,0.0,0.0,0.0,1.0,0.0,0.0,North,Email,1,Everyday Fashion Shoppers
C02057,2,135.71,67.855,137,0.0,0.0,0.0,0.0,0.5,0.0,0.0,0.5,0.0,East,Organic Search,0,Everyday Home & Kitchen Shoppers
C02058,2,471.79,235.895,171,0.075,0.0,0.0,0.0,0.0,0.0,0.5,0.5,0.0,East,Organic Search,0,Everyday Home & Kitchen Shoppers
C02059,2,287.69,143.845,317,0.025,0.0,0.0,0.0,0.0,0.0,0.5,0.5,0.0,East,Marketplace,0,Everyday Home & Kitchen Shoppers
C02060,2,494.95,247.475,296,0.0,0.0,0.0,0.0,0.0,0.0,0.0,1.0,0.0,North,Organic Search,0,Everyday Home & Kitchen Shoppers
C02061,1,80.94,80.94,90,0.1,0.0,0.0,0.0,0.0,0.0,1.0,0.0,0.0,North,Paid Social,1,Everyday Fashion Shoppers
C02062,1,91.84,91.84,328,0.0,1.0,0.0,0.0,0.0,0.0,0.0,1.0,0.0,North,Referral,0,Everyday Home & Kitchen Shoppers
C02063,5,1642.14,328.428,77,0.05,0.0,0.0,0.2,0.2,0.4,0.0,0.0,0.2,South,Organic Search,3,Big-Ticket Tech Buyers
C02064,3,971.88,323.96,91,0.067,0.0,0.0,0.0,0.0,0.0,0.0,0.333,0.667,North,Organic Search,0,Everyday Home & Kitchen Shoppers
C02065,4,333.22,83.305,29,0.075,0.0,0.5,0.25,0.0,0.0,0.25,0.5,0.0,West,Organic Search,2,Deal & Festive Shoppers
C02066,3,322.38,107.46,42,0.1,0.0,0.667,0.0,0.0,0.0,0.0,0.667,0.333,East,Paid Social,2,Deal & Festive Shoppers
C02067,2,468.8,234.4,62,0.05,0.0,0.0,0.0,0.0,0.0,0.5,0.5,0.0,East,Marketplace,0,Everyday Home & Kitchen Shoppers
C02068,2,352.22,176.11,76,0.0,0.0,0.0,0.5,0.0,0.0,0.0,0.5,0.0,South,Paid Social,0,Everyday Home & Kitchen Shoppers
C02069,2,567.98,283.99,265,0.075,0.0,0.0,0.5,0.0,0.0,0.0,0.0,0.5,North,Paid Social,4,Everyday Beauty Shoppers
C02070,2,824.56,412.28,423,0.3,1.0,1.0,0.0,0.0,1.0,0.0,0.0,0.0,East,Paid Social,3,Big-Ticket Tech Buyers
C02071,1,155.08,155.08,581,0.0,1.0,0.0,0.0,0.0,0.0,0.0,1.0,0.0,South,Marketplace,0,Everyday Home & Kitchen Shoppers
C02072,1,185.55,185.55,260,0.0,0.0,0.0,0.0,0.0,0.0,0.0,1.0,0.0,South,Organic Search,0,Everyday Home & Kitchen Shoppers
C02073,6,691.89,115.315,78,0.125,0.0,0.333,0.5,0.0,0.0,0.167,0.0,0.333,South,Marketplace,2,Deal & Festive Shoppers
C02074,1,322.48,322.48,474,0.05,0.0,0.0,0.0,0.0,0.0,1.0,0.0,0.0,East,Paid Social,1,Everyday Fashion Shoppers
C02075,2,925.12,462.56,183,0.0,0.0,0.0,0.0,0.0,0.5,0.0,0.5,0.0,West,Marketplace,3,Big-Ticket Tech Buyers
C02076,2,513.63,256.815,325,0.0,0.0,0.0,0.5,0.0,0.5,0.0,0.0,0.0,North,Paid Social,3,Big-Ticket Tech Buyers
C02077,5,1345.6,269.12,138,0.15,0.0,0.4,0.2,0.0,0.2,0.2,0.0,0.4,South,Organic Search,2,Deal & Festive Shoppers
C02078,1,101.69,101.69,408,0.1,0.0,1.0,0.0,0.0,0.0,1.0,0.0,0.0,North,Paid Social,1,Everyday Fashion Shoppers
C02079,3,344.44,114.813,238,0.033,0.0,0.0,0.0,0.0,0.0,0.667,0.0,0.333,South,Organic Search,1,Everyday Fashion Shoppers
C02080,3,348.27,116.09,614,0.067,0.0,0.0,0.333,0.0,0.0,0.0,0.667,0.0,East,Email,0,Everyday Home & Kitchen Shoppers
C02081,3,416.77,138.923,138,0.067,0.0,0.0,0.0,0.0,0.333,0.333,0.333,0.0,North,Referral,3,Big-Ticket Tech Buyers
C02082,3,401.14,133.713,214,0.05,0.0,0.0,0.0,0.0,0.0,1.0,0.0,0.0,East,Email,1,Everyday Fashion Shoppers
C02083,1,62.7,62.7,495,0.0,0.0,0.0,0.0,0.0,0.0,1.0,0.0,0.0,South,Organic Search,1,Everyday Fashion Shoppers
C02084,2,182.01,91.005,82,0.05,0.0,0.0,0.5,0.5,0.0,0.0,0.0,0.0,North,Email,4,Everyday Beauty Shoppers
C02085,3,504.42,168.14,300,0.05,0.0,0.0,0.0,0.0,0.333,0.667,0.0,0.0,West,Paid Social,1,Everyday Fashion Shoppers
C02086,2,436.89,218.445,246,0.125,0.0,0.0,0.0,0.5,0.5,0.0,0.0,0.0,South,Marketplace,3,Big-Ticket Tech Buyers
C02087,2,203.18,101.59,177,0.05,0.0,0.0,0.0,0.0,0.5,0.5,0.0,0.0,East,Email,3,Big-Ticket Tech Buyers
C02088,2,216.0,108.0,213,0.125,0.0,0.0,0.5,0.0,0.0,0.0,0.0,0.5,South,Referral,4,Everyday Beauty Shoppers
C02089,6,939.59,156.598,31,0.117,0.0,0.333,0.0,0.0,0.167,0.667,0.167,0.0,West,Marketplace,2,Deal & Festive Shoppers
C02090,3,431.57,143.857,535,0.067,0.0,0.0,0.0,0.0,0.0,0.333,0.667,0.0,South,Referral,0,Everyday Home & Kitchen Shoppers
C02091,7,3050.98,435.854,33,0.157,0.0,0.857,0.0,0.0,0.857,0.143,0.0,0.0,South,Referral,2,Deal & Festive Shoppers
C02092,4,388.16,97.04,87,0.138,0.25,0.0,0.25,0.25,0.0,0.0,0.5,0.0,East,Organic Search,0,Everyday Home & Kitchen Shoppers
C02093,2,71.1,35.55,137,0.0,0.0,0.0,0.0,0.5,0.0,0.5,0.0,0.0,South,Email,1,Everyday Fashion Shoppers
C02094,2,278.1,139.05,510,0.15,0.0,0.0,0.0,0.0,0.5,0.0,0.0,0.5,South,Paid Social,3,Big-Ticket Tech Buyers
C02095,2,86.19,43.095,601,0.025,0.0,0.0,1.0,0.0,0.0,0.0,0.0,0.0,West,Organic Search,4,Everyday Beauty Shoppers
C02096,5,1242.11,248.422,29,0.12,0.2,0.4,0.0,0.0,0.2,0.0,0.6,0.2,East,Email,2,Deal & Festive Shoppers
C02097,1,223.6,223.6,65,0.0,1.0,0.0,0.0,0.0,0.0,1.0,0.0,0.0,East,Organic Search,1,Everyday Fashion Shoppers
C02098,5,316.24,63.248,38,0.14,0.0,0.8,0.0,0.4,0.0,0.4,0.0,0.2,East,Email,2,Deal & Festive Shoppers
C02099,2,414.45,207.225,81,0.125,0.5,0.0,0.0,0.0,0.5,0.0,0.5,0.0,West,Organic Search,3,Big-Ticket Tech Buyers
C02100,2,412.26,206.13,500,0.0,0.0,0.0,0.0,0.0,0.0,0.0,1.0,0.0,West,Paid Social,0,Everyday Home & Kitchen Shoppers
C02101,1,107.82,107.82,80,0.0,0.0,0.0,1.0,0.0,0.0,0.0,0.0,0.0,East,Marketplace,4,Everyday Beauty Shoppers
C02102,2,224.26,112.13,183,0.05,0.0,0.0,0.0,0.0,0.0,0.5,0.0,0.5,South,Organic Search,1,Everyday Fashion Shoppers
C02103,4,640.88,160.22,456,0.025,0.0,0.0,0.0,0.25,0.0,0.75,0.0,0.0,North,Referral,1,Everyday Fashion Shoppers
C02104,4,841.69,210.422,536,0.025,0.0,0.0,0.0,0.0,0.0,0.5,0.5,0.0,East,Referral,0,Everyday Home & Kitchen Shoppers
C02105,1,240.73,240.73,122,0.1,0.0,0.0,0.0,0.0,0.0,1.0,0.0,0.0,West,Marketplace,1,Everyday Fashion Shoppers
C02106,5,555.23,111.046,278,0.06,0.0,0.0,0.4,0.0,0.0,0.0,0.6,0.0,South,Organic Search,0,Everyday Home & Kitchen Shoppers
C02107,1,133.93,133.93,184,0.0,0.0,0.0,0.0,0.0,0.0,1.0,0.0,0.0,North,Email,1,Everyday Fashion Shoppers
C02108,3,511.83,170.61,417,0.05,0.333,0.333,0.333,0.0,0.333,0.0,0.333,0.0,South,Paid Social,3,Big-Ticket Tech Buyers
C02109,2,577.6,288.8,348,0.0,0.0,0.0,0.0,0.0,0.0,0.0,0.5,0.5,East,Paid Social,0,Everyday Home & Kitchen Shoppers
C02110,2,123.06,61.53,480,0.0,0.0,0.0,0.0,1.0,0.0,0.0,0.0,0.0,West,Paid Social,1,Everyday Fashion Shoppers
C02111,2,865.65,432.825,148,0.075,0.0,0.0,0.0,0.0,0.5,0.5,0.0,0.0,North,Paid Social,3,Big-Ticket Tech Buyers
C02112,1,34.75,34.75,250,0.3,0.0,0.0,0.0,0.0,0.0,0.0,0.0,1.0,East,Paid Social,1,Everyday Fashion Shoppers
C02113,3,383.63,127.877,40,0.167,0.0,0.667,0.333,0.0,0.0,0.0,0.0,0.667,East,Organic Search,2,Deal & Festive Shoppers
C02114,1,199.54,199.54,78,0.0,0.0,0.0,0.0,0.0,0.0,0.0,0.0,1.0,West,Paid Social,1,Everyday Fashion Shoppers
C02115,2,174.85,87.425,46,0.15,0.0,0.5,0.0,0.0,0.0,1.0,0.0,0.0,North,Referral,2,Deal & Festive Shoppers
C02116,1,138.14,138.14,571,0.2,0.0,0.0,0.0,0.0,0.0,0.0,0.0,1.0,West,Paid Social,1,Everyday Fashion Shoppers
C02117,2,189.38,94.69,56,0.3,0.0,1.0,0.0,0.0,0.0,0.0,1.0,0.0,East,Organic Search,2,Deal & Festive Shoppers
C02118,2,162.34,81.17,286,0.0,0.0,0.0,0.5,0.0,0.0,0.0,0.5,0.0,East,Paid Social,4,Everyday Beauty Shoppers
C02119,2,112.32,56.16,330,0.025,0.0,0.0,0.0,0.5,0.0,0.5,0.0,0.0,North,Paid Social,1,Everyday Fashion Shoppers
C02120,2,226.44,113.22,126,0.0,0.5,0.0,0.0,0.0,0.0,0.5,0.5,0.0,East,Referral,0,Everyday Home & Kitchen Shoppers
C02121,4,430.15,107.538,21,0.162,0.0,0.5,0.0,0.0,0.0,0.75,0.25,0.0,East,Marketplace,2,Deal & Festive Shoppers
C02122,2,173.84,86.92,37,0.15,0.0,0.5,0.5,0.0,0.0,0.5,0.0,0.0,South,Referral,2,Deal & Festive Shoppers
C02123,3,539.1,179.7,94,0.0,0.333,0.0,0.0,0.0,0.0,0.0,1.0,0.0,South,Email,0,Everyday Home & Kitchen Shoppers
C02124,2,759.74,379.87,167,0.0,0.5,0.0,0.0,0.0,0.0,0.5,0.0,0.5,East,Organic Search,1,Everyday Fashion Shoppers
C02125,1,116.91,116.91,210,0.0,0.0,0.0,0.0,0.0,0.0,0.0,0.0,1.0,East,Marketplace,1,Everyday Fashion Shoppers
C02126,4,1789.47,447.368,321,0.05,0.0,0.25,0.25,0.25,0.25,0.25,0.0,0.0,North,Paid Social,3,Big-Ticket Tech Buyers
C02127,1,95.96,95.96,515,0.0,0.0,0.0,0.0,0.0,0.0,0.0,1.0,0.0,South,Paid Social,0,Everyday Home & Kitchen Shoppers
C02128,1,75.81,75.81,275,0.0,0.0,0.0,0.0,0.0,0.0,1.0,0.0,0.0,North,Organic Search,1,Everyday Fashion Shoppers
C02129,2,60.75,30.375,546,0.15,0.0,0.0,0.0,0.5,0.0,0.0,0.5,0.0,West,Organic Search,0,Everyday Home & Kitchen Shoppers
C02130,5,1075.69,215.138,298,0.16,0.2,0.2,0.2,0.0,0.2,0.2,0.2,0.2,West,Email,2,Deal & Festive Shoppers
C02131,1,295.04,295.04,227,0.3,0.0,0.0,0.0,0.0,1.0,0.0,0.0,0.0,South,Organic Search,3,Big-Ticket Tech Buyers
C02132,1,117.73,117.73,45,0.2,0.0,1.0,0.0,0.0,0.0,0.0,1.0,0.0,North,Organic Search,2,Deal & Festive Shoppers
C02133,3,310.47,103.49,205,0.217,0.0,0.667,0.0,0.333,0.667,0.0,0.0,0.0,North,Organic Search,2,Deal & Festive Shoppers
C02134,7,1255.43,179.347,60,0.136,0.0,0.286,0.429,0.0,0.143,0.429,0.0,0.0,South,Marketplace,2,Deal & Festive Shoppers
C02135,5,1479.97,295.994,140,0.09,0.2,0.6,0.0,0.0,0.2,0.2,0.6,0.0,West,Email,2,Deal & Festive Shoppers
C02136,3,165.28,55.093,93,0.133,0.0,0.0,0.333,0.333,0.0,0.333,0.0,0.0,East,Marketplace,4,Everyday Beauty Shoppers
C02137,1,130.87,130.87,341,0.0,0.0,0.0,0.0,0.0,0.0,1.0,0.0,0.0,North,Marketplace,1,Everyday Fashion Shoppers
C02138,2,544.81,272.405,593,0.125,0.0,0.0,0.0,0.0,0.5,0.0,0.0,0.5,North,Marketplace,3,Big-Ticket Tech Buyers
C02139,1,743.13,743.13,354,0.05,1.0,0.0,0.0,0.0,1.0,0.0,0.0,0.0,North,Paid Social,3,Big-Ticket Tech Buyers
C02140,2,318.55,159.275,344,0.05,0.0,0.0,0.0,0.0,0.0,0.5,0.0,0.5,West,Organic Search,1,Everyday Fashion Shoppers
C02141,1,82.24,82.24,224,0.0,0.0,0.0,0.0,0.0,0.0,1.0,0.0,0.0,East,Paid Social,1,Everyday Fashion Shoppers
C02142,1,1134.66,1134.66,107,0.0,0.0,0.0,0.0,0.0,1.0,0.0,0.0,0.0,East,Organic Search,3,Big-Ticket Tech Buyers
C02143,1,35.9,35.9,43,0.2,0.0,1.0,1.0,0.0,0.0,0.0,0.0,0.0,South,Email,4,Everyday Beauty Shoppers
C02144,2,76.51,38.255,294,0.0,0.0,0.0,0.5,0.0,0.0,0.0,0.5,0.0,West,Organic Search,4,Everyday Beauty Shoppers
C02145,3,2334.63,778.21,281,0.0,0.667,0.0,0.333,0.0,0.333,0.0,0.333,0.0,South,Organic Search,3,Big-Ticket Tech Buyers
C02146,6,1401.82,233.637,131,0.142,0.167,0.5,0.0,0.333,0.667,0.0,0.0,0.0,West,Email,3,Big-Ticket Tech Buyers
C02147,3,333.51,111.17,509,0.1,0.0,0.0,0.333,0.0,0.333,0.0,0.333,0.0,West,Organic Search,0,Everyday Home & Kitchen Shoppers
C02148,1,142.59,142.59,73,0.0,0.0,0.0,0.0,0.0,0.0,0.0,1.0,0.0,South,Organic Search,0,Everyday Home & Kitchen Shoppers
C02149,2,86.89,43.445,93,0.05,0.0,0.0,1.0,0.0,0.0,0.0,0.0,0.0,West,Organic Search,4,Everyday Beauty Shoppers
C02150,4,646.82,161.705,27,0.088,0.0,0.5,0.0,0.0,0.25,0.0,0.75,0.0,North,Email,2,Deal & Festive Shoppers
C02151,1,902.54,902.54,497,0.1,0.0,0.0,0.0,0.0,1.0,0.0,0.0,0.0,East,Organic Search,3,Big-Ticket Tech Buyers
C02152,2,220.92,110.46,340,0.025,0.0,0.0,0.0,0.0,0.0,0.0,0.5,0.5,North,Organic Search,0,Everyday Home & Kitchen Shoppers
C02153,2,458.34,229.17,111,0.05,0.0,0.0,0.5,0.0,0.5,0.0,0.0,0.0,South,Organic Search,3,Big-Ticket Tech Buyers
C02154,2,160.17,80.085,254,0.15,0.0,0.0,0.5,0.0,0.0,0.0,0.0,0.5,North,Email,4,Everyday Beauty Shoppers
C02155,1,78.01,78.01,221,0.15,0.0,0.0,0.0,0.0,0.0,1.0,0.0,0.0,North,Organic Search,1,Everyday Fashion Shoppers
C02156,3,47.7,15.9,317,0.2,0.0,0.667,0.0,0.667,0.0,0.333,0.0,0.0,North,Organic Search,2,Deal & Festive Shoppers
C02157,1,45.7,45.7,419,0.2,0.0,1.0,0.0,0.0,0.0,1.0,0.0,0.0,South,Marketplace,2,Deal & Festive Shoppers
C02158,1,128.94,128.94,276,0.0,0.0,0.0,0.0,0.0,0.0,1.0,0.0,0.0,East,Marketplace,1,Everyday Fashion Shoppers
C02159,2,180.81,90.405,121,0.1,0.0,0.0,0.0,0.0,0.0,0.0,1.0,0.0,South,Organic Search,0,Everyday Home & Kitchen Shoppers
C02160,1,116.17,116.17,494,0.1,0.0,0.0,0.0,0.0,0.0,0.0,1.0,0.0,South,Organic Search,0,Everyday Home & Kitchen Shoppers
C02161,1,30.56,30.56,146,0.3,0.0,0.0,1.0,0.0,0.0,0.0,0.0,0.0,West,Organic Search,4,Everyday Beauty Shoppers
C02162,4,279.03,69.758,335,0.1,0.25,0.5,0.0,0.5,0.0,0.0,0.25,0.25,West,Email,2,Deal & Festive Shoppers
C02163,2,330.57,165.285,413,0.25,0.0,0.5,0.0,0.5,0.0,0.0,0.5,0.0,North,Organic Search,2,Deal & Festive Shoppers
C02164,3,672.34,224.113,60,0.2,0.333,0.667,0.0,0.0,1.0,0.0,0.0,0.0,South,Marketplace,3,Big-Ticket Tech Buyers
C02165,2,114.86,57.43,51,0.2,0.0,1.0,0.0,0.0,0.0,1.0,0.0,0.0,East,Marketplace,2,Deal & Festive Shoppers
C02166,3,749.45,249.817,2,0.1,0.0,0.333,0.333,0.0,0.333,0.0,0.333,0.0,East,Referral,2,Deal & Festive Shoppers
C02167,2,263.46,131.73,447,0.05,0.5,0.0,0.0,0.0,0.0,0.0,1.0,0.0,South,Organic Search,0,Everyday Home & Kitchen Shoppers
C02168,1,64.42,64.42,125,0.1,0.0,0.0,0.0,0.0,0.0,1.0,0.0,0.0,East,Marketplace,1,Everyday Fashion Shoppers
C02169,2,51.14,25.57,61,0.15,0.0,1.0,0.0,1.0,0.0,0.0,0.0,0.0,North,Email,2,Deal & Festive Shoppers
C02170,1,12.29,12.29,42,0.15,0.0,1.0,0.0,1.0,0.0,0.0,0.0,0.0,South,Email,2,Deal & Festive Shoppers
C02171,3,917.64,305.88,525,0.183,0.0,0.0,0.0,0.0,0.333,0.0,0.333,0.333,East,Organic Search,3,Big-Ticket Tech Buyers
C02172,3,311.22,103.74,47,0.05,0.0,0.333,0.0,0.333,0.0,0.333,0.333,0.0,East,Email,2,Deal & Festive Shoppers
C02173,4,141.62,35.405,3,0.25,0.0,1.0,0.0,0.0,0.0,0.5,0.0,0.5,West,Email,2,Deal & Festive Shoppers
C02174,1,141.63,141.63,194,0.0,0.0,0.0,0.0,0.0,0.0,0.0,0.0,1.0,North,Marketplace,1,Everyday Fashion Shoppers
C02175,2,1158.33,579.165,480,0.15,0.0,0.0,0.0,0.0,0.5,0.0,0.5,0.0,North,Referral,3,Big-Ticket Tech Buyers
C02176,1,178.62,178.62,182,0.0,1.0,0.0,0.0,0.0,0.0,0.0,0.0,1.0,North,Paid Social,1,Everyday Fashion Shoppers
C02177,3,327.06,109.02,506,0.017,0.0,0.0,0.333,0.0,0.0,0.667,0.0,0.0,North,Paid Social,1,Everyday Fashion Shoppers
C02178,3,154.95,51.65,114,0.233,0.0,0.667,1.0,0.0,0.0,0.0,0.0,0.0,North,Email,4,Everyday Beauty Shoppers
C02179,1,280.87,280.87,292,0.1,0.0,0.0,0.0,0.0,0.0,0.0,1.0,0.0,East,Marketplace,0,Everyday Home & Kitchen Shoppers
C02180,3,370.56,123.52,320,0.2,0.0,0.667,0.0,0.0,0.0,0.667,0.333,0.0,East,Referral,2,Deal & Festive Shoppers
C02181,1,143.13,143.13,236,0.05,0.0,0.0,1.0,0.0,0.0,0.0,0.0,0.0,East,Organic Search,4,Everyday Beauty Shoppers
C02182,3,515.8,171.933,480,0.033,0.0,0.0,0.0,0.0,0.333,0.333,0.0,0.333,South,Organic Search,3,Big-Ticket Tech Buyers
C02183,4,2495.4,623.85,145,0.05,0.0,0.0,0.0,0.0,0.25,0.25,0.5,0.0,North,Referral,3,Big-Ticket Tech Buyers
C02184,1,12.83,12.83,261,0.15,0.0,0.0,0.0,1.0,0.0,0.0,0.0,0.0,East,Marketplace,1,Everyday Fashion Shoppers
C02185,4,226.61,56.652,59,0.1,0.0,0.5,0.0,0.5,0.0,0.5,0.0,0.0,North,Organic Search,2,Deal & Festive Shoppers
C02186,1,100.01,100.01,510,0.1,0.0,0.0,1.0,0.0,0.0,0.0,0.0,0.0,West,Paid Social,4,Everyday Beauty Shoppers
C02187,3,1068.76,356.253,131,0.017,0.0,0.0,0.333,0.0,0.333,0.0,0.333,0.0,North,Marketplace,3,Big-Ticket Tech Buyers
C02188,2,119.75,59.875,504,0.175,0.0,0.0,0.0,0.0,0.0,0.5,0.5,0.0,East,Paid Social,0,Everyday Home & Kitchen Shoppers
C02189,1,28.99,28.99,390,0.3,0.0,1.0,1.0,0.0,0.0,0.0,0.0,0.0,West,Organic Search,4,Everyday Beauty Shoppers
C02190,3,595.89,198.63,94,0.083,0.333,0.0,0.0,0.0,0.0,0.667,0.333,0.0,East,Paid Social,1,Everyday Fashion Shoppers
C02191,1,321.98,321.98,472,0.1,0.0,0.0,0.0,0.0,0.0,1.0,0.0,0.0,East,Paid Social,1,Everyday Fashion Shoppers
C02192,3,601.31,200.437,166,0.017,0.0,0.0,0.0,0.333,0.0,0.333,0.333,0.0,East,Organic Search,0,Everyday Home & Kitchen Shoppers
C02193,3,349.98,116.66,359,0.083,0.0,0.0,0.0,0.333,0.333,0.0,0.333,0.0,North,Referral,0,Everyday Home & Kitchen Shoppers
C02194,6,733.32,122.22,284,0.125,0.167,0.0,0.333,0.0,0.0,0.333,0.167,0.167,East,Referral,4,Everyday Beauty Shoppers
C02195,1,125.1,125.1,252,0.0,0.0,0.0,1.0,0.0,0.0,0.0,0.0,0.0,West,Referral,4,Everyday Beauty Shoppers
C02196,2,474.53,237.265,80,0.025,0.0,0.0,0.0,0.0,0.5,0.5,0.0,0.0,West,Referral,3,Big-Ticket Tech Buyers
C02197,6,467.48,77.913,2,0.05,0.0,0.333,0.167,0.167,0.0,0.667,0.0,0.0,South,Organic Search,2,Deal & Festive Shoppers
C02198,2,434.38,217.19,75,0.05,0.0,0.0,0.0,0.5,0.0,0.0,0.5,0.0,South,Organic Search,0,Everyday Home & Kitchen Shoppers
C02199,3,877.68,292.56,131,0.083,0.0,0.0,0.0,0.0,0.333,0.0,0.333,0.333,East,Organic Search,3,Big-Ticket Tech Buyers
C02200,3,453.67,151.223,183,0.133,0.333,0.0,0.0,0.333,0.0,0.333,0.0,0.333,East,Organic Search,1,Everyday Fashion Shoppers
C02201,1,808.74,808.74,469,0.0,1.0,0.0,0.0,0.0,1.0,0.0,0.0,0.0,North,Email,3,Big-Ticket Tech Buyers
C02202,4,711.4,177.85,548,0.088,0.0,0.0,0.25,0.25,0.0,0.0,0.5,0.0,North,Organic Search,0,Everyday Home & Kitchen Shoppers
C02203,3,315.22,105.073,589,0.05,0.333,0.0,0.667,0.0,0.0,0.333,0.0,0.0,North,Referral,4,Everyday Beauty Shoppers
C02204,2,448.87,224.435,451,0.05,0.0,0.0,0.5,0.0,0.0,0.0,0.5,0.0,South,Organic Search,0,Everyday Home & Kitchen Shoppers
C02205,4,510.4,127.6,5,0.2,0.0,1.0,0.0,0.5,0.25,0.0,0.25,0.0,North,Organic Search,2,Deal & Festive Shoppers
C02206,3,706.68,235.56,31,0.05,0.0,0.333,0.0,0.0,0.333,0.0,0.667,0.0,North,Organic Search,0,Everyday Home & Kitchen Shoppers
C02207,2,181.0,90.5,543,0.0,0.0,0.0,0.0,0.5,0.0,0.5,0.0,0.0,North,Paid Social,1,Everyday Fashion Shoppers
C02208,5,525.74,105.148,42,0.04,0.4,0.4,0.0,0.0,0.0,0.6,0.4,0.0,West,Referral,2,Deal & Festive Shoppers
C02209,3,1055.1,351.7,124,0.017,0.0,0.0,0.333,0.0,0.333,0.333,0.0,0.0,North,Email,3,Big-Ticket Tech Buyers
C02210,2,182.51,91.255,456,0.15,0.0,0.0,0.5,0.0,0.0,0.5,0.0,0.0,North,Organic Search,4,Everyday Beauty Shoppers
C02211,2,90.97,45.485,156,0.175,0.5,0.0,1.0,0.0,0.0,0.0,0.0,0.0,South,Referral,4,Everyday Beauty Shoppers
C02212,1,366.64,366.64,179,0.15,0.0,0.0,0.0,0.0,0.0,0.0,0.0,1.0,North,Email,1,Everyday Fashion Shoppers
C02213,1,668.75,668.75,298,0.1,0.0,0.0,0.0,0.0,1.0,0.0,0.0,0.0,West,Paid Social,3,Big-Ticket Tech Buyers
C02214,3,900.02,300.007,430,0.083,0.0,0.0,0.333,0.333,0.333,0.0,0.0,0.0,West,Organic Search,3,Big-Ticket Tech Buyers
C02215,2,824.57,412.285,420,0.15,0.0,0.5,0.5,0.0,0.5,0.0,0.0,0.0,South,Organic Search,3,Big-Ticket Tech Buyers
C02216,1,132.12,132.12,452,0.0,0.0,0.0,0.0,0.0,0.0,0.0,1.0,0.0,South,Organic Search,0,Everyday Home & Kitchen Shoppers
C02217,4,1513.28,378.32,52,0.125,0.0,0.75,0.0,0.0,0.5,0.5,0.0,0.0,South,Marketplace,2,Deal & Festive Shoppers
C02218,2,173.46,86.73,17,0.15,0.0,1.0,0.0,0.0,0.0,0.0,1.0,0.0,North,Paid Social,2,Deal & Festive Shoppers
C02219,2,214.54,107.27,409,0.15,0.0,0.5,0.0,0.0,0.0,0.0,0.5,0.5,South,Paid Social,0,Everyday Home & Kitchen Shoppers
C02220,4,271.74,67.935,372,0.088,0.0,0.5,0.75,0.25,0.0,0.0,0.0,0.0,North,Email,4,Everyday Beauty Shoppers
C02221,1,124.74,124.74,69,0.0,0.0,0.0,0.0,0.0,0.0,1.0,0.0,0.0,North,Paid Social,1,Everyday Fashion Shoppers
C02222,2,527.37,263.685,448,0.05,0.5,0.0,0.0,0.0,0.5,0.5,0.0,0.0,East,Referral,3,Big-Ticket Tech Buyers
C02223,4,400.68,100.17,601,0.025,0.0,0.0,0.5,0.0,0.0,0.0,0.5,0.0,North,Organic Search,0,Everyday Home & Kitchen Shoppers
C02224,2,667.69,333.845,369,0.225,0.5,1.0,0.0,0.0,0.5,0.0,0.0,0.5,North,Paid Social,3,Big-Ticket Tech Buyers
C02225,1,771.54,771.54,433,0.0,0.0,0.0,0.0,0.0,1.0,0.0,0.0,0.0,South,Organic Search,3,Big-Ticket Tech Buyers
C02226,2,256.67,128.335,192,0.075,0.0,0.0,0.0,0.0,0.0,0.5,0.5,0.0,South,Organic Search,0,Everyday Home & Kitchen Shoppers
C02227,1,117.13,117.13,104,0.0,0.0,0.0,0.0,0.0,0.0,0.0,1.0,0.0,North,Organic Search,0,Everyday Home & Kitchen Shoppers
C02228,4,839.07,209.767,15,0.188,0.75,1.0,0.0,0.0,0.5,0.5,0.0,0.0,North,Email,2,Deal & Festive Shoppers
C02229,1,84.29,84.29,517,0.1,0.0,0.0,0.0,0.0,0.0,1.0,0.0,0.0,North,Email,1,Everyday Fashion Shoppers
C02230,4,1332.02,333.005,26,0.175,0.0,1.0,0.0,0.0,0.5,0.5,0.0,0.0,North,Email,2,Deal & Festive Shoppers
C02231,2,452.19,226.095,96,0.0,0.5,0.0,0.0,0.0,0.5,0.0,0.0,0.5,West,Organic Search,3,Big-Ticket Tech Buyers
C02232,2,450.1,225.05,563,0.025,0.0,0.0,0.0,0.0,0.5,0.5,0.0,0.0,West,Marketplace,3,Big-Ticket Tech Buyers
C02233,3,725.38,241.793,49,0.083,0.333,0.667,0.333,0.0,0.333,0.0,0.333,0.0,South,Organic Search,2,Deal & Festive Shoppers
C02234,3,209.44,69.813,443,0.067,0.0,0.0,0.333,0.333,0.0,0.0,0.333,0.0,South,Marketplace,4,Everyday Beauty Shoppers
C02235,2,176.69,88.345,24,0.075,0.0,0.5,0.5,0.0,0.0,0.0,0.0,0.5,East,Email,2,Deal & Festive Shoppers
C02236,4,776.7,194.175,25,0.225,0.25,0.75,0.0,0.25,0.0,0.0,0.75,0.0,East,Referral,2,Deal & Festive Shoppers
C02237,2,160.12,80.06,525,0.2,0.0,0.0,0.0,0.5,0.0,0.5,0.0,0.0,North,Paid Social,1,Everyday Fashion Shoppers
C02238,5,703.41,140.682,238,0.17,0.0,0.4,0.2,0.0,0.0,0.0,0.8,0.0,North,Email,0,Everyday Home & Kitchen Shoppers
C02239,2,266.7,133.35,386,0.1,0.0,1.0,0.0,0.0,0.0,0.0,0.0,1.0,South,Email,2,Deal & Festive Shoppers
C02240,5,1060.68,212.136,6,0.22,0.2,0.6,0.0,0.0,0.6,0.2,0.2,0.0,East,Organic Search,2,Deal & Festive Shoppers
C02241,3,103.74,34.58,398,0.1,0.333,0.667,0.333,0.0,0.0,0.0,0.0,0.667,North,Email,4,Everyday Beauty Shoppers
C02242,3,92.3,30.767,40,0.133,0.0,0.667,0.333,0.0,0.0,0.0,0.667,0.0,South,Organic Search,2,Deal & Festive Shoppers
C02243,2,16.82,8.41,407,0.3,0.0,1.0,0.0,1.0,0.0,0.0,0.0,0.0,South,Paid Social,2,Deal & Festive Shoppers
C02244,2,658.57,329.285,613,0.0,0.0,0.0,0.0,0.0,0.5,0.5,0.0,0.0,North,Referral,3,Big-Ticket Tech Buyers
C02245,3,201.69,67.23,81,0.1,0.0,0.0,0.0,0.333,0.0,0.333,0.333,0.0,South,Marketplace,0,Everyday Home & Kitchen Shoppers
C02246,3,961.82,320.607,25,0.133,0.0,0.667,0.0,0.0,0.667,0.0,0.333,0.0,East,Paid Social,2,Deal & Festive Shoppers
C02247,3,151.65,50.55,172,0.05,0.333,0.0,0.0,0.667,0.0,0.333,0.0,0.0,East,Organic Search,1,Everyday Fashion Shoppers
C02248,1,89.87,89.87,593,0.1,0.0,0.0,1.0,0.0,0.0,0.0,0.0,0.0,North,Paid Social,4,Everyday Beauty Shoppers
C02249,2,211.64,105.82,270,0.1,0.0,0.0,0.5,0.0,0.0,0.5,0.0,0.0,North,Organic Search,4,Everyday Beauty Shoppers
C02250,3,232.51,77.503,185,0.233,0.0,0.667,0.667,0.0,0.0,0.0,0.333,0.0,West,Paid Social,2,Deal & Festive Shoppers
C02251,1,162.85,162.85,369,0.3,0.0,1.0,0.0,0.0,0.0,0.0,0.0,1.0,South,Paid Social,2,Deal & Festive Shoppers
C02252,2,251.95,125.975,220,0.05,0.0,0.0,0.0,0.0,0.0,0.5,0.5,0.0,North,Email,0,Everyday Home & Kitchen Shoppers
C02253,2,1397.28,698.64,513,0.0,0.0,0.0,0.0,0.0,1.0,0.0,0.0,0.0,North,Organic Search,3,Big-Ticket Tech Buyers
C02254,3,99.97,33.323,192,0.067,0.0,0.333,0.333,0.667,0.0,0.0,0.0,0.0,West,Organic Search,4,Everyday Beauty Shoppers
C02255,1,35.03,35.03,519,0.05,0.0,0.0,0.0,1.0,0.0,0.0,0.0,0.0,East,Paid Social,1,Everyday Fashion Shoppers
C02256,2,447.58,223.79,131,0.15,0.0,0.0,0.0,0.0,0.0,0.0,0.5,0.5,West,Organic Search,0,Everyday Home & Kitchen Shoppers
C02257,1,525.07,525.07,161,0.05,0.0,0.0,0.0,0.0,1.0,0.0,0.0,0.0,East,Organic Search,3,Big-Ticket Tech Buyers
C02258,1,477.54,477.54,267,0.0,1.0,0.0,0.0,0.0,1.0,0.0,0.0,0.0,South,Paid Social,3,Big-Ticket Tech Buyers
C02259,2,182.51,91.255,684,0.05,0.0,0.0,0.0,0.5,0.0,0.0,0.5,0.0,South,Paid Social,0,Everyday Home & Kitchen Shoppers
C02260,2,270.16,135.08,37,0.15,1.0,1.0,0.0,0.0,0.0,1.0,0.0,0.0,North,Organic Search,2,Deal & Festive Shoppers
C02261,4,292.86,73.215,493,0.012,0.0,0.0,0.0,0.25,0.0,0.25,0.5,0.0,East,Referral,0,Everyday Home & Kitchen Shoppers
C02262,2,1177.58,588.79,22,0.1,0.0,1.0,0.0,0.0,0.0,0.0,0.0,1.0,East,Marketplace,2,Deal & Festive Shoppers
C02263,1,34.16,34.16,700,0.0,0.0,0.0,1.0,0.0,0.0,0.0,0.0,0.0,North,Paid Social,4,Everyday Beauty Shoppers
C02264,1,26.53,26.53,355,0.3,0.0,0.0,0.0,1.0,0.0,0.0,0.0,0.0,West,Organic Search,1,Everyday Fashion Shoppers
C02265,5,1264.48,252.896,367,0.13,0.0,0.4,0.0,0.0,0.4,0.2,0.2,0.2,South,Organic Search,3,Big-Ticket Tech Buyers
C02266,3,81.37,27.123,249,0.15,0.0,0.0,0.333,0.333,0.0,0.0,0.333,0.0,North,Organic Search,4,Everyday Beauty Shoppers
C02267,3,156.5,52.167,10,0.1,0.0,0.333,0.0,0.333,0.0,0.667,0.0,0.0,South,Referral,2,Deal & Festive Shoppers
C02268,4,522.25,130.562,35,0.212,0.0,0.5,0.5,0.0,0.0,0.0,0.25,0.25,West,Email,2,Deal & Festive Shoppers
C02269,5,643.7,128.74,233,0.05,0.0,0.0,0.2,0.2,0.0,0.0,0.2,0.4,West,Organic Search,0,Everyday Home & Kitchen Shoppers
C02270,1,48.22,48.22,42,0.3,0.0,1.0,1.0,0.0,0.0,0.0,0.0,0.0,South,Organic Search,2,Deal & Festive Shoppers
C02271,2,453.51,226.755,257,0.05,0.5,0.0,0.5,0.0,0.5,0.0,0.0,0.0,West,Paid Social,3,Big-Ticket Tech Buyers
C02272,1,158.49,158.49,507,0.0,0.0,0.0,0.0,0.0,0.0,0.0,0.0,1.0,West,Paid Social,1,Everyday Fashion Shoppers
C02273,2,606.13,303.065,350,0.225,0.0,0.0,0.0,0.0,0.0,0.5,0.0,0.5,West,Marketplace,1,Everyday Fashion Shoppers
C02274,5,425.55,85.11,46,0.2,0.0,1.0,0.0,0.2,0.0,0.4,0.4,0.0,West,Organic Search,2,Deal & Festive Shoppers
C02275,3,126.91,42.303,416,0.167,0.333,0.333,0.333,0.0,0.0,0.333,0.333,0.0,South,Organic Search,2,Deal & Festive Shoppers
C02276,1,53.71,53.71,421,0.2,0.0,1.0,1.0,0.0,0.0,0.0,0.0,0.0,East,Paid Social,4,Everyday Beauty Shoppers
C02277,2,965.61,482.805,347,0.1,0.0,0.0,0.0,0.0,0.5,0.0,0.0,0.5,East,Organic Search,3,Big-Ticket Tech Buyers
C02278,2,1414.89,707.445,658,0.05,0.5,0.0,0.0,0.0,0.5,0.5,0.0,0.0,East,Organic Search,3,Big-Ticket Tech Buyers
C02279,3,189.97,63.323,315,0.1,0.0,0.333,0.333,0.0,0.0,0.333,0.333,0.0,North,Paid Social,4,Everyday Beauty Shoppers
C02280,3,231.48,77.16,76,0.033,0.0,0.0,0.0,0.0,0.0,1.0,0.0,0.0,East,Paid Social,1,Everyday Fashion Shoppers
C02281,1,146.28,146.28,185,0.0,0.0,0.0,1.0,0.0,0.0,0.0,0.0,0.0,West,Organic Search,4,Everyday Beauty Shoppers
C02282,4,3847.99,961.998,370,0.15,0.0,0.75,0.0,0.0,1.0,0.0,0.0,0.0,South,Referral,3,Big-Ticket Tech Buyers
C02283,2,453.26,226.63,472,0.05,0.0,0.0,0.0,0.0,0.0,0.5,0.5,0.0,West,Paid Social,0,Everyday Home & Kitchen Shoppers
C02284,1,336.89,336.89,162,0.05,0.0,0.0,0.0,0.0,0.0,0.0,1.0,0.0,South,Organic Search,0,Everyday Home & Kitchen Shoppers
C02285,1,245.52,245.52,239,0.0,0.0,0.0,0.0,0.0,0.0,0.0,0.0,1.0,North,Marketplace,1,Everyday Fashion Shoppers
C02286,4,948.56,237.14,50,0.175,0.25,0.5,0.0,0.0,0.5,0.5,0.0,0.0,North,Organic Search,2,Deal & Festive Shoppers
C02287,1,15.75,15.75,91,0.15,0.0,0.0,1.0,0.0,0.0,0.0,0.0,0.0,East,Marketplace,4,Everyday Beauty Shoppers
C02288,2,606.59,303.295,122,0.025,0.0,0.0,0.5,0.0,0.5,0.0,0.0,0.0,East,Marketplace,3,Big-Ticket Tech Buyers
C02289,3,260.34,86.78,59,0.267,0.333,0.667,0.0,0.0,0.0,1.0,0.0,0.0,South,Paid Social,2,Deal & Festive Shoppers
C02290,1,71.11,71.11,428,0.3,0.0,0.0,0.0,0.0,0.0,0.0,0.0,1.0,East,Organic Search,1,Everyday Fashion Shoppers
C02291,1,70.55,70.55,443,0.0,0.0,0.0,0.0,0.0,0.0,0.0,0.0,1.0,South,Marketplace,1,Everyday Fashion Shoppers
C02292,2,255.3,127.65,469,0.15,0.0,0.0,0.0,0.0,0.0,0.5,0.5,0.0,South,Paid Social,0,Everyday Home & Kitchen Shoppers
C02293,4,472.11,118.028,202,0.075,0.0,0.0,0.0,0.25,0.0,0.5,0.0,0.25,West,Organic Search,1,Everyday Fashion Shoppers
C02294,5,650.95,130.19,121,0.07,0.0,0.0,0.4,0.0,0.2,0.2,0.2,0.0,East,Referral,4,Everyday Beauty Shoppers
C02295,1,133.22,133.22,228,0.0,0.0,0.0,0.0,0.0,1.0,0.0,0.0,0.0,East,Paid Social,3,Big-Ticket Tech Buyers
C02296,2,378.18,189.09,117,0.025,0.0,0.0,0.0,0.5,0.5,0.0,0.0,0.0,East,Marketplace,3,Big-Ticket Tech Buyers
C02297,2,264.89,132.445,330,0.15,0.0,0.0,0.0,0.0,0.0,0.0,1.0,0.0,West,Email,0,Everyday Home & Kitchen Shoppers
C02298,2,65.56,32.78,212,0.05,0.0,0.5,0.5,0.0,0.0,0.5,0.0,0.0,North,Marketplace,4,Everyday Beauty Shoppers
C02299,4,1385.08,346.27,304,0.15,0.0,0.25,0.0,0.5,0.25,0.0,0.25,0.0,North,Email,3,Big-Ticket Tech Buyers
C02300,5,1182.31,236.462,35,0.1,0.0,0.6,0.0,0.2,0.0,0.4,0.2,0.2,North,Referral,2,Deal & Festive Shoppers
C02301,2,371.13,185.565,307,0.1,0.5,0.0,0.0,0.0,0.5,0.5,0.0,0.0,East,Paid Social,3,Big-Ticket Tech Buyers
C02302,1,37.44,37.44,629,0.0,0.0,0.0,0.0,1.0,0.0,0.0,0.0,0.0,East,Marketplace,1,Everyday Fashion Shoppers
C02303,1,48.03,48.03,329,0.0,0.0,0.0,0.0,0.0,0.0,0.0,1.0,0.0,East,Marketplace,0,Everyday Home & Kitchen Shoppers
C02304,4,772.94,193.235,30,0.112,0.0,0.5,0.0,0.0,0.0,0.5,0.25,0.25,South,Marketplace,2,Deal & Festive Shoppers
C02305,3,326.66,108.887,49,0.133,0.0,0.667,0.333,0.0,0.0,0.0,0.0,0.667,North,Email,2,Deal & Festive Shoppers
C02306,2,67.3,33.65,565,0.0,0.0,0.0,1.0,0.0,0.0,0.0,0.0,0.0,East,Referral,4,Everyday Beauty Shoppers
C02307,4,615.94,153.985,312,0.175,0.0,0.5,0.0,0.0,0.0,0.25,0.0,0.75,West,Organic Search,2,Deal & Festive Shoppers
C02308,2,37.31,18.655,452,0.05,0.0,0.0,0.0,1.0,0.0,0.0,0.0,0.0,South,Marketplace,1,Everyday Fashion Shoppers
C02309,4,518.31,129.578,342,0.088,0.0,0.0,0.0,0.0,0.25,0.5,0.25,0.0,North,Organic Search,1,Everyday Fashion Shoppers
C02310,1,350.99,350.99,341,0.0,0.0,0.0,0.0,0.0,1.0,0.0,0.0,0.0,South,Organic Search,3,Big-Ticket Tech Buyers
C02311,1,79.25,79.25,528,0.3,0.0,0.0,0.0,0.0,0.0,0.0,1.0,0.0,South,Paid Social,0,Everyday Home & Kitchen Shoppers
C02312,3,571.78,190.593,505,0.0,0.0,0.0,0.667,0.0,0.0,0.0,0.0,0.333,North,Referral,4,Everyday Beauty Shoppers
C02313,3,486.12,162.04,328,0.217,0.0,0.667,0.0,0.0,0.0,0.333,0.0,0.667,South,Referral,2,Deal & Festive Shoppers
C02314,2,431.7,215.85,641,0.025,0.5,0.0,0.5,0.0,0.5,0.0,0.0,0.0,East,Organic Search,3,Big-Ticket Tech Buyers
C02315,2,104.94,52.47,362,0.025,0.0,0.0,0.5,0.0,0.0,0.5,0.0,0.0,South,Organic Search,4,Everyday Beauty Shoppers
C02316,2,562.32,281.16,521,0.075,0.0,0.0,0.5,0.0,0.0,0.0,0.0,0.5,South,Organic Search,4,Everyday Beauty Shoppers
C02317,3,247.0,82.333,316,0.05,0.0,0.0,0.333,0.333,0.0,0.0,0.0,0.333,North,Paid Social,4,Everyday Beauty Shoppers
C02318,4,409.39,102.348,151,0.1,0.75,0.5,0.0,0.0,0.25,0.25,0.5,0.0,West,Organic Search,2,Deal & Festive Shoppers
C02319,4,740.05,185.012,18,0.138,0.0,0.75,0.0,0.0,0.0,0.75,0.25,0.0,South,Email,2,Deal & Festive Shoppers
C02320,2,109.83,54.915,145,0.0,0.0,0.0,0.0,0.0,0.0,0.5,0.5,0.0,South,Organic Search,0,Everyday Home & Kitchen Shoppers
C02321,2,59.89,29.945,183,0.075,0.0,0.0,0.5,0.0,0.0,0.0,0.0,0.5,North,Paid Social,4,Everyday Beauty Shoppers
C02322,2,227.22,113.61,657,0.075,0.0,0.0,0.0,0.0,0.0,0.5,0.0,0.5,East,Paid Social,1,Everyday Fashion Shoppers
C02323,2,401.0,200.5,265,0.1,0.0,0.0,0.5,0.0,0.5,0.0,0.0,0.0,West,Paid Social,3,Big-Ticket Tech Buyers
C02324,3,505.34,168.447,40,0.167,0.667,0.667,0.0,0.0,0.0,0.0,0.667,0.333,North,Marketplace,2,Deal & Festive Shoppers
C02325,1,104.22,104.22,199,0.0,0.0,0.0,0.0,0.0,0.0,0.0,1.0,0.0,North,Organic Search,0,Everyday Home & Kitchen Shoppers
C02326,1,154.55,154.55,148,0.0,1.0,0.0,0.0,0.0,0.0,0.0,1.0,0.0,North,Paid Social,0,Everyday Home & Kitchen Shoppers
C02327,3,347.92,115.973,403,0.2,0.0,0.667,0.0,0.333,0.0,0.0,0.667,0.0,East,Email,2,Deal & Festive Shoppers
C02328,5,1137.28,227.456,366,0.09,0.4,0.6,0.4,0.0,0.2,0.2,0.2,0.0,West,Organic Search,2,Deal & Festive Shoppers
C02329,3,526.89,175.63,591,0.1,0.0,0.0,0.0,0.0,0.333,0.0,0.0,0.667,South,Marketplace,3,Big-Ticket Tech Buyers
C02330,1,306.66,306.66,626,0.0,0.0,0.0,0.0,0.0,0.0,0.0,1.0,0.0,South,Marketplace,0,Everyday Home & Kitchen Shoppers
C02331,2,296.92,148.46,651,0.05,0.0,0.0,0.5,0.0,0.5,0.0,0.0,0.0,East,Referral,3,Big-Ticket Tech Buyers
C02332,1,134.65,134.65,129,0.2,1.0,0.0,0.0,0.0,0.0,0.0,1.0,0.0,East,Marketplace,0,Everyday Home & Kitchen Shoppers
C02333,1,121.65,121.65,532,0.0,0.0,0.0,0.0,0.0,0.0,0.0,1.0,0.0,North,Paid Social,0,Everyday Home & Kitchen Shoppers
C02334,1,198.0,198.0,147,0.0,0.0,0.0,0.0,0.0,0.0,0.0,0.0,1.0,North,Paid Social,1,Everyday Fashion Shoppers
C02335,1,109.99,109.99,344,0.3,0.0,0.0,0.0,0.0,0.0,0.0,1.0,0.0,South,Organic Search,0,Everyday Home & Kitchen Shoppers
C02336,3,897.47,299.157,272,0.067,0.0,0.0,0.0,0.0,0.0,0.333,0.333,0.333,East,Organic Search,0,Everyday Home & Kitchen Shoppers
C02337,2,223.92,111.96,215,0.15,0.0,0.5,0.0,0.0,0.0,0.5,0.0,0.5,East,Organic Search,2,Deal & Festive Shoppers
C02338,1,80.88,80.88,153,0.0,0.0,0.0,1.0,0.0,0.0,0.0,0.0,0.0,East,Paid Social,4,Everyday Beauty Shoppers
C02339,3,309.64,103.213,214,0.2,0.0,0.333,0.0,0.333,0.333,0.0,0.0,0.333,West,Paid Social,2,Deal & Festive Shoppers
C02340,4,902.94,225.735,231,0.062,0.0,0.0,0.0,0.0,0.25,0.25,0.0,0.5,North,Organic Search,3,Big-Ticket Tech Buyers
C02341,7,1273.08,181.869,67,0.007,0.143,0.0,0.0,0.143,0.0,0.429,0.286,0.143,South,Referral,0,Everyday Home & Kitchen Shoppers
C02342,4,558.52,139.63,267,0.2,0.0,0.5,0.0,0.25,0.5,0.25,0.0,0.0,North,Organic Search,2,Deal & Festive Shoppers
C02343,2,341.58,170.79,289,0.3,0.5,0.0,0.0,0.0,0.5,0.0,0.5,0.0,West,Paid Social,3,Big-Ticket Tech Buyers
C02344,1,210.83,210.83,212,0.1,0.0,0.0,0.0,0.0,0.0,1.0,0.0,0.0,East,Organic Search,1,Everyday Fashion Shoppers
C02345,3,233.79,77.93,283,0.067,0.0,0.0,0.333,0.0,0.0,0.667,0.0,0.0,South,Email,1,Everyday Fashion Shoppers
C02346,2,78.71,39.355,491,0.1,0.5,0.0,0.0,0.0,0.0,0.5,0.5,0.0,North,Paid Social,0,Everyday Home & Kitchen Shoppers
C02347,5,968.2,193.64,316,0.08,0.0,0.2,0.0,0.0,0.0,0.4,0.4,0.2,East,Email,0,Everyday Home & Kitchen Shoppers
C02348,2,1284.48,642.24,136,0.15,0.0,0.0,0.0,0.0,0.5,0.5,0.0,0.0,East,Organic Search,3,Big-Ticket Tech Buyers
C02349,1,62.09,62.09,573,0.0,0.0,0.0,0.0,0.0,0.0,1.0,0.0,0.0,East,Paid Social,1,Everyday Fashion Shoppers
C02350,3,274.32,91.44,114,0.133,0.0,0.333,0.333,0.0,0.0,0.0,0.333,0.333,North,Marketplace,2,Deal & Festive Shoppers
C02351,2,686.95,343.475,243,0.025,0.0,0.0,0.0,0.0,0.5,0.5,0.0,0.0,West,Organic Search,3,Big-Ticket Tech Buyers
C02352,1,179.72,179.72,189,0.0,0.0,0.0,0.0,0.0,0.0,0.0,1.0,0.0,East,Paid Social,0,Everyday Home & Kitchen Shoppers
C02353,2,364.14,182.07,118,0.175,0.0,0.0,0.5,0.0,0.5,0.0,0.0,0.0,East,Organic Search,3,Big-Ticket Tech Buyers
C02354,3,442.84,147.613,28,0.233,0.0,1.0,0.0,0.0,0.333,0.0,0.667,0.0,East,Organic Search,2,Deal & Festive Shoppers
C02355,1,130.62,130.62,497,0.0,0.0,0.0,0.0,0.0,0.0,1.0,0.0,0.0,West,Paid Social,1,Everyday Fashion Shoppers
C02356,3,340.09,113.363,321,0.05,0.0,0.0,0.0,0.0,0.0,0.333,0.333,0.333,West,Organic Search,0,Everyday Home & Kitchen Shoppers
C02357,3,819.57,273.19,410,0.2,0.667,0.667,0.0,0.333,0.667,0.0,0.0,0.0,East,Paid Social,3,Big-Ticket Tech Buyers
C02358,2,313.19,156.595,380,0.15,0.0,0.5,0.0,0.0,0.5,0.5,0.0,0.0,South,Marketplace,3,Big-Ticket Tech Buyers
C02359,1,73.38,73.38,286,0.0,0.0,0.0,0.0,0.0,0.0,1.0,0.0,0.0,South,Organic Search,1,Everyday Fashion Shoppers
C02360,4,291.66,72.915,101,0.012,0.0,0.0,0.25,0.25,0.0,0.25,0.25,0.0,West,Organic Search,0,Everyday Home & Kitchen Shoppers
C02361,1,52.2,52.2,273,0.0,0.0,0.0,0.0,0.0,0.0,0.0,1.0,0.0,East,Marketplace,0,Everyday Home & Kitchen Shoppers
C02362,1,38.04,38.04,191,0.0,0.0,0.0,0.0,1.0,0.0,0.0,0.0,0.0,North,Paid Social,1,Everyday Fashion Shoppers
C02363,1,772.36,772.36,55,0.15,0.0,1.0,0.0,0.0,1.0,0.0,0.0,0.0,North,Marketplace,3,Big-Ticket Tech Buyers
C02364,1,243.5,243.5,639,0.0,0.0,0.0,0.0,0.0,0.0,1.0,0.0,0.0,West,Paid Social,1,Everyday Fashion Shoppers
C02365,3,878.21,292.737,55,0.05,0.0,0.333,0.0,0.0,0.333,0.0,0.667,0.0,West,Referral,0,Everyday Home & Kitchen Shoppers
C02366,2,369.03,184.515,136,0.1,0.0,0.0,0.0,0.5,0.5,0.0,0.0,0.0,West,Marketplace,3,Big-Ticket Tech Buyers
C02367,1,235.74,235.74,480,0.0,0.0,0.0,0.0,0.0,0.0,1.0,0.0,0.0,South,Organic Search,1,Everyday Fashion Shoppers
C02368,3,467.07,155.69,517,0.067,0.0,0.0,0.0,0.0,0.0,0.0,1.0,0.0,East,Email,0,Everyday Home & Kitchen Shoppers
C02369,8,2026.59,253.324,350,0.137,0.25,0.5,0.25,0.0,0.5,0.0,0.125,0.125,West,Referral,3,Big-Ticket Tech Buyers
C02370,3,630.49,210.163,470,0.05,0.333,0.0,0.0,0.0,0.333,0.333,0.333,0.0,South,Email,3,Big-Ticket Tech Buyers
C02371,2,884.32,442.16,644,0.15,0.5,0.0,0.0,0.0,0.5,0.0,0.5,0.0,North,Organic Search,3,Big-Ticket Tech Buyers
C02372,1,72.88,72.88,155,0.15,0.0,0.0,1.0,0.0,0.0,0.0,0.0,0.0,West,Paid Social,4,Everyday Beauty Shoppers
C02373,4,303.77,75.942,384,0.112,0.0,0.5,0.25,0.75,0.0,0.0,0.0,0.0,North,Organic Search,2,Deal & Festive Shoppers
C02374,4,1003.16,250.79,356,0.05,0.0,0.5,0.0,0.25,0.0,0.75,0.0,0.0,East,Marketplace,1,Everyday Fashion Shoppers
C02375,1,22.52,22.52,233,0.0,0.0,0.0,0.0,1.0,0.0,0.0,0.0,0.0,East,Organic Search,1,Everyday Fashion Shoppers
C02376,1,156.43,156.43,25,0.15,0.0,1.0,0.0,0.0,0.0,1.0,0.0,0.0,East,Organic Search,2,Deal & Festive Shoppers
C02377,2,101.08,50.54,3,0.1,0.0,0.5,1.0,0.0,0.0,0.0,0.0,0.0,North,Marketplace,4,Everyday Beauty Shoppers
C02378,1,36.61,36.61,625,0.0,0.0,0.0,0.0,1.0,0.0,0.0,0.0,0.0,East,Paid Social,1,Everyday Fashion Shoppers
C02379,1,102.4,102.4,21,0.2,0.0,1.0,1.0,0.0,0.0,0.0,0.0,0.0,North,Referral,2,Deal & Festive Shoppers
C02380,1,33.88,33.88,260,0.0,0.0,0.0,0.0,0.0,0.0,1.0,0.0,0.0,West,Organic Search,1,Everyday Fashion Shoppers
C02381,4,640.67,160.168,346,0.012,0.0,0.0,0.0,0.25,0.0,0.0,0.5,0.25,North,Referral,0,Everyday Home & Kitchen Shoppers
C02382,2,269.29,134.645,361,0.075,0.5,0.5,0.0,0.0,0.0,0.0,0.5,0.5,East,Organic Search,0,Everyday Home & Kitchen Shoppers
C02383,1,745.76,745.76,73,0.0,1.0,0.0,0.0,0.0,1.0,0.0,0.0,0.0,East,Paid Social,3,Big-Ticket Tech Buyers
C02384,1,156.72,156.72,443,0.1,0.0,0.0,0.0,0.0,0.0,0.0,1.0,0.0,North,Paid Social,0,Everyday Home & Kitchen Shoppers
C02385,3,369.88,123.293,388,0.2,0.0,0.667,0.667,0.0,0.0,0.0,0.333,0.0,North,Paid Social,4,Everyday Beauty Shoppers
C02386,2,1513.23,756.615,88,0.0,0.0,0.0,0.0,0.0,0.5,0.0,0.0,0.5,East,Organic Search,3,Big-Ticket Tech Buyers
C02387,3,236.34,78.78,2,0.233,0.333,1.0,0.0,0.667,0.0,0.333,0.0,0.0,North,Organic Search,2,Deal & Festive Shoppers
C02388,4,167.32,41.83,30,0.2,0.0,1.0,0.0,0.5,0.0,0.5,0.0,0.0,North,Email,2,Deal & Festive Shoppers
C02389,2,190.44,95.22,44,0.3,0.0,1.0,0.0,0.0,0.0,0.0,1.0,0.0,South,Organic Search,2,Deal & Festive Shoppers
C02390,2,163.92,81.96,68,0.0,0.0,0.0,0.5,0.0,0.0,0.0,0.5,0.0,West,Organic Search,4,Everyday Beauty Shoppers
C02391,3,913.24,304.413,353,0.2,0.333,0.667,0.0,0.0,0.333,0.667,0.0,0.0,East,Paid Social,2,Deal & Festive Shoppers
C02392,1,197.91,197.91,592,0.15,0.0,0.0,0.0,0.0,1.0,0.0,0.0,0.0,South,Paid Social,3,Big-Ticket Tech Buyers
C02393,2,121.48,60.74,235,0.1,0.0,0.0,0.0,0.5,0.0,0.5,0.0,0.0,West,Email,1,Everyday Fashion Shoppers
C02394,2,41.81,20.905,311,0.025,0.0,0.0,0.0,0.5,0.0,0.0,0.5,0.0,South,Paid Social,0,Everyday Home & Kitchen Shoppers
C02395,3,421.17,140.39,298,0.133,0.0,0.667,0.0,0.0,0.0,0.667,0.333,0.0,South,Marketplace,2,Deal & Festive Shoppers
C02396,1,15.45,15.45,258,0.0,0.0,0.0,0.0,1.0,0.0,0.0,0.0,0.0,South,Email,1,Everyday Fashion Shoppers
C02397,1,43.1,43.1,54,0.15,0.0,1.0,0.0,0.0,0.0,1.0,0.0,0.0,South,Marketplace,2,Deal & Festive Shoppers
C02398,3,544.67,181.557,450,0.067,0.333,0.0,0.0,0.0,0.333,0.0,0.333,0.333,South,Email,3,Big-Ticket Tech Buyers
C02399,2,901.53,450.765,432,0.0,0.5,0.0,0.0,0.0,0.5,0.0,0.0,0.5,East,Organic Search,3,Big-Ticket Tech Buyers
C02400,2,340.71,170.355,212,0.0,0.0,0.0,0.0,0.0,0.0,0.5,0.5,0.0,North,Marketplace,0,Everyday Home & Kitchen Shoppers
C02401,5,748.84,149.768,497,0.07,0.0,0.0,0.0,0.0,0.2,0.2,0.4,0.2,East,Email,0,Everyday Home & Kitchen Shoppers
C02402,3,396.76,132.253,119,0.1,0.0,0.0,0.333,0.0,0.0,0.0,0.333,0.333,North,Referral,0,Everyday Home & Kitchen Shoppers
C02403,4,285.26,71.315,32,0.188,0.0,0.5,0.5,0.0,0.0,0.0,0.5,0.0,South,Organic Search,2,Deal & Festive Shoppers
C02404,1,179.79,179.79,344,0.15,0.0,0.0,0.0,0.0,0.0,0.0,1.0,0.0,North,Organic Search,0,Everyday Home & Kitchen Shoppers
C02405,5,609.98,121.996,278,0.19,0.2,0.6,0.0,0.2,0.2,0.0,0.4,0.2,East,Referral,2,Deal & Festive Shoppers
C02406,1,48.42,48.42,147,0.0,0.0,0.0,1.0,0.0,0.0,0.0,0.0,0.0,East,Paid Social,4,Everyday Beauty Shoppers
C02407,2,246.56,123.28,407,0.05,0.0,0.5,0.5,0.0,0.0,0.0,0.0,0.5,South,Email,4,Everyday Beauty Shoppers
C02408,2,668.65,334.325,128,0.0,0.0,0.0,0.5,0.0,0.5,0.0,0.0,0.0,North,Paid Social,3,Big-Ticket Tech Buyers
C02409,3,45.43,15.143,96,0.2,0.0,0.667,0.667,0.333,0.0,0.0,0.0,0.0,North,Paid Social,4,Everyday Beauty Shoppers
C02410,3,188.78,62.927,602,0.15,0.0,0.0,1.0,0.0,0.0,0.0,0.0,0.0,West,Organic Search,4,Everyday Beauty Shoppers
C02411,3,434.98,144.993,184,0.033,0.0,0.0,0.333,0.333,0.0,0.333,0.0,0.0,North,Organic Search,1,Everyday Fashion Shoppers
C02412,7,1120.39,160.056,395,0.15,0.0,0.429,0.143,0.0,0.143,0.143,0.143,0.429,East,Organic Search,2,Deal & Festive Shoppers
C02413,1,445.05,445.05,69,0.0,0.0,0.0,0.0,0.0,1.0,0.0,0.0,0.0,South,Email,3,Big-Ticket Tech Buyers
C02414,5,1155.84,231.168,72,0.14,0.4,0.0,0.0,0.0,0.2,0.6,0.0,0.2,North,Referral,2,Deal & Festive Shoppers
C02415,2,326.25,163.125,314,0.1,0.0,0.0,0.0,0.0,0.5,0.5,0.0,0.0,East,Marketplace,3,Big-Ticket Tech Buyers
C02416,3,1179.99,393.33,85,0.217,0.0,0.333,0.0,0.333,0.333,0.0,0.333,0.0,South,Email,2,Deal & Festive Shoppers
C02417,4,562.33,140.582,162,0.05,0.0,0.0,0.25,0.0,0.0,0.0,0.5,0.25,North,Email,0,Everyday Home & Kitchen Shoppers
C02418,3,218.01,72.67,415,0.1,0.0,0.667,0.0,0.0,0.0,0.333,0.667,0.0,West,Paid Social,0,Everyday Home & Kitchen Shoppers
C02419,3,250.74,83.58,299,0.083,0.0,0.0,0.0,0.333,0.0,0.333,0.333,0.0,North,Email,0,Everyday Home & Kitchen Shoppers
C02420,2,168.01,84.005,318,0.075,0.0,0.0,0.5,0.0,0.0,0.0,0.5,0.0,South,Marketplace,4,Everyday Beauty Shoppers
C02421,4,380.04,95.01,267,0.2,0.0,0.0,0.5,0.0,0.0,0.25,0.0,0.25,South,Email,4,Everyday Beauty Shoppers
C02422,3,495.62,165.207,109,0.1,0.0,0.0,0.0,0.0,0.333,0.333,0.333,0.0,South,Organic Search,3,Big-Ticket Tech Buyers
C02423,2,199.29,99.645,614,0.075,0.0,0.0,0.0,0.0,0.0,0.0,1.0,0.0,East,Referral,0,Everyday Home & Kitchen Shoppers
C02424,3,417.65,139.217,40,0.067,0.0,0.667,0.0,0.0,0.0,0.667,0.333,0.0,North,Organic Search,2,Deal & Festive Shoppers
C02425,3,478.65,159.55,201,0.217,0.0,0.333,0.0,0.0,0.0,0.667,0.333,0.0,West,Organic Search,2,Deal & Festive Shoppers
C02426,3,261.34,87.113,42,0.067,0.0,0.667,0.0,0.0,0.0,0.0,0.667,0.333,East,Email,2,Deal & Festive Shoppers
C02427,2,262.47,131.235,581,0.05,0.5,0.0,0.0,0.0,0.5,0.5,0.0,0.0,West,Marketplace,3,Big-Ticket Tech Buyers
C02428,4,1022.13,255.532,110,0.05,0.25,0.0,0.25,0.0,0.25,0.5,0.0,0.0,West,Organic Search,3,Big-Ticket Tech Buyers
C02429,3,1171.99,390.663,127,0.017,0.0,0.0,0.333,0.333,0.333,0.0,0.0,0.0,West,Organic Search,3,Big-Ticket Tech Buyers
C02430,2,166.95,83.475,171,0.05,0.0,0.0,0.5,0.0,0.0,0.5,0.0,0.0,East,Marketplace,4,Everyday Beauty Shoppers
C02431,2,233.63,116.815,510,0.175,0.0,0.0,0.0,0.0,0.0,0.5,0.5,0.0,South,Organic Search,0,Everyday Home & Kitchen Shoppers
C02432,3,363.3,121.1,149,0.117,0.0,0.0,0.667,0.0,0.0,0.0,0.333,0.0,South,Organic Search,4,Everyday Beauty Shoppers
C02433,4,525.31,131.328,352,0.1,0.25,0.0,0.0,0.0,0.0,0.75,0.25,0.0,East,Email,1,Everyday Fashion Shoppers
C02434,1,62.28,62.28,496,0.1,0.0,0.0,0.0,0.0,0.0,1.0,0.0,0.0,South,Marketplace,1,Everyday Fashion Shoppers
C02435,2,424.62,212.31,399,0.3,0.0,1.0,0.0,0.0,0.0,1.0,0.0,0.0,East,Paid Social,2,Deal & Festive Shoppers
C02436,1,354.65,354.65,328,0.15,0.0,0.0,0.0,0.0,1.0,0.0,0.0,0.0,North,Paid Social,3,Big-Ticket Tech Buyers
C02437,2,160.44,80.22,117,0.075,0.0,0.0,0.5,0.0,0.0,0.0,0.0,0.5,West,Paid Social,4,Everyday Beauty Shoppers
C02438,2,263.0,131.5,219,0.0,0.0,0.0,0.0,0.0,0.0,0.5,0.5,0.0,North,Organic Search,0,Everyday Home & Kitchen Shoppers
C02439,1,307.23,307.23,126,0.0,0.0,0.0,0.0,0.0,1.0,0.0,0.0,0.0,West,Email,3,Big-Ticket Tech Buyers
C02440,2,396.99,198.495,652,0.0,0.0,0.0,0.0,0.0,0.5,0.0,0.5,0.0,North,Marketplace,3,Big-Ticket Tech Buyers
C02441,2,142.22,71.11,458,0.075,0.0,0.0,0.0,0.0,0.0,0.5,0.5,0.0,North,Paid Social,0,Everyday Home & Kitchen Shoppers
C02442,2,298.95,149.475,621,0.075,0.0,0.0,0.5,0.0,0.0,0.5,0.0,0.0,West,Organic Search,4,Everyday Beauty Shoppers
C02443,6,1485.07,247.512,414,0.1,0.0,0.333,0.167,0.0,0.167,0.167,0.0,0.5,West,Organic Search,3,Big-Ticket Tech Buyers
C02444,4,855.53,213.882,163,0.05,0.0,0.0,0.25,0.0,0.25,0.0,0.0,0.5,East,Organic Search,3,Big-Ticket Tech Buyers
C02445,3,535.31,178.437,254,0.033,0.333,0.0,0.333,0.0,0.333,0.0,0.0,0.333,West,Organic Search,3,Big-Ticket Tech Buyers
C02446,2,161.7,80.85,34,0.2,0.0,0.5,0.0,0.0,0.0,0.0,0.5,0.5,North,Organic Search,2,Deal & Festive Shoppers
C02447,4,1863.67,465.918,35,0.15,0.0,0.5,0.0,0.0,0.25,0.5,0.25,0.0,West,Email,2,Deal & Festive Shoppers
C02448,1,111.11,111.11,274,0.1,1.0,0.0,1.0,0.0,0.0,0.0,0.0,0.0,South,Organic Search,4,Everyday Beauty Shoppers
C02449,2,428.93,214.465,105,0.05,0.0,0.0,0.5,0.0,0.5,0.0,0.0,0.0,East,Email,3,Big-Ticket Tech Buyers
C02450,1,339.5,339.5,602,0.0,0.0,0.0,0.0,0.0,0.0,0.0,1.0,0.0,South,Paid Social,0,Everyday Home & Kitchen Shoppers
C02451,1,609.26,609.26,139,0.15,0.0,0.0,0.0,0.0,1.0,0.0,0.0,0.0,North,Marketplace,3,Big-Ticket Tech Buyers
C02452,2,277.28,138.64,79,0.175,0.0,0.0,0.0,0.5,0.0,0.0,0.0,0.5,East,Marketplace,1,Everyday Fashion Shoppers
C02453,1,117.5,117.5,662,0.1,1.0,0.0,0.0,0.0,0.0,1.0,0.0,0.0,East,Paid Social,1,Everyday Fashion Shoppers
C02454,4,548.37,137.092,94,0.062,0.0,0.25,0.0,0.25,0.25,0.25,0.25,0.0,North,Organic Search,2,Deal & Festive Shoppers
C02455,2,220.83,110.415,126,0.075,0.0,0.0,0.5,0.0,0.0,0.5,0.0,0.0,West,Email,4,Everyday Beauty Shoppers
C02456,5,1008.35,201.67,92,0.13,0.0,0.4,0.2,0.0,0.2,0.4,0.2,0.0,East,Organic Search,2,Deal & Festive Shoppers
C02457,2,584.9,292.45,132,0.0,0.0,0.0,0.0,0.0,0.5,0.5,0.0,0.0,North,Organic Search,3,Big-Ticket Tech Buyers
C02458,1,35.89,35.89,73,0.0,0.0,0.0,0.0,1.0,0.0,0.0,0.0,0.0,East,Organic Search,1,Everyday Fashion Shoppers
C02459,3,238.27,79.423,67,0.133,0.0,0.667,0.0,0.0,0.0,0.667,0.333,0.0,North,Marketplace,2,Deal & Festive Shoppers
C02460,2,100.19,50.095,643,0.125,0.0,0.0,0.5,0.5,0.0,0.0,0.0,0.0,North,Organic Search,4,Everyday Beauty Shoppers
C02461,2,320.61,160.305,73,0.0,0.0,0.0,0.5,0.0,0.0,0.5,0.0,0.0,East,Paid Social,4,Everyday Beauty Shoppers
C02462,3,129.67,43.223,270,0.0,0.0,0.0,0.0,0.667,0.0,0.0,0.333,0.0,North,Paid Social,0,Everyday Home & Kitchen Shoppers
C02463,5,382.91,76.582,163,0.16,0.0,0.4,0.6,0.0,0.0,0.0,0.4,0.0,North,Referral,2,Deal & Festive Shoppers
C02464,2,371.62,185.81,275,0.15,0.0,0.0,0.0,0.0,0.0,0.5,0.5,0.0,East,Organic Search,0,Everyday Home & Kitchen Shoppers
C02465,2,36.5,18.25,389,0.3,0.0,1.0,1.0,0.0,0.0,0.0,0.0,0.0,North,Marketplace,4,Everyday Beauty Shoppers
C02466,2,583.98,291.99,499,0.1,0.0,0.0,0.0,0.0,0.0,0.5,0.5,0.0,West,Email,0,Everyday Home & Kitchen Shoppers
C02467,2,233.05,116.525,191,0.0,0.0,0.0,0.5,0.0,0.0,0.5,0.0,0.0,East,Paid Social,4,Everyday Beauty Shoppers
C02468,1,30.02,30.02,246,0.0,0.0,0.0,0.0,1.0,0.0,0.0,0.0,0.0,North,Paid Social,1,Everyday Fashion Shoppers
C02469,6,1035.26,172.543,143,0.117,0.0,0.167,0.333,0.0,0.0,0.167,0.167,0.333,East,Email,2,Deal & Festive Shoppers
C02470,3,828.6,276.2,504,0.083,0.0,0.0,0.333,0.0,0.0,0.333,0.0,0.333,North,Email,1,Everyday Fashion Shoppers
C02471,1,93.92,93.92,93,0.2,0.0,0.0,0.0,0.0,0.0,1.0,0.0,0.0,East,Paid Social,1,Everyday Fashion Shoppers
C02472,2,321.5,160.75,630,0.025,0.0,0.0,0.0,0.0,0.0,1.0,0.0,0.0,North,Paid Social,1,Everyday Fashion Shoppers
C02473,4,422.85,105.712,302,0.175,0.75,0.5,0.0,0.0,0.0,0.5,0.5,0.0,West,Organic Search,2,Deal & Festive Shoppers
C02474,4,1045.61,261.402,478,0.062,0.25,0.0,0.0,0.0,0.25,0.25,0.25,0.25,North,Organic Search,3,Big-Ticket Tech Buyers
C02475,4,1006.89,251.722,506,0.038,0.0,0.0,0.0,0.0,0.25,0.25,0.25,0.25,East,Organic Search,3,Big-Ticket Tech Buyers
C02476,3,341.24,113.747,220,0.117,0.0,0.0,0.0,0.333,0.0,0.0,0.667,0.0,North,Organic Search,0,Everyday Home & Kitchen Shoppers
C02477,1,106.48,106.48,358,0.0,0.0,0.0,0.0,0.0,0.0,1.0,0.0,0.0,North,Organic Search,1,Everyday Fashion Shoppers
C02478,2,899.74,449.87,446,0.0,0.0,0.0,0.0,0.5,0.5,0.0,0.0,0.0,South,Marketplace,3,Big-Ticket Tech Buyers
C02479,1,41.54,41.54,674,0.0,0.0,0.0,0.0,0.0,0.0,0.0,1.0,0.0,East,Email,0,Everyday Home & Kitchen Shoppers
C02480,2,534.3,267.15,466,0.1,0.0,0.0,0.5,0.0,0.5,0.0,0.0,0.0,West,Marketplace,3,Big-Ticket Tech Buyers
C02481,2,198.16,99.08,242,0.125,0.5,0.0,0.5,0.0,0.0,0.5,0.0,0.0,North,Referral,4,Everyday Beauty Shoppers
C02482,2,332.59,166.295,74,0.05,0.0,0.0,0.5,0.0,0.5,0.0,0.0,0.0,North,Referral,3,Big-Ticket Tech Buyers
C02483,3,347.45,115.817,225,0.033,0.333,0.0,0.0,0.0,0.0,0.0,0.667,0.333,South,Organic Search,0,Everyday Home & Kitchen Shoppers
C02484,2,229.78,114.89,440,0.075,0.0,0.0,0.5,0.0,0.0,0.0,0.5,0.0,South,Email,0,Everyday Home & Kitchen Shoppers
C02485,1,73.28,73.28,483,0.0,0.0,0.0,1.0,0.0,0.0,0.0,0.0,0.0,West,Organic Search,4,Everyday Beauty Shoppers
C02486,1,237.96,237.96,471,0.0,0.0,0.0,0.0,0.0,0.0,1.0,0.0,0.0,West,Paid Social,1,Everyday Fashion Shoppers
C02487,2,106.76,53.38,526,0.075,0.0,0.0,0.5,0.5,0.0,0.0,0.0,0.0,West,Marketplace,4,Everyday Beauty Shoppers
C02488,2,309.53,154.765,629,0.1,0.5,0.0,0.0,0.0,0.5,0.0,0.5,0.0,North,Marketplace,3,Big-Ticket Tech Buyers
C02489,3,297.54,99.18,275,0.067,0.0,0.0,0.0,0.333,0.0,0.333,0.333,0.0,South,Organic Search,0,Everyday Home & Kitchen Shoppers
C02490,4,535.09,133.772,191,0.05,0.0,0.0,0.0,0.0,0.0,0.5,0.25,0.25,East,Email,1,Everyday Fashion Shoppers
C02491,4,442.3,110.575,70,0.038,0.0,0.0,0.25,0.0,0.0,0.5,0.25,0.0,South,Organic Search,1,Everyday Fashion Shoppers
C02492,4,493.89,123.472,196,0.088,0.0,0.0,0.25,0.0,0.0,0.25,0.5,0.0,East,Organic Search,0,Everyday Home & Kitchen Shoppers
C02493,1,310.08,310.08,81,0.05,0.0,0.0,0.0,0.0,1.0,0.0,0.0,0.0,North,Organic Search,3,Big-Ticket Tech Buyers
C02494,2,160.87,80.435,201,0.0,0.0,0.0,0.0,0.5,0.0,0.0,0.0,0.5,South,Organic Search,1,Everyday Fashion Shoppers
C02495,1,57.38,57.38,423,0.15,0.0,1.0,1.0,0.0,0.0,0.0,0.0,0.0,West,Email,4,Everyday Beauty Shoppers
C02496,1,579.33,579.33,586,0.1,1.0,0.0,0.0,0.0,1.0,0.0,0.0,0.0,North,Paid Social,3,Big-Ticket Tech Buyers
C02497,1,63.69,63.69,159,0.2,0.0,0.0,0.0,0.0,0.0,1.0,0.0,0.0,West,Organic Search,1,Everyday Fashion Shoppers
C02498,1,67.16,67.16,102,0.15,0.0,0.0,0.0,0.0,0.0,1.0,0.0,0.0,South,Marketplace,1,Everyday Fashion Shoppers
C02499,1,34.83,34.83,698,0.1,0.0,0.0,1.0,0.0,0.0,0.0,0.0,0.0,North,Paid Social,4,Everyday Beauty Shoppers
C02500,3,273.04,91.013,59,0.2,0.0,0.667,0.0,0.0,0.0,1.0,0.0,0.0,North,Paid Social,2,Deal & Festive Shoppers
C02501,3,266.13,88.71,79,0.083,0.333,0.0,0.333,0.0,0.0,0.333,0.333,0.0,North,Paid Social,0,Everyday Home & Kitchen Shoppers
C02502,3,342.12,114.04,444,0.05,0.0,0.0,0.333,0.0,0.333,0.0,0.333,0.0,East,Paid Social,0,Everyday Home & Kitchen Shoppers
C02503,4,1885.92,471.48,34,0.1,0.5,0.5,0.0,0.25,0.75,0.0,0.0,0.0,North,Paid Social,3,Big-Ticket Tech Buyers
C02504,7,2341.86,334.551,320,0.071,0.0,0.286,0.143,0.0,0.286,0.143,0.143,0.286,East,Referral,3,Big-Ticket Tech Buyers
C02505,3,252.61,84.203,501,0.083,0.0,0.0,0.0,0.0,0.0,1.0,0.0,0.0,West,Marketplace,1,Everyday Fashion Shoppers
C02506,1,188.18,188.18,635,0.1,0.0,0.0,0.0,0.0,1.0,0.0,0.0,0.0,South,Paid Social,3,Big-Ticket Tech Buyers
C02507,2,623.12,311.56,410,0.1,0.0,1.0,0.0,0.0,1.0,0.0,0.0,0.0,North,Paid Social,3,Big-Ticket Tech Buyers
C02508,3,1835.07,611.69,33,0.133,0.0,0.667,0.0,0.0,1.0,0.0,0.0,0.0,South,Organic Search,3,Big-Ticket Tech Buyers
C02509,1,97.51,97.51,446,0.2,0.0,0.0,0.0,0.0,0.0,1.0,0.0,0.0,East,Marketplace,1,Everyday Fashion Shoppers
C02510,2,305.6,152.8,365,0.075,0.0,0.0,0.5,0.0,0.0,0.0,0.5,0.0,East,Paid Social,0,Everyday Home & Kitchen Shoppers
C02511,2,106.91,53.455,516,0.025,0.0,0.0,0.5,0.0,0.0,0.0,0.5,0.0,North,Organic Search,4,Everyday Beauty Shoppers
C02512,1,106.18,106.18,125,0.0,0.0,0.0,1.0,0.0,0.0,0.0,0.0,0.0,East,Marketplace,4,Everyday Beauty Shoppers
C02513,2,247.86,123.93,48,0.15,0.0,1.0,0.0,0.0,0.0,0.0,1.0,0.0,South,Referral,2,Deal & Festive Shoppers
C02514,2,488.06,244.03,93,0.025,0.0,0.0,0.0,0.0,0.5,0.5,0.0,0.0,South,Organic Search,3,Big-Ticket Tech Buyers
C02515,1,99.45,99.45,658,0.0,0.0,0.0,0.0,0.0,0.0,1.0,0.0,0.0,North,Organic Search,1,Everyday Fashion Shoppers
C02516,2,472.98,236.49,73,0.15,0.0,0.0,0.0,0.0,0.0,0.5,0.5,0.0,West,Paid Social,0,Everyday Home & Kitchen Shoppers
C02517,2,222.42,111.21,158,0.025,0.5,0.0,0.5,0.0,0.0,0.0,0.0,0.5,North,Marketplace,4,Everyday Beauty Shoppers
C02518,2,430.96,215.48,142,0.05,0.0,0.0,0.0,0.0,0.0,0.5,0.5,0.0,North,Paid Social,0,Everyday Home & Kitchen Shoppers
C02519,5,405.05,81.01,415,0.16,0.0,0.4,0.2,0.0,0.0,0.4,0.4,0.0,North,Organic Search,2,Deal & Festive Shoppers
C02520,1,64.6,64.6,18,0.3,0.0,1.0,0.0,0.0,0.0,1.0,0.0,0.0,East,Referral,2,Deal & Festive Shoppers
C02521,1,17.36,17.36,412,0.3,0.0,1.0,0.0,1.0,0.0,0.0,0.0,0.0,South,Paid Social,2,Deal & Festive Shoppers
C02522,5,497.63,99.526,260,0.14,0.0,0.4,0.2,0.4,0.0,0.2,0.2,0.0,North,Organic Search,2,Deal & Festive Shoppers
C02523,1,460.17,460.17,579,0.0,0.0,0.0,0.0,0.0,0.0,0.0,0.0,1.0,South,Marketplace,1,Everyday Fashion Shoppers
C02524,5,491.9,98.38,107,0.09,0.4,0.4,0.4,0.0,0.0,0.0,0.4,0.2,East,Organic Search,2,Deal & Festive Shoppers
C02525,3,519.57,173.19,257,0.0,0.0,0.0,0.667,0.0,0.0,0.333,0.0,0.0,South,Marketplace,4,Everyday Beauty Shoppers
C02526,3,167.06,55.687,80,0.05,0.0,0.0,0.333,0.333,0.0,0.0,0.333,0.0,West,Email,4,Everyday Beauty Shoppers
C02527,5,501.78,100.356,361,0.21,0.0,0.8,0.0,0.2,0.0,0.4,0.4,0.0,South,Organic Search,2,Deal & Festive Shoppers
C02528,4,584.26,146.065,25,0.175,0.0,1.0,0.5,0.0,0.5,0.0,0.0,0.0,North,Email,2,Deal & Festive Shoppers
C02529,1,17.98,17.98,671,0.05,0.0,0.0,0.0,1.0,0.0,0.0,0.0,0.0,West,Email,1,Everyday Fashion Shoppers
C02530,3,279.74,93.247,217,0.083,0.0,0.0,0.0,0.0,0.0,0.333,0.667,0.0,West,Referral,0,Everyday Home & Kitchen Shoppers
C02531,2,1039.38,519.69,75,0.25,0.5,0.0,0.0,0.0,0.5,0.5,0.0,0.0,South,Referral,3,Big-Ticket Tech Buyers
C02532,1,94.93,94.93,161,0.0,0.0,0.0,0.0,0.0,0.0,1.0,0.0,0.0,West,Organic Search,1,Everyday Fashion Shoppers
C02533,1,724.95,724.95,81,0.0,0.0,0.0,0.0,0.0,0.0,0.0,0.0,1.0,East,Organic Search,1,Everyday Fashion Shoppers
C02534,1,82.19,82.19,603,0.0,0.0,0.0,0.0,0.0,0.0,0.0,1.0,0.0,South,Email,0,Everyday Home & Kitchen Shoppers
C02535,1,149.46,149.46,156,0.0,0.0,0.0,0.0,0.0,0.0,0.0,1.0,0.0,West,Organic Search,0,Everyday Home & Kitchen Shoppers
C02536,2,28.62,14.31,44,0.15,0.0,1.0,0.0,1.0,0.0,0.0,0.0,0.0,East,Organic Search,2,Deal & Festive Shoppers
C02537,4,555.04,138.76,168,0.05,0.25,0.5,0.0,0.25,0.5,0.25,0.0,0.0,South,Paid Social,3,Big-Ticket Tech Buyers
C02538,1,203.64,203.64,378,0.15,0.0,1.0,0.0,0.0,0.0,0.0,0.0,1.0,East,Organic Search,2,Deal & Festive Shoppers
C02539,4,871.09,217.772,295,0.15,0.0,0.0,0.0,0.25,0.25,0.25,0.25,0.0,South,Email,3,Big-Ticket Tech Buyers
C02540,2,299.98,149.99,334,0.225,0.0,0.5,0.5,0.0,0.0,0.5,0.0,0.0,North,Email,2,Deal & Festive Shoppers
C02541,3,224.99,74.997,429,0.067,0.333,0.0,0.333,0.0,0.0,0.667,0.0,0.0,West,Marketplace,1,Everyday Fashion Shoppers
C02542,2,111.56,55.78,34,0.2,0.0,1.0,1.0,0.0,0.0,0.0,0.0,0.0,East,Organic Search,2,Deal & Festive Shoppers
C02543,1,185.24,185.24,52,0.3,0.0,1.0,0.0,0.0,0.0,0.0,0.0,1.0,East,Paid Social,2,Deal & Festive Shoppers
C02544,1,82.25,82.25,464,0.05,0.0,0.0,0.0,0.0,0.0,0.0,0.0,1.0,East,Marketplace,1,Everyday Fashion Shoppers
C02545,1,381.54,381.54,149,0.0,0.0,0.0,0.0,0.0,1.0,0.0,0.0,0.0,East,Paid Social,3,Big-Ticket Tech Buyers
C02546,2,352.88,176.44,440,0.0,0.0,0.0,0.0,0.0,0.0,0.0,1.0,0.0,South,Email,0,Everyday Home & Kitchen Shoppers
C02547,1,205.55,205.55,170,0.2,0.0,0.0,0.0,0.0,0.0,1.0,0.0,0.0,West,Referral,1,Everyday Fashion Shoppers
C02548,2,143.63,71.815,83,0.05,0.0,0.0,0.0,0.0,0.0,0.0,1.0,0.0,East,Paid Social,0,Everyday Home & Kitchen Shoppers
C02549,3,325.3,108.433,121,0.067,0.333,0.667,0.0,0.667,0.0,0.0,0.333,0.0,East,Organic Search,2,Deal & Festive Shoppers
C02550,6,935.75,155.958,327,0.117,0.167,0.333,0.167,0.0,0.0,0.0,0.5,0.333,South,Referral,0,Everyday Home & Kitchen Shoppers
C02551,2,480.09,240.045,119,0.025,0.0,0.0,0.0,0.5,0.5,0.0,0.0,0.0,South,Organic Search,3,Big-Ticket Tech Buyers
C02552,2,173.13,86.565,308,0.025,0.0,0.0,0.5,0.0,0.0,0.5,0.0,0.0,North,Marketplace,4,Everyday Beauty Shoppers
C02553,3,555.4,185.133,531,0.083,0.0,0.0,0.0,0.0,0.0,0.667,0.0,0.333,South,Referral,1,Everyday Fashion Shoppers
C02554,3,1175.67,391.89,539,0.067,0.0,0.0,0.0,0.0,0.667,0.0,0.0,0.333,North,Organic Search,3,Big-Ticket Tech Buyers
C02555,2,29.3,14.65,40,0.15,0.0,1.0,1.0,0.0,0.0,0.0,0.0,0.0,East,Email,4,Everyday Beauty Shoppers
C02556,1,125.36,125.36,654,0.05,0.0,0.0,0.0,0.0,0.0,0.0,1.0,0.0,West,Paid Social,0,Everyday Home & Kitchen Shoppers
C02557,1,96.7,96.7,160,0.15,0.0,0.0,1.0,0.0,0.0,0.0,0.0,0.0,South,Organic Search,4,Everyday Beauty Shoppers
C02558,1,10.03,10.03,123,0.0,0.0,0.0,0.0,1.0,0.0,0.0,0.0,0.0,South,Marketplace,1,Everyday Fashion Shoppers
C02559,3,1845.84,615.28,505,0.133,0.0,0.0,0.333,0.0,0.333,0.0,0.0,0.333,East,Email,3,Big-Ticket Tech Buyers
C02560,2,109.23,54.615,244,0.075,0.0,0.0,0.5,0.0,0.0,0.0,0.5,0.0,North,Referral,4,Everyday Beauty Shoppers
C02561,1,35.1,35.1,311,0.0,0.0,0.0,1.0,0.0,0.0,0.0,0.0,0.0,West,Marketplace,4,Everyday Beauty Shoppers
C02562,1,334.8,334.8,478,0.0,0.0,0.0,0.0,0.0,0.0,0.0,1.0,0.0,South,Paid Social,0,Everyday Home & Kitchen Shoppers
C02563,1,259.56,259.56,254,0.15,0.0,0.0,0.0,0.0,0.0,0.0,1.0,0.0,North,Paid Social,0,Everyday Home & Kitchen Shoppers
C02564,2,46.65,23.325,365,0.025,0.0,0.0,0.5,0.5,0.0,0.0,0.0,0.0,North,Organic Search,4,Everyday Beauty Shoppers
C02565,5,818.64,163.728,33,0.14,0.6,1.0,0.0,0.0,0.2,0.8,0.0,0.0,West,Organic Search,2,Deal & Festive Shoppers
C02566,1,86.48,86.48,429,0.0,0.0,0.0,0.0,0.0,0.0,0.0,1.0,0.0,North,Paid Social,0,Everyday Home & Kitchen Shoppers
C02567,1,32.37,32.37,153,0.0,0.0,0.0,0.0,1.0,0.0,0.0,0.0,0.0,East,Paid Social,1,Everyday Fashion Shoppers
C02568,5,942.21,188.442,42,0.13,0.4,0.4,0.0,0.0,0.0,0.2,0.8,0.0,North,Email,2,Deal & Festive Shoppers
C02569,1,144.25,144.25,462,0.0,0.0,0.0,0.0,0.0,0.0,0.0,1.0,0.0,North,Paid Social,0,Everyday Home & Kitchen Shoppers
C02570,5,1721.37,344.274,37,0.18,0.0,0.8,0.2,0.0,0.4,0.4,0.0,0.0,West,Referral,2,Deal & Festive Shoppers
C02571,2,319.84,159.92,67,0.025,0.0,0.0,0.0,0.0,0.0,0.0,1.0,0.0,North,Marketplace,0,Everyday Home & Kitchen Shoppers
C02572,2,334.98,167.49,61,0.1,0.0,1.0,0.0,0.0,0.0,0.0,1.0,0.0,North,Marketplace,2,Deal & Festive Shoppers
C02573,1,48.54,48.54,218,0.0,0.0,0.0,1.0,0.0,0.0,0.0,0.0,0.0,East,Paid Social,4,Everyday Beauty Shoppers
C02574,4,712.03,178.008,380,0.15,0.0,0.5,0.0,0.0,0.0,0.75,0.0,0.25,West,Marketplace,2,Deal & Festive Shoppers
C02575,3,790.09,263.363,43,0.1,0.0,0.333,0.0,0.0,0.333,0.333,0.333,0.0,South,Email,2,Deal & Festive Shoppers
C02576,2,174.26,87.13,321,0.025,0.0,0.0,0.0,0.0,0.0,0.0,0.5,0.5,North,Organic Search,0,Everyday Home & Kitchen Shoppers
C02577,1,223.72,223.72,524,0.05,1.0,0.0,0.0,0.0,1.0,0.0,0.0,0.0,West,Paid Social,3,Big-Ticket Tech Buyers
C02578,6,334.75,55.792,358,0.183,0.0,0.833,0.0,0.667,0.0,0.167,0.167,0.0,East,Organic Search,2,Deal & Festive Shoppers
C02579,2,403.18,201.59,50,0.3,0.0,1.0,0.0,0.0,1.0,0.0,0.0,0.0,West,Referral,2,Deal & Festive Shoppers
C02580,3,399.5,133.167,243,0.117,0.0,0.0,0.0,0.0,0.0,0.333,0.667,0.0,East,Referral,0,Everyday Home & Kitchen Shoppers
C02581,2,259.7,129.85,51,0.2,0.0,0.5,0.0,0.0,0.0,0.5,0.0,0.5,East,Paid Social,2,Deal & Festive Shoppers
C02582,2,105.91,52.955,352,0.075,0.5,0.5,0.0,0.5,0.0,0.0,0.5,0.0,South,Email,0,Everyday Home & Kitchen Shoppers
C02583,2,304.97,152.485,454,0.0,0.0,0.0,0.0,0.5,0.0,0.0,0.0,0.5,South,Paid Social,1,Everyday Fashion Shoppers
C02584,1,34.22,34.22,265,0.0,0.0,0.0,0.0,1.0,0.0,0.0,0.0,0.0,East,Paid Social,1,Everyday Fashion Shoppers
C02585,5,2295.13,459.026,322,0.04,0.0,0.4,0.0,0.0,0.8,0.0,0.0,0.2,East,Marketplace,3,Big-Ticket Tech Buyers
C02586,1,28.46,28.46,328,0.1,0.0,0.0,0.0,1.0,0.0,0.0,0.0,0.0,West,Marketplace,1,Everyday Fashion Shoppers
C02587,3,206.62,68.873,68,0.033,0.0,0.0,0.0,0.333,0.0,0.333,0.0,0.333,East,Email,1,Everyday Fashion Shoppers
C02588,3,539.87,179.957,41,0.133,0.0,0.333,0.333,0.0,0.0,0.333,0.0,0.333,South,Organic Search,2,Deal & Festive Shoppers
C02589,2,313.8,156.9,6,0.25,0.5,1.0,0.0,0.0,0.0,1.0,0.0,0.0,South,Organic Search,2,Deal & Festive Shoppers
C02590,1,734.1,734.1,475,0.0,0.0,0.0,0.0,0.0,0.0,0.0,0.0,1.0,East,Organic Search,1,Everyday Fashion Shoppers
C02591,2,841.6,420.8,638,0.025,0.0,0.0,0.0,0.0,0.5,0.0,0.5,0.0,South,Paid Social,3,Big-Ticket Tech Buyers
C02592,2,331.82,165.91,436,0.125,0.0,0.0,0.0,0.0,0.0,0.5,0.5,0.0,East,Organic Search,0,Everyday Home & Kitchen Shoppers
C02593,4,219.15,54.787,26,0.038,0.0,0.25,0.25,0.5,0.0,0.0,0.25,0.0,East,Marketplace,2,Deal & Festive Shoppers
C02594,3,586.59,195.53,530,0.067,0.333,0.0,0.667,0.0,0.333,0.0,0.0,0.0,North,Email,4,Everyday Beauty Shoppers
C02595,2,84.21,42.105,401,0.225,0.0,0.5,0.0,0.5,0.0,0.5,0.0,0.0,East,Paid Social,2,Deal & Festive Shoppers
C02596,3,400.93,133.643,422,0.133,0.0,0.667,0.333,0.0,0.0,0.0,0.667,0.0,East,Organic Search,0,Everyday Home & Kitchen Shoppers
C02597,2,260.56,130.28,367,0.1,0.0,1.0,0.0,0.0,0.0,0.0,0.0,1.0,West,Paid Social,2,Deal & Festive Shoppers
C02598,1,114.93,114.93,218,0.0,0.0,0.0,0.0,0.0,0.0,1.0,0.0,0.0,South,Paid Social,1,Everyday Fashion Shoppers
C02599,2,384.56,192.28,38,0.3,0.0,1.0,0.0,0.0,0.0,1.0,0.0,0.0,East,Email,2,Deal & Festive Shoppers
C02600,2,165.55,82.775,197,0.025,0.0,0.0,0.0,0.0,0.0,0.5,0.5,0.0,South,Organic Search,0,Everyday Home & Kitchen Shoppers
C02601,2,210.07,105.035,74,0.15,0.0,0.0,0.0,0.5,0.0,0.5,0.0,0.0,East,Marketplace,1,Everyday Fashion Shoppers
C02602,3,698.34,232.78,401,0.033,0.0,0.333,0.0,0.0,0.333,0.0,0.667,0.0,North,Organic Search,0,Everyday Home & Kitchen Shoppers
C02603,2,261.72,130.86,79,0.05,0.0,0.0,0.0,0.0,0.0,0.5,0.5,0.0,West,Organic Search,0,Everyday Home & Kitchen Shoppers
C02604,1,62.07,62.07,338,0.15,1.0,0.0,0.0,0.0,0.0,1.0,0.0,0.0,West,Marketplace,1,Everyday Fashion Shoppers
C02605,2,746.33,373.165,97,0.25,0.0,0.0,0.0,0.0,0.5,0.0,0.0,0.5,East,Organic Search,3,Big-Ticket Tech Buyers
C02606,2,162.96,81.48,176,0.05,0.0,0.0,0.0,0.0,0.0,0.0,1.0,0.0,East,Organic Search,0,Everyday Home & Kitchen Shoppers
C02607,2,164.32,82.16,77,0.1,0.0,0.0,0.0,0.5,0.0,0.0,0.0,0.5,North,Referral,1,Everyday Fashion Shoppers
C02608,2,116.98,58.49,446,0.0,0.0,0.0,0.0,0.0,0.0,1.0,0.0,0.0,East,Paid Social,1,Everyday Fashion Shoppers
C02609,3,586.32,195.44,99,0.0,0.0,0.0,0.0,0.333,0.0,0.667,0.0,0.0,South,Organic Search,1,Everyday Fashion Shoppers
C02610,1,155.85,155.85,146,0.0,0.0,0.0,0.0,0.0,0.0,0.0,1.0,0.0,East,Organic Search,0,Everyday Home & Kitchen Shoppers
C02611,2,253.94,126.97,41,0.15,0.0,1.0,0.0,0.0,0.0,1.0,0.0,0.0,North,Organic Search,2,Deal & Festive Shoppers
C02612,1,269.26,269.26,80,0.0,0.0,0.0,0.0,0.0,0.0,1.0,0.0,0.0,East,Paid Social,1,Everyday Fashion Shoppers
C02613,2,1145.08,572.54,512,0.0,0.0,0.0,0.0,0.0,0.5,0.0,0.5,0.0,South,Organic Search,3,Big-Ticket Tech Buyers
C02614,5,1894.47,378.894,118,0.03,0.0,0.0,0.2,0.0,0.4,0.0,0.2,0.2,East,Email,3,Big-Ticket Tech Buyers
C02615,4,1933.3,483.325,548,0.1,0.0,0.0,0.0,0.0,0.5,0.25,0.0,0.25,East,Marketplace,3,Big-Ticket Tech Buyers
C02616,2,633.0,316.5,221,0.0,0.0,0.0,0.0,0.0,0.0,0.0,0.5,0.5,North,Organic Search,0,Everyday Home & Kitchen Shoppers
C02617,1,88.77,88.77,36,0.15,0.0,1.0,1.0,0.0,0.0,0.0,0.0,0.0,South,Paid Social,4,Everyday Beauty Shoppers
C02618,2,284.34,142.17,631,0.0,0.0,0.0,0.0,0.0,0.0,0.5,0.0,0.5,West,Organic Search,1,Everyday Fashion Shoppers
C02619,3,169.71,56.57,75,0.033,0.0,0.0,0.333,0.333,0.0,0.333,0.0,0.0,East,Organic Search,4,Everyday Beauty Shoppers
C02620,1,525.57,525.57,68,0.0,0.0,0.0,0.0,0.0,0.0,0.0,1.0,0.0,North,Organic Search,0,Everyday Home & Kitchen Shoppers
C02621,1,391.1,391.1,120,0.0,1.0,0.0,0.0,0.0,1.0,0.0,0.0,0.0,South,Email,3,Big-Ticket Tech Buyers
C02622,3,200.41,66.803,205,0.15,0.0,0.0,0.0,0.333,0.0,0.333,0.0,0.333,South,Paid Social,1,Everyday Fashion Shoppers
C02623,3,824.62,274.873,570,0.067,0.0,0.0,0.333,0.333,0.333,0.0,0.0,0.0,East,Paid Social,3,Big-Ticket Tech Buyers
C02624,1,304.58,304.58,71,0.0,0.0,0.0,0.0,0.0,1.0,0.0,0.0,0.0,East,Email,3,Big-Ticket Tech Buyers
C02625,3,188.44,62.813,61,0.1,0.0,0.667,0.0,0.333,0.0,0.0,0.0,0.667,North,Marketplace,2,Deal & Festive Shoppers
C02626,1,268.22,268.22,323,0.0,0.0,0.0,0.0,0.0,1.0,0.0,0.0,0.0,East,Paid Social,3,Big-Ticket Tech Buyers
C02627,3,161.72,53.907,21,0.183,0.0,1.0,0.0,0.667,0.0,0.333,0.0,0.0,East,Organic Search,2,Deal & Festive Shoppers
C02628,1,47.41,47.41,715,0.0,0.0,0.0,0.0,0.0,0.0,0.0,0.0,1.0,East,Marketplace,1,Everyday Fashion Shoppers
C02629,2,382.76,191.38,286,0.125,0.0,0.0,0.0,0.0,0.0,1.0,0.0,0.0,North,Paid Social,1,Everyday Fashion Shoppers
C02630,2,357.59,178.795,607,0.15,0.0,0.0,0.0,0.0,0.5,0.5,0.0,0.0,South,Email,3,Big-Ticket Tech Buyers
C02631,1,168.1,168.1,72,0.1,0.0,0.0,0.0,0.0,0.0,1.0,0.0,0.0,South,Email,1,Everyday Fashion Shoppers
C02632,2,226.23,113.115,85,0.0,0.0,0.0,0.0,0.0,0.0,0.5,0.0,0.5,North,Paid Social,1,Everyday Fashion Shoppers
C02633,1,189.06,189.06,82,0.0,0.0,0.0,0.0,0.0,0.0,1.0,0.0,0.0,South,Organic Search,1,Everyday Fashion Shoppers
C02634,2,154.28,77.14,307,0.075,0.0,0.0,0.5,0.0,0.0,0.0,0.0,0.5,North,Organic Search,4,Everyday Beauty Shoppers
C02635,1,328.16,328.16,657,0.1,0.0,0.0,0.0,0.0,0.0,1.0,0.0,0.0,North,Paid Social,1,Everyday Fashion Shoppers
C02636,1,135.14,135.14,713,0.0,0.0,0.0,0.0,0.0,0.0,0.0,1.0,0.0,East,Paid Social,0,Everyday Home & Kitchen Shoppers
C02637,2,476.83,238.415,408,0.15,0.0,0.5,0.0,0.0,0.5,0.0,0.5,0.0,North,Email,3,Big-Ticket Tech Buyers
C02638,2,161.12,80.56,136,0.2,0.0,0.0,0.5,0.0,0.0,0.0,0.5,0.0,East,Email,4,Everyday Beauty Shoppers
C02639,3,1353.64,451.213,385,0.1,0.333,0.667,0.0,0.0,1.0,0.0,0.0,0.0,North,Marketplace,3,Big-Ticket Tech Buyers
C02640,1,23.04,23.04,120,0.0,0.0,0.0,1.0,0.0,0.0,0.0,0.0,0.0,East,Marketplace,4,Everyday Beauty Shoppers
C02641,3,531.98,177.327,481,0.05,0.0,0.0,0.0,0.333,0.0,0.333,0.333,0.0,South,Email,0,Everyday Home & Kitchen Shoppers
C02642,2,1076.72,538.36,325,0.0,0.0,0.0,0.5,0.0,0.5,0.0,0.0,0.0,East,Organic Search,3,Big-Ticket Tech Buyers
C02643,1,166.53,166.53,584,0.0,0.0,0.0,0.0,0.0,0.0,1.0,0.0,0.0,East,Paid Social,1,Everyday Fashion Shoppers
C02644,6,168.82,28.137,31,0.1,0.0,1.0,0.667,0.333,0.0,0.0,0.0,0.0,South,Referral,2,Deal & Festive Shoppers
C02645,4,426.3,106.575,174,0.175,0.0,0.75,0.25,0.0,0.0,0.75,0.0,0.0,East,Referral,2,Deal & Festive Shoppers
C02646,4,788.47,197.118,499,0.1,0.0,0.0,0.0,0.25,0.25,0.0,0.5,0.0,North,Organic Search,0,Everyday Home & Kitchen Shoppers
C02647,2,198.47,99.235,271,0.0,0.0,0.0,0.0,0.0,0.0,0.5,0.5,0.0,East,Referral,0,Everyday Home & Kitchen Shoppers
C02648,1,570.13,570.13,167,0.1,0.0,0.0,0.0,0.0,1.0,0.0,0.0,0.0,North,Paid Social,3,Big-Ticket Tech Buyers
C02649,1,56.56,56.56,72,0.05,0.0,0.0,1.0,0.0,0.0,0.0,0.0,0.0,South,Paid Social,4,Everyday Beauty Shoppers
C02650,3,259.23,86.41,192,0.033,0.0,0.333,0.333,0.333,0.0,0.0,0.333,0.0,North,Marketplace,4,Everyday Beauty Shoppers
C02651,3,992.48,330.827,25,0.183,0.0,0.667,0.0,0.0,0.667,0.0,0.0,0.333,West,Paid Social,2,Deal & Festive Shoppers
C02652,3,169.62,56.54,6,0.167,0.0,0.667,1.0,0.0,0.0,0.0,0.0,0.0,South,Paid Social,2,Deal & Festive Shoppers
C02653,2,41.22,20.61,23,0.3,0.0,1.0,0.0,1.0,0.0,0.0,0.0,0.0,East,Referral,2,Deal & Festive Shoppers
C02654,4,615.84,153.96,383,0.212,0.25,0.75,0.5,0.0,0.0,0.25,0.0,0.25,South,Referral,2,Deal & Festive Shoppers
C02655,3,558.18,186.06,62,0.2,0.0,0.0,0.0,0.333,0.333,0.0,0.333,0.0,South,Organic Search,3,Big-Ticket Tech Buyers
C02656,2,86.93,43.465,329,0.05,0.0,0.0,0.0,0.5,0.0,0.0,0.5,0.0,North,Referral,0,Everyday Home & Kitchen Shoppers
C02657,3,376.35,125.45,493,0.1,0.0,0.0,0.333,0.0,0.0,0.667,0.0,0.0,West,Paid Social,1,Everyday Fashion Shoppers
C02658,3,468.62,156.207,447,0.05,0.0,0.0,0.333,0.0,0.0,0.333,0.0,0.333,East,Referral,1,Everyday Fashion Shoppers
C02659,2,406.98,203.49,184,0.075,0.5,0.0,0.0,0.0,0.0,0.0,1.0,0.0,North,Organic Search,0,Everyday Home & Kitchen Shoppers
C02660,2,252.34,126.17,224,0.05,0.0,0.0,0.5,0.0,0.0,0.0,0.0,0.5,East,Marketplace,4,Everyday Beauty Shoppers
C02661,5,852.7,170.54,216,0.13,0.0,0.6,0.2,0.2,0.0,0.4,0.0,0.2,South,Email,2,Deal & Festive Shoppers
C02662,1,119.33,119.33,183,0.0,0.0,0.0,0.0,0.0,0.0,0.0,1.0,0.0,North,Paid Social,0,Everyday Home & Kitchen Shoppers
C02663,2,397.53,198.765,373,0.1,0.0,0.5,0.5,0.0,0.0,0.0,0.0,0.5,East,Paid Social,4,Everyday Beauty Shoppers
C02664,3,338.57,112.857,137,0.133,0.0,0.667,0.333,0.0,0.0,0.0,0.667,0.0,North,Paid Social,2,Deal & Festive Shoppers
C02665,3,316.63,105.543,460,0.167,0.0,0.0,0.0,0.0,0.0,0.333,0.333,0.333,North,Email,0,Everyday Home & Kitchen Shoppers
C02666,7,600.69,85.813,13,0.043,0.0,0.143,0.143,0.143,0.0,0.571,0.143,0.0,East,Referral,2,Deal & Festive Shoppers
C02667,3,183.9,61.3,342,0.033,0.0,0.0,0.0,0.0,0.0,0.333,0.667,0.0,North,Email,0,Everyday Home & Kitchen Shoppers
C02668,3,185.16,61.72,24,0.133,0.0,1.0,1.0,0.0,0.0,0.0,0.0,0.0,West,Marketplace,2,Deal & Festive Shoppers
C02669,1,36.29,36.29,666,0.2,0.0,0.0,1.0,0.0,0.0,0.0,0.0,0.0,East,Paid Social,4,Everyday Beauty Shoppers
C02670,3,56.79,18.93,34,0.1,0.0,1.0,0.0,0.667,0.0,0.0,0.333,0.0,West,Referral,2,Deal & Festive Shoppers
C02671,1,182.88,182.88,167,0.0,0.0,0.0,0.0,0.0,0.0,1.0,0.0,0.0,East,Paid Social,1,Everyday Fashion Shoppers
C02672,3,1619.18,539.727,83,0.033,0.0,0.0,0.0,0.0,0.667,0.0,0.0,0.333,West,Referral,3,Big-Ticket Tech Buyers
C02673,1,956.43,956.43,128,0.15,0.0,0.0,0.0,0.0,1.0,0.0,0.0,0.0,South,Paid Social,3,Big-Ticket Tech Buyers
C02674,3,796.03,265.343,435,0.017,0.333,0.0,0.0,0.0,0.333,0.333,0.333,0.0,East,Email,3,Big-Ticket Tech Buyers
C02675,1,1085.34,1085.34,65,0.0,0.0,0.0,0.0,0.0,1.0,0.0,0.0,0.0,East,Organic Search,3,Big-Ticket Tech Buyers
C02676,3,366.7,122.233,283,0.017,0.0,0.0,0.0,0.0,0.0,0.333,0.333,0.333,West,Organic Search,0,Everyday Home & Kitchen Shoppers
C02677,2,1472.64,736.32,39,0.1,0.0,1.0,0.0,0.0,1.0,0.0,0.0,0.0,North,Organic Search,3,Big-Ticket Tech Buyers
C02678,1,168.9,168.9,103,0.2,0.0,0.0,0.0,0.0,0.0,1.0,0.0,0.0,East,Marketplace,1,Everyday Fashion Shoppers
C02679,1,533.29,533.29,321,0.05,0.0,0.0,0.0,0.0,0.0,0.0,0.0,1.0,East,Paid Social,1,Everyday Fashion Shoppers
C02680,4,1389.31,347.328,64,0.125,0.0,0.5,0.0,0.0,0.25,0.0,0.75,0.0,South,Paid Social,2,Deal & Festive Shoppers
C02681,1,353.0,353.0,633,0.0,0.0,0.0,0.0,0.0,0.0,0.0,1.0,0.0,West,Paid Social,0,Everyday Home & Kitchen Shoppers
C02682,3,673.56,224.52,327,0.05,0.0,0.0,0.0,0.0,0.333,0.667,0.0,0.0,South,Paid Social,3,Big-Ticket Tech Buyers
C02683,3,297.65,99.217,239,0.0,0.0,0.0,0.333,0.0,0.0,0.0,0.333,0.333,North,Marketplace,0,Everyday Home & Kitchen Shoppers
C02684,3,94.83,31.61,4,0.067,0.0,0.667,0.0,0.333,0.0,0.667,0.0,0.0,East,Marketplace,2,Deal & Festive Shoppers
C02685,6,362.6,60.433,188,0.033,0.0,0.333,0.5,0.167,0.0,0.167,0.167,0.0,South,Marketplace,4,Everyday Beauty Shoppers
C02686,1,19.14,19.14,378,0.15,0.0,1.0,0.0,1.0,0.0,0.0,0.0,0.0,North,Marketplace,2,Deal & Festive Shoppers
C02687,3,553.31,184.437,464,0.033,0.333,0.0,0.333,0.0,0.0,0.333,0.0,0.333,North,Organic Search,1,Everyday Fashion Shoppers
C02688,2,462.05,231.025,191,0.0,0.0,0.0,0.0,0.0,0.0,0.5,0.5,0.0,North,Organic Search,0,Everyday Home & Kitchen Shoppers
C02689,5,970.77,194.154,137,0.08,0.0,0.0,0.4,0.0,0.0,0.0,0.4,0.2,East,Referral,0,Everyday Home & Kitchen Shoppers
C02690,1,60.06,60.06,37,0.2,0.0,1.0,0.0,0.0,0.0,1.0,0.0,0.0,West,Referral,2,Deal & Festive Shoppers
C02691,1,10.6,10.6,213,0.0,0.0,0.0,1.0,0.0,0.0,0.0,0.0,0.0,East,Organic Search,4,Everyday Beauty Shoppers
C02692,2,240.75,120.375,253,0.1,0.0,0.0,0.0,0.0,0.5,0.5,0.0,0.0,North,Email,3,Big-Ticket Tech Buyers
C02693,1,34.71,34.71,83,0.0,0.0,0.0,0.0,0.0,0.0,0.0,1.0,0.0,East,Organic Search,0,Everyday Home & Kitchen Shoppers
C02694,1,312.75,312.75,418,0.2,0.0,1.0,0.0,0.0,1.0,0.0,0.0,0.0,West,Organic Search,3,Big-Ticket Tech Buyers
C02695,1,20.46,20.46,71,0.0,0.0,0.0,0.0,1.0,0.0,0.0,0.0,0.0,East,Paid Social,1,Everyday Fashion Shoppers
C02696,1,27.1,27.1,454,0.15,0.0,0.0,0.0,1.0,0.0,0.0,0.0,0.0,South,Marketplace,1,Everyday Fashion Shoppers
C02697,3,273.49,91.163,474,0.117,0.0,0.0,0.0,0.0,0.333,0.0,0.667,0.0,North,Email,0,Everyday Home & Kitchen Shoppers
C02698,1,19.52,19.52,425,0.3,0.0,1.0,1.0,0.0,0.0,0.0,0.0,0.0,West,Paid Social,4,Everyday Beauty Shoppers
C02699,3,369.68,123.227,64,0.017,0.0,0.0,0.0,0.0,0.0,0.0,1.0,0.0,West,Email,0,Everyday Home & Kitchen Shoppers
C02700,3,880.49,293.497,572,0.067,0.0,0.0,0.0,0.333,0.333,0.333,0.0,0.0,North,Email,3,Big-Ticket Tech Buyers
C02701,2,56.48,28.24,79,0.05,0.0,0.0,0.5,0.0,0.0,0.5,0.0,0.0,West,Paid Social,4,Everyday Beauty Shoppers
C02702,1,42.0,42.0,171,0.0,0.0,0.0,0.0,1.0,0.0,0.0,0.0,0.0,North,Email,1,Everyday Fashion Shoppers
C02703,3,1646.01,548.67,416,0.25,0.0,0.667,0.667,0.0,0.333,0.0,0.0,0.0,North,Organic Search,3,Big-Ticket Tech Buyers
C02704,2,126.65,63.325,86,0.25,0.0,0.0,0.0,0.0,0.0,1.0,0.0,0.0,East,Paid Social,1,Everyday Fashion Shoppers
C02705,3,738.02,246.007,416,0.083,0.0,0.333,0.333,0.0,0.333,0.0,0.0,0.333,East,Organic Search,3,Big-Ticket Tech Buyers
C02706,2,208.86,104.43,438,0.0,0.0,0.0,0.5,0.0,0.0,0.0,0.5,0.0,South,Paid Social,0,Everyday Home & Kitchen Shoppers
C02707,1,167.67,167.67,235,0.0,0.0,0.0,0.0,0.0,0.0,0.0,1.0,0.0,West,Paid Social,0,Everyday Home & Kitchen Shoppers
C02708,2,241.68,120.84,264,0.075,0.0,0.0,0.0,0.0,0.5,0.5,0.0,0.0,West,Organic Search,3,Big-Ticket Tech Buyers
C02709,1,324.22,324.22,218,0.2,0.0,0.0,0.0,0.0,1.0,0.0,0.0,0.0,North,Paid Social,3,Big-Ticket Tech Buyers
C02710,4,552.65,138.163,40,0.15,0.25,0.75,0.0,0.0,0.0,0.75,0.0,0.25,East,Referral,2,Deal & Festive Shoppers
C02711,2,109.46,54.73,642,0.05,0.0,0.0,0.0,0.0,0.0,0.0,1.0,0.0,East,Referral,0,Everyday Home & Kitchen Shoppers
C02712,2,152.37,76.185,594,0.1,0.0,0.0,0.0,0.0,0.0,0.0,0.0,1.0,East,Organic Search,1,Everyday Fashion Shoppers
C02713,1,183.13,183.13,65,0.1,0.0,0.0,0.0,0.0,0.0,1.0,0.0,0.0,West,Organic Search,1,Everyday Fashion Shoppers
C02714,3,200.55,66.85,135,0.017,0.0,0.0,0.667,0.333,0.0,0.0,0.0,0.0,East,Paid Social,4,Everyday Beauty Shoppers
C02715,3,1117.32,372.44,134,0.067,0.333,0.0,0.333,0.0,0.333,0.0,0.0,0.333,North,Marketplace,3,Big-Ticket Tech Buyers
C02716,1,70.53,70.53,406,0.2,0.0,1.0,0.0,0.0,0.0,0.0,1.0,0.0,North,Marketplace,0,Everyday Home & Kitchen Shoppers
C02717,2,479.14,239.57,409,0.2,0.0,1.0,0.0,0.0,0.0,0.0,1.0,0.0,West,Paid Social,0,Everyday Home & Kitchen Shoppers
C02718,3,206.29,68.763,65,0.067,0.333,0.0,0.333,0.0,0.0,0.0,0.667,0.0,West,Email,0,Everyday Home & Kitchen Shoppers
C02719,3,758.81,252.937,202,0.1,0.0,0.0,0.333,0.0,0.333,0.0,0.333,0.0,North,Referral,3,Big-Ticket Tech Buyers
C02720,1,153.36,153.36,615,0.0,0.0,0.0,1.0,0.0,0.0,0.0,0.0,0.0,North,Marketplace,4,Everyday Beauty Shoppers
C02721,3,380.12,126.707,159,0.05,0.0,0.0,0.0,0.0,0.0,0.667,0.333,0.0,East,Organic Search,1,Everyday Fashion Shoppers
C02722,1,31.91,31.91,248,0.0,0.0,0.0,0.0,0.0,0.0,1.0,0.0,0.0,North,Paid Social,1,Everyday Fashion Shoppers
C02723,2,263.44,131.72,603,0.125,0.0,0.0,0.5,0.0,0.0,0.0,0.5,0.0,North,Referral,0,Everyday Home & Kitchen Shoppers
C02724,1,1141.92,1141.92,452,0.0,0.0,0.0,0.0,0.0,1.0,0.0,0.0,0.0,West,Paid Social,3,Big-Ticket Tech Buyers
C02725,4,988.21,247.052,21,0.112,0.0,0.5,0.0,0.0,0.25,0.5,0.25,0.0,West,Organic Search,2,Deal & Festive Shoppers
C02726,2,173.35,86.675,89,0.0,0.0,0.0,0.0,0.5,0.0,0.0,0.5,0.0,West,Organic Search,0,Everyday Home & Kitchen Shoppers
C02727,1,17.02,17.02,618,0.0,0.0,0.0,0.0,1.0,0.0,0.0,0.0,0.0,East,Paid Social,1,Everyday Fashion Shoppers
C02728,3,233.95,77.983,613,0.1,0.0,0.0,0.0,0.333,0.0,0.667,0.0,0.0,South,Email,1,Everyday Fashion Shoppers
C02729,1,230.13,230.13,324,0.1,0.0,0.0,0.0,0.0,0.0,1.0,0.0,0.0,West,Email,1,Everyday Fashion Shoppers
C02730,4,348.48,87.12,4,0.162,0.25,0.75,0.5,0.0,0.0,0.25,0.25,0.0,South,Organic Search,2,Deal & Festive Shoppers
C02731,1,53.24,53.24,43,0.2,0.0,1.0,1.0,0.0,0.0,0.0,0.0,0.0,North,Marketplace,4,Everyday Beauty Shoppers
C02732,1,733.84,733.84,366,0.15,0.0,1.0,0.0,0.0,1.0,0.0,0.0,0.0,West,Paid Social,3,Big-Ticket Tech Buyers
C02733,2,380.48,190.24,71,0.025,0.0,0.0,0.5,0.0,0.0,0.0,0.5,0.0,East,Marketplace,0,Everyday Home & Kitchen Shoppers
C02734,2,1044.68,522.34,418,0.1,0.0,0.5,0.0,0.0,0.5,0.5,0.0,0.0,West,Organic Search,3,Big-Ticket Tech Buyers
C02735,4,671.49,167.872,346,0.138,0.5,0.5,0.0,0.25,0.0,0.5,0.0,0.25,North,Marketplace,2,Deal & Festive Shoppers
C02736,1,440.94,440.94,629,0.1,0.0,0.0,0.0,0.0,0.0,0.0,0.0,1.0,West,Marketplace,1,Everyday Fashion Shoppers
C02737,2,707.93,353.965,297,0.0,0.0,0.0,0.5,0.0,0.5,0.0,0.0,0.0,East,Marketplace,3,Big-Ticket Tech Buyers
C02738,6,2038.03,339.672,128,0.1,0.167,0.167,0.0,0.167,0.667,0.0,0.0,0.167,East,Email,3,Big-Ticket Tech Buyers
C02739,2,1839.5,919.75,375,0.2,0.0,1.0,0.0,0.0,1.0,0.0,0.0,0.0,West,Paid Social,3,Big-Ticket Tech Buyers
C02740,7,1031.06,147.294,8,0.129,0.0,0.571,0.0,0.143,0.0,0.429,0.429,0.0,South,Email,2,Deal & Festive Shoppers
C02741,3,441.91,147.303,532,0.083,0.0,0.0,0.0,0.0,0.0,0.667,0.333,0.0,East,Referral,1,Everyday Fashion Shoppers
C02742,1,318.74,318.74,650,0.0,0.0,0.0,0.0,0.0,0.0,0.0,0.0,1.0,East,Paid Social,1,Everyday Fashion Shoppers
C02743,2,971.6,485.8,220,0.15,0.0,0.0,0.5,0.0,0.5,0.0,0.0,0.0,East,Marketplace,3,Big-Ticket Tech Buyers
C02744,2,180.28,90.14,51,0.2,0.0,1.0,0.0,0.0,0.0,0.0,1.0,0.0,West,Organic Search,2,Deal & Festive Shoppers
C02745,3,340.38,113.46,286,0.017,0.0,0.0,0.667,0.0,0.333,0.0,0.0,0.0,East,Paid Social,4,Everyday Beauty Shoppers
C02746,2,140.97,70.485,289,0.125,0.0,0.0,0.5,0.5,0.0,0.0,0.0,0.0,North,Marketplace,4,Everyday Beauty Shoppers
C02747,5,983.72,196.744,256,0.14,0.0,0.4,0.0,0.0,0.2,0.0,0.8,0.0,North,Organic Search,0,Everyday Home & Kitchen Shoppers
C02748,1,30.64,30.64,152,0.0,0.0,0.0,0.0,1.0,0.0,0.0,0.0,0.0,West,Organic Search,1,Everyday Fashion Shoppers
C02749,2,1526.92,763.46,436,0.025,0.0,0.0,0.5,0.0,0.5,0.0,0.0,0.0,West,Paid Social,3,Big-Ticket Tech Buyers
C02750,2,197.96,98.98,39,0.2,0.0,1.0,1.0,0.0,0.0,0.0,0.0,0.0,West,Email,2,Deal & Festive Shoppers
C02751,1,80.82,80.82,560,0.0,0.0,0.0,0.0,1.0,0.0,0.0,0.0,0.0,North,Marketplace,1,Everyday Fashion Shoppers
C02752,3,518.42,172.807,330,0.0,0.0,0.0,0.333,0.0,0.0,0.667,0.0,0.0,South,Organic Search,1,Everyday Fashion Shoppers
C02753,3,154.96,51.653,89,0.05,0.0,0.0,0.333,0.333,0.0,0.0,0.0,0.333,East,Referral,4,Everyday Beauty Shoppers
C02754,3,388.86,129.62,47,0.067,0.0,0.333,0.333,0.0,0.0,0.333,0.333,0.0,East,Referral,2,Deal & Festive Shoppers
C02755,2,492.12,246.06,36,0.2,0.0,1.0,0.0,0.0,1.0,0.0,0.0,0.0,North,Referral,3,Big-Ticket Tech Buyers
C02756,1,30.94,30.94,103,0.0,0.0,0.0,0.0,1.0,0.0,0.0,0.0,0.0,East,Email,1,Everyday Fashion Shoppers
C02757,3,118.95,39.65,25,0.233,0.0,0.667,0.667,0.0,0.0,0.333,0.0,0.0,North,Marketplace,2,Deal & Festive Shoppers
C02758,1,308.21,308.21,279,0.2,0.0,0.0,0.0,0.0,0.0,1.0,0.0,0.0,South,Paid Social,1,Everyday Fashion Shoppers
C02759,1,11.75,11.75,464,0.1,0.0,0.0,1.0,0.0,0.0,0.0,0.0,0.0,North,Organic Search,4,Everyday Beauty Shoppers
C02760,7,1781.92,254.56,203,0.1,0.0,0.143,0.143,0.143,0.143,0.286,0.143,0.143,North,Referral,2,Deal & Festive Shoppers
C02761,3,955.78,318.593,102,0.067,0.0,0.0,0.0,0.333,0.333,0.333,0.0,0.0,North,Paid Social,3,Big-Ticket Tech Buyers
C02762,2,76.36,38.18,415,0.2,0.0,1.0,1.0,0.0,0.0,0.0,0.0,0.0,West,Paid Social,4,Everyday Beauty Shoppers
C02763,3,1003.29,334.43,402,0.117,0.333,0.667,0.0,0.0,0.667,0.0,0.333,0.0,East,Organic Search,3,Big-Ticket Tech Buyers
C02764,1,233.49,233.49,704,0.15,0.0,0.0,0.0,0.0,1.0,0.0,0.0,0.0,West,Organic Search,3,Big-Ticket Tech Buyers
C02765,2,267.04,133.52,372,0.075,0.0,0.5,0.0,0.5,0.0,0.5,0.0,0.0,South,Marketplace,1,Everyday Fashion Shoppers
C02766,2,391.86,195.93,283,0.0,0.0,0.0,0.0,0.0,0.0,0.5,0.0,0.5,South,Organic Search,1,Everyday Fashion Shoppers
C02767,8,1202.88,150.36,166,0.094,0.0,0.375,0.125,0.0,0.0,0.5,0.125,0.25,South,Referral,2,Deal & Festive Shoppers
C02768,2,69.8,34.9,21,0.1,0.0,1.0,1.0,0.0,0.0,0.0,0.0,0.0,East,Email,4,Everyday Beauty Shoppers
C02769,2,99.52,49.76,256,0.1,0.5,0.5,0.5,0.0,0.0,0.5,0.0,0.0,South,Organic Search,4,Everyday Beauty Shoppers
C02770,1,22.53,22.53,43,0.2,0.0,1.0,0.0,1.0,0.0,0.0,0.0,0.0,East,Organic Search,2,Deal & Festive Shoppers
C02771,1,32.32,32.32,266,0.0,0.0,0.0,0.0,0.0,0.0,0.0,1.0,0.0,West,Paid Social,0,Everyday Home & Kitchen Shoppers
C02772,2,211.08,105.54,574,0.0,0.0,0.0,0.0,0.0,0.0,1.0,0.0,0.0,West,Paid Social,1,Everyday Fashion Shoppers
C02773,1,235.38,235.38,576,0.0,0.0,0.0,0.0,0.0,0.0,0.0,0.0,1.0,North,Paid Social,1,Everyday Fashion Shoppers
C02774,5,875.78,175.156,112,0.08,0.0,0.0,0.2,0.2,0.2,0.0,0.2,0.2,East,Referral,3,Big-Ticket Tech Buyers
C02775,2,248.7,124.35,151,0.025,0.0,0.0,0.0,0.5,0.0,0.0,0.5,0.0,North,Organic Search,0,Everyday Home & Kitchen Shoppers
C02776,3,371.47,123.823,389,0.083,0.0,0.667,0.667,0.0,0.0,0.0,0.333,0.0,North,Organic Search,4,Everyday Beauty Shoppers
C02777,1,210.17,210.17,366,0.3,0.0,1.0,0.0,0.0,0.0,0.0,0.0,1.0,East,Organic Search,2,Deal & Festive Shoppers
C02778,2,1481.12,740.56,96,0.075,0.0,0.0,0.0,0.0,1.0,0.0,0.0,0.0,East,Paid Social,3,Big-Ticket Tech Buyers
C02779,2,519.36,259.68,422,0.1,0.5,0.5,0.0,0.0,0.5,0.5,0.0,0.0,East,Paid Social,3,Big-Ticket Tech Buyers
C02780,2,320.77,160.385,491,0.0,0.0,0.0,0.5,0.0,0.0,0.0,0.5,0.0,North,Marketplace,0,Everyday Home & Kitchen Shoppers
C02781,1,13.24,13.24,504,0.0,0.0,0.0,0.0,1.0,0.0,0.0,0.0,0.0,West,Organic Search,1,Everyday Fashion Shoppers
C02782,4,322.91,80.728,28,0.125,0.0,0.75,0.0,0.0,0.0,1.0,0.0,0.0,West,Paid Social,2,Deal & Festive Shoppers
C02783,6,619.1,103.183,36,0.108,0.333,0.667,0.0,0.333,0.0,0.333,0.333,0.0,South,Referral,2,Deal & Festive Shoppers
C02784,3,325.23,108.41,95,0.033,0.333,0.0,0.333,0.0,0.0,0.333,0.0,0.333,West,Email,1,Everyday Fashion Shoppers
C02785,1,27.76,27.76,87,0.3,0.0,0.0,1.0,0.0,0.0,0.0,0.0,0.0,North,Referral,4,Everyday Beauty Shoppers
C02786,4,927.49,231.872,145,0.038,0.0,0.0,0.25,0.0,0.25,0.25,0.0,0.25,East,Organic Search,3,Big-Ticket Tech Buyers
C02787,6,1218.2,203.033,394,0.117,0.0,0.667,0.333,0.167,0.0,0.167,0.333,0.0,West,Referral,2,Deal & Festive Shoppers
C02788,1,443.61,443.61,687,0.05,0.0,0.0,0.0,0.0,0.0,0.0,0.0,1.0,West,Paid Social,1,Everyday Fashion Shoppers
C02789,2,801.55,400.775,565,0.1,0.0,0.0,0.0,0.5,0.5,0.0,0.0,0.0,West,Email,3,Big-Ticket Tech Buyers
C02790,2,313.92,156.96,38,0.225,0.0,0.5,0.0,0.0,0.0,0.0,0.5,0.5,South,Organic Search,2,Deal & Festive Shoppers
C02791,1,271.42,271.42,67,0.2,0.0,0.0,0.0,0.0,0.0,0.0,0.0,1.0,West,Email,1,Everyday Fashion Shoppers
C02792,5,3537.56,707.512,239,0.05,0.2,0.0,0.0,0.0,0.6,0.2,0.2,0.0,East,Referral,3,Big-Ticket Tech Buyers
C02793,3,184.52,61.507,7,0.167,0.0,0.333,0.333,0.333,0.0,0.0,0.333,0.0,North,Referral,2,Deal & Festive Shoppers
C02794,1,142.27,142.27,352,0.0,0.0,0.0,0.0,0.0,0.0,0.0,1.0,0.0,North,Organic Search,0,Everyday Home & Kitchen Shoppers
C02795,2,227.49,113.745,611,0.1,0.0,0.0,0.5,0.0,0.0,0.5,0.0,0.0,East,Referral,4,Everyday Beauty Shoppers
C02796,1,64.29,64.29,76,0.15,0.0,0.0,0.0,0.0,0.0,0.0,0.0,1.0,East,Email,1,Everyday Fashion Shoppers
C02797,1,77.17,77.17,119,0.0,0.0,0.0,0.0,0.0,0.0,1.0,0.0,0.0,East,Paid Social,1,Everyday Fashion Shoppers
C02798,1,237.14,237.14,328,0.0,0.0,0.0,0.0,0.0,0.0,1.0,0.0,0.0,West,Paid Social,1,Everyday Fashion Shoppers
C02799,3,493.4,164.467,162,0.0,0.0,0.0,0.0,0.0,0.0,0.667,0.0,0.333,East,Organic Search,1,Everyday Fashion Shoppers
C02800,4,2007.59,501.898,232,0.0,0.0,0.0,0.25,0.0,0.25,0.0,0.25,0.25,South,Organic Search,3,Big-Ticket Tech Buyers
C02801,2,125.69,62.845,160,0.1,0.5,0.0,0.0,0.5,0.0,0.0,0.5,0.0,South,Email,0,Everyday Home & Kitchen Shoppers
C02802,2,409.0,204.5,412,0.1,0.0,1.0,0.0,0.0,0.0,1.0,0.0,0.0,East,Paid Social,2,Deal & Festive Shoppers
C02803,2,37.8,18.9,25,0.2,0.0,1.0,0.0,1.0,0.0,0.0,0.0,0.0,East,Email,2,Deal & Festive Shoppers
C02804,5,332.41,66.482,488,0.07,0.0,0.0,0.2,0.2,0.0,0.4,0.0,0.2,East,Email,1,Everyday Fashion Shoppers
C02805,5,374.79,74.958,71,0.06,0.0,0.2,0.4,0.0,0.0,0.2,0.4,0.0,East,Email,2,Deal & Festive Shoppers
C02806,1,55.38,55.38,40,0.3,0.0,1.0,0.0,0.0,0.0,0.0,1.0,0.0,East,Email,2,Deal & Festive Shoppers
C02807,2,260.52,130.26,467,0.075,0.0,0.0,0.0,0.0,0.0,0.5,0.0,0.5,East,Referral,1,Everyday Fashion Shoppers
C02808,3,257.58,85.86,426,0.2,0.0,0.667,0.667,0.0,0.0,0.0,0.0,0.333,West,Paid Social,4,Everyday Beauty Shoppers
C02809,2,909.35,454.675,138,0.2,0.0,0.0,0.0,0.0,1.0,0.0,0.0,0.0,North,Organic Search,3,Big-Ticket Tech Buyers
C02810,1,172.68,172.68,586,0.0,1.0,0.0,0.0,0.0,0.0,0.0,1.0,0.0,East,Marketplace,0,Everyday Home & Kitchen Shoppers
C02811,1,35.89,35.89,362,0.05,0.0,0.0,0.0,1.0,0.0,0.0,0.0,0.0,East,Marketplace,1,Everyday Fashion Shoppers
C02812,2,637.99,318.995,474,0.075,0.0,0.0,0.0,0.0,0.5,0.5,0.0,0.0,North,Paid Social,3,Big-Ticket Tech Buyers
C02813,3,570.43,190.143,345,0.067,0.0,0.0,0.333,0.0,0.0,0.0,0.667,0.0,East,Marketplace,0,Everyday Home & Kitchen Shoppers
C02814,1,686.1,686.1,53,0.1,0.0,1.0,0.0,0.0,1.0,0.0,0.0,0.0,East,Marketplace,3,Big-Ticket Tech Buyers
C02815,4,398.78,99.695,404,0.05,0.0,0.5,0.25,0.0,0.0,0.5,0.25,0.0,East,Paid Social,2,Deal & Festive Shoppers
C02816,6,887.46,147.91,267,0.108,0.0,0.333,0.0,0.0,0.167,0.5,0.333,0.0,East,Email,2,Deal & Festive Shoppers
C02817,3,619.35,206.45,69,0.033,0.0,0.0,0.0,0.0,0.667,0.0,0.333,0.0,South,Referral,3,Big-Ticket Tech Buyers
C02818,1,281.13,281.13,119,0.0,0.0,0.0,0.0,0.0,0.0,0.0,0.0,1.0,North,Organic Search,1,Everyday Fashion Shoppers
C02819,4,949.83,237.457,391,0.088,0.0,0.5,0.25,0.0,0.75,0.0,0.0,0.0,South,Organic Search,3,Big-Ticket Tech Buyers
C02820,5,223.2,44.64,22,0.19,0.0,0.8,0.0,0.6,0.0,0.4,0.0,0.0,South,Paid Social,2,Deal & Festive Shoppers
C02821,3,658.08,219.36,118,0.033,0.0,0.0,0.0,0.333,0.333,0.0,0.333,0.0,East,Email,3,Big-Ticket Tech Buyers
C02822,1,106.09,106.09,146,0.05,0.0,0.0,0.0,0.0,0.0,0.0,1.0,0.0,West,Paid Social,0,Everyday Home & Kitchen Shoppers
C02823,2,62.45,31.225,604,0.175,0.0,0.0,0.5,0.5,0.0,0.0,0.0,0.0,East,Email,4,Everyday Beauty Shoppers
C02824,1,14.87,14.87,36,0.3,0.0,1.0,0.0,1.0,0.0,0.0,0.0,0.0,North,Referral,2,Deal & Festive Shoppers
C02825,5,653.81,130.762,117,0.0,0.0,0.0,0.4,0.0,0.0,0.4,0.2,0.0,South,Email,4,Everyday Beauty Shoppers
C02826,1,874.8,874.8,124,0.1,0.0,0.0,0.0,0.0,1.0,0.0,0.0,0.0,North,Organic Search,3,Big-Ticket Tech Buyers
C02827,1,171.16,171.16,476,0.0,1.0,0.0,0.0,0.0,1.0,0.0,0.0,0.0,East,Paid Social,3,Big-Ticket Tech Buyers
C02828,4,645.95,161.488,26,0.125,0.25,0.75,0.5,0.0,0.25,0.0,0.25,0.0,North,Organic Search,2,Deal & Festive Shoppers
C02829,2,175.63,87.815,129,0.15,0.0,0.0,0.5,0.0,0.0,0.5,0.0,0.0,East,Organic Search,4,Everyday Beauty Shoppers
C02830,2,464.45,232.225,584,0.1,0.0,0.0,0.0,0.0,0.5,0.0,0.0,0.5,East,Organic Search,3,Big-Ticket Tech Buyers
C02831,1,109.73,109.73,70,0.05,0.0,0.0,0.0,0.0,0.0,0.0,0.0,1.0,East,Organic Search,1,Everyday Fashion Shoppers
C02832,4,237.73,59.433,32,0.088,0.25,0.5,0.75,0.0,0.0,0.0,0.25,0.0,South,Organic Search,2,Deal & Festive Shoppers
C02833,8,936.46,117.058,15,0.194,0.125,0.625,0.125,0.125,0.0,0.0,0.375,0.375,South,Referral,2,Deal & Festive Shoppers
C02834,2,64.37,32.185,297,0.075,0.0,0.0,0.0,0.5,0.0,0.5,0.0,0.0,East,Paid Social,1,Everyday Fashion Shoppers
C02835,2,1151.2,575.6,154,0.05,0.0,0.0,0.0,0.5,0.5,0.0,0.0,0.0,East,Organic Search,3,Big-Ticket Tech Buyers
C02836,2,109.3,54.65,44,0.15,0.0,0.5,0.0,1.0,0.0,0.0,0.0,0.0,North,Marketplace,2,Deal & Festive Shoppers
C02837,2,194.74,97.37,52,0.2,0.0,1.0,0.0,0.0,0.0,1.0,0.0,0.0,West,Paid Social,2,Deal & Festive Shoppers
C02838,1,27.48,27.48,93,0.15,0.0,0.0,0.0,1.0,0.0,0.0,0.0,0.0,East,Marketplace,1,Everyday Fashion Shoppers
C02839,4,925.33,231.332,468,0.075,0.0,0.0,0.25,0.0,0.5,0.25,0.0,0.0,South,Referral,3,Big-Ticket Tech Buyers
C02840,2,232.88,116.44,35,0.15,0.0,1.0,0.0,0.0,0.0,1.0,0.0,0.0,North,Organic Search,2,Deal & Festive Shoppers
C02841,3,597.26,199.087,307,0.233,0.0,0.667,0.333,0.0,0.667,0.0,0.0,0.0,South,Marketplace,3,Big-Ticket Tech Buyers
C02842,2,470.84,235.42,224,0.0,0.0,0.0,0.5,0.0,0.5,0.0,0.0,0.0,South,Marketplace,3,Big-Ticket Tech Buyers
C02843,2,790.69,395.345,118,0.05,0.5,0.0,0.0,0.0,1.0,0.0,0.0,0.0,North,Referral,3,Big-Ticket Tech Buyers
C02844,5,212.12,42.424,29,0.14,0.0,0.8,0.4,0.0,0.0,0.4,0.2,0.0,East,Paid Social,2,Deal & Festive Shoppers
C02845,2,423.23,211.615,187,0.1,0.0,0.5,0.0,0.0,0.0,0.5,0.0,0.5,South,Paid Social,1,Everyday Fashion Shoppers
C02846,2,376.07,188.035,263,0.25,0.0,0.5,0.0,0.0,0.5,0.5,0.0,0.0,West,Paid Social,2,Deal & Festive Shoppers
C02847,1,296.67,296.67,119,0.15,1.0,0.0,0.0,0.0,0.0,1.0,0.0,0.0,West,Email,1,Everyday Fashion Shoppers
C02848,1,113.16,113.16,451,0.0,0.0,0.0,0.0,0.0,0.0,0.0,1.0,0.0,North,Paid Social,0,Everyday Home & Kitchen Shoppers
C02849,2,374.61,187.305,190,0.15,0.0,0.0,0.5,0.0,0.0,0.0,0.0,0.5,North,Organic Search,4,Everyday Beauty Shoppers
C02850,1,1164.12,1164.12,460,0.0,0.0,0.0,0.0,0.0,1.0,0.0,0.0,0.0,East,Organic Search,3,Big-Ticket Tech Buyers
C02851,2,445.95,222.975,533,0.0,0.5,0.0,0.0,0.0,0.5,0.0,0.5,0.0,West,Organic Search,3,Big-Ticket Tech Buyers
C02852,1,122.0,122.0,444,0.0,0.0,0.0,1.0,0.0,0.0,0.0,0.0,0.0,West,Organic Search,4,Everyday Beauty Shoppers
C02853,5,626.2,125.24,416,0.15,0.0,0.4,0.0,0.2,0.0,0.4,0.4,0.0,North,Paid Social,2,Deal & Festive Shoppers
C02854,3,623.06,207.687,310,0.067,0.333,0.0,0.333,0.0,0.0,0.667,0.0,0.0,North,Marketplace,1,Everyday Fashion Shoppers
C02855,2,231.27,115.635,125,0.075,0.0,0.0,0.0,0.0,0.0,0.5,0.0,0.5,North,Organic Search,1,Everyday Fashion Shoppers
C02856,1,66.82,66.82,675,0.0,0.0,0.0,1.0,0.0,0.0,0.0,0.0,0.0,West,Paid Social,4,Everyday Beauty Shoppers
C02857,1,29.57,29.57,329,0.1,0.0,0.0,0.0,0.0,0.0,0.0,1.0,0.0,East,Organic Search,0,Everyday Home & Kitchen Shoppers
C02858,2,167.28,83.64,64,0.1,0.0,0.0,0.0,0.0,0.0,0.5,0.0,0.5,East,Paid Social,1,Everyday Fashion Shoppers
C02859,4,517.24,129.31,37,0.225,0.0,0.25,0.25,0.0,0.25,0.25,0.25,0.0,East,Referral,2,Deal & Festive Shoppers
C02860,2,67.21,33.605,285,0.175,0.0,0.5,0.0,0.5,0.0,0.0,0.5,0.0,North,Paid Social,0,Everyday Home & Kitchen Shoppers
C02861,2,684.69,342.345,512,0.1,0.5,0.0,0.0,0.0,0.5,0.0,0.5,0.0,East,Marketplace,3,Big-Ticket Tech Buyers
C02862,3,823.8,274.6,5,0.133,0.0,0.667,0.0,0.0,0.0,0.0,0.333,0.667,North,Marketplace,2,Deal & Festive Shoppers
C02863,1,33.78,33.78,128,0.2,0.0,0.0,0.0,0.0,0.0,1.0,0.0,0.0,East,Marketplace,1,Everyday Fashion Shoppers
C02864,1,163.96,163.96,291,0.2,1.0,0.0,0.0,0.0,0.0,0.0,0.0,1.0,East,Email,1,Everyday Fashion Shoppers
C02865,2,696.66,348.33,648,0.0,0.0,0.0,0.0,0.0,0.0,0.0,0.5,0.5,East,Paid Social,0,Everyday Home & Kitchen Shoppers
C02866,2,50.09,25.045,586,0.1,0.0,0.0,0.0,0.5,0.0,0.5,0.0,0.0,South,Referral,1,Everyday Fashion Shoppers
C02867,3,540.75,180.25,297,0.083,0.0,0.333,0.667,0.0,0.0,0.0,0.333,0.0,West,Paid Social,4,Everyday Beauty Shoppers
C02868,3,373.12,124.373,386,0.133,0.0,0.333,0.0,0.0,0.0,0.333,0.333,0.333,East,Email,0,Everyday Home & Kitchen Shoppers
C02869,3,299.46,99.82,37,0.133,0.0,0.667,0.0,0.0,0.0,0.0,1.0,0.0,North,Organic Search,2,Deal & Festive Shoppers
C02870,2,207.84,103.92,504,0.0,0.0,0.0,0.0,0.0,0.0,0.5,0.0,0.5,North,Organic Search,1,Everyday Fashion Shoppers
C02871,1,131.61,131.61,529,0.0,0.0,0.0,0.0,0.0,0.0,1.0,0.0,0.0,East,Organic Search,1,Everyday Fashion Shoppers
C02872,1,322.67,322.67,35,0.3,0.0,1.0,0.0,0.0,0.0,0.0,1.0,0.0,South,Referral,2,Deal & Festive Shoppers
C02873,3,558.34,186.113,4,0.1,0.0,0.667,0.0,0.0,0.0,0.667,0.333,0.0,North,Email,2,Deal & Festive Shoppers
C02874,3,69.18,23.06,374,0.267,0.0,0.667,0.333,0.667,0.0,0.0,0.0,0.0,North,Organic Search,2,Deal & Festive Shoppers
C02875,1,35.87,35.87,444,0.1,0.0,0.0,1.0,0.0,0.0,0.0,0.0,0.0,North,Paid Social,4,Everyday Beauty Shoppers
C02876,2,256.74,128.37,219,0.15,0.0,0.0,0.0,0.0,0.0,1.0,0.0,0.0,South,Paid Social,1,Everyday Fashion Shoppers
C02877,3,425.48,141.827,84,0.017,0.0,0.0,0.333,0.0,0.0,0.333,0.0,0.333,East,Email,1,Everyday Fashion Shoppers
C02878,2,128.22,64.11,59,0.3,0.0,1.0,0.0,0.0,0.0,1.0,0.0,0.0,North,Organic Search,2,Deal & Festive Shoppers
C02879,3,1442.38,480.793,58,0.2,0.0,0.667,0.0,0.0,0.667,0.0,0.333,0.0,East,Organic Search,3,Big-Ticket Tech Buyers
C02880,3,1197.81,399.27,34,0.167,0.333,1.0,0.0,0.0,0.667,0.0,0.333,0.0,South,Referral,2,Deal & Festive Shoppers
C02881,1,78.06,78.06,696,0.2,0.0,0.0,0.0,0.0,0.0,0.0,1.0,0.0,South,Referral,0,Everyday Home & Kitchen Shoppers
C02882,5,571.4,114.28,125,0.12,0.0,0.4,0.0,0.6,0.0,0.0,0.0,0.4,North,Marketplace,2,Deal & Festive Shoppers
C02883,3,781.33,260.443,167,0.05,0.0,0.0,0.0,0.0,0.0,0.0,0.667,0.333,East,Referral,0,Everyday Home & Kitchen Shoppers
C02884,1,118.75,118.75,697,0.05,0.0,0.0,0.0,0.0,0.0,1.0,0.0,0.0,West,Marketplace,1,Everyday Fashion Shoppers
C02885,2,295.32,147.66,462,0.025,0.0,0.0,0.0,0.0,0.0,0.0,0.5,0.5,South,Paid Social,0,Everyday Home & Kitchen Shoppers
C02886,2,399.11,199.555,350,0.0,0.0,0.0,0.5,0.0,0.0,0.0,0.5,0.0,North,Paid Social,0,Everyday Home & Kitchen Shoppers
C02887,1,57.38,57.38,77,0.0,0.0,0.0,0.0,1.0,0.0,0.0,0.0,0.0,North,Marketplace,1,Everyday Fashion Shoppers
C02888,4,398.34,99.585,509,0.062,0.0,0.0,0.25,0.25,0.0,0.25,0.0,0.25,North,Organic Search,1,Everyday Fashion Shoppers
C02889,4,628.03,157.008,324,0.088,0.0,0.0,0.25,0.25,0.0,0.25,0.0,0.25,West,Email,1,Everyday Fashion Shoppers
C02890,1,222.98,222.98,579,0.05,0.0,0.0,0.0,0.0,0.0,0.0,0.0,1.0,North,Organic Search,1,Everyday Fashion Shoppers
C02891,1,34.06,34.06,622,0.2,0.0,0.0,1.0,0.0,0.0,0.0,0.0,0.0,West,Paid Social,4,Everyday Beauty Shoppers
C02892,1,37.13,37.13,329,0.05,0.0,0.0,0.0,0.0,0.0,1.0,0.0,0.0,East,Organic Search,1,Everyday Fashion Shoppers
C02893,4,811.81,202.952,114,0.038,0.0,0.0,0.0,0.25,0.0,0.25,0.0,0.5,East,Referral,1,Everyday Fashion Shoppers
C02894,2,292.7,146.35,73,0.15,0.0,0.0,0.0,0.5,0.0,0.0,0.5,0.0,West,Email,0,Everyday Home & Kitchen Shoppers
C02895,3,142.67,47.557,494,0.1,0.0,0.0,0.333,0.333,0.0,0.333,0.0,0.0,North,Organic Search,4,Everyday Beauty Shoppers
C02896,3,663.04,221.013,262,0.1,0.0,0.0,0.0,0.0,0.0,0.0,0.333,0.667,East,Organic Search,0,Everyday Home & Kitchen Shoppers
C02897,1,66.52,66.52,263,0.0,0.0,0.0,0.0,0.0,0.0,1.0,0.0,0.0,North,Paid Social,1,Everyday Fashion Shoppers
C02898,1,1428.03,1428.03,276,0.15,0.0,0.0,0.0,0.0,1.0,0.0,0.0,0.0,West,Organic Search,3,Big-Ticket Tech Buyers
C02899,1,61.4,61.4,163,0.0,0.0,0.0,0.0,1.0,0.0,0.0,0.0,0.0,East,Paid Social,1,Everyday Fashion Shoppers
C02900,1,135.77,135.77,572,0.05,0.0,0.0,1.0,0.0,0.0,0.0,0.0,0.0,North,Marketplace,4,Everyday Beauty Shoppers
C02901,3,586.11,195.37,1,0.2,0.333,0.667,0.0,0.333,0.333,0.0,0.333,0.0,West,Organic Search,2,Deal & Festive Shoppers
C02902,2,84.29,42.145,63,0.0,0.0,0.0,0.0,1.0,0.0,0.0,0.0,0.0,North,Paid Social,1,Everyday Fashion Shoppers
C02903,1,19.86,19.86,122,0.15,0.0,0.0,0.0,1.0,0.0,0.0,0.0,0.0,North,Paid Social,1,Everyday Fashion Shoppers
C02904,1,47.56,47.56,296,0.05,1.0,0.0,0.0,0.0,0.0,1.0,0.0,0.0,East,Organic Search,1,Everyday Fashion Shoppers
C02905,3,721.7,240.567,247,0.033,0.0,0.0,0.333,0.0,0.333,0.0,0.333,0.0,South,Organic Search,3,Big-Ticket Tech Buyers
C02906,3,154.32,51.44,43,0.15,0.0,0.667,0.333,0.0,0.0,0.667,0.0,0.0,West,Email,2,Deal & Festive Shoppers
C02907,2,425.41,212.705,193,0.025,0.0,0.0,0.0,0.0,0.0,0.0,0.5,0.5,East,Referral,0,Everyday Home & Kitchen Shoppers
C02908,2,124.41,62.205,2,0.2,0.0,1.0,0.0,0.0,0.0,1.0,0.0,0.0,East,Email,2,Deal & Festive Shoppers
C02909,2,495.64,247.82,611,0.0,0.0,0.0,0.5,0.0,0.5,0.0,0.0,0.0,South,Paid Social,3,Big-Ticket Tech Buyers
C02910,3,911.69,303.897,412,0.1,0.0,0.333,0.0,0.0,0.0,0.333,0.0,0.667,North,Referral,1,Everyday Fashion Shoppers
C02911,1,110.65,110.65,640,0.0,0.0,0.0,0.0,0.0,0.0,0.0,0.0,1.0,West,Marketplace,1,Everyday Fashion Shoppers
C02912,1,26.42,26.42,665,0.2,0.0,0.0,1.0,0.0,0.0,0.0,0.0,0.0,North,Marketplace,4,Everyday Beauty Shoppers
C02913,2,82.24,41.12,385,0.3,0.0,1.0,0.0,0.0,0.0,0.0,1.0,0.0,East,Marketplace,2,Deal & Festive Shoppers
C02914,2,1462.48,731.24,548,0.025,0.0,0.0,0.0,0.0,0.5,0.0,0.5,0.0,North,Organic Search,3,Big-Ticket Tech Buyers
C02915,1,328.86,328.86,443,0.0,0.0,0.0,0.0,0.0,0.0,0.0,1.0,0.0,North,Marketplace,0,Everyday Home & Kitchen Shoppers
C02916,2,347.64,173.82,413,0.3,0.0,1.0,0.0,0.0,0.0,0.0,1.0,0.0,East,Email,2,Deal & Festive Shoppers
C02917,1,87.06,87.06,280,0.0,0.0,0.0,1.0,0.0,0.0,0.0,0.0,0.0,East,Email,4,Everyday Beauty Shoppers
C02918,1,27.45,27.45,67,0.0,0.0,0.0,1.0,0.0,0.0,0.0,0.0,0.0,East,Referral,4,Everyday Beauty Shoppers
C02919,1,462.5,462.5,131,0.2,0.0,0.0,0.0,0.0,0.0,0.0,0.0,1.0,West,Marketplace,1,Everyday Fashion Shoppers
C02920,4,208.92,52.23,221,0.15,0.0,0.5,0.0,0.5,0.0,0.5,0.0,0.0,South,Paid Social,2,Deal & Festive Shoppers
C02921,5,781.16,156.232,37,0.16,0.4,0.6,0.0,0.0,0.0,0.0,0.8,0.2,South,Email,2,Deal & Festive Shoppers
C02922,3,598.11,199.37,128,0.05,0.333,0.0,0.0,0.0,0.333,0.667,0.0,0.0,North,Email,3,Big-Ticket Tech Buyers
C02923,7,2127.66,303.951,185,0.05,0.143,0.143,0.286,0.143,0.143,0.143,0.286,0.0,East,Email,3,Big-Ticket Tech Buyers
C02924,1,655.41,655.41,335,0.2,1.0,0.0,0.0,0.0,1.0,0.0,0.0,0.0,South,Email,3,Big-Ticket Tech Buyers
C02925,4,2226.21,556.552,227,0.188,0.0,0.5,0.25,0.0,0.75,0.0,0.0,0.0,East,Organic Search,3,Big-Ticket Tech Buyers
C02926,1,39.96,39.96,590,0.0,0.0,0.0,0.0,0.0,0.0,0.0,1.0,0.0,North,Paid Social,0,Everyday Home & Kitchen Shoppers
C02927,2,230.67,115.335,85,0.075,0.0,0.0,0.5,0.5,0.0,0.0,0.0,0.0,West,Paid Social,4,Everyday Beauty Shoppers
C02928,2,75.3,37.65,481,0.2,0.0,0.0,1.0,0.0,0.0,0.0,0.0,0.0,West,Email,4,Everyday Beauty Shoppers
C02929,3,448.35,149.45,535,0.033,0.0,0.0,0.0,0.333,0.0,0.0,0.333,0.333,West,Email,0,Everyday Home & Kitchen Shoppers
C02930,5,738.5,147.7,7,0.09,0.0,0.6,0.0,0.2,0.2,0.4,0.2,0.0,North,Marketplace,2,Deal & Festive Shoppers
C02931,1,345.41,345.41,591,0.15,0.0,0.0,0.0,0.0,0.0,0.0,0.0,1.0,West,Email,1,Everyday Fashion Shoppers
C02932,5,968.91,193.782,6,0.11,0.0,0.4,0.4,0.2,0.2,0.2,0.0,0.0,North,Referral,2,Deal & Festive Shoppers
C02933,3,94.61,31.537,327,0.117,0.0,0.0,0.333,0.0,0.0,0.333,0.0,0.333,South,Organic Search,4,Everyday Beauty Shoppers
C02934,7,833.36,119.051,113,0.171,0.286,0.571,0.0,0.143,0.286,0.286,0.286,0.0,North,Referral,2,Deal & Festive Shoppers
C02935,2,285.2,142.6,28,0.15,0.0,0.5,0.5,0.0,0.0,0.0,0.5,0.0,North,Marketplace,2,Deal & Festive Shoppers
C02936,2,1016.88,508.44,441,0.075,0.0,0.0,0.0,0.0,0.5,0.0,0.5,0.0,East,Referral,3,Big-Ticket Tech Buyers
C02937,2,126.84,63.42,30,0.15,0.0,0.5,0.0,0.0,0.0,0.5,0.0,0.5,North,Marketplace,2,Deal & Festive Shoppers
C02938,2,348.34,174.17,102,0.0,0.5,0.0,0.0,0.5,0.0,0.0,0.0,0.5,South,Marketplace,1,Everyday Fashion Shoppers
C02939,1,32.09,32.09,100,0.0,0.0,0.0,1.0,0.0,0.0,0.0,0.0,0.0,East,Paid Social,4,Everyday Beauty Shoppers
C02940,2,1849.63,924.815,561,0.0,0.0,0.0,0.0,0.0,1.0,0.0,0.0,0.0,West,Email,3,Big-Ticket Tech Buyers
C02941,2,714.4,357.2,184,0.075,0.0,0.0,0.0,0.5,0.5,0.0,0.0,0.0,East,Paid Social,3,Big-Ticket Tech Buyers
C02942,1,46.58,46.58,58,0.3,0.0,1.0,0.0,0.0,0.0,1.0,0.0,0.0,East,Paid Social,2,Deal & Festive Shoppers
C02943,3,140.59,46.863,7,0.1,0.0,0.667,0.0,0.667,0.0,0.0,0.333,0.0,North,Organic Search,2,Deal & Festive Shoppers
C02944,1,124.93,124.93,595,0.05,0.0,0.0,0.0,0.0,0.0,1.0,0.0,0.0,West,Organic Search,1,Everyday Fashion Shoppers
C02945,4,400.22,100.055,38,0.225,0.0,0.5,0.25,0.0,0.0,0.0,0.75,0.0,North,Organic Search,2,Deal & Festive Shoppers
C02946,3,135.33,45.11,565,0.133,0.333,0.0,0.333,0.333,0.0,0.333,0.0,0.0,North,Referral,4,Everyday Beauty Shoppers
C02947,2,117.85,58.925,295,0.15,0.0,0.0,0.5,0.0,0.0,0.5,0.0,0.0,North,Organic Search,4,Everyday Beauty Shoppers
C02948,2,114.75,57.375,220,0.1,0.0,0.5,0.0,0.0,0.0,0.5,0.0,0.5,East,Paid Social,1,Everyday Fashion Shoppers
C02949,1,21.62,21.62,352,0.0,0.0,0.0,0.0,1.0,0.0,0.0,0.0,0.0,South,Paid Social,1,Everyday Fashion Shoppers
C02950,1,578.69,578.69,356,0.0,0.0,0.0,0.0,0.0,1.0,0.0,0.0,0.0,East,Paid Social,3,Big-Ticket Tech Buyers
C02951,2,84.67,42.335,608,0.05,0.0,0.0,0.0,0.5,0.0,0.5,0.0,0.0,South,Marketplace,1,Everyday Fashion Shoppers
C02952,1,66.98,66.98,365,0.0,0.0,0.0,0.0,0.0,0.0,0.0,1.0,0.0,South,Paid Social,0,Everyday Home & Kitchen Shoppers
C02953,1,378.65,378.65,61,0.2,0.0,1.0,0.0,0.0,1.0,0.0,0.0,0.0,South,Organic Search,3,Big-Ticket Tech Buyers
C02954,3,338.63,112.877,369,0.25,0.0,1.0,0.0,0.0,0.0,0.333,0.0,0.667,North,Marketplace,2,Deal & Festive Shoppers
C02955,3,636.39,212.13,251,0.05,0.0,0.0,0.333,0.0,0.0,0.333,0.333,0.0,South,Marketplace,0,Everyday Home & Kitchen Shoppers
C02956,2,1278.34,639.17,19,0.3,0.0,1.0,0.0,0.0,1.0,0.0,0.0,0.0,East,Referral,2,Deal & Festive Shoppers
C02957,2,149.06,74.53,618,0.1,0.0,0.0,0.0,0.0,0.0,0.0,1.0,0.0,East,Email,0,Everyday Home & Kitchen Shoppers
C02958,5,1377.46,275.492,143,0.12,0.0,0.8,0.2,0.0,0.0,0.0,0.4,0.4,North,Organic Search,2,Deal & Festive Shoppers
C02959,3,363.51,121.17,177,0.1,0.0,0.0,0.0,0.333,0.0,0.0,0.333,0.333,East,Email,0,Everyday Home & Kitchen Shoppers
C02960,3,93.24,31.08,225,0.15,0.667,0.667,0.0,1.0,0.0,0.0,0.0,0.0,South,Organic Search,2,Deal & Festive Shoppers
C02961,1,137.81,137.81,68,0.0,0.0,0.0,0.0,0.0,0.0,1.0,0.0,0.0,North,Paid Social,1,Everyday Fashion Shoppers
C02962,4,598.92,149.73,279,0.1,0.5,0.5,0.0,0.0,0.0,0.0,1.0,0.0,North,Organic Search,0,Everyday Home & Kitchen Shoppers
C02963,1,178.35,178.35,34,0.3,0.0,1.0,0.0,0.0,0.0,1.0,0.0,0.0,South,Email,2,Deal & Festive Shoppers
C02964,2,385.0,192.5,565,0.1,0.0,0.0,0.0,0.5,0.0,0.0,0.0,0.5,South,Organic Search,1,Everyday Fashion Shoppers
C02965,1,252.92,252.92,215,0.0,0.0,0.0,0.0,0.0,0.0,1.0,0.0,0.0,East,Organic Search,1,Everyday Fashion Shoppers
C02966,1,68.96,68.96,314,0.0,0.0,0.0,1.0,0.0,0.0,0.0,0.0,0.0,North,Organic Search,4,Everyday Beauty Shoppers
C02967,6,860.15,143.358,179,0.05,0.0,0.0,0.333,0.0,0.0,0.333,0.167,0.167,East,Email,4,Everyday Beauty Shoppers
C02968,4,1106.38,276.595,197,0.075,0.25,0.0,0.0,0.0,0.75,0.0,0.25,0.0,South,Organic Search,3,Big-Ticket Tech Buyers
C02969,2,346.4,173.2,151,0.05,0.0,0.0,0.0,0.0,0.0,0.5,0.0,0.5,East,Paid Social,1,Everyday Fashion Shoppers
C02970,3,452.04,150.68,178,0.0,0.0,0.0,0.0,0.333,0.0,0.667,0.0,0.0,East,Paid Social,1,Everyday Fashion Shoppers
C02971,4,885.43,221.358,61,0.175,0.0,0.5,0.0,0.0,0.5,0.0,0.0,0.5,South,Email,2,Deal & Festive Shoppers
C02972,4,557.88,139.47,495,0.025,0.25,0.0,0.25,0.25,0.0,0.0,0.5,0.0,North,Organic Search,0,Everyday Home & Kitchen Shoppers
C02973,1,61.23,61.23,298,0.0,0.0,0.0,0.0,0.0,0.0,0.0,1.0,0.0,East,Marketplace,0,Everyday Home & Kitchen Shoppers
C02974,1,74.23,74.23,33,0.3,0.0,1.0,0.0,0.0,0.0,0.0,1.0,0.0,West,Paid Social,2,Deal & Festive Shoppers
C02975,5,1060.92,212.184,15,0.06,0.0,0.4,0.2,0.2,0.0,0.2,0.0,0.4,West,Organic Search,2,Deal & Festive Shoppers
C02976,2,150.54,75.27,383,0.3,0.0,1.0,0.5,0.0,0.0,0.5,0.0,0.0,North,Organic Search,2,Deal & Festive Shoppers
C02977,2,192.62,96.31,379,0.3,0.0,1.0,0.0,0.0,0.0,1.0,0.0,0.0,East,Organic Search,2,Deal & Festive Shoppers
C02978,1,84.55,84.55,98,0.1,0.0,0.0,1.0,0.0,0.0,0.0,0.0,0.0,South,Paid Social,4,Everyday Beauty Shoppers
C02979,2,105.23,52.615,380,0.15,0.5,0.5,0.0,0.5,0.0,0.5,0.0,0.0,North,Organic Search,1,Everyday Fashion Shoppers
C02980,1,19.35,19.35,389,0.2,0.0,1.0,1.0,0.0,0.0,0.0,0.0,0.0,East,Marketplace,4,Everyday Beauty Shoppers
C02981,2,210.8,105.4,61,0.15,0.0,0.5,0.5,0.0,0.0,0.0,0.5,0.0,East,Paid Social,2,Deal & Festive Shoppers
C02982,1,354.25,354.25,682,0.05,0.0,0.0,0.0,0.0,0.0,0.0,0.0,1.0,East,Organic Search,1,Everyday Fashion Shoppers
C02983,5,2309.92,461.984,38,0.16,0.0,0.8,0.0,0.0,0.4,0.6,0.0,0.0,West,Paid Social,2,Deal & Festive Shoppers
C02984,1,78.53,78.53,151,0.1,0.0,0.0,0.0,0.0,0.0,0.0,1.0,0.0,South,Organic Search,0,Everyday Home & Kitchen Shoppers
C02985,1,482.75,482.75,212,0.0,0.0,0.0,0.0,0.0,1.0,0.0,0.0,0.0,East,Organic Search,3,Big-Ticket Tech Buyers
C02986,1,139.42,139.42,276,0.2,0.0,0.0,0.0,0.0,0.0,0.0,0.0,1.0,South,Paid Social,1,Everyday Fashion Shoppers
C02987,4,575.84,143.96,32,0.1,0.0,0.5,0.0,0.0,0.0,0.25,0.5,0.25,North,Organic Search,2,Deal & Festive Shoppers
C02988,1,178.03,178.03,172,0.05,0.0,0.0,0.0,0.0,0.0,0.0,0.0,1.0,South,Organic Search,1,Everyday Fashion Shoppers
C02989,2,252.18,126.09,93,0.15,0.0,0.0,0.0,0.0,0.0,0.0,0.5,0.5,West,Marketplace,0,Everyday Home & Kitchen Shoppers
C02990,5,288.85,57.77,259,0.14,0.0,0.8,0.8,0.0,0.0,0.2,0.0,0.0,South,Referral,4,Everyday Beauty Shoppers
C02991,3,552.92,184.307,254,0.05,0.0,0.333,0.667,0.0,0.333,0.0,0.0,0.0,North,Marketplace,4,Everyday Beauty Shoppers
C02992,2,316.14,158.07,130,0.15,0.0,0.0,0.0,0.5,0.0,0.0,0.0,0.5,East,Organic Search,1,Everyday Fashion Shoppers
C02993,1,103.22,103.22,590,0.0,0.0,0.0,1.0,0.0,0.0,0.0,0.0,0.0,West,Marketplace,4,Everyday Beauty Shoppers
C02994,1,146.82,146.82,126,0.0,0.0,0.0,0.0,0.0,0.0,0.0,0.0,1.0,West,Paid Social,1,Everyday Fashion Shoppers
C02995,3,104.05,34.683,45,0.3,0.0,0.667,0.0,0.667,0.0,0.0,0.333,0.0,East,Organic Search,2,Deal & Festive Shoppers
C02996,2,60.29,30.145,95,0.05,0.0,0.0,1.0,0.0,0.0,0.0,0.0,0.0,South,Email,4,Everyday Beauty Shoppers
C02997,3,972.31,324.103,432,0.017,0.0,0.0,0.0,0.0,0.333,0.333,0.0,0.333,East,Organic Search,3,Big-Ticket Tech Buyers
C02998,1,149.04,149.04,475,0.1,0.0,0.0,0.0,0.0,0.0,0.0,0.0,1.0,West,Paid Social,1,Everyday Fashion Shoppers
C02999,4,575.94,143.985,399,0.25,0.0,1.0,0.25,0.0,0.0,0.5,0.25,0.0,West,Email,2,Deal & Festive Shoppers
C03000,3,603.39,201.13,93,0.017,0.0,0.0,0.0,0.333,0.333,0.333,0.0,0.0,West,Referral,3,Big-Ticket Tech Buyers
C03001,1,233.33,233.33,168,0.1,0.0,0.0,0.0,0.0,1.0,0.0,0.0,0.0,South,Paid Social,3,Big-Ticket Tech Buyers
C03002,5,541.66,108.332,173,0.1,0.2,0.0,0.2,0.2,0.0,0.2,0.4,0.0,North,Paid Social,0,Everyday Home & Kitchen Shoppers
C03003,1,43.42,43.42,65,0.0,0.0,0.0,1.0,0.0,0.0,0.0,0.0,0.0,East,Organic Search,4,Everyday Beauty Shoppers
C03004,3,851.84,283.947,36,0.3,0.0,1.0,0.0,0.0,0.0,0.333,0.0,0.667,North,Marketplace,2,Deal & Festive Shoppers
C03005,2,93.75,46.875,141,0.175,0.0,0.0,0.0,0.5,0.0,0.0,0.5,0.0,North,Organic Search,0,Everyday Home & Kitchen Shoppers
C03006,2,1272.27,636.135,354,0.05,0.0,0.0,0.0,0.0,0.5,0.0,0.5,0.0,South,Organic Search,3,Big-Ticket Tech Buyers
C03007,1,62.53,62.53,297,0.05,0.0,0.0,1.0,0.0,0.0,0.0,0.0,0.0,East,Organic Search,4,Everyday Beauty Shoppers
C03008,2,557.2,278.6,418,0.1,0.0,1.0,0.0,0.0,0.0,0.0,0.0,1.0,West,Marketplace,2,Deal & Festive Shoppers
C03009,2,273.71,136.855,157,0.0,0.0,0.0,0.5,0.0,0.0,0.0,0.5,0.0,East,Email,0,Everyday Home & Kitchen Shoppers
C03010,1,46.64,46.64,156,0.0,0.0,0.0,0.0,0.0,0.0,0.0,1.0,0.0,West,Paid Social,0,Everyday Home & Kitchen Shoppers
C03011,1,123.52,123.52,473,0.0,0.0,0.0,0.0,0.0,0.0,1.0,0.0,0.0,East,Marketplace,1,Everyday Fashion Shoppers
C03012,2,162.61,81.305,117,0.075,0.0,0.0,0.5,0.0,0.0,0.5,0.0,0.0,East,Organic Search,4,Everyday Beauty Shoppers
C03013,2,191.37,95.685,632,0.075,0.0,0.0,0.0,0.0,0.0,0.5,0.0,0.5,North,Marketplace,1,Everyday Fashion Shoppers
C03014,5,908.27,181.654,40,0.06,0.0,0.4,0.2,0.2,0.2,0.4,0.0,0.0,East,Organic Search,2,Deal & Festive Shoppers
C03015,1,852.34,852.34,383,0.15,1.0,1.0,0.0,0.0,1.0,0.0,0.0,0.0,North,Paid Social,3,Big-Ticket Tech Buyers
C03016,5,697.16,139.432,120,0.14,0.0,0.8,0.0,0.4,0.2,0.0,0.0,0.4,North,Organic Search,2,Deal & Festive Shoppers
C03017,2,214.86,107.43,322,0.075,0.0,0.0,0.0,0.0,0.0,0.5,0.5,0.0,North,Marketplace,0,Everyday Home & Kitchen Shoppers
C03018,1,49.63,49.63,576,0.05,0.0,0.0,0.0,0.0,0.0,1.0,0.0,0.0,West,Marketplace,1,Everyday Fashion Shoppers
C03019,5,2000.21,400.042,35,0.04,0.2,0.4,0.2,0.0,0.6,0.2,0.0,0.0,East,Referral,3,Big-Ticket Tech Buyers
C03020,1,77.8,77.8,210,0.0,0.0,0.0,0.0,1.0,0.0,0.0,0.0,0.0,West,Organic Search,1,Everyday Fashion Shoppers
C03021,2,642.85,321.425,280,0.1,0.0,0.0,0.0,0.0,0.5,0.0,0.5,0.0,West,Organic Search,3,Big-Ticket Tech Buyers
C03022,1,9.04,9.04,630,0.1,0.0,0.0,1.0,0.0,0.0,0.0,0.0,0.0,West,Paid Social,4,Everyday Beauty Shoppers
C03023,1,473.56,473.56,450,0.05,0.0,0.0,0.0,0.0,0.0,0.0,1.0,0.0,North,Paid Social,0,Everyday Home & Kitchen Shoppers
C03024,2,234.82,117.41,515,0.0,0.0,0.0,0.5,0.0,0.0,0.0,0.0,0.5,West,Organic Search,4,Everyday Beauty Shoppers
C03025,5,301.98,60.396,85,0.05,0.0,0.0,0.2,0.2,0.0,0.2,0.4,0.0,West,Referral,0,Everyday Home & Kitchen Shoppers
C03026,2,307.89,153.945,125,0.125,0.0,0.0,0.5,0.0,0.0,0.0,0.5,0.0,West,Referral,0,Everyday Home & Kitchen Shoppers
C03027,2,273.97,136.985,611,0.05,0.0,0.0,0.5,0.0,0.0,0.0,0.5,0.0,North,Marketplace,0,Everyday Home & Kitchen Shoppers
C03028,1,75.28,75.28,190,0.0,0.0,0.0,0.0,0.0,0.0,1.0,0.0,0.0,North,Paid Social,1,Everyday Fashion Shoppers
C03029,1,78.15,78.15,566,0.1,0.0,0.0,0.0,0.0,0.0,1.0,0.0,0.0,West,Paid Social,1,Everyday Fashion Shoppers
C03030,1,20.43,20.43,92,0.0,0.0,0.0,0.0,1.0,0.0,0.0,0.0,0.0,North,Paid Social,1,Everyday Fashion Shoppers
C03031,2,617.16,308.58,174,0.025,0.0,0.0,0.5,0.0,0.5,0.0,0.0,0.0,South,Organic Search,3,Big-Ticket Tech Buyers
C03032,3,160.89,53.63,457,0.1,0.333,0.0,0.0,0.333,0.0,0.667,0.0,0.0,South,Referral,1,Everyday Fashion Shoppers
C03033,3,608.8,202.933,195,0.067,0.0,0.0,0.0,0.0,0.0,0.333,0.667,0.0,North,Email,0,Everyday Home & Kitchen Shoppers
C03034,6,1128.64,188.107,375,0.117,0.0,0.5,0.0,0.0,0.0,0.333,0.5,0.167,North,Organic Search,2,Deal & Festive Shoppers
C03035,2,261.79,130.895,444,0.025,0.0,0.0,0.0,0.0,0.0,0.5,0.5,0.0,West,Paid Social,0,Everyday Home & Kitchen Shoppers
C03036,2,472.72,236.36,49,0.1,0.0,1.0,0.0,0.0,0.0,1.0,0.0,0.0,West,Marketplace,2,Deal & Festive Shoppers
C03037,1,441.36,441.36,158,0.0,0.0,0.0,0.0,0.0,0.0,0.0,0.0,1.0,West,Paid Social,1,Everyday Fashion Shoppers
C03038,1,141.6,141.6,618,0.0,0.0,0.0,0.0,0.0,0.0,0.0,0.0,1.0,South,Paid Social,1,Everyday Fashion Shoppers
C03039,3,264.62,88.207,215,0.15,0.0,0.0,0.333,0.333,0.333,0.0,0.0,0.0,North,Email,4,Everyday Beauty Shoppers
C03040,3,397.93,132.643,450,0.05,0.0,0.0,0.0,0.0,0.0,0.333,0.667,0.0,South,Referral,0,Everyday Home & Kitchen Shoppers
C03041,3,284.4,94.8,129,0.133,0.0,0.0,0.0,0.0,0.0,0.0,0.333,0.667,South,Organic Search,0,Everyday Home & Kitchen Shoppers
C03042,6,1548.73,258.122,24,0.125,0.167,0.667,0.0,0.167,0.167,0.0,0.0,0.667,North,Email,2,Deal & Festive Shoppers
C03043,3,407.57,135.857,394,0.133,0.0,0.667,0.0,0.0,0.0,1.0,0.0,0.0,East,Marketplace,2,Deal & Festive Shoppers
C03044,3,385.17,128.39,323,0.0,0.0,0.0,0.333,0.0,0.0,0.333,0.333,0.0,West,Organic Search,0,Everyday Home & Kitchen Shoppers
C03045,2,119.55,59.775,586,0.025,0.5,0.0,0.0,0.0,0.0,1.0,0.0,0.0,East,Organic Search,1,Everyday Fashion Shoppers
C03046,1,76.79,76.79,95,0.0,0.0,0.0,0.0,0.0,0.0,1.0,0.0,0.0,South,Email,1,Everyday Fashion Shoppers
C03047,4,501.97,125.492,49,0.112,0.25,0.5,0.0,0.25,0.0,0.5,0.0,0.25,South,Referral,2,Deal & Festive Shoppers
C03048,1,14.53,14.53,187,0.0,0.0,0.0,1.0,0.0,0.0,0.0,0.0,0.0,North,Paid Social,4,Everyday Beauty Shoppers
C03049,1,118.4,118.4,603,0.3,0.0,0.0,0.0,0.0,0.0,0.0,0.0,1.0,North,Paid Social,1,Everyday Fashion Shoppers
C03050,3,590.13,196.71,118,0.033,0.0,0.0,0.0,0.0,0.333,0.0,0.333,0.333,East,Email,3,Big-Ticket Tech Buyers
C03051,1,531.44,531.44,145,0.1,0.0,0.0,0.0,0.0,1.0,0.0,0.0,0.0,South,Paid Social,3,Big-Ticket Tech Buyers
C03052,4,191.87,47.968,384,0.15,0.0,0.5,1.0,0.0,0.0,0.0,0.0,0.0,East,Organic Search,4,Everyday Beauty Shoppers
C03053,3,282.19,94.063,10,0.15,0.0,0.667,0.0,0.0,0.0,0.333,0.667,0.0,West,Organic Search,2,Deal & Festive Shoppers
C03054,1,29.24,29.24,474,0.0,0.0,0.0,1.0,0.0,0.0,0.0,0.0,0.0,North,Paid Social,4,Everyday Beauty Shoppers
C03055,2,374.18,187.09,121,0.0,0.0,0.0,0.5,0.0,0.0,0.5,0.0,0.0,North,Marketplace,4,Everyday Beauty Shoppers
C03056,4,559.32,139.83,82,0.238,0.0,0.5,0.0,0.0,0.0,0.5,0.5,0.0,North,Referral,2,Deal & Festive Shoppers
C03057,1,161.62,161.62,163,0.1,0.0,0.0,0.0,0.0,0.0,1.0,0.0,0.0,North,Paid Social,1,Everyday Fashion Shoppers
C03058,2,370.82,185.41,545,0.025,0.0,0.0,0.5,0.0,0.0,0.0,0.5,0.0,East,Marketplace,0,Everyday Home & Kitchen Shoppers
C03059,1,238.62,238.62,444,0.05,0.0,0.0,0.0,0.0,1.0,0.0,0.0,0.0,West,Paid Social,3,Big-Ticket Tech Buyers
C03060,1,47.58,47.58,528,0.05,0.0,0.0,0.0,0.0,0.0,1.0,0.0,0.0,West,Paid Social,1,Everyday Fashion Shoppers
C03061,3,709.28,236.427,123,0.017,0.0,0.0,0.0,0.0,0.0,0.333,0.667,0.0,East,Organic Search,0,Everyday Home & Kitchen Shoppers
C03062,5,431.53,86.306,337,0.14,0.0,0.6,0.0,0.2,0.2,0.2,0.4,0.0,South,Email,2,Deal & Festive Shoppers
C03063,1,461.13,461.13,460,0.0,0.0,0.0,0.0,0.0,0.0,0.0,1.0,0.0,North,Email,0,Everyday Home & Kitchen Shoppers
C03064,4,633.96,158.49,323,0.075,0.0,0.0,0.0,0.25,0.0,0.25,0.5,0.0,South,Email,0,Everyday Home & Kitchen Shoppers
C03065,1,52.8,52.8,226,0.0,0.0,0.0,0.0,0.0,0.0,0.0,1.0,0.0,South,Paid Social,0,Everyday Home & Kitchen Shoppers
C03066,2,374.34,187.17,312,0.025,0.0,0.0,0.0,0.0,0.5,0.0,0.5,0.0,West,Paid Social,3,Big-Ticket Tech Buyers
C03067,1,87.64,87.64,143,0.1,0.0,0.0,1.0,0.0,0.0,0.0,0.0,0.0,South,Organic Search,4,Everyday Beauty Shoppers
C03068,3,736.05,245.35,43,0.1,0.0,0.667,0.0,0.0,0.0,0.333,0.667,0.0,North,Marketplace,2,Deal & Festive Shoppers
C03069,4,951.8,237.95,324,0.075,0.25,0.0,0.25,0.0,0.5,0.0,0.0,0.25,South,Organic Search,3,Big-Ticket Tech Buyers
C03070,4,1890.15,472.538,568,0.0,0.0,0.0,0.0,0.0,0.25,0.0,0.5,0.25,North,Referral,0,Everyday Home & Kitchen Shoppers
C03071,4,281.42,70.355,404,0.1,0.0,1.0,1.0,0.0,0.0,0.0,0.0,0.0,West,Email,4,Everyday Beauty Shoppers
C03072,5,330.42,66.084,241,0.08,0.0,0.8,0.4,0.0,0.0,0.2,0.0,0.4,North,Organic Search,2,Deal & Festive Shoppers
C03073,2,614.39,307.195,236,0.0,0.0,0.0,0.0,0.0,0.0,0.0,0.0,1.0,North,Paid Social,1,Everyday Fashion Shoppers
C03074,4,450.26,112.565,29,0.162,0.0,0.5,0.5,0.0,0.0,0.0,0.5,0.0,North,Organic Search,2,Deal & Festive Shoppers
C03075,2,391.47,195.735,285,0.0,0.0,0.0,0.5,0.0,0.0,0.0,0.5,0.0,West,Referral,0,Everyday Home & Kitchen Shoppers
C03076,1,127.62,127.62,201,0.0,0.0,0.0,0.0,0.0,0.0,1.0,0.0,0.0,East,Marketplace,1,Everyday Fashion Shoppers
C03077,1,252.09,252.09,638,0.0,1.0,0.0,0.0,0.0,0.0,1.0,0.0,0.0,East,Paid Social,1,Everyday Fashion Shoppers
C03078,1,20.57,20.57,156,0.1,0.0,0.0,0.0,0.0,0.0,1.0,0.0,0.0,South,Marketplace,1,Everyday Fashion Shoppers
C03079,1,57.81,57.81,573,0.2,0.0,0.0,0.0,0.0,0.0,0.0,1.0,0.0,North,Organic Search,0,Everyday Home & Kitchen Shoppers
C03080,2,104.86,52.43,399,0.3,1.0,1.0,0.0,0.0,0.0,0.0,1.0,0.0,West,Paid Social,2,Deal & Festive Shoppers
C03081,2,746.02,373.01,411,0.15,0.0,1.0,0.0,0.0,0.0,0.0,0.0,1.0,North,Marketplace,2,Deal & Festive Shoppers
C03082,2,532.78,266.39,120,0.025,0.0,0.0,0.0,0.0,0.0,0.5,0.0,0.5,North,Marketplace,1,Everyday Fashion Shoppers
C03083,1,97.44,97.44,529,0.0,0.0,0.0,1.0,0.0,0.0,0.0,0.0,0.0,East,Paid Social,4,Everyday Beauty Shoppers
C03084,3,113.82,37.94,452,0.033,0.0,0.0,0.333,0.667,0.0,0.0,0.0,0.0,North,Email,4,Everyday Beauty Shoppers
C03085,4,519.34,129.835,85,0.062,0.0,0.0,0.25,0.0,0.25,0.25,0.0,0.25,North,Marketplace,3,Big-Ticket Tech Buyers
C03086,2,239.07,119.535,465,0.0,0.0,0.0,0.5,0.0,0.0,0.5,0.0,0.0,West,Email,4,Everyday Beauty Shoppers
C03087,3,387.79,129.263,528,0.067,0.0,0.0,0.0,0.0,0.0,0.333,0.333,0.333,South,Referral,0,Everyday Home & Kitchen Shoppers
C03088,1,70.52,70.52,601,0.0,0.0,0.0,1.0,0.0,0.0,0.0,0.0,0.0,North,Organic Search,4,Everyday Beauty Shoppers
C03089,4,1261.66,315.415,391,0.175,0.25,0.5,0.0,0.0,0.5,0.25,0.25,0.0,South,Organic Search,3,Big-Ticket Tech Buyers
C03090,5,916.97,183.394,171,0.08,0.2,0.4,0.4,0.0,0.2,0.0,0.4,0.0,East,Referral,2,Deal & Festive Shoppers
C03091,3,425.07,141.69,227,0.117,0.0,0.333,0.0,0.0,0.0,0.667,0.333,0.0,North,Paid Social,2,Deal & Festive Shoppers
C03092,3,426.86,142.287,292,0.133,0.0,0.333,0.0,0.0,0.0,0.667,0.0,0.333,North,Organic Search,1,Everyday Fashion Shoppers
C03093,1,90.06,90.06,212,0.1,0.0,0.0,0.0,0.0,0.0,0.0,1.0,0.0,East,Organic Search,0,Everyday Home & Kitchen Shoppers
C03094,2,259.64,129.82,519,0.05,0.0,0.0,0.0,0.5,0.5,0.0,0.0,0.0,East,Paid Social,3,Big-Ticket Tech Buyers
C03095,1,193.09,193.09,85,0.15,0.0,0.0,0.0,0.0,0.0,0.0,0.0,1.0,West,Paid Social,1,Everyday Fashion Shoppers
C03096,2,395.39,197.695,94,0.0,0.0,0.0,0.0,0.0,0.0,0.5,0.5,0.0,South,Paid Social,0,Everyday Home & Kitchen Shoppers
C03097,3,592.9,197.633,334,0.1,0.0,0.0,0.333,0.0,0.0,0.333,0.333,0.0,North,Paid Social,0,Everyday Home & Kitchen Shoppers
C03098,6,682.52,113.753,378,0.1,0.333,0.667,0.0,0.0,0.333,0.167,0.333,0.167,East,Organic Search,2,Deal & Festive Shoppers
C03099,3,545.98,181.993,442,0.1,0.0,0.0,0.0,0.0,0.0,0.0,1.0,0.0,East,Marketplace,0,Everyday Home & Kitchen Shoppers
C03100,3,754.93,251.643,471,0.067,0.333,0.0,0.0,0.0,0.333,0.0,0.667,0.0,North,Referral,0,Everyday Home & Kitchen Shoppers
C03101,2,154.28,77.14,468,0.05,0.0,0.0,0.0,0.0,0.0,0.5,0.5,0.0,East,Organic Search,0,Everyday Home & Kitchen Shoppers
C03102,3,552.83,184.277,232,0.117,0.0,0.0,0.0,0.333,0.333,0.0,0.0,0.333,North,Paid Social,3,Big-Ticket Tech Buyers
C03103,3,227.76,75.92,638,0.067,0.0,0.0,0.333,0.0,0.0,0.333,0.0,0.333,West,Paid Social,4,Everyday Beauty Shoppers
C03104,5,806.27,161.254,236,0.11,0.0,0.4,0.0,0.0,0.0,0.4,0.6,0.0,West,Referral,2,Deal & Festive Shoppers
C03105,4,531.62,132.905,121,0.1,0.0,0.0,0.25,0.0,0.0,0.25,0.5,0.0,South,Referral,0,Everyday Home & Kitchen Shoppers
C03106,4,517.8,129.45,409,0.225,0.25,0.5,0.25,0.5,0.25,0.0,0.0,0.0,West,Referral,2,Deal & Festive Shoppers
C03107,1,902.06,902.06,116,0.0,0.0,0.0,0.0,0.0,1.0,0.0,0.0,0.0,West,Email,3,Big-Ticket Tech Buyers
C03108,1,143.34,143.34,468,0.0,0.0,0.0,0.0,0.0,0.0,1.0,0.0,0.0,North,Organic Search,1,Everyday Fashion Shoppers
C03109,1,605.99,605.99,98,0.1,0.0,0.0,0.0,0.0,0.0,0.0,0.0,1.0,South,Paid Social,1,Everyday Fashion Shoppers
C03110,4,2153.67,538.418,292,0.025,0.0,0.0,0.0,0.0,0.5,0.25,0.0,0.25,East,Organic Search,3,Big-Ticket Tech Buyers
C03111,1,44.39,44.39,351,0.0,0.0,0.0,1.0,0.0,0.0,0.0,0.0,0.0,North,Paid Social,4,Everyday Beauty Shoppers
C03112,1,142.0,142.0,186,0.0,0.0,0.0,0.0,0.0,0.0,0.0,0.0,1.0,South,Paid Social,1,Everyday Fashion Shoppers
C03113,6,1491.0,248.5,536,0.058,0.0,0.0,0.333,0.0,0.333,0.167,0.0,0.167,North,Email,3,Big-Ticket Tech Buyers
C03114,3,653.2,217.733,47,0.233,0.0,0.667,0.0,0.0,0.333,0.0,0.667,0.0,West,Organic Search,2,Deal & Festive Shoppers
C03115,4,1689.69,422.422,157,0.05,0.0,0.0,0.25,0.0,0.25,0.25,0.0,0.25,South,Referral,3,Big-Ticket Tech Buyers
C03116,2,113.2,56.6,366,0.2,1.0,1.0,0.0,0.0,0.0,1.0,0.0,0.0,East,Paid Social,2,Deal & Festive Shoppers
C03117,2,161.27,80.635,72,0.3,0.0,0.0,0.5,0.0,0.0,0.0,0.5,0.0,South,Paid Social,4,Everyday Beauty Shoppers
C03118,3,432.66,144.22,10,0.067,0.0,0.333,0.0,0.333,0.0,0.333,0.0,0.333,North,Email,2,Deal & Festive Shoppers
C03119,1,431.96,431.96,706,0.0,0.0,0.0,0.0,0.0,1.0,0.0,0.0,0.0,West,Organic Search,3,Big-Ticket Tech Buyers
C03120,1,148.03,148.03,116,0.0,0.0,0.0,0.0,0.0,0.0,0.0,1.0,0.0,North,Paid Social,0,Everyday Home & Kitchen Shoppers
C03121,1,361.89,361.89,284,0.0,0.0,0.0,0.0,0.0,0.0,1.0,0.0,0.0,North,Paid Social,1,Everyday Fashion Shoppers
C03122,2,43.66,21.83,20,0.2,0.0,1.0,1.0,0.0,0.0,0.0,0.0,0.0,South,Email,2,Deal & Festive Shoppers
C03123,5,1887.5,377.5,358,0.08,0.0,0.8,0.0,0.0,0.4,0.4,0.0,0.2,East,Organic Search,3,Big-Ticket Tech Buyers
C03124,1,586.24,586.24,284,0.0,0.0,0.0,0.0,0.0,1.0,0.0,0.0,0.0,South,Marketplace,3,Big-Ticket Tech Buyers
C03125,2,454.24,227.12,418,0.3,0.0,1.0,0.0,0.0,0.0,0.0,1.0,0.0,North,Marketplace,2,Deal & Festive Shoppers
C03126,1,100.04,100.04,90,0.0,0.0,0.0,1.0,0.0,0.0,0.0,0.0,0.0,South,Email,4,Everyday Beauty Shoppers
C03127,2,153.82,76.91,118,0.1,0.5,0.0,0.5,0.0,0.0,0.0,0.5,0.0,North,Organic Search,4,Everyday Beauty Shoppers
C03128,4,1566.96,391.74,43,0.125,0.0,0.5,0.5,0.0,0.5,0.0,0.0,0.0,North,Referral,3,Big-Ticket Tech Buyers
C03129,2,392.62,196.31,286,0.05,0.5,0.0,0.0,0.0,0.5,0.0,0.5,0.0,East,Organic Search,3,Big-Ticket Tech Buyers
C03130,2,438.33,219.165,94,0.025,0.5,0.0,0.0,0.0,0.0,0.5,0.5,0.0,North,Marketplace,0,Everyday Home & Kitchen Shoppers
C03131,1,161.27,161.27,466,0.0,0.0,0.0,0.0,0.0,0.0,0.0,1.0,0.0,South,Paid Social,0,Everyday Home & Kitchen Shoppers
C03132,4,866.34,216.585,398,0.2,0.0,1.0,0.0,0.0,0.0,0.5,0.5,0.0,East,Organic Search,2,Deal & Festive Shoppers
C03133,2,387.97,193.985,111,0.0,0.0,0.0,0.0,0.0,0.0,0.5,0.5,0.0,East,Paid Social,0,Everyday Home & Kitchen Shoppers
C03134,3,192.86,64.287,545,0.083,0.0,0.0,0.0,0.667,0.0,0.333,0.0,0.0,North,Email,1,Everyday Fashion Shoppers
C03135,2,376.62,188.31,181,0.0,0.5,0.0,0.5,0.0,0.0,0.0,0.5,0.0,South,Marketplace,0,Everyday Home & Kitchen Shoppers
C03136,3,496.97,165.657,529,0.033,0.0,0.0,0.333,0.0,0.0,0.333,0.0,0.333,North,Paid Social,1,Everyday Fashion Shoppers
C03137,2,177.59,88.795,301,0.075,0.0,0.0,0.0,0.0,0.0,0.5,0.5,0.0,West,Paid Social,0,Everyday Home & Kitchen Shoppers
C03138,5,1244.98,248.996,174,0.22,0.2,0.4,0.0,0.2,0.2,0.4,0.2,0.0,North,Email,2,Deal & Festive Shoppers
C03139,3,417.22,139.073,51,0.133,0.333,1.0,0.0,0.0,0.667,0.0,0.0,0.333,North,Marketplace,2,Deal & Festive Shoppers
C03140,4,530.73,132.682,73,0.062,0.25,0.25,0.0,0.0,0.0,0.5,0.25,0.25,South,Email,2,Deal & Festive Shoppers
C03141,1,596.7,596.7,386,0.15,0.0,1.0,0.0,0.0,1.0,0.0,0.0,0.0,North,Paid Social,3,Big-Ticket Tech Buyers
C03142,2,348.63,174.315,200,0.0,0.0,0.0,0.0,0.0,0.0,0.5,0.5,0.0,North,Referral,0,Everyday Home & Kitchen Shoppers
C03143,3,349.53,116.51,86,0.217,0.0,0.667,0.0,0.333,0.0,0.667,0.0,0.0,North,Marketplace,2,Deal & Festive Shoppers
C03144,1,372.91,372.91,316,0.15,0.0,0.0,0.0,0.0,0.0,0.0,0.0,1.0,East,Organic Search,1,Everyday Fashion Shoppers
C03145,2,72.59,36.295,163,0.15,0.0,0.0,0.5,0.5,0.0,0.0,0.0,0.0,East,Paid Social,4,Everyday Beauty Shoppers
C03146,2,637.87,318.935,227,0.0,0.0,0.0,0.0,0.0,0.0,0.0,1.0,0.0,East,Organic Search,0,Everyday Home & Kitchen Shoppers
C03147,1,74.51,74.51,272,0.0,0.0,0.0,0.0,0.0,0.0,0.0,0.0,1.0,East,Paid Social,1,Everyday Fashion Shoppers
C03148,3,407.07,135.69,67,0.033,0.333,0.0,0.0,0.0,0.333,0.667,0.0,0.0,South,Email,1,Everyday Fashion Shoppers
C03149,2,129.2,64.6,24,0.3,0.0,1.0,0.0,0.0,0.0,0.0,1.0,0.0,West,Organic Search,2,Deal & Festive Shoppers
C03150,1,31.32,31.32,644,0.0,0.0,0.0,0.0,1.0,0.0,0.0,0.0,0.0,East,Paid Social,1,Everyday Fashion Shoppers
C03151,3,346.24,115.413,82,0.0,0.333,0.0,0.0,0.333,0.0,0.667,0.0,0.0,West,Organic Search,1,Everyday Fashion Shoppers
C03152,3,256.29,85.43,472,0.1,0.0,0.0,0.333,0.0,0.0,0.0,0.667,0.0,East,Marketplace,0,Everyday Home & Kitchen Shoppers
C03153,2,314.89,157.445,437,0.0,0.0,0.0,0.5,0.0,0.0,0.0,0.5,0.0,South,Marketplace,0,Everyday Home & Kitchen Shoppers
C03154,1,241.44,241.44,167,0.0,0.0,0.0,0.0,0.0,0.0,0.0,0.0,1.0,South,Paid Social,1,Everyday Fashion Shoppers
C03155,3,142.39,47.463,505,0.1,0.0,0.0,0.0,0.667,0.0,0.333,0.0,0.0,South,Email,1,Everyday Fashion Shoppers
C03156,1,49.26,49.26,136,0.05,0.0,0.0,0.0,0.0,0.0,1.0,0.0,0.0,North,Organic Search,1,Everyday Fashion Shoppers
C03157,1,82.09,82.09,184,0.05,0.0,0.0,0.0,0.0,0.0,1.0,0.0,0.0,South,Marketplace,1,Everyday Fashion Shoppers
C03158,1,810.8,810.8,17,0.15,0.0,1.0,0.0,0.0,1.0,0.0,0.0,0.0,North,Email,3,Big-Ticket Tech Buyers
C03159,2,77.63,38.815,176,0.05,0.0,0.0,0.5,0.0,0.0,0.0,0.0,0.5,North,Organic Search,4,Everyday Beauty Shoppers
C03160,1,125.4,125.4,106,0.0,0.0,0.0,1.0,0.0,0.0,0.0,0.0,0.0,West,Marketplace,4,Everyday Beauty Shoppers
C03161,3,333.71,111.237,217,0.167,0.0,0.0,0.0,0.333,0.0,0.333,0.333,0.0,East,Organic Search,0,Everyday Home & Kitchen Shoppers
C03162,2,341.17,170.585,92,0.025,0.0,0.0,0.5,0.0,0.0,0.5,0.0,0.0,East,Referral,4,Everyday Beauty Shoppers
C03163,5,878.41,175.682,367,0.09,0.4,0.6,0.0,0.0,0.0,0.4,0.2,0.4,South,Organic Search,2,Deal & Festive Shoppers
C03164,7,551.83,78.833,360,0.093,0.286,0.429,0.429,0.143,0.0,0.143,0.286,0.0,East,Email,2,Deal & Festive Shoppers
C03165,3,953.82,317.94,284,0.033,0.0,0.0,0.333,0.0,0.333,0.0,0.0,0.333,West,Organic Search,3,Big-Ticket Tech Buyers
C03166,1,74.77,74.77,448,0.0,0.0,0.0,0.0,0.0,0.0,0.0,0.0,1.0,East,Organic Search,1,Everyday Fashion Shoppers
C03167,1,46.41,46.41,196,0.0,0.0,0.0,0.0,0.0,0.0,0.0,0.0,1.0,East,Paid Social,1,Everyday Fashion Shoppers
C03168,1,22.6,22.6,538,0.0,0.0,0.0,1.0,0.0,0.0,0.0,0.0,0.0,South,Marketplace,4,Everyday Beauty Shoppers
C03169,1,344.83,344.83,154,0.2,0.0,0.0,0.0,0.0,0.0,0.0,0.0,1.0,South,Organic Search,1,Everyday Fashion Shoppers
C03170,3,551.26,183.753,224,0.067,0.0,0.0,0.333,0.0,0.0,0.0,0.333,0.333,East,Referral,0,Everyday Home & Kitchen Shoppers
C03171,1,231.13,231.13,275,0.05,0.0,0.0,0.0,0.0,0.0,0.0,0.0,1.0,West,Paid Social,1,Everyday Fashion Shoppers
C03172,1,78.04,78.04,72,0.3,0.0,0.0,0.0,1.0,0.0,0.0,0.0,0.0,South,Marketplace,1,Everyday Fashion Shoppers
C03173,5,1118.65,223.73,65,0.08,0.0,0.4,0.4,0.0,0.2,0.2,0.2,0.0,South,Organic Search,2,Deal & Festive Shoppers
C03174,4,509.2,127.3,309,0.088,0.0,0.5,0.5,0.0,0.5,0.0,0.0,0.0,South,Referral,3,Big-Ticket Tech Buyers
C03175,2,130.12,65.06,35,0.2,0.0,1.0,0.0,0.0,0.0,1.0,0.0,0.0,South,Marketplace,2,Deal & Festive Shoppers
C03176,1,164.73,164.73,336,0.0,0.0,0.0,0.0,0.0,0.0,0.0,0.0,1.0,West,Paid Social,1,Everyday Fashion Shoppers
C03177,1,72.49,72.49,299,0.0,0.0,0.0,0.0,0.0,0.0,1.0,0.0,0.0,East,Paid Social,1,Everyday Fashion Shoppers
C03178,2,659.51,329.755,163,0.1,0.5,0.0,0.0,0.0,0.5,0.5,0.0,0.0,South,Marketplace,3,Big-Ticket Tech Buyers
C03179,1,35.93,35.93,571,0.0,1.0,0.0,0.0,0.0,0.0,1.0,0.0,0.0,South,Paid Social,1,Everyday Fashion Shoppers
C03180,3,585.53,195.177,70,0.117,0.333,0.0,0.333,0.0,0.667,0.0,0.0,0.0,South,Paid Social,3,Big-Ticket Tech Buyers
C03181,2,218.11,109.055,484,0.075,0.0,0.0,0.0,0.0,0.0,1.0,0.0,0.0,North,Paid Social,1,Everyday Fashion Shoppers
C03182,5,813.03,162.606,182,0.04,0.2,0.0,0.4,0.0,0.0,0.4,0.0,0.2,East,Email,4,Everyday Beauty Shoppers
C03183,2,501.39,250.695,186,0.175,0.5,0.0,0.0,0.0,0.5,0.5,0.0,0.0,West,Marketplace,3,Big-Ticket Tech Buyers
C03184,4,424.9,106.225,326,0.075,0.0,0.0,0.25,0.25,0.0,0.0,0.25,0.25,East,Referral,0,Everyday Home & Kitchen Shoppers
C03185,5,612.86,122.572,12,0.13,0.0,0.8,0.4,0.0,0.0,0.0,0.0,0.6,North,Referral,2,Deal & Festive Shoppers
C03186,1,898.2,898.2,58,0.2,1.0,1.0,0.0,0.0,1.0,0.0,0.0,0.0,East,Paid Social,3,Big-Ticket Tech Buyers
C03187,2,137.84,68.92,100,0.05,0.0,0.0,0.0,0.0,0.0,1.0,0.0,0.0,East,Organic Search,1,Everyday Fashion Shoppers
C03188,1,40.36,40.36,441,0.0,0.0,0.0,0.0,0.0,0.0,1.0,0.0,0.0,North,Organic Search,1,Everyday Fashion Shoppers
C03189,1,37.6,37.6,674,0.0,0.0,0.0,0.0,1.0,0.0,0.0,0.0,0.0,East,Organic Search,1,Everyday Fashion Shoppers
C03190,1,48.32,48.32,143,0.15,0.0,0.0,0.0,0.0,0.0,1.0,0.0,0.0,East,Organic Search,1,Everyday Fashion Shoppers
C03191,3,497.46,165.82,687,0.05,0.0,0.0,0.0,0.0,0.0,0.333,0.333,0.333,West,Referral,0,Everyday Home & Kitchen Shoppers
C03192,2,261.94,130.97,206,0.0,0.0,0.0,0.5,0.0,0.0,0.0,0.0,0.5,North,Organic Search,4,Everyday Beauty Shoppers
C03193,3,198.79,66.263,169,0.1,0.333,0.0,0.333,0.0,0.333,0.0,0.333,0.0,North,Organic Search,4,Everyday Beauty Shoppers
C03194,1,184.0,184.0,588,0.1,0.0,0.0,0.0,0.0,0.0,0.0,0.0,1.0,South,Paid Social,1,Everyday Fashion Shoppers
C03195,1,21.24,21.24,211,0.1,0.0,0.0,0.0,0.0,0.0,1.0,0.0,0.0,North,Organic Search,1,Everyday Fashion Shoppers
C03196,4,463.97,115.992,464,0.012,0.25,0.0,0.25,0.0,0.0,0.25,0.0,0.5,South,Organic Search,1,Everyday Fashion Shoppers
C03197,4,809.28,202.32,155,0.062,0.0,0.0,0.0,0.0,0.25,0.25,0.5,0.0,East,Organic Search,0,Everyday Home & Kitchen Shoppers
C03198,4,335.87,83.968,39,0.088,0.0,0.5,0.5,0.25,0.0,0.0,0.0,0.25,North,Organic Search,2,Deal & Festive Shoppers
C03199,2,601.08,300.54,28,0.1,0.0,1.0,0.0,0.0,0.0,1.0,0.0,0.0,South,Paid Social,2,Deal & Festive Shoppers
C03200,2,181.24,90.62,496,0.075,0.0,0.0,0.0,0.0,0.0,0.0,1.0,0.0,West,Email,0,Everyday Home & Kitchen Shoppers
C03201,2,532.79,266.395,27,0.05,0.0,0.5,0.0,0.0,0.0,0.0,0.5,0.5,East,Marketplace,2,Deal & Festive Shoppers
C03202,1,81.54,81.54,81,0.2,0.0,0.0,1.0,0.0,0.0,0.0,0.0,0.0,South,Email,4,Everyday Beauty Shoppers
C03203,2,832.16,416.08,160,0.0,0.5,0.0,0.0,0.0,0.5,0.5,0.0,0.0,East,Referral,3,Big-Ticket Tech Buyers
C03204,1,124.02,124.02,624,0.0,0.0,0.0,0.0,0.0,0.0,0.0,1.0,0.0,North,Marketplace,0,Everyday Home & Kitchen Shoppers
C03205,4,220.42,55.105,119,0.05,0.0,0.5,0.0,0.0,0.0,0.75,0.25,0.0,North,Paid Social,2,Deal & Festive Shoppers
C03206,5,696.3,139.26,58,0.07,0.2,0.4,0.2,0.4,0.0,0.0,0.4,0.0,East,Referral,2,Deal & Festive Shoppers
C03207,2,820.04,410.02,15,0.15,0.0,1.0,0.0,0.0,0.0,0.0,0.0,1.0,South,Paid Social,2,Deal & Festive Shoppers
C03208,1,28.43,28.43,160,0.0,0.0,0.0,0.0,1.0,0.0,0.0,0.0,0.0,South,Paid Social,1,Everyday Fashion Shoppers
C03209,2,575.04,287.52,419,0.3,0.0,1.0,0.0,0.0,0.0,0.0,0.0,1.0,North,Paid Social,2,Deal & Festive Shoppers
C03210,1,179.02,179.02,548,0.0,0.0,0.0,0.0,0.0,0.0,1.0,0.0,0.0,West,Organic Search,1,Everyday Fashion Shoppers
C03211,3,626.19,208.73,37,0.2,0.0,1.0,0.333,0.0,0.667,0.0,0.0,0.0,North,Email,2,Deal & Festive Shoppers
C03212,1,133.12,133.12,532,0.0,0.0,0.0,0.0,0.0,0.0,1.0,0.0,0.0,East,Organic Search,1,Everyday Fashion Shoppers
C03213,4,1098.98,274.745,250,0.1,0.0,0.0,0.25,0.5,0.25,0.0,0.0,0.0,South,Email,3,Big-Ticket Tech Buyers
C03214,1,25.76,25.76,42,0.15,0.0,1.0,0.0,1.0,0.0,0.0,0.0,0.0,East,Marketplace,2,Deal & Festive Shoppers
C03215,1,307.08,307.08,338,0.0,0.0,0.0,0.0,0.0,0.0,0.0,1.0,0.0,North,Paid Social,0,Everyday Home & Kitchen Shoppers
C03216,2,341.73,170.865,466,0.1,0.5,0.0,0.0,0.0,0.5,0.5,0.0,0.0,North,Organic Search,3,Big-Ticket Tech Buyers
C03217,3,225.22,75.073,376,0.133,0.0,0.333,0.0,0.333,0.0,0.0,0.333,0.333,East,Paid Social,0,Everyday Home & Kitchen Shoppers
C03218,2,85.06,42.53,413,0.3,0.0,1.0,0.0,1.0,0.0,0.0,0.0,0.0,East,Paid Social,2,Deal & Festive Shoppers
C03219,3,331.31,110.437,14,0.267,0.0,1.0,0.0,0.333,0.0,0.667,0.0,0.0,North,Marketplace,2,Deal & Festive Shoppers
C03220,5,398.32,79.664,142,0.05,0.2,0.4,0.2,0.0,0.0,0.2,0.4,0.2,South,Email,2,Deal & Festive Shoppers
C03221,1,47.98,47.98,236,0.0,0.0,0.0,1.0,0.0,0.0,0.0,0.0,0.0,South,Email,4,Everyday Beauty Shoppers
C03222,3,1002.09,334.03,434,0.067,0.333,0.0,0.0,0.333,0.333,0.0,0.0,0.333,North,Paid Social,3,Big-Ticket Tech Buyers
C03223,2,746.71,373.355,105,0.05,0.0,0.0,0.0,0.5,0.0,0.0,0.0,0.5,East,Email,1,Everyday Fashion Shoppers
C03224,2,296.28,148.14,120,0.0,0.0,0.0,0.0,0.0,0.0,1.0,0.0,0.0,North,Email,1,Everyday Fashion Shoppers
C03225,1,81.62,81.62,306,0.0,1.0,0.0,0.0,0.0,0.0,0.0,1.0,0.0,East,Organic Search,0,Everyday Home & Kitchen Shoppers
C03226,1,156.24,156.24,187,0.05,0.0,0.0,0.0,0.0,0.0,0.0,1.0,0.0,North,Organic Search,0,Everyday Home & Kitchen Shoppers
C03227,1,85.14,85.14,307,0.2,0.0,0.0,0.0,0.0,0.0,0.0,1.0,0.0,South,Organic Search,0,Everyday Home & Kitchen Shoppers
C03228,1,300.56,300.56,463,0.1,0.0,0.0,0.0,0.0,0.0,0.0,1.0,0.0,South,Paid Social,0,Everyday Home & Kitchen Shoppers
C03229,2,143.48,71.74,172,0.05,0.0,0.0,0.0,0.5,0.0,0.0,0.5,0.0,South,Marketplace,0,Everyday Home & Kitchen Shoppers
C03230,2,195.72,97.86,117,0.15,0.0,0.0,0.0,0.0,0.0,0.5,0.5,0.0,South,Referral,0,Everyday Home & Kitchen Shoppers
C03231,1,110.67,110.67,131,0.1,0.0,0.0,0.0,0.0,0.0,0.0,0.0,1.0,West,Paid Social,1,Everyday Fashion Shoppers
C03232,4,658.54,164.635,183,0.075,0.0,0.5,0.0,0.0,0.0,0.0,0.75,0.25,South,Marketplace,0,Everyday Home & Kitchen Shoppers
C03233,2,87.61,43.805,200,0.05,0.0,0.0,0.0,1.0,0.0,0.0,0.0,0.0,West,Organic Search,1,Everyday Fashion Shoppers
C03234,1,43.43,43.43,709,0.0,0.0,0.0,0.0,0.0,0.0,0.0,1.0,0.0,North,Organic Search,0,Everyday Home & Kitchen Shoppers
C03235,3,417.95,139.317,190,0.167,0.0,0.0,0.0,0.0,0.667,0.0,0.0,0.333,South,Marketplace,3,Big-Ticket Tech Buyers
C03236,1,206.41,206.41,320,0.1,0.0,0.0,0.0,0.0,0.0,0.0,0.0,1.0,North,Marketplace,1,Everyday Fashion Shoppers
C03237,2,377.52,188.76,461,0.15,0.0,0.0,0.0,0.0,0.5,0.0,0.5,0.0,South,Email,3,Big-Ticket Tech Buyers
C03238,1,61.01,61.01,28,0.2,0.0,1.0,0.0,0.0,0.0,0.0,1.0,0.0,East,Organic Search,2,Deal & Festive Shoppers
C03239,1,142.22,142.22,110,0.0,0.0,0.0,0.0,0.0,0.0,1.0,0.0,0.0,West,Marketplace,1,Everyday Fashion Shoppers
C03240,4,637.36,159.34,640,0.088,0.0,0.0,0.5,0.0,0.0,0.0,0.0,0.5,East,Email,4,Everyday Beauty Shoppers
C03241,2,235.27,117.635,561,0.075,0.0,0.0,0.0,0.5,0.0,0.0,0.5,0.0,East,Email,0,Everyday Home & Kitchen Shoppers
C03242,4,487.91,121.977,454,0.062,0.0,0.0,0.5,0.0,0.25,0.25,0.0,0.0,North,Organic Search,4,Everyday Beauty Shoppers
C03243,1,156.24,156.24,97,0.0,0.0,0.0,0.0,0.0,0.0,0.0,0.0,1.0,North,Paid Social,1,Everyday Fashion Shoppers
C03244,3,549.45,183.15,112,0.017,0.333,0.0,0.0,0.0,0.0,0.333,0.333,0.333,East,Marketplace,0,Everyday Home & Kitchen Shoppers
C03245,1,83.04,83.04,205,0.0,0.0,0.0,0.0,0.0,0.0,0.0,0.0,1.0,North,Marketplace,1,Everyday Fashion Shoppers
C03246,2,346.14,173.07,40,0.15,0.0,0.5,0.0,0.5,0.0,0.0,0.0,0.5,North,Referral,2,Deal & Festive Shoppers
C03247,2,988.63,494.315,114,0.05,0.0,0.0,0.0,0.0,0.5,0.0,0.5,0.0,West,Paid Social,3,Big-Ticket Tech Buyers
C03248,4,471.8,117.95,417,0.225,0.0,0.5,0.0,0.0,0.25,0.0,0.75,0.0,West,Email,2,Deal & Festive Shoppers
C03249,3,211.15,70.383,409,0.067,0.0,0.667,0.333,0.667,0.0,0.0,0.0,0.0,East,Paid Social,4,Everyday Beauty Shoppers
C03250,2,186.37,93.185,339,0.05,0.0,0.0,0.0,0.5,0.0,0.0,0.5,0.0,South,Paid Social,0,Everyday Home & Kitchen Shoppers
C03251,2,682.62,341.31,256,0.0,0.0,0.0,0.0,0.0,0.5,0.0,0.5,0.0,West,Organic Search,3,Big-Ticket Tech Buyers
C03252,2,73.24,36.62,89,0.1,0.0,0.0,0.5,0.5,0.0,0.0,0.0,0.0,North,Organic Search,4,Everyday Beauty Shoppers
C03253,2,416.59,208.295,543,0.075,0.0,0.0,0.0,0.0,0.0,0.5,0.5,0.0,South,Email,0,Everyday Home & Kitchen Shoppers
C03254,4,292.49,73.122,211,0.125,0.0,0.25,0.25,0.0,0.0,0.25,0.0,0.5,South,Organic Search,2,Deal & Festive Shoppers
C03255,1,31.36,31.36,560,0.0,0.0,0.0,0.0,1.0,0.0,0.0,0.0,0.0,West,Organic Search,1,Everyday Fashion Shoppers
C03256,2,205.46,102.73,561,0.0,0.0,0.0,0.0,0.0,0.0,0.5,0.5,0.0,West,Marketplace,0,Everyday Home & Kitchen Shoppers
C03257,5,1661.61,332.322,413,0.11,0.2,0.4,0.2,0.0,0.4,0.0,0.2,0.2,East,Email,3,Big-Ticket Tech Buyers
C03258,2,263.83,131.915,574,0.1,0.0,0.0,0.5,0.0,0.0,0.5,0.0,0.0,North,Organic Search,4,Everyday Beauty Shoppers
C03259,1,703.82,703.82,326,0.05,0.0,0.0,0.0,0.0,1.0,0.0,0.0,0.0,South,Paid Social,3,Big-Ticket Tech Buyers
C03260,7,3097.25,442.464,20,0.171,0.0,0.571,0.0,0.143,0.429,0.0,0.0,0.429,North,Email,2,Deal & Festive Shoppers
C03261,2,428.54,214.27,261,0.05,0.0,0.0,0.0,0.0,0.0,0.0,1.0,0.0,West,Paid Social,0,Everyday Home & Kitchen Shoppers
C03262,3,294.09,98.03,222,0.133,0.0,0.667,1.0,0.0,0.0,0.0,0.0,0.0,North,Paid Social,4,Everyday Beauty Shoppers
C03263,1,129.28,129.28,204,0.0,0.0,0.0,0.0,0.0,0.0,1.0,0.0,0.0,North,Paid Social,1,Everyday Fashion Shoppers
C03264,1,70.32,70.32,110,0.0,0.0,0.0,0.0,1.0,0.0,0.0,0.0,0.0,East,Organic Search,1,Everyday Fashion Shoppers
C03265,5,1956.05,391.21,83,0.04,0.0,0.0,0.0,0.0,0.2,0.2,0.6,0.0,South,Email,0,Everyday Home & Kitchen Shoppers
C03266,2,148.05,74.025,253,0.075,0.0,0.0,0.5,0.0,0.0,0.0,0.5,0.0,West,Organic Search,4,Everyday Beauty Shoppers
C03267,1,39.92,39.92,205,0.2,0.0,0.0,0.0,0.0,0.0,1.0,0.0,0.0,North,Paid Social,1,Everyday Fashion Shoppers
C03268,2,72.46,36.23,169,0.05,0.0,0.0,0.5,0.5,0.0,0.0,0.0,0.0,West,Organic Search,4,Everyday Beauty Shoppers
C03269,3,363.73,121.243,331,0.033,0.0,0.0,0.333,0.0,0.0,0.0,0.333,0.333,North,Organic Search,0,Everyday Home & Kitchen Shoppers
C03270,2,139.56,69.78,30,0.3,0.0,1.0,0.0,0.0,0.0,0.0,1.0,0.0,North,Organic Search,2,Deal & Festive Shoppers
C03271,2,1011.59,505.795,559,0.025,0.0,0.0,0.0,0.5,0.5,0.0,0.0,0.0,South,Marketplace,3,Big-Ticket Tech Buyers
C03272,2,1307.77,653.885,105,0.025,0.0,0.0,0.0,0.0,0.5,0.0,0.0,0.5,North,Organic Search,3,Big-Ticket Tech Buyers
C03273,3,883.11,294.37,101,0.033,0.0,0.0,0.0,0.0,0.0,0.333,0.333,0.333,East,Organic Search,0,Everyday Home & Kitchen Shoppers
C03274,7,796.24,113.749,13,0.2,0.143,0.714,0.429,0.286,0.143,0.143,0.0,0.0,North,Organic Search,2,Deal & Festive Shoppers
C03275,2,209.93,104.965,443,0.15,0.0,0.0,0.0,0.5,0.0,0.0,0.5,0.0,North,Email,0,Everyday Home & Kitchen Shoppers
C03276,1,280.46,280.46,83,0.0,0.0,0.0,0.0,0.0,1.0,0.0,0.0,0.0,East,Paid Social,3,Big-Ticket Tech Buyers
C03277,1,595.4,595.4,670,0.15,0.0,0.0,0.0,0.0,0.0,0.0,0.0,1.0,North,Marketplace,1,Everyday Fashion Shoppers
C03278,4,2725.13,681.282,401,0.162,0.0,0.5,0.25,0.0,0.75,0.0,0.0,0.0,East,Referral,3,Big-Ticket Tech Buyers
C03279,2,80.54,40.27,34,0.2,1.0,1.0,0.0,1.0,0.0,0.0,0.0,0.0,East,Paid Social,2,Deal & Festive Shoppers
C03280,2,415.53,207.765,78,0.0,0.0,0.0,0.0,0.0,0.0,0.5,0.0,0.5,North,Referral,1,Everyday Fashion Shoppers
C03281,4,450.47,112.618,415,0.25,0.0,0.5,0.0,0.25,0.0,0.75,0.0,0.0,East,Organic Search,2,Deal & Festive Shoppers
C03282,2,44.58,22.29,187,0.05,0.0,0.0,0.5,0.5,0.0,0.0,0.0,0.0,North,Marketplace,4,Everyday Beauty Shoppers
C03283,1,93.81,93.81,34,0.3,0.0,1.0,0.0,0.0,0.0,1.0,0.0,0.0,South,Marketplace,2,Deal & Festive Shoppers
C03284,3,590.36,196.787,624,0.083,0.0,0.0,0.333,0.0,0.333,0.0,0.333,0.0,North,Organic Search,3,Big-Ticket Tech Buyers
C03285,3,481.38,160.46,421,0.167,0.0,0.667,0.0,0.0,0.0,0.667,0.333,0.0,West,Referral,2,Deal & Festive Shoppers
C03286,2,87.8,43.9,379,0.225,0.0,1.0,0.5,0.0,0.0,0.0,0.5,0.0,East,Organic Search,2,Deal & Festive Shoppers
C03287,4,391.16,97.79,386,0.088,0.0,0.5,0.0,0.0,0.0,0.25,0.25,0.5,East,Paid Social,2,Deal & Festive Shoppers
C03288,2,622.61,311.305,553,0.1,0.5,0.0,0.0,0.0,0.0,0.5,0.0,0.5,West,Email,1,Everyday Fashion Shoppers
C03289,1,513.49,513.49,609,0.15,0.0,0.0,0.0,0.0,1.0,0.0,0.0,0.0,South,Marketplace,3,Big-Ticket Tech Buyers
C03290,3,332.9,110.967,174,0.15,0.0,0.0,0.333,0.0,0.0,0.333,0.0,0.333,West,Paid Social,4,Everyday Beauty Shoppers
C03291,2,90.66,45.33,362,0.05,0.0,0.0,0.5,0.0,0.0,0.5,0.0,0.0,East,Email,4,Everyday Beauty Shoppers
C03292,5,703.65,140.73,223,0.17,0.2,0.4,0.0,0.0,0.0,0.4,0.2,0.4,West,Email,2,Deal & Festive Shoppers
C03293,1,375.6,375.6,561,0.1,0.0,0.0,0.0,0.0,0.0,0.0,1.0,0.0,West,Organic Search,0,Everyday Home & Kitchen Shoppers
C03294,4,521.75,130.438,305,0.1,0.0,0.5,0.0,0.5,0.0,0.0,0.25,0.25,West,Referral,2,Deal & Festive Shoppers
C03295,1,180.82,180.82,593,0.3,0.0,0.0,0.0,0.0,1.0,0.0,0.0,0.0,North,Referral,3,Big-Ticket Tech Buyers
C03296,3,343.15,114.383,140,0.167,0.0,0.0,0.333,0.0,0.0,0.333,0.333,0.0,East,Email,0,Everyday Home & Kitchen Shoppers
C03297,3,149.98,49.993,321,0.05,0.0,0.0,0.667,0.0,0.0,0.0,0.333,0.0,West,Marketplace,4,Everyday Beauty Shoppers
C03298,1,199.78,199.78,85,0.2,0.0,0.0,0.0,0.0,0.0,1.0,0.0,0.0,East,Organic Search,1,Everyday Fashion Shoppers
C03299,4,1185.62,296.405,113,0.1,0.0,0.0,0.0,0.0,0.0,0.5,0.25,0.25,North,Organic Search,0,Everyday Home & Kitchen Shoppers
C03300,2,389.34,194.67,138,0.15,0.0,0.0,0.0,0.0,0.0,0.5,0.5,0.0,West,Organic Search,0,Everyday Home & Kitchen Shoppers
C03301,2,129.94,64.97,261,0.025,0.0,0.0,0.0,0.5,0.0,0.0,0.5,0.0,North,Organic Search,0,Everyday Home & Kitchen Shoppers
C03302,1,652.35,652.35,541,0.0,0.0,0.0,0.0,0.0,0.0,0.0,0.0,1.0,South,Paid Social,1,Everyday Fashion Shoppers
C03303,1,11.56,11.56,292,0.0,0.0,0.0,0.0,1.0,0.0,0.0,0.0,0.0,East,Marketplace,1,Everyday Fashion Shoppers
C03304,2,915.75,457.875,118,0.075,0.0,0.0,0.5,0.0,0.5,0.0,0.0,0.0,North,Paid Social,3,Big-Ticket Tech Buyers
C03305,4,788.0,197.0,361,0.088,0.0,0.5,0.0,0.25,0.0,0.25,0.5,0.0,East,Referral,0,Everyday Home & Kitchen Shoppers
C03306,3,156.44,52.147,426,0.233,0.0,0.667,0.0,0.0,0.0,0.333,0.667,0.0,North,Paid Social,2,Deal & Festive Shoppers
C03307,1,124.57,124.57,520,0.0,0.0,0.0,0.0,0.0,0.0,0.0,1.0,0.0,East,Paid Social,0,Everyday Home & Kitchen Shoppers
C03308,1,712.41,712.41,624,0.0,0.0,0.0,0.0,0.0,1.0,0.0,0.0,0.0,West,Marketplace,3,Big-Ticket Tech Buyers
C03309,4,357.13,89.282,591,0.112,0.0,0.0,0.25,0.0,0.0,0.5,0.25,0.0,South,Referral,1,Everyday Fashion Shoppers
C03310,1,56.64,56.64,62,0.0,0.0,0.0,1.0,0.0,0.0,0.0,0.0,0.0,East,Paid Social,4,Everyday Beauty Shoppers
C03311,3,411.42,137.14,109,0.1,0.0,0.333,0.0,0.333,0.0,0.333,0.0,0.333,North,Marketplace,2,Deal & Festive Shoppers
C03312,1,179.93,179.93,436,0.15,0.0,0.0,0.0,0.0,0.0,0.0,0.0,1.0,West,Paid Social,1,Everyday Fashion Shoppers
C03313,1,32.62,32.62,67,0.0,0.0,0.0,0.0,1.0,0.0,0.0,0.0,0.0,West,Organic Search,1,Everyday Fashion Shoppers
C03314,3,2030.1,676.7,172,0.033,0.0,0.0,0.333,0.0,0.667,0.0,0.0,0.0,North,Paid Social,3,Big-Ticket Tech Buyers
C03315,3,202.8,67.6,378,0.2,0.0,0.667,0.0,0.333,0.333,0.0,0.333,0.0,East,Email,2,Deal & Festive Shoppers
C03316,1,100.42,100.42,121,0.1,0.0,0.0,1.0,0.0,0.0,0.0,0.0,0.0,East,Paid Social,4,Everyday Beauty Shoppers
C03317,1,105.02,105.02,272,0.0,0.0,0.0,0.0,0.0,0.0,1.0,0.0,0.0,East,Marketplace,1,Everyday Fashion Shoppers
C03318,2,620.84,310.42,337,0.025,0.0,0.0,0.0,0.0,0.5,0.5,0.0,0.0,East,Paid Social,3,Big-Ticket Tech Buyers
C03319,1,29.63,29.63,533,0.0,0.0,0.0,0.0,0.0,0.0,1.0,0.0,0.0,South,Paid Social,1,Everyday Fashion Shoppers
C03320,1,269.98,269.98,699,0.15,0.0,0.0,0.0,0.0,0.0,0.0,1.0,0.0,East,Marketplace,0,Everyday Home & Kitchen Shoppers
C03321,1,93.06,93.06,659,0.0,0.0,0.0,0.0,0.0,0.0,1.0,0.0,0.0,North,Paid Social,1,Everyday Fashion Shoppers
C03322,1,543.75,543.75,611,0.0,0.0,0.0,0.0,0.0,1.0,0.0,0.0,0.0,South,Paid Social,3,Big-Ticket Tech Buyers
C03323,3,801.4,267.133,25,0.2,0.0,0.667,0.0,0.333,0.667,0.0,0.0,0.0,West,Organic Search,2,Deal & Festive Shoppers
C03324,2,835.3,417.65,228,0.1,0.0,0.0,0.5,0.0,0.5,0.0,0.0,0.0,North,Paid Social,3,Big-Ticket Tech Buyers
C03325,2,119.06,59.53,424,0.3,0.0,1.0,0.0,0.0,0.0,0.0,0.0,1.0,East,Paid Social,2,Deal & Festive Shoppers
C03326,1,707.94,707.94,164,0.3,0.0,0.0,0.0,0.0,1.0,0.0,0.0,0.0,North,Organic Search,3,Big-Ticket Tech Buyers
C03327,3,242.7,80.9,517,0.0,0.333,0.0,0.667,0.0,0.0,0.0,0.0,0.333,West,Referral,4,Everyday Beauty Shoppers
C03328,4,165.11,41.277,339,0.125,0.0,0.5,0.25,0.5,0.0,0.25,0.0,0.0,East,Organic Search,2,Deal & Festive Shoppers
C03329,4,747.77,186.942,126,0.025,0.0,0.0,0.0,0.0,0.0,0.5,0.5,0.0,South,Organic Search,0,Everyday Home & Kitchen Shoppers
C03330,2,218.27,109.135,66,0.0,0.0,0.0,0.0,0.5,0.0,0.0,0.0,0.5,North,Referral,1,Everyday Fashion Shoppers
C03331,2,154.6,77.3,104,0.0,0.0,0.0,0.0,0.5,0.0,0.0,0.5,0.0,South,Organic Search,0,Everyday Home & Kitchen Shoppers
C03332,2,212.84,106.42,122,0.125,0.0,0.0,0.5,0.0,0.5,0.0,0.0,0.0,West,Referral,4,Everyday Beauty Shoppers
C03333,4,592.6,148.15,386,0.2,0.0,0.5,0.5,0.25,0.0,0.0,0.25,0.0,East,Email,2,Deal & Festive Shoppers
C03334,1,116.14,116.14,128,0.1,0.0,0.0,0.0,0.0,0.0,1.0,0.0,0.0,South,Paid Social,1,Everyday Fashion Shoppers
C03335,2,202.34,101.17,638,0.0,0.0,0.0,0.5,0.0,0.5,0.0,0.0,0.0,East,Organic Search,4,Everyday Beauty Shoppers
C03336,1,186.18,186.18,557,0.0,0.0,0.0,0.0,0.0,0.0,1.0,0.0,0.0,South,Paid Social,1,Everyday Fashion Shoppers
C03337,4,1250.12,312.53,43,0.1,0.25,0.5,0.0,0.25,0.25,0.25,0.25,0.0,South,Organic Search,2,Deal & Festive Shoppers
C03338,1,43.42,43.42,681,0.0,0.0,0.0,0.0,0.0,0.0,0.0,1.0,0.0,South,Paid Social,0,Everyday Home & Kitchen Shoppers
C03339,2,186.25,93.125,68,0.15,0.0,0.0,0.0,0.0,0.0,0.0,0.0,1.0,North,Email,1,Everyday Fashion Shoppers
C03340,1,294.0,294.0,108,0.2,0.0,0.0,0.0,0.0,0.0,0.0,1.0,0.0,East,Referral,0,Everyday Home & Kitchen Shoppers
C03341,1,51.01,51.01,352,0.1,0.0,0.0,1.0,0.0,0.0,0.0,0.0,0.0,West,Paid Social,4,Everyday Beauty Shoppers
C03342,3,414.39,138.13,446,0.067,0.0,0.0,0.333,0.333,0.0,0.333,0.0,0.0,West,Marketplace,1,Everyday Fashion Shoppers
C03343,3,180.12,60.04,352,0.05,0.0,0.0,0.0,0.667,0.0,0.333,0.0,0.0,West,Organic Search,1,Everyday Fashion Shoppers
C03344,2,177.29,88.645,255,0.075,0.0,0.0,0.5,0.0,0.0,0.5,0.0,0.0,South,Marketplace,4,Everyday Beauty Shoppers
C03345,3,586.06,195.353,251,0.083,0.0,0.0,0.0,0.0,0.0,0.667,0.333,0.0,South,Email,1,Everyday Fashion Shoppers
C03346,1,111.57,111.57,192,0.3,0.0,0.0,0.0,0.0,0.0,1.0,0.0,0.0,East,Paid Social,1,Everyday Fashion Shoppers
C03347,1,403.05,403.05,302,0.05,0.0,0.0,0.0,0.0,0.0,0.0,0.0,1.0,West,Organic Search,1,Everyday Fashion Shoppers
C03348,2,131.36,65.68,586,0.0,0.0,0.0,0.0,0.5,0.0,0.5,0.0,0.0,East,Organic Search,1,Everyday Fashion Shoppers
C03349,2,122.98,61.49,533,0.0,0.0,0.0,0.5,0.0,0.0,0.0,0.5,0.0,South,Marketplace,4,Everyday Beauty Shoppers
C03350,1,61.08,61.08,181,0.0,1.0,0.0,1.0,0.0,0.0,0.0,0.0,0.0,East,Organic Search,4,Everyday Beauty Shoppers
C03351,2,113.3,56.65,39,0.175,0.0,0.5,0.0,0.5,0.0,0.5,0.0,0.0,East,Marketplace,2,Deal & Festive Shoppers
C03352,3,210.29,70.097,15,0.133,0.0,0.667,0.333,0.667,0.0,0.0,0.0,0.0,West,Paid Social,2,Deal & Festive Shoppers
C03353,2,375.26,187.63,234,0.0,0.0,0.0,0.0,0.0,0.0,0.0,0.5,0.5,East,Paid Social,0,Everyday Home & Kitchen Shoppers
C03354,3,122.37,40.79,35,0.067,0.0,0.667,0.0,0.0,0.0,0.333,0.667,0.0,South,Referral,2,Deal & Festive Shoppers
C03355,1,180.25,180.25,39,0.15,0.0,1.0,0.0,0.0,0.0,1.0,0.0,0.0,North,Organic Search,2,Deal & Festive Shoppers
C03356,3,365.0,121.667,408,0.233,0.0,1.0,0.0,0.333,0.0,0.0,0.0,0.667,South,Paid Social,2,Deal & Festive Shoppers
C03357,6,597.98,99.663,201,0.233,0.0,0.5,0.167,0.167,0.0,0.0,0.667,0.0,South,Marketplace,2,Deal & Festive Shoppers
C03358,1,91.02,91.02,117,0.0,0.0,0.0,0.0,0.0,0.0,0.0,1.0,0.0,West,Organic Search,0,Everyday Home & Kitchen Shoppers
C03359,2,70.58,35.29,576,0.0,0.0,0.0,0.5,0.0,0.0,0.5,0.0,0.0,East,Marketplace,4,Everyday Beauty Shoppers
C03360,2,213.65,106.825,295,0.075,0.0,0.0,0.0,0.0,0.0,0.0,0.5,0.5,South,Marketplace,0,Everyday Home & Kitchen Shoppers
C03361,1,75.06,75.06,28,0.15,0.0,1.0,0.0,0.0,0.0,1.0,0.0,0.0,South,Organic Search,2,Deal & Festive Shoppers
C03362,2,115.08,57.54,185,0.1,0.5,0.0,0.0,0.0,0.0,1.0,0.0,0.0,East,Paid Social,1,Everyday Fashion Shoppers
C03363,1,365.2,365.2,688,0.2,0.0,0.0,0.0,0.0,0.0,0.0,0.0,1.0,East,Organic Search,1,Everyday Fashion Shoppers
C03364,3,579.19,193.063,102,0.05,0.0,0.0,0.0,0.0,0.0,0.667,0.333,0.0,North,Referral,1,Everyday Fashion Shoppers
C03365,1,169.47,169.47,618,0.05,0.0,0.0,0.0,0.0,0.0,0.0,1.0,0.0,West,Marketplace,0,Everyday Home & Kitchen Shoppers
C03366,3,839.2,279.733,42,0.2,0.0,0.667,0.0,0.0,0.333,0.0,0.667,0.0,South,Marketplace,2,Deal & Festive Shoppers
C03367,2,160.69,80.345,164,0.05,0.0,0.0,0.0,0.5,0.0,0.0,0.5,0.0,South,Marketplace,0,Everyday Home & Kitchen Shoppers
C03368,1,94.03,94.03,516,0.0,0.0,0.0,0.0,0.0,0.0,1.0,0.0,0.0,North,Organic Search,1,Everyday Fashion Shoppers
C03369,2,926.98,463.49,168,0.225,0.0,0.5,0.0,0.0,1.0,0.0,0.0,0.0,East,Paid Social,3,Big-Ticket Tech Buyers
C03370,2,156.24,78.12,568,0.05,0.0,0.0,0.0,0.0,0.5,0.0,0.5,0.0,East,Organic Search,0,Everyday Home & Kitchen Shoppers
C03371,3,131.19,43.73,11,0.15,0.0,1.0,0.0,0.667,0.0,0.333,0.0,0.0,West,Marketplace,2,Deal & Festive Shoppers
C03372,4,1978.49,494.622,411,0.138,0.0,0.5,0.0,0.0,0.25,0.25,0.5,0.0,North,Organic Search,3,Big-Ticket Tech Buyers
C03373,3,1801.04,600.347,248,0.133,0.0,0.0,0.0,0.0,0.333,0.333,0.333,0.0,West,Organic Search,3,Big-Ticket Tech Buyers
C03374,4,340.51,85.128,195,0.162,0.0,0.5,0.0,0.25,0.0,0.25,0.5,0.0,East,Organic Search,2,Deal & Festive Shoppers
C03375,1,634.04,634.04,246,0.0,1.0,0.0,0.0,0.0,1.0,0.0,0.0,0.0,South,Organic Search,3,Big-Ticket Tech Buyers
C03376,3,141.89,47.297,287,0.2,0.333,0.667,0.0,0.667,0.0,0.333,0.0,0.0,North,Organic Search,2,Deal & Festive Shoppers
C03377,1,20.3,20.3,371,0.3,0.0,1.0,0.0,1.0,0.0,0.0,0.0,0.0,South,Organic Search,2,Deal & Festive Shoppers
C03378,3,251.34,83.78,55,0.15,0.333,0.667,0.333,0.0,0.0,0.0,0.0,0.667,West,Marketplace,2,Deal & Festive Shoppers
C03379,3,114.69,38.23,47,0.067,0.667,0.667,0.0,0.0,0.0,1.0,0.0,0.0,South,Email,2,Deal & Festive Shoppers
C03380,4,810.37,202.592,270,0.012,0.0,0.0,0.25,0.25,0.25,0.0,0.25,0.0,South,Organic Search,3,Big-Ticket Tech Buyers
C03381,3,1320.33,440.11,44,0.15,0.667,0.667,0.0,0.0,0.667,0.0,0.333,0.0,East,Email,3,Big-Ticket Tech Buyers
C03382,1,77.67,77.67,162,0.0,0.0,0.0,0.0,0.0,0.0,1.0,0.0,0.0,West,Paid Social,1,Everyday Fashion Shoppers
C03383,3,903.08,301.027,36,0.117,0.0,1.0,0.0,0.0,0.333,0.667,0.0,0.0,East,Email,2,Deal & Festive Shoppers
C03384,3,1172.68,390.893,16,0.133,0.0,0.667,0.0,0.0,0.667,0.0,0.333,0.0,East,Paid Social,2,Deal & Festive Shoppers
C03385,4,1260.56,315.14,66,0.025,0.25,0.0,0.0,0.0,0.25,0.25,0.25,0.25,North,Referral,3,Big-Ticket Tech Buyers
C03386,1,140.23,140.23,551,0.2,0.0,0.0,1.0,0.0,0.0,0.0,0.0,0.0,West,Paid Social,4,Everyday Beauty Shoppers
C03387,1,27.85,27.85,181,0.0,0.0,0.0,0.0,1.0,0.0,0.0,0.0,0.0,North,Organic Search,1,Everyday Fashion Shoppers
C03388,1,275.93,275.93,214,0.3,0.0,0.0,0.0,0.0,1.0,0.0,0.0,0.0,North,Referral,3,Big-Ticket Tech Buyers
C03389,3,547.61,182.537,439,0.033,0.0,0.0,0.0,0.333,0.333,0.0,0.333,0.0,West,Email,3,Big-Ticket Tech Buyers
C03390,2,838.26,419.13,147,0.025,0.5,0.0,0.0,0.0,0.5,0.5,0.0,0.0,North,Email,3,Big-Ticket Tech Buyers
C03391,1,16.1,16.1,535,0.05,1.0,0.0,1.0,0.0,0.0,0.0,0.0,0.0,North,Paid Social,4,Everyday Beauty Shoppers
C03392,2,327.98,163.99,306,0.05,0.5,0.0,0.0,0.5,0.5,0.0,0.0,0.0,East,Paid Social,3,Big-Ticket Tech Buyers
C03393,1,139.74,139.74,163,0.0,0.0,0.0,0.0,0.0,0.0,1.0,0.0,0.0,South,Email,1,Everyday Fashion Shoppers
C03394,5,2940.41,588.082,388,0.13,0.0,0.6,0.0,0.2,0.6,0.2,0.0,0.0,North,Organic Search,3,Big-Ticket Tech Buyers
C03395,3,355.93,118.643,449,0.033,0.0,0.0,0.667,0.0,0.0,0.0,0.0,0.333,East,Organic Search,4,Everyday Beauty Shoppers
C03396,1,237.44,237.44,172,0.0,0.0,0.0,0.0,0.0,0.0,0.0,0.0,1.0,East,Paid Social,1,Everyday Fashion Shoppers
C03397,4,1727.8,431.95,145,0.125,0.0,0.5,0.75,0.0,0.25,0.0,0.0,0.0,East,Organic Search,2,Deal & Festive Shoppers
C03398,2,106.52,53.26,44,0.3,0.0,1.0,0.0,0.0,0.0,1.0,0.0,0.0,North,Paid Social,2,Deal & Festive Shoppers
C03399,1,502.87,502.87,715,0.0,0.0,0.0,0.0,0.0,1.0,0.0,0.0,0.0,East,Organic Search,3,Big-Ticket Tech Buyers
C03400,3,290.59,96.863,163,0.05,0.0,0.0,0.0,0.667,0.0,0.0,0.0,0.333,West,Referral,1,Everyday Fashion Shoppers
C03401,1,343.35,343.35,152,0.15,0.0,0.0,0.0,0.0,1.0,0.0,0.0,0.0,North,Email,3,Big-Ticket Tech Buyers
C03402,1,156.13,156.13,83,0.1,0.0,0.0,0.0,0.0,0.0,0.0,1.0,0.0,North,Email,0,Everyday Home & Kitchen Shoppers
C03403,2,63.95,31.975,609,0.25,0.0,0.0,0.0,0.5,0.0,0.0,0.5,0.0,North,Referral,0,Everyday Home & Kitchen Shoppers
C03404,2,195.22,97.61,30,0.1,0.0,1.0,0.0,0.0,0.0,0.0,1.0,0.0,East,Paid Social,2,Deal & Festive Shoppers
C03405,2,560.32,280.16,201,0.05,0.5,0.0,0.0,0.5,0.5,0.0,0.0,0.0,North,Marketplace,3,Big-Ticket Tech Buyers
C03406,1,27.11,27.11,468,0.3,0.0,0.0,1.0,0.0,0.0,0.0,0.0,0.0,East,Email,4,Everyday Beauty Shoppers
C03407,1,75.88,75.88,475,0.0,0.0,0.0,0.0,1.0,0.0,0.0,0.0,0.0,West,Paid Social,1,Everyday Fashion Shoppers
C03408,1,111.69,111.69,280,0.0,0.0,0.0,0.0,0.0,0.0,1.0,0.0,0.0,North,Organic Search,1,Everyday Fashion Shoppers
C03409,2,131.91,65.955,147,0.0,0.0,0.0,0.0,0.0,0.0,0.5,0.5,0.0,East,Referral,0,Everyday Home & Kitchen Shoppers
C03410,5,353.95,70.79,256,0.16,0.0,0.8,0.2,0.0,0.0,0.4,0.4,0.0,North,Referral,2,Deal & Festive Shoppers
C03411,3,469.8,156.6,460,0.017,0.0,0.0,0.0,0.333,0.0,0.333,0.333,0.0,North,Email,0,Everyday Home & Kitchen Shoppers
C03412,4,133.48,33.37,27,0.1,0.0,1.0,0.0,0.0,0.0,1.0,0.0,0.0,East,Email,2,Deal & Festive Shoppers
C03413,3,599.46,199.82,264,0.1,0.0,0.0,0.333,0.0,0.0,0.333,0.0,0.333,South,Marketplace,1,Everyday Fashion Shoppers
C03414,2,122.11,61.055,624,0.0,0.0,0.0,0.0,0.5,0.0,0.5,0.0,0.0,West,Marketplace,1,Everyday Fashion Shoppers
C03415,3,577.53,192.51,199,0.133,0.0,0.0,0.333,0.0,0.0,0.0,0.0,0.667,East,Referral,4,Everyday Beauty Shoppers
C03416,1,131.66,131.66,441,0.0,0.0,0.0,0.0,0.0,0.0,1.0,0.0,0.0,North,Marketplace,1,Everyday Fashion Shoppers
C03417,2,542.19,271.095,172,0.1,0.5,0.0,0.0,0.0,0.5,0.0,0.5,0.0,South,Marketplace,3,Big-Ticket Tech Buyers
C03418,2,146.19,73.095,76,0.025,0.0,0.0,0.0,0.5,0.0,0.0,0.0,0.5,North,Organic Search,1,Everyday Fashion Shoppers
C03419,2,160.47,80.235,587,0.175,0.0,0.0,0.5,0.0,0.0,0.0,0.5,0.0,West,Referral,4,Everyday Beauty Shoppers
C03420,2,644.75,322.375,359,0.125,0.0,0.0,0.0,0.0,0.0,0.0,1.0,0.0,East,Organic Search,0,Everyday Home & Kitchen Shoppers
C03421,6,842.16,140.36,43,0.05,0.0,0.333,0.0,0.0,0.0,0.0,0.833,0.167,South,Organic Search,0,Everyday Home & Kitchen Shoppers
C03422,1,65.1,65.1,176,0.0,0.0,0.0,1.0,0.0,0.0,0.0,0.0,0.0,East,Organic Search,4,Everyday Beauty Shoppers
C03423,1,118.68,118.68,293,0.0,0.0,0.0,1.0,0.0,0.0,0.0,0.0,0.0,East,Paid Social,4,Everyday Beauty Shoppers
C03424,4,333.72,83.43,258,0.012,0.0,0.0,0.5,0.25,0.0,0.25,0.0,0.0,East,Organic Search,4,Everyday Beauty Shoppers
C03425,5,847.0,169.4,10,0.12,0.0,0.6,0.0,0.2,0.4,0.0,0.0,0.4,North,Organic Search,2,Deal & Festive Shoppers
C03426,2,167.34,83.67,39,0.15,0.0,1.0,0.0,0.0,0.0,1.0,0.0,0.0,North,Organic Search,2,Deal & Festive Shoppers
C03427,3,961.1,320.367,225,0.2,0.0,0.667,0.0,0.0,0.0,0.0,1.0,0.0,North,Referral,0,Everyday Home & Kitchen Shoppers
C03428,1,144.33,144.33,108,0.0,0.0,0.0,0.0,0.0,0.0,0.0,1.0,0.0,South,Marketplace,0,Everyday Home & Kitchen Shoppers
C03429,2,466.91,233.455,125,0.05,0.0,0.0,0.0,0.0,0.5,0.0,0.0,0.5,South,Marketplace,3,Big-Ticket Tech Buyers
C03430,3,280.66,93.553,100,0.15,0.0,0.333,0.0,0.0,0.0,0.333,0.333,0.333,North,Paid Social,2,Deal & Festive Shoppers
C03431,3,449.93,149.977,369,0.1,0.0,0.333,0.0,0.0,0.333,0.0,0.667,0.0,South,Organic Search,0,Everyday Home & Kitchen Shoppers
C03432,1,379.73,379.73,192,0.05,0.0,0.0,0.0,0.0,0.0,0.0,0.0,1.0,South,Marketplace,1,Everyday Fashion Shoppers
C03433,2,763.7,381.85,545,0.0,0.0,0.0,0.0,0.0,0.5,0.5,0.0,0.0,North,Organic Search,3,Big-Ticket Tech Buyers
C03434,3,480.77,160.257,423,0.067,0.0,0.667,0.0,0.0,0.0,0.0,1.0,0.0,West,Marketplace,0,Everyday Home & Kitchen Shoppers
C03435,3,394.68,131.56,488,0.033,0.0,0.0,0.333,0.333,0.0,0.333,0.0,0.0,East,Email,1,Everyday Fashion Shoppers
C03436,2,759.76,379.88,149,0.3,0.0,0.0,0.0,0.0,0.5,0.0,0.5,0.0,South,Paid Social,3,Big-Ticket Tech Buyers
C03437,4,242.18,60.545,428,0.05,0.0,0.0,0.25,0.0,0.0,0.25,0.5,0.0,East,Organic Search,0,Everyday Home & Kitchen Shoppers
C03438,2,306.05,153.025,199,0.05,0.0,0.0,0.0,0.0,0.0,1.0,0.0,0.0,South,Organic Search,1,Everyday Fashion Shoppers
C03439,2,344.4,172.2,59,0.3,0.0,1.0,0.0,0.0,0.0,0.0,1.0,0.0,West,Paid Social,2,Deal & Festive Shoppers
C03440,1,183.9,183.9,137,0.3,0.0,0.0,0.0,0.0,0.0,1.0,0.0,0.0,East,Paid Social,1,Everyday Fashion Shoppers
C03441,2,284.68,142.34,53,0.15,0.0,1.0,0.0,0.0,0.0,1.0,0.0,0.0,South,Marketplace,2,Deal & Festive Shoppers
C03442,3,357.68,119.227,594,0.067,0.333,0.0,0.0,0.333,0.0,0.333,0.0,0.333,West,Referral,1,Everyday Fashion Shoppers
C03443,2,59.98,29.99,403,0.1,0.0,1.0,0.0,1.0,0.0,0.0,0.0,0.0,West,Paid Social,2,Deal & Festive Shoppers
C03444,2,128.21,64.105,496,0.075,0.0,0.0,0.0,0.5,0.0,0.5,0.0,0.0,West,Organic Search,1,Everyday Fashion Shoppers
C03445,1,509.18,509.18,70,0.0,0.0,0.0,0.0,0.0,1.0,0.0,0.0,0.0,North,Paid Social,3,Big-Ticket Tech Buyers
C03446,1,60.97,60.97,226,0.1,0.0,0.0,0.0,0.0,0.0,1.0,0.0,0.0,North,Organic Search,1,Everyday Fashion Shoppers
C03447,3,847.1,282.367,470,0.017,0.333,0.0,0.0,0.333,0.333,0.333,0.0,0.0,East,Referral,3,Big-Ticket Tech Buyers
C03448,4,221.11,55.278,83,0.1,0.0,0.0,0.25,0.5,0.0,0.25,0.0,0.0,South,Referral,4,Everyday Beauty Shoppers
C03449,3,1400.81,466.937,75,0.033,0.0,0.0,0.0,0.333,0.333,0.0,0.333,0.0,East,Email,3,Big-Ticket Tech Buyers
C03450,2,206.49,103.245,312,0.125,0.0,0.5,0.0,0.0,0.0,0.5,0.0,0.5,East,Paid Social,1,Everyday Fashion Shoppers
C03451,2,678.8,339.4,393,0.15,0.0,1.0,0.0,0.0,0.0,0.0,1.0,0.0,South,Organic Search,0,Everyday Home & Kitchen Shoppers
C03452,2,134.82,67.41,538,0.1,0.0,0.0,0.0,0.0,0.0,0.0,1.0,0.0,South,Marketplace,0,Everyday Home & Kitchen Shoppers
C03453,2,161.96,80.98,306,0.05,0.0,0.5,0.0,0.5,0.0,0.0,0.0,0.5,South,Email,1,Everyday Fashion Shoppers
C03454,3,220.6,73.533,397,0.117,0.0,0.667,0.667,0.0,0.0,0.0,0.0,0.333,North,Email,4,Everyday Beauty Shoppers
C03455,2,148.28,74.14,117,0.025,0.0,0.0,1.0,0.0,0.0,0.0,0.0,0.0,East,Paid Social,4,Everyday Beauty Shoppers
C03456,3,178.03,59.343,25,0.067,0.333,0.667,0.0,0.667,0.0,0.0,0.333,0.0,East,Marketplace,2,Deal & Festive Shoppers
C03457,1,213.41,213.41,199,0.0,0.0,0.0,0.0,0.0,0.0,0.0,0.0,1.0,South,Organic Search,1,Everyday Fashion Shoppers
C03458,3,261.65,87.217,622,0.033,0.0,0.0,0.0,0.0,0.0,0.333,0.667,0.0,East,Paid Social,0,Everyday Home & Kitchen Shoppers
C03459,2,153.2,76.6,66,0.025,0.0,0.0,0.0,0.5,0.0,0.5,0.0,0.0,East,Email,1,Everyday Fashion Shoppers
C03460,3,370.77,123.59,325,0.117,0.0,0.0,0.333,0.0,0.0,0.667,0.0,0.0,East,Organic Search,1,Everyday Fashion Shoppers
C03461,3,377.25,125.75,402,0.15,0.0,0.667,0.0,0.667,0.0,0.0,0.0,0.333,North,Email,2,Deal & Festive Shoppers
C03462,1,75.87,75.87,68,0.0,0.0,0.0,0.0,0.0,0.0,1.0,0.0,0.0,East,Paid Social,1,Everyday Fashion Shoppers
C03463,1,113.72,113.72,106,0.0,0.0,0.0,0.0,0.0,0.0,0.0,1.0,0.0,East,Organic Search,0,Everyday Home & Kitchen Shoppers
C03464,3,218.95,72.983,671,0.067,0.333,0.0,0.333,0.0,0.0,0.0,0.667,0.0,North,Organic Search,0,Everyday Home & Kitchen Shoppers
C03465,4,614.21,153.552,426,0.112,0.5,0.25,0.5,0.0,0.0,0.5,0.0,0.0,East,Marketplace,4,Everyday Beauty Shoppers
C03466,2,581.58,290.79,140,0.0,0.0,0.0,0.0,0.0,0.0,0.5,0.0,0.5,West,Email,1,Everyday Fashion Shoppers
C03467,3,417.85,139.283,250,0.0,0.0,0.0,0.0,0.0,0.0,0.667,0.333,0.0,North,Organic Search,1,Everyday Fashion Shoppers
C03468,2,428.75,214.375,259,0.125,0.0,0.0,0.0,0.0,0.5,0.5,0.0,0.0,East,Organic Search,3,Big-Ticket Tech Buyers
C03469,2,281.41,140.705,219,0.05,0.0,0.0,0.0,0.0,0.0,0.0,0.5,0.5,West,Organic Search,0,Everyday Home & Kitchen Shoppers
C03470,5,769.31,153.862,52,0.16,0.2,0.8,0.0,0.4,0.0,0.2,0.4,0.0,West,Organic Search,2,Deal & Festive Shoppers
C03471,2,846.29,423.145,499,0.0,0.5,0.0,0.0,0.0,0.5,0.0,0.0,0.5,South,Email,3,Big-Ticket Tech Buyers
C03472,1,113.85,113.85,208,0.0,0.0,0.0,0.0,0.0,0.0,1.0,0.0,0.0,East,Organic Search,1,Everyday Fashion Shoppers
C03473,3,48.4,16.133,52,0.2,0.0,0.667,0.0,0.667,0.0,0.0,0.0,0.333,West,Organic Search,2,Deal & Festive Shoppers
C03474,1,106.74,106.74,109,0.0,0.0,0.0,0.0,0.0,0.0,0.0,1.0,0.0,East,Organic Search,0,Everyday Home & Kitchen Shoppers
C03475,1,202.59,202.59,516,0.0,0.0,0.0,0.0,0.0,0.0,1.0,0.0,0.0,North,Referral,1,Everyday Fashion Shoppers
C03476,3,154.54,51.513,547,0.067,0.333,0.0,0.0,0.333,0.0,0.667,0.0,0.0,North,Email,1,Everyday Fashion Shoppers
C03477,3,151.72,50.573,234,0.167,0.333,0.0,0.333,0.0,0.0,0.667,0.0,0.0,East,Referral,1,Everyday Fashion Shoppers
C03478,4,1282.59,320.648,121,0.038,0.25,0.0,0.0,0.0,0.5,0.25,0.25,0.0,South,Referral,3,Big-Ticket Tech Buyers
C03479,2,165.34,82.67,336,0.1,0.0,0.0,0.5,0.0,0.0,0.5,0.0,0.0,North,Marketplace,4,Everyday Beauty Shoppers
C03480,2,249.34,124.67,114,0.1,1.0,0.0,0.0,0.0,0.0,1.0,0.0,0.0,South,Paid Social,1,Everyday Fashion Shoppers
C03481,1,109.84,109.84,154,0.1,0.0,0.0,0.0,0.0,1.0,0.0,0.0,0.0,East,Marketplace,3,Big-Ticket Tech Buyers
C03482,7,902.33,128.904,76,0.086,0.143,0.286,0.143,0.286,0.0,0.143,0.286,0.143,South,Referral,2,Deal & Festive Shoppers
C03483,1,448.59,448.59,173,0.0,0.0,0.0,0.0,0.0,1.0,0.0,0.0,0.0,West,Organic Search,3,Big-Ticket Tech Buyers
C03484,3,635.06,211.687,140,0.133,0.0,0.0,0.0,0.0,0.333,0.0,0.333,0.333,East,Email,3,Big-Ticket Tech Buyers
C03485,2,1218.1,609.05,334,0.0,0.0,0.0,0.0,0.5,0.5,0.0,0.0,0.0,West,Referral,3,Big-Ticket Tech Buyers
C03486,2,30.7,15.35,686,0.0,0.0,0.0,0.5,0.5,0.0,0.0,0.0,0.0,West,Referral,4,Everyday Beauty Shoppers
C03487,1,720.81,720.81,491,0.0,0.0,0.0,0.0,0.0,1.0,0.0,0.0,0.0,North,Organic Search,3,Big-Ticket Tech Buyers
C03488,4,337.0,84.25,34,0.15,0.0,1.0,0.5,0.0,0.0,0.0,0.5,0.0,East,Paid Social,2,Deal & Festive Shoppers
C03489,6,129.84,21.64,4,0.183,0.0,1.0,0.0,0.667,0.0,0.333,0.0,0.0,North,Marketplace,2,Deal & Festive Shoppers
C03490,2,265.11,132.555,164,0.0,0.5,0.0,0.0,0.0,1.0,0.0,0.0,0.0,West,Organic Search,3,Big-Ticket Tech Buyers
C03491,1,18.08,18.08,640,0.0,0.0,0.0,1.0,0.0,0.0,0.0,0.0,0.0,North,Organic Search,4,Everyday Beauty Shoppers
C03492,2,124.05,62.025,273,0.1,0.0,0.0,0.0,0.0,0.0,0.5,0.0,0.5,East,Organic Search,1,Everyday Fashion Shoppers
C03493,2,369.55,184.775,355,0.025,0.0,0.0,0.5,0.0,0.5,0.0,0.0,0.0,West,Paid Social,3,Big-Ticket Tech Buyers
C03494,3,1134.55,378.183,94,0.0,0.0,0.0,0.0,0.0,0.333,0.667,0.0,0.0,North,Marketplace,3,Big-Ticket Tech Buyers
C03495,3,612.64,204.213,25,0.083,0.0,0.333,0.0,0.0,0.333,0.333,0.333,0.0,West,Referral,2,Deal & Festive Shoppers
C03496,2,134.49,67.245,356,0.1,0.0,0.0,0.0,0.5,0.0,0.0,0.5,0.0,North,Marketplace,0,Everyday Home & Kitchen Shoppers
C03497,3,158.47,52.823,527,0.0,0.0,0.0,0.667,0.0,0.0,0.333,0.0,0.0,South,Paid Social,4,Everyday Beauty Shoppers
C03498,3,365.04,121.68,145,0.133,0.333,0.667,0.333,0.0,0.0,0.0,0.333,0.333,South,Paid Social,2,Deal & Festive Shoppers
C03499,2,52.34,26.17,542,0.1,0.5,0.0,0.5,0.5,0.0,0.0,0.0,0.0,South,Organic Search,4,Everyday Beauty Shoppers
C03500,2,662.6,331.3,415,0.2,0.0,1.0,0.0,0.0,0.0,0.0,0.0,1.0,East,Organic Search,2,Deal & Festive Shoppers
C03501,3,179.73,59.91,500,0.133,0.0,0.0,0.667,0.0,0.0,0.333,0.0,0.0,West,Email,4,Everyday Beauty Shoppers
C03502,3,1326.45,442.15,111,0.067,0.0,0.0,0.0,0.0,0.333,0.333,0.0,0.333,South,Organic Search,3,Big-Ticket Tech Buyers
C03503,3,258.02,86.007,422,0.067,0.0,0.667,0.0,0.0,0.0,1.0,0.0,0.0,East,Organic Search,1,Everyday Fashion Shoppers
C03504,2,242.11,121.055,554,0.0,0.5,0.0,0.5,0.0,0.0,0.5,0.0,0.0,West,Marketplace,4,Everyday Beauty Shoppers
C03505,2,1319.47,659.735,677,0.075,0.0,0.0,0.0,0.0,1.0,0.0,0.0,0.0,East,Referral,3,Big-Ticket Tech Buyers
C03506,1,28.07,28.07,92,0.05,0.0,0.0,0.0,0.0,0.0,1.0,0.0,0.0,North,Organic Search,1,Everyday Fashion Shoppers
C03507,1,89.02,89.02,131,0.0,0.0,0.0,0.0,0.0,0.0,1.0,0.0,0.0,West,Email,1,Everyday Fashion Shoppers
C03508,1,78.6,78.6,163,0.0,0.0,0.0,0.0,0.0,0.0,1.0,0.0,0.0,North,Paid Social,1,Everyday Fashion Shoppers
C03509,2,394.85,197.425,620,0.075,0.0,0.0,0.0,0.0,0.0,0.5,0.0,0.5,East,Marketplace,1,Everyday Fashion Shoppers
C03510,5,574.62,114.924,34,0.14,0.4,0.4,0.0,0.0,0.0,0.2,0.2,0.6,East,Email,2,Deal & Festive Shoppers
C03511,2,49.24,24.62,20,0.25,0.0,1.0,0.0,0.0,0.0,1.0,0.0,0.0,East,Organic Search,2,Deal & Festive Shoppers
C03512,2,366.86,183.43,303,0.0,0.5,0.0,0.0,0.0,0.0,0.0,0.5,0.5,North,Organic Search,0,Everyday Home & Kitchen Shoppers
C03513,2,905.17,452.585,574,0.15,0.5,0.0,0.0,0.0,0.5,0.0,0.5,0.0,North,Organic Search,3,Big-Ticket Tech Buyers
C03514,1,275.6,275.6,633,0.0,1.0,0.0,0.0,0.0,0.0,1.0,0.0,0.0,East,Email,1,Everyday Fashion Shoppers
C03515,2,81.29,40.645,468,0.05,0.0,0.0,0.5,0.5,0.0,0.0,0.0,0.0,North,Paid Social,4,Everyday Beauty Shoppers
C03516,1,24.86,24.86,48,0.3,0.0,1.0,0.0,1.0,0.0,0.0,0.0,0.0,South,Email,2,Deal & Festive Shoppers
C03517,1,158.78,158.78,600,0.0,0.0,0.0,0.0,0.0,1.0,0.0,0.0,0.0,East,Paid Social,3,Big-Ticket Tech Buyers
C03518,1,20.5,20.5,87,0.0,0.0,0.0,0.0,1.0,0.0,0.0,0.0,0.0,East,Paid Social,1,Everyday Fashion Shoppers
C03519,3,445.79,148.597,222,0.033,0.0,0.0,0.0,0.0,0.0,1.0,0.0,0.0,North,Organic Search,1,Everyday Fashion Shoppers
C03520,1,31.62,31.62,77,0.0,0.0,0.0,0.0,0.0,0.0,1.0,0.0,0.0,South,Organic Search,1,Everyday Fashion Shoppers
C03521,1,95.6,95.6,151,0.0,0.0,0.0,0.0,0.0,0.0,0.0,1.0,0.0,West,Paid Social,0,Everyday Home & Kitchen Shoppers
C03522,2,93.39,46.695,285,0.05,0.0,0.0,0.5,0.5,0.0,0.0,0.0,0.0,South,Referral,4,Everyday Beauty Shoppers
C03523,1,445.28,445.28,137,0.1,0.0,0.0,0.0,0.0,1.0,0.0,0.0,0.0,North,Marketplace,3,Big-Ticket Tech Buyers
C03524,3,251.0,83.667,446,0.033,0.0,0.0,0.333,0.0,0.0,0.333,0.333,0.0,North,Organic Search,0,Everyday Home & Kitchen Shoppers
C03525,3,607.42,202.473,248,0.033,0.0,0.0,0.0,0.0,0.0,0.333,0.667,0.0,South,Referral,0,Everyday Home & Kitchen Shoppers
C03526,3,159.65,53.217,427,0.067,0.0,0.0,0.667,0.333,0.0,0.0,0.0,0.0,West,Organic Search,4,Everyday Beauty Shoppers
C03527,4,337.88,84.47,409,0.075,0.0,0.5,0.25,0.5,0.0,0.0,0.0,0.25,South,Email,4,Everyday Beauty Shoppers
C03528,4,183.83,45.957,508,0.075,0.0,0.0,0.75,0.25,0.0,0.0,0.0,0.0,North,Organic Search,4,Everyday Beauty Shoppers
C03529,4,520.21,130.053,476,0.075,0.0,0.0,0.25,0.0,0.25,0.5,0.0,0.0,East,Referral,1,Everyday Fashion Shoppers
C03530,2,227.6,113.8,603,0.0,0.5,0.0,0.5,0.0,0.5,0.0,0.0,0.0,North,Organic Search,3,Big-Ticket Tech Buyers
C03531,3,320.46,106.82,141,0.0,0.0,0.0,0.0,0.333,0.0,0.333,0.333,0.0,North,Organic Search,0,Everyday Home & Kitchen Shoppers
C03532,1,212.52,212.52,674,0.0,0.0,0.0,0.0,0.0,0.0,1.0,0.0,0.0,West,Referral,1,Everyday Fashion Shoppers
C03533,3,166.8,55.6,229,0.0,0.0,0.0,0.333,0.333,0.0,0.333,0.0,0.0,East,Paid Social,4,Everyday Beauty Shoppers
C03534,1,131.83,131.83,22,0.15,0.0,1.0,0.0,0.0,0.0,0.0,1.0,0.0,North,Paid Social,2,Deal & Festive Shoppers
C03535,1,38.21,38.21,658,0.1,0.0,0.0,0.0,0.0,0.0,1.0,0.0,0.0,South,Paid Social,1,Everyday Fashion Shoppers
C03536,1,55.37,55.37,679,0.1,0.0,0.0,0.0,1.0,0.0,0.0,0.0,0.0,North,Marketplace,1,Everyday Fashion Shoppers
C03537,1,47.54,47.54,705,0.05,0.0,0.0,0.0,0.0,0.0,1.0,0.0,0.0,North,Organic Search,1,Everyday Fashion Shoppers
C03538,1,75.56,75.56,638,0.0,0.0,0.0,0.0,0.0,0.0,1.0,0.0,0.0,East,Paid Social,1,Everyday Fashion Shoppers
C03539,1,116.73,116.73,348,0.15,0.0,0.0,0.0,0.0,0.0,0.0,1.0,0.0,East,Marketplace,0,Everyday Home & Kitchen Shoppers
C03540,3,1144.53,381.51,97,0.067,0.0,0.0,0.0,0.0,0.667,0.333,0.0,0.0,East,Referral,3,Big-Ticket Tech Buyers
C03541,1,44.6,44.6,215,0.0,0.0,0.0,0.0,0.0,0.0,0.0,1.0,0.0,West,Paid Social,0,Everyday Home & Kitchen Shoppers
C03542,1,26.05,26.05,314,0.3,0.0,0.0,0.0,1.0,0.0,0.0,0.0,0.0,North,Referral,1,Everyday Fashion Shoppers
C03543,1,79.28,79.28,664,0.0,0.0,0.0,0.0,0.0,0.0,0.0,1.0,0.0,West,Organic Search,0,Everyday Home & Kitchen Shoppers
C03544,1,387.84,387.84,186,0.0,0.0,0.0,0.0,0.0,1.0,0.0,0.0,0.0,East,Paid Social,3,Big-Ticket Tech Buyers
C03545,2,1194.42,597.21,606,0.025,0.0,0.0,0.5,0.0,0.5,0.0,0.0,0.0,North,Paid Social,3,Big-Ticket Tech Buyers
C03546,2,277.88,138.94,214,0.0,0.0,0.0,0.0,0.0,0.0,0.0,0.5,0.5,West,Email,0,Everyday Home & Kitchen Shoppers
C03547,2,592.22,296.11,426,0.15,1.0,1.0,0.0,0.0,0.0,0.0,1.0,0.0,North,Marketplace,0,Everyday Home & Kitchen Shoppers
C03548,1,123.88,123.88,112,0.0,0.0,0.0,1.0,0.0,0.0,0.0,0.0,0.0,East,Organic Search,4,Everyday Beauty Shoppers
C03549,1,60.63,60.63,508,0.1,0.0,0.0,1.0,0.0,0.0,0.0,0.0,0.0,East,Organic Search,4,Everyday Beauty Shoppers
C03550,1,376.14,376.14,278,0.0,0.0,0.0,0.0,0.0,0.0,0.0,1.0,0.0,North,Paid Social,0,Everyday Home & Kitchen Shoppers
C03551,5,591.06,118.212,71,0.19,0.4,0.4,0.0,0.2,0.2,0.6,0.0,0.0,West,Paid Social,2,Deal & Festive Shoppers
C03552,1,127.1,127.1,365,0.1,0.0,0.0,0.0,0.0,0.0,0.0,1.0,0.0,North,Paid Social,0,Everyday Home & Kitchen Shoppers
C03553,2,36.68,18.34,56,0.3,0.0,1.0,0.0,0.0,0.0,1.0,0.0,0.0,West,Referral,2,Deal & Festive Shoppers
C03554,1,320.68,320.68,226,0.0,0.0,0.0,0.0,0.0,0.0,0.0,0.0,1.0,North,Paid Social,1,Everyday Fashion Shoppers
C03555,3,638.53,212.843,274,0.067,0.0,0.667,0.0,0.0,0.0,0.333,0.0,0.667,North,Marketplace,2,Deal & Festive Shoppers
C03556,2,113.74,56.87,410,0.15,0.0,1.0,0.0,0.0,0.0,0.0,1.0,0.0,South,Paid Social,0,Everyday Home & Kitchen Shoppers
C03557,1,96.33,96.33,227,0.05,0.0,0.0,1.0,0.0,0.0,0.0,0.0,0.0,West,Organic Search,4,Everyday Beauty Shoppers
C03558,2,238.6,119.3,237,0.0,0.0,0.0,0.0,0.0,0.0,1.0,0.0,0.0,North,Paid Social,1,Everyday Fashion Shoppers
C03559,2,118.24,59.12,569,0.025,0.0,0.0,0.0,0.0,0.0,0.5,0.5,0.0,West,Referral,0,Everyday Home & Kitchen Shoppers
C03560,2,119.38,59.69,391,0.2,0.0,1.0,0.0,0.0,0.0,0.0,1.0,0.0,North,Organic Search,2,Deal & Festive Shoppers
C03561,3,209.74,69.913,604,0.033,0.0,0.0,0.333,0.0,0.0,0.667,0.0,0.0,South,Organic Search,1,Everyday Fashion Shoppers
C03562,1,209.7,209.7,607,0.0,0.0,0.0,0.0,0.0,0.0,1.0,0.0,0.0,South,Paid Social,1,Everyday Fashion Shoppers
C03563,3,81.8,27.267,418,0.2,0.0,0.667,0.333,0.0,0.0,0.667,0.0,0.0,North,Email,2,Deal & Festive Shoppers
C03564,3,754.69,251.563,83,0.017,0.0,0.0,0.333,0.0,0.333,0.0,0.333,0.0,West,Marketplace,3,Big-Ticket Tech Buyers
C03565,1,31.29,31.29,185,0.0,0.0,0.0,1.0,0.0,0.0,0.0,0.0,0.0,South,Paid Social,4,Everyday Beauty Shoppers
C03566,1,86.05,86.05,530,0.0,0.0,0.0,0.0,0.0,0.0,1.0,0.0,0.0,East,Organic Search,1,Everyday Fashion Shoppers
C03567,1,968.06,968.06,435,0.0,0.0,0.0,0.0,0.0,1.0,0.0,0.0,0.0,East,Paid Social,3,Big-Ticket Tech Buyers
C03568,1,205.77,205.77,609,0.0,1.0,0.0,0.0,0.0,0.0,1.0,0.0,0.0,East,Paid Social,1,Everyday Fashion Shoppers
C03569,2,887.26,443.63,55,0.05,0.0,0.5,0.0,0.5,0.5,0.0,0.0,0.0,East,Marketplace,3,Big-Ticket Tech Buyers
C03570,3,242.0,80.667,401,0.067,0.667,0.667,0.333,0.0,0.0,0.667,0.0,0.0,West,Paid Social,2,Deal & Festive Shoppers
C03571,3,614.95,204.983,73,0.1,0.0,0.0,0.0,0.0,0.333,0.333,0.333,0.0,East,Email,3,Big-Ticket Tech Buyers
C03572,2,97.25,48.625,74,0.05,0.0,0.0,0.5,0.5,0.0,0.0,0.0,0.0,East,Marketplace,4,Everyday Beauty Shoppers
C03573,3,256.74,85.58,110,0.067,0.0,0.0,0.0,0.0,0.0,0.667,0.0,0.333,East,Referral,1,Everyday Fashion Shoppers
C03574,3,429.81,143.27,309,0.033,0.0,0.0,0.0,0.0,0.0,0.333,0.0,0.667,East,Organic Search,1,Everyday Fashion Shoppers
C03575,6,1135.6,189.267,25,0.267,0.0,1.0,0.167,0.0,0.333,0.0,0.167,0.333,South,Referral,2,Deal & Festive Shoppers
C03576,1,53.04,53.04,249,0.0,0.0,0.0,1.0,0.0,0.0,0.0,0.0,0.0,East,Paid Social,4,Everyday Beauty Shoppers
C03577,1,83.04,83.04,274,0.0,0.0,0.0,0.0,0.0,0.0,0.0,1.0,0.0,South,Paid Social,0,Everyday Home & Kitchen Shoppers
C03578,1,100.35,100.35,132,0.0,0.0,0.0,0.0,0.0,0.0,0.0,1.0,0.0,East,Marketplace,0,Everyday Home & Kitchen Shoppers
C03579,1,29.57,29.57,108,0.2,0.0,0.0,0.0,1.0,0.0,0.0,0.0,0.0,West,Organic Search,1,Everyday Fashion Shoppers
C03580,4,2063.96,515.99,10,0.1,0.0,0.5,0.0,0.0,0.5,0.0,0.0,0.5,West,Paid Social,2,Deal & Festive Shoppers
C03581,1,203.94,203.94,114,0.0,0.0,0.0,0.0,0.0,0.0,1.0,0.0,0.0,West,Organic Search,1,Everyday Fashion Shoppers
C03582,1,142.69,142.69,188,0.0,0.0,0.0,0.0,0.0,0.0,0.0,1.0,0.0,East,Organic Search,0,Everyday Home & Kitchen Shoppers
C03583,5,981.77,196.354,163,0.05,0.0,0.0,0.4,0.0,0.4,0.2,0.0,0.0,East,Referral,3,Big-Ticket Tech Buyers
C03584,6,1126.8,187.8,298,0.142,0.333,0.5,0.167,0.167,0.333,0.167,0.167,0.0,North,Email,2,Deal & Festive Shoppers
C03585,2,245.44,122.72,170,0.05,0.0,0.0,0.5,0.0,0.0,0.5,0.0,0.0,South,Referral,4,Everyday Beauty Shoppers
C03586,1,15.26,15.26,571,0.15,0.0,0.0,0.0,1.0,0.0,0.0,0.0,0.0,North,Paid Social,1,Everyday Fashion Shoppers
C03587,3,375.54,125.18,80,0.183,0.0,0.667,0.0,0.0,0.667,0.333,0.0,0.0,North,Organic Search,2,Deal & Festive Shoppers
C03588,1,37.5,37.5,237,0.0,0.0,0.0,0.0,1.0,0.0,0.0,0.0,0.0,West,Paid Social,1,Everyday Fashion Shoppers
C03589,3,634.3,211.433,67,0.05,0.0,0.0,0.0,0.333,0.0,0.0,0.667,0.0,West,Paid Social,0,Everyday Home & Kitchen Shoppers
C03590,2,178.09,89.045,41,0.075,0.0,0.5,0.0,0.5,0.0,0.5,0.0,0.0,East,Email,2,Deal & Festive Shoppers
C03591,2,189.14,94.57,470,0.05,0.0,0.0,0.0,0.0,0.0,0.5,0.5,0.0,North,Referral,0,Everyday Home & Kitchen Shoppers
C03592,2,647.38,323.69,506,0.05,0.5,0.0,0.5,0.0,0.5,0.0,0.0,0.0,East,Marketplace,3,Big-Ticket Tech Buyers
C03593,5,890.73,178.146,8,0.19,0.0,1.0,0.0,0.0,0.2,0.0,0.0,0.8,South,Email,2,Deal & Festive Shoppers
C03594,2,492.58,246.29,268,0.0,0.0,0.0,0.5,0.0,0.5,0.0,0.0,0.0,West,Paid Social,3,Big-Ticket Tech Buyers
C03595,4,904.2,226.05,350,0.225,0.0,0.5,0.0,0.0,0.0,0.25,0.0,0.75,West,Referral,2,Deal & Festive Shoppers
C03596,2,1242.56,621.28,357,0.15,0.0,0.0,0.0,0.0,1.0,0.0,0.0,0.0,South,Email,3,Big-Ticket Tech Buyers
C03597,1,17.49,17.49,483,0.0,0.0,0.0,1.0,0.0,0.0,0.0,0.0,0.0,North,Marketplace,4,Everyday Beauty Shoppers
C03598,2,61.6,30.8,259,0.025,0.0,0.0,0.0,1.0,0.0,0.0,0.0,0.0,North,Paid Social,1,Everyday Fashion Shoppers
C03599,4,471.62,117.905,326,0.062,0.0,0.25,0.25,0.0,0.0,0.5,0.0,0.25,North,Referral,1,Everyday Fashion Shoppers
C03600,1,166.56,166.56,296,0.0,0.0,0.0,1.0,0.0,0.0,0.0,0.0,0.0,South,Paid Social,4,Everyday Beauty Shoppers
C03601,6,576.38,96.063,43,0.15,0.0,0.667,0.167,0.0,0.0,0.5,0.333,0.0,North,Email,2,Deal & Festive Shoppers
C03602,3,232.87,77.623,166,0.1,0.0,0.0,0.0,0.333,0.0,0.333,0.333,0.0,North,Marketplace,0,Everyday Home & Kitchen Shoppers
C03603,4,552.26,138.065,361,0.15,0.0,0.5,0.0,0.0,0.0,0.0,0.25,0.75,North,Marketplace,2,Deal & Festive Shoppers
C03604,3,279.78,93.26,197,0.117,0.0,0.0,0.0,0.333,0.0,0.667,0.0,0.0,North,Organic Search,1,Everyday Fashion Shoppers
C03605,2,288.83,144.415,78,0.025,0.0,0.0,0.0,0.0,0.0,1.0,0.0,0.0,East,Organic Search,1,Everyday Fashion Shoppers
C03606,2,957.67,478.835,618,0.0,0.0,0.0,0.5,0.0,0.5,0.0,0.0,0.0,North,Email,3,Big-Ticket Tech Buyers
C03607,2,220.63,110.315,426,0.15,0.0,0.5,0.0,0.0,0.0,1.0,0.0,0.0,West,Referral,1,Everyday Fashion Shoppers
C03608,2,136.18,68.09,156,0.025,0.0,0.0,0.0,0.0,0.0,0.5,0.5,0.0,North,Marketplace,0,Everyday Home & Kitchen Shoppers
C03609,1,291.47,291.47,296,0.1,0.0,0.0,0.0,0.0,0.0,0.0,1.0,0.0,North,Paid Social,0,Everyday Home & Kitchen Shoppers
C03610,2,108.49,54.245,128,0.075,0.0,0.0,0.5,0.0,0.0,0.5,0.0,0.0,North,Marketplace,4,Everyday Beauty Shoppers
C03611,3,220.91,73.637,281,0.0,0.333,0.0,0.0,0.333,0.0,0.333,0.0,0.333,East,Email,1,Everyday Fashion Shoppers
C03612,3,211.55,70.517,8,0.133,0.0,0.667,0.0,0.667,0.0,0.333,0.0,0.0,North,Organic Search,2,Deal & Festive Shoppers
C03613,2,524.34,262.17,128,0.0,0.0,0.0,0.0,0.0,0.0,0.5,0.0,0.5,East,Organic Search,1,Everyday Fashion Shoppers
C03614,3,513.68,171.227,502,0.017,0.0,0.0,0.0,0.0,0.333,0.333,0.333,0.0,North,Email,3,Big-Ticket Tech Buyers
C03615,1,129.08,129.08,203,0.0,0.0,0.0,0.0,0.0,0.0,1.0,0.0,0.0,West,Organic Search,1,Everyday Fashion Shoppers
C03616,4,1245.12,311.28,243,0.1,0.25,0.75,0.0,0.0,0.75,0.0,0.25,0.0,North,Email,3,Big-Ticket Tech Buyers
C03617,2,819.9,409.95,565,0.025,0.5,0.0,0.0,0.0,0.5,0.5,0.0,0.0,South,Referral,3,Big-Ticket Tech Buyers
C03618,2,134.5,67.25,28,0.225,0.0,0.5,0.5,0.0,0.0,0.0,0.5,0.0,West,Paid Social,2,Deal & Festive Shoppers
C03619,3,1374.38,458.127,252,0.083,0.667,0.333,0.0,0.0,0.333,0.667,0.0,0.0,North,Organic Search,3,Big-Ticket Tech Buyers
C03620,3,472.72,157.573,475,0.0,0.0,0.0,0.333,0.0,0.333,0.333,0.0,0.0,North,Marketplace,3,Big-Ticket Tech Buyers
C03621,2,16.84,8.42,17,0.3,0.0,1.0,0.0,1.0,0.0,0.0,0.0,0.0,West,Email,2,Deal & Festive Shoppers
C03622,2,103.69,51.845,534,0.15,0.5,0.0,0.5,0.0,0.0,0.5,0.0,0.0,North,Email,4,Everyday Beauty Shoppers
C03623,2,510.81,255.405,449,0.0,0.5,0.0,0.5,0.0,0.5,0.0,0.0,0.0,North,Email,3,Big-Ticket Tech Buyers
C03624,4,679.38,169.845,270,0.138,0.0,0.5,0.25,0.0,0.0,0.5,0.0,0.25,South,Referral,2,Deal & Festive Shoppers
C03625,1,97.31,97.31,139,0.05,0.0,0.0,0.0,0.0,0.0,1.0,0.0,0.0,North,Marketplace,1,Everyday Fashion Shoppers
C03626,1,30.65,30.65,199,0.0,0.0,0.0,0.0,1.0,0.0,0.0,0.0,0.0,West,Referral,1,Everyday Fashion Shoppers
C03627,2,686.45,343.225,92,0.05,0.5,0.0,0.0,0.5,0.5,0.0,0.0,0.0,East,Paid Social,3,Big-Ticket Tech Buyers
C03628,4,579.0,144.75,198,0.112,0.0,0.0,0.25,0.0,0.0,0.25,0.0,0.5,East,Organic Search,1,Everyday Fashion Shoppers
C03629,3,917.57,305.857,52,0.167,0.0,0.667,0.667,0.0,0.333,0.0,0.0,0.0,North,Organic Search,2,Deal & Festive Shoppers
C03630,1,533.58,533.58,147,0.0,0.0,0.0,0.0,0.0,0.0,0.0,1.0,0.0,East,Email,0,Everyday Home & Kitchen Shoppers
C03631,3,1324.12,441.373,201,0.133,0.333,0.667,0.0,0.0,0.333,0.667,0.0,0.0,East,Paid Social,3,Big-Ticket Tech Buyers
C03632,3,467.4,155.8,234,0.0,0.0,0.0,0.0,0.0,0.0,0.667,0.0,0.333,North,Email,1,Everyday Fashion Shoppers
C03633,3,122.54,40.847,453,0.067,0.0,0.0,1.0,0.0,0.0,0.0,0.0,0.0,West,Marketplace,4,Everyday Beauty Shoppers
C03634,2,111.5,55.75,121,0.075,0.0,0.0,0.0,0.0,0.0,0.5,0.5,0.0,East,Paid Social,0,Everyday Home & Kitchen Shoppers
C03635,1,65.0,65.0,44,0.1,0.0,1.0,0.0,0.0,0.0,0.0,0.0,1.0,East,Organic Search,2,Deal & Festive Shoppers
C03636,4,1303.01,325.752,95,0.038,0.0,0.25,0.0,0.0,0.25,0.5,0.0,0.25,North,Referral,3,Big-Ticket Tech Buyers
C03637,2,447.39,223.695,300,0.075,0.0,0.0,0.0,0.0,0.0,0.0,1.0,0.0,North,Organic Search,0,Everyday Home & Kitchen Shoppers
C03638,2,112.79,56.395,340,0.15,0.0,0.5,0.5,0.0,0.0,0.5,0.0,0.0,East,Email,4,Everyday Beauty Shoppers
C03639,1,182.74,182.74,658,0.1,0.0,0.0,0.0,0.0,0.0,0.0,0.0,1.0,East,Paid Social,1,Everyday Fashion Shoppers
C03640,2,849.35,424.675,81,0.05,0.0,0.0,0.0,0.0,0.5,0.0,0.0,0.5,South,Paid Social,3,Big-Ticket Tech Buyers
C03641,4,744.69,186.172,25,0.15,0.0,0.5,0.0,0.5,0.0,0.25,0.0,0.25,North,Referral,2,Deal & Festive Shoppers
C03642,1,74.79,74.79,80,0.0,0.0,0.0,0.0,0.0,0.0,0.0,1.0,0.0,West,Paid Social,0,Everyday Home & Kitchen Shoppers
C03643,1,49.31,49.31,69,0.0,0.0,0.0,1.0,0.0,0.0,0.0,0.0,0.0,North,Paid Social,4,Everyday Beauty Shoppers
C03644,1,969.75,969.75,374,0.15,0.0,1.0,0.0,0.0,1.0,0.0,0.0,0.0,South,Organic Search,3,Big-Ticket Tech Buyers
C03645,4,557.76,139.44,6,0.225,0.0,1.0,0.5,0.0,0.0,0.0,0.5,0.0,East,Paid Social,2,Deal & Festive Shoppers
C03646,3,525.28,175.093,254,0.033,0.333,0.0,0.333,0.0,0.333,0.333,0.0,0.0,North,Marketplace,3,Big-Ticket Tech Buyers
C03647,2,393.89,196.945,213,0.05,0.0,0.0,0.0,0.5,0.0,0.5,0.0,0.0,North,Organic Search,1,Everyday Fashion Shoppers
C03648,1,185.44,185.44,309,0.0,0.0,0.0,0.0,0.0,0.0,1.0,0.0,0.0,North,Paid Social,1,Everyday Fashion Shoppers
C03649,4,2563.94,640.985,20,0.125,0.0,1.0,0.0,0.0,0.5,0.5,0.0,0.0,West,Organic Search,2,Deal & Festive Shoppers
C03650,2,117.22,58.61,14,0.175,0.0,0.5,0.5,0.0,0.0,0.5,0.0,0.0,South,Paid Social,2,Deal & Festive Shoppers
C03651,2,425.42,212.71,295,0.025,0.5,0.0,0.0,0.0,0.5,0.0,0.5,0.0,East,Organic Search,3,Big-Ticket Tech Buyers
C03652,2,1163.52,581.76,610,0.175,0.0,0.0,0.0,0.0,0.5,0.0,0.0,0.5,West,Email,3,Big-Ticket Tech Buyers
C03653,1,124.52,124.52,428,0.1,1.0,0.0,0.0,0.0,0.0,1.0,0.0,0.0,East,Organic Search,1,Everyday Fashion Shoppers
C03654,4,788.79,197.198,65,0.1,0.0,0.5,0.25,0.25,0.0,0.0,0.0,0.5,East,Referral,2,Deal & Festive Shoppers
C03655,2,517.51,258.755,208,0.05,0.0,0.0,0.0,0.0,0.0,1.0,0.0,0.0,East,Organic Search,1,Everyday Fashion Shoppers
C03656,2,114.02,57.01,375,0.15,0.0,1.0,1.0,0.0,0.0,0.0,0.0,0.0,South,Paid Social,4,Everyday Beauty Shoppers
C03657,4,734.02,183.505,151,0.112,0.25,0.0,0.0,0.25,0.0,0.5,0.25,0.0,East,Organic Search,1,Everyday Fashion Shoppers
C03658,1,74.58,74.58,67,0.05,0.0,0.0,1.0,0.0,0.0,0.0,0.0,0.0,West,Email,4,Everyday Beauty Shoppers
C03659,1,55.03,55.03,495,0.1,0.0,0.0,0.0,0.0,0.0,1.0,0.0,0.0,East,Marketplace,1,Everyday Fashion Shoppers
C03660,5,1326.19,265.238,220,0.06,0.2,0.4,0.4,0.0,0.2,0.4,0.0,0.0,South,Organic Search,3,Big-Ticket Tech Buyers
C03661,2,521.95,260.975,113,0.025,0.0,0.0,0.0,0.5,0.0,0.0,0.5,0.0,South,Marketplace,0,Everyday Home & Kitchen Shoppers
C03662,2,455.66,227.83,386,0.1,0.0,1.0,0.0,0.0,0.0,0.0,1.0,0.0,West,Paid Social,0,Everyday Home & Kitchen Shoppers
C03663,4,442.01,110.502,24,0.162,0.0,1.0,0.25,0.0,0.0,0.0,0.75,0.0,North,Referral,2,Deal & Festive Shoppers
C03664,2,439.58,219.79,49,0.15,0.0,1.0,0.0,0.0,1.0,0.0,0.0,0.0,West,Email,3,Big-Ticket Tech Buyers
C03665,5,758.84,151.768,184,0.08,0.0,0.4,0.4,0.0,0.2,0.2,0.0,0.2,North,Organic Search,2,Deal & Festive Shoppers
C03666,2,158.45,79.225,103,0.2,0.0,0.5,0.0,0.0,0.0,0.5,0.5,0.0,East,Paid Social,2,Deal & Festive Shoppers
C03667,1,990.96,990.96,316,0.0,0.0,0.0,0.0,0.0,1.0,0.0,0.0,0.0,West,Organic Search,3,Big-Ticket Tech Buyers
C03668,1,83.94,83.94,586,0.1,0.0,0.0,0.0,1.0,0.0,0.0,0.0,0.0,South,Email,1,Everyday Fashion Shoppers
C03669,1,24.78,24.78,432,0.15,0.0,0.0,1.0,0.0,0.0,0.0,0.0,0.0,North,Paid Social,4,Everyday Beauty Shoppers
C03670,4,237.12,59.28,4,0.125,0.0,0.75,0.0,0.0,0.0,0.5,0.5,0.0,West,Marketplace,2,Deal & Festive Shoppers
C03671,3,219.58,73.193,550,0.017,0.0,0.0,0.667,0.0,0.0,0.333,0.0,0.0,South,Organic Search,4,Everyday Beauty Shoppers
C03672,2,128.91,64.455,590,0.0,0.0,0.0,0.5,0.0,0.0,0.5,0.0,0.0,South,Marketplace,4,Everyday Beauty Shoppers
C03673,1,186.41,186.41,310,0.1,0.0,0.0,0.0,0.0,0.0,1.0,0.0,0.0,East,Organic Search,1,Everyday Fashion Shoppers
C03674,1,124.59,124.59,718,0.15,0.0,0.0,0.0,0.0,0.0,1.0,0.0,0.0,South,Referral,1,Everyday Fashion Shoppers
C03675,1,118.26,118.26,269,0.0,0.0,0.0,0.0,0.0,0.0,1.0,0.0,0.0,East,Paid Social,1,Everyday Fashion Shoppers
C03676,2,117.82,58.91,411,0.3,0.0,1.0,0.0,0.0,0.0,0.0,1.0,0.0,North,Organic Search,2,Deal & Festive Shoppers
C03677,2,1317.59,658.795,459,0.0,0.0,0.0,0.0,0.0,0.5,0.0,0.0,0.5,South,Organic Search,3,Big-Ticket Tech Buyers
C03678,2,580.21,290.105,109,0.1,0.0,0.0,0.0,0.0,0.0,0.0,0.5,0.5,West,Referral,0,Everyday Home & Kitchen Shoppers
C03679,7,1797.73,256.819,32,0.143,0.429,0.429,0.0,0.0,0.429,0.286,0.286,0.0,North,Organic Search,2,Deal & Festive Shoppers
C03680,2,104.89,52.445,140,0.15,0.0,0.0,0.0,0.5,0.0,0.0,0.0,0.5,South,Referral,1,Everyday Fashion Shoppers
C03681,2,266.36,133.18,146,0.0,0.0,0.0,0.0,0.0,0.5,0.5,0.0,0.0,East,Marketplace,3,Big-Ticket Tech Buyers
C03682,6,319.64,53.273,16,0.142,0.0,0.5,0.167,0.167,0.0,0.167,0.5,0.0,West,Paid Social,2,Deal & Festive Shoppers
C03683,3,466.14,155.38,409,0.1,0.0,0.667,0.0,0.0,0.0,0.667,0.0,0.333,East,Organic Search,2,Deal & Festive Shoppers
C03684,4,798.18,199.545,93,0.038,0.0,0.0,0.0,0.0,0.0,0.25,0.5,0.25,West,Organic Search,0,Everyday Home & Kitchen Shoppers
C03685,1,18.18,18.18,38,0.3,0.0,1.0,0.0,1.0,0.0,0.0,0.0,0.0,North,Organic Search,2,Deal & Festive Shoppers
C03686,3,467.8,155.933,497,0.05,0.0,0.0,0.0,0.0,0.0,0.667,0.333,0.0,South,Paid Social,1,Everyday Fashion Shoppers
C03687,6,891.59,148.598,234,0.158,0.0,0.333,0.0,0.333,0.167,0.167,0.167,0.167,West,Email,2,Deal & Festive Shoppers
C03688,4,1510.19,377.548,21,0.188,0.0,0.75,0.0,0.0,0.5,0.25,0.25,0.0,West,Organic Search,2,Deal & Festive Shoppers
C03689,2,104.56,52.28,48,0.3,0.0,1.0,0.0,1.0,0.0,0.0,0.0,0.0,East,Organic Search,2,Deal & Festive Shoppers
C03690,3,1337.21,445.737,465,0.017,0.0,0.0,0.333,0.0,0.667,0.0,0.0,0.0,South,Referral,3,Big-Ticket Tech Buyers
C03691,3,204.46,68.153,194,0.1,0.0,0.0,0.333,0.0,0.0,0.0,0.333,0.333,South,Paid Social,4,Everyday Beauty Shoppers
C03692,3,571.92,190.64,191,0.033,0.0,0.0,0.333,0.0,0.333,0.0,0.333,0.0,North,Referral,3,Big-Ticket Tech Buyers
C03693,3,233.62,77.873,380,0.067,0.0,0.667,0.667,0.0,0.0,0.0,0.0,0.333,West,Marketplace,4,Everyday Beauty Shoppers
C03694,1,99.38,99.38,484,0.05,0.0,0.0,0.0,0.0,0.0,0.0,0.0,1.0,West,Organic Search,1,Everyday Fashion Shoppers
C03695,1,275.25,275.25,437,0.15,0.0,0.0,0.0,0.0,0.0,1.0,0.0,0.0,South,Paid Social,1,Everyday Fashion Shoppers
C03696,3,534.61,178.203,150,0.0,0.333,0.0,0.0,0.0,0.0,0.667,0.333,0.0,North,Email,1,Everyday Fashion Shoppers
C03697,4,1295.3,323.825,82,0.1,0.0,0.0,0.25,0.0,0.25,0.0,0.25,0.25,South,Email,3,Big-Ticket Tech Buyers
C03698,6,665.34,110.89,267,0.117,0.0,0.333,0.167,0.333,0.0,0.5,0.0,0.0,North,Email,2,Deal & Festive Shoppers
C03699,5,488.3,97.66,177,0.1,0.2,0.0,0.2,0.2,0.2,0.0,0.4,0.0,East,Email,0,Everyday Home & Kitchen Shoppers
C03700,2,176.7,88.35,126,0.0,0.5,0.0,0.5,0.0,0.5,0.0,0.0,0.0,East,Paid Social,3,Big-Ticket Tech Buyers
C03701,1,100.86,100.86,613,0.1,0.0,0.0,0.0,0.0,0.0,0.0,0.0,1.0,North,Paid Social,1,Everyday Fashion Shoppers
C03702,3,344.55,114.85,488,0.083,0.333,0.0,0.667,0.0,0.0,0.0,0.333,0.0,East,Email,4,Everyday Beauty Shoppers
C03703,4,460.04,115.01,305,0.1,0.0,0.0,0.25,0.0,0.0,0.25,0.5,0.0,West,Email,0,Everyday Home & Kitchen Shoppers
C03704,2,128.72,64.36,70,0.15,0.0,0.0,0.0,0.0,0.0,0.0,1.0,0.0,North,Email,0,Everyday Home & Kitchen Shoppers
C03705,1,1191.32,1191.32,62,0.0,0.0,0.0,0.0,0.0,1.0,0.0,0.0,0.0,South,Paid Social,3,Big-Ticket Tech Buyers
C03706,2,249.28,124.64,217,0.075,0.0,0.0,0.0,0.0,0.0,0.0,1.0,0.0,South,Marketplace,0,Everyday Home & Kitchen Shoppers
C03707,2,54.86,27.43,550,0.0,0.0,0.0,0.5,0.5,0.0,0.0,0.0,0.0,North,Organic Search,4,Everyday Beauty Shoppers
C03708,2,447.76,223.88,108,0.025,0.0,0.0,0.0,0.5,0.5,0.0,0.0,0.0,East,Organic Search,3,Big-Ticket Tech Buyers
C03709,1,29.65,29.65,382,0.3,0.0,1.0,0.0,1.0,0.0,0.0,0.0,0.0,East,Paid Social,2,Deal & Festive Shoppers
C03710,2,191.57,95.785,118,0.15,0.0,0.0,0.0,0.5,0.0,0.5,0.0,0.0,North,Organic Search,1,Everyday Fashion Shoppers
C03711,3,277.44,92.48,347,0.117,0.0,0.333,0.0,0.0,0.0,0.333,0.333,0.333,North,Referral,0,Everyday Home & Kitchen Shoppers
C03712,2,356.42,178.21,14,0.2,0.0,1.0,0.0,0.0,0.0,0.0,1.0,0.0,West,Organic Search,2,Deal & Festive Shoppers
C03713,6,762.82,127.137,4,0.1,0.333,0.5,0.333,0.0,0.0,0.167,0.333,0.167,South,Referral,2,Deal & Festive Shoppers
C03714,2,166.74,83.37,526,0.0,0.0,0.0,0.5,0.0,0.0,0.5,0.0,0.0,East,Paid Social,4,Everyday Beauty Shoppers
C03715,3,336.92,112.307,77,0.067,0.0,0.0,0.0,0.0,0.0,0.333,0.0,0.667,East,Organic Search,1,Everyday Fashion Shoppers
C03716,3,701.42,233.807,251,0.067,0.0,0.0,0.0,0.667,0.333,0.0,0.0,0.0,West,Organic Search,3,Big-Ticket Tech Buyers
C03717,3,1073.24,357.747,243,0.05,0.333,0.0,0.0,0.0,0.333,0.0,0.333,0.333,East,Paid Social,3,Big-Ticket Tech Buyers
C03718,3,352.95,117.65,497,0.133,0.0,0.0,0.0,0.0,0.0,0.333,0.333,0.333,West,Email,0,Everyday Home & Kitchen Shoppers
C03719,1,200.34,200.34,239,0.2,0.0,0.0,0.0,0.0,0.0,1.0,0.0,0.0,East,Paid Social,1,Everyday Fashion Shoppers
C03720,2,261.91,130.955,519,0.15,0.0,0.0,0.0,0.5,0.0,0.0,0.5,0.0,South,Organic Search,0,Everyday Home & Kitchen Shoppers
C03721,1,38.82,38.82,276,0.1,0.0,0.0,0.0,0.0,0.0,0.0,0.0,1.0,South,Organic Search,1,Everyday Fashion Shoppers
C03722,5,613.71,122.742,90,0.11,0.0,0.0,0.4,0.0,0.0,0.2,0.2,0.2,South,Organic Search,4,Everyday Beauty Shoppers
C03723,4,1225.11,306.278,47,0.112,0.0,0.5,0.0,0.0,0.0,0.25,0.0,0.75,South,Organic Search,2,Deal & Festive Shoppers
C03724,1,171.98,171.98,34,0.3,0.0,1.0,0.0,0.0,0.0,0.0,0.0,1.0,North,Marketplace,2,Deal & Festive Shoppers
C03725,5,217.91,43.582,538,0.07,0.2,0.0,0.0,0.4,0.0,0.4,0.2,0.0,South,Organic Search,1,Everyday Fashion Shoppers
C03726,1,248.74,248.74,30,0.3,0.0,1.0,0.0,0.0,0.0,0.0,0.0,1.0,South,Organic Search,2,Deal & Festive Shoppers
C03727,2,623.81,311.905,636,0.0,0.0,0.0,0.0,0.0,0.0,0.5,0.5,0.0,North,Marketplace,0,Everyday Home & Kitchen Shoppers
C03728,5,975.81,195.162,139,0.03,0.0,0.0,0.2,0.2,0.2,0.2,0.2,0.0,North,Referral,3,Big-Ticket Tech Buyers
C03729,2,141.66,70.83,375,0.225,0.5,0.5,0.0,0.0,0.0,0.0,1.0,0.0,East,Paid Social,0,Everyday Home & Kitchen Shoppers
C03730,4,340.43,85.108,71,0.038,0.0,0.0,0.0,0.25,0.0,0.0,0.0,0.75,East,Referral,1,Everyday Fashion Shoppers
C03731,2,437.35,218.675,77,0.025,0.0,0.0,0.0,0.0,0.0,0.5,0.0,0.5,West,Marketplace,1,Everyday Fashion Shoppers
C03732,1,78.38,78.38,111,0.05,1.0,0.0,0.0,0.0,0.0,1.0,0.0,0.0,East,Organic Search,1,Everyday Fashion Shoppers
C03733,5,406.24,81.248,295,0.15,0.0,0.6,0.4,0.2,0.0,0.2,0.2,0.0,West,Organic Search,2,Deal & Festive Shoppers
C03734,5,207.16,41.432,20,0.13,0.0,1.0,0.0,0.6,0.0,0.4,0.0,0.0,East,Marketplace,2,Deal & Festive Shoppers
C03735,4,3140.67,785.168,400,0.225,0.0,0.5,0.0,0.0,0.75,0.0,0.0,0.25,North,Email,3,Big-Ticket Tech Buyers
C03736,2,581.36,290.68,555,0.05,0.0,0.0,0.5,0.0,0.0,0.0,0.5,0.0,West,Marketplace,0,Everyday Home & Kitchen Shoppers
C03737,4,1056.74,264.185,91,0.0,0.0,0.0,0.0,0.0,0.5,0.0,0.5,0.0,North,Paid Social,3,Big-Ticket Tech Buyers
C03738,2,381.1,190.55,292,0.025,0.0,0.0,0.0,0.0,0.5,0.5,0.0,0.0,East,Marketplace,3,Big-Ticket Tech Buyers
C03739,1,145.6,145.6,260,0.3,1.0,0.0,0.0,0.0,0.0,0.0,1.0,0.0,East,Paid Social,0,Everyday Home & Kitchen Shoppers
C03740,3,2561.76,853.92,96,0.033,0.0,0.0,0.0,0.0,0.667,0.333,0.0,0.0,South,Email,3,Big-Ticket Tech Buyers
C03741,2,796.72,398.36,469,0.0,0.0,0.0,0.0,0.5,0.5,0.0,0.0,0.0,East,Marketplace,3,Big-Ticket Tech Buyers
C03742,7,807.02,115.289,31,0.086,0.0,0.571,0.0,0.143,0.0,0.143,0.286,0.429,South,Organic Search,2,Deal & Festive Shoppers
C03743,1,249.67,249.67,63,0.2,0.0,0.0,0.0,0.0,0.0,1.0,0.0,0.0,North,Organic Search,1,Everyday Fashion Shoppers
C03744,2,214.94,107.47,424,0.2,0.0,1.0,0.0,0.0,0.0,1.0,0.0,0.0,North,Referral,2,Deal & Festive Shoppers
C03745,2,65.27,32.635,473,0.125,0.0,0.0,0.5,0.0,0.0,0.0,0.0,0.5,North,Marketplace,4,Everyday Beauty Shoppers
C03746,2,158.62,79.31,39,0.2,0.0,1.0,0.0,0.0,0.0,1.0,0.0,0.0,North,Organic Search,2,Deal & Festive Shoppers
C03747,1,1242.43,1242.43,408,0.1,0.0,1.0,0.0,0.0,1.0,0.0,0.0,0.0,East,Marketplace,3,Big-Ticket Tech Buyers
C03748,1,811.82,811.82,25,0.3,0.0,1.0,0.0,0.0,1.0,0.0,0.0,0.0,East,Paid Social,3,Big-Ticket Tech Buyers
C03749,1,98.95,98.95,85,0.1,0.0,0.0,0.0,0.0,0.0,0.0,1.0,0.0,South,Paid Social,0,Everyday Home & Kitchen Shoppers
C03750,1,185.62,185.62,81,0.2,0.0,0.0,0.0,0.0,0.0,0.0,0.0,1.0,East,Paid Social,1,Everyday Fashion Shoppers
C03751,2,246.34,123.17,292,0.05,0.5,0.0,0.0,0.0,0.0,0.5,0.5,0.0,North,Marketplace,0,Everyday Home & Kitchen Shoppers
C03752,1,164.48,164.48,165,0.0,0.0,0.0,0.0,0.0,0.0,0.0,1.0,0.0,North,Organic Search,0,Everyday Home & Kitchen Shoppers
C03753,2,123.67,61.835,26,0.15,0.0,1.0,0.0,0.5,0.0,0.0,0.0,0.5,East,Referral,2,Deal & Festive Shoppers
C03754,3,1391.48,463.827,147,0.1,0.0,0.0,0.0,0.0,0.333,0.0,0.667,0.0,West,Organic Search,0,Everyday Home & Kitchen Shoppers
C03755,6,598.56,99.76,414,0.158,0.0,0.667,0.0,0.333,0.0,0.5,0.167,0.0,South,Marketplace,2,Deal & Festive Shoppers
C03756,3,475.3,158.433,164,0.1,0.0,0.0,0.0,0.0,0.0,0.333,0.667,0.0,North,Email,0,Everyday Home & Kitchen Shoppers
C03757,1,188.76,188.76,283,0.0,0.0,0.0,0.0,0.0,1.0,0.0,0.0,0.0,East,Organic Search,3,Big-Ticket Tech Buyers
C03758,2,167.7,83.85,290,0.075,0.0,0.0,0.0,0.0,0.0,1.0,0.0,0.0,West,Organic Search,1,Everyday Fashion Shoppers
C03759,1,153.39,153.39,656,0.05,0.0,0.0,0.0,0.0,0.0,0.0,0.0,1.0,South,Paid Social,1,Everyday Fashion Shoppers
C03760,1,16.91,16.91,334,0.0,0.0,0.0,1.0,0.0,0.0,0.0,0.0,0.0,North,Paid Social,4,Everyday Beauty Shoppers
C03761,5,1603.25,320.65,281,0.06,0.0,0.2,0.0,0.0,0.2,0.2,0.4,0.2,North,Email,0,Everyday Home & Kitchen Shoppers
C03762,1,43.26,43.26,370,0.15,0.0,1.0,0.0,0.0,0.0,1.0,0.0,0.0,East,Referral,1,Everyday Fashion Shoppers
C03763,1,129.34,129.34,324,0.0,0.0,0.0,0.0,0.0,0.0,0.0,0.0,1.0,West,Paid Social,1,Everyday Fashion Shoppers
C03764,4,519.39,129.848,150,0.038,0.0,0.0,0.0,0.0,0.0,0.25,0.75,0.0,East,Email,0,Everyday Home & Kitchen Shoppers
C03765,2,274.46,137.23,71,0.025,0.5,0.0,0.5,0.0,0.0,0.5,0.0,0.0,South,Paid Social,4,Everyday Beauty Shoppers
C03766,1,63.68,63.68,427,0.0,0.0,0.0,0.0,1.0,0.0,0.0,0.0,0.0,East,Organic Search,1,Everyday Fashion Shoppers
C03767,1,143.48,143.48,241,0.0,0.0,0.0,0.0,0.0,0.0,0.0,1.0,0.0,West,Organic Search,0,Everyday Home & Kitchen Shoppers
C03768,2,1200.67,600.335,137,0.025,0.0,0.0,0.0,0.0,0.5,0.5,0.0,0.0,South,Paid Social,3,Big-Ticket Tech Buyers
C03769,1,138.58,138.58,154,0.0,0.0,0.0,0.0,0.0,0.0,0.0,1.0,0.0,West,Referral,0,Everyday Home & Kitchen Shoppers
C03770,3,68.71,22.903,406,0.1,0.0,0.333,0.667,0.0,0.0,0.0,0.333,0.0,South,Organic Search,4,Everyday Beauty Shoppers
C03771,2,62.74,31.37,407,0.1,0.0,0.5,0.0,0.5,0.0,0.0,0.5,0.0,South,Referral,0,Everyday Home & Kitchen Shoppers
C03772,1,406.71,406.71,483,0.3,0.0,0.0,0.0,0.0,0.0,0.0,0.0,1.0,East,Organic Search,1,Everyday Fashion Shoppers
C03773,4,1801.79,450.448,42,0.138,0.0,0.5,0.0,0.25,0.5,0.25,0.0,0.0,South,Email,2,Deal & Festive Shoppers
C03774,6,1849.94,308.323,142,0.058,0.333,0.0,0.167,0.333,0.167,0.333,0.0,0.0,West,Organic Search,3,Big-Ticket Tech Buyers
C03775,2,408.84,204.42,231,0.1,0.0,0.5,0.5,0.0,0.0,0.0,0.0,0.5,East,Paid Social,4,Everyday Beauty Shoppers
C03776,6,780.7,130.117,117,0.133,0.0,0.667,0.0,0.167,0.0,0.333,0.333,0.167,South,Organic Search,2,Deal & Festive Shoppers
C03777,2,590.72,295.36,255,0.1,0.0,0.0,0.0,0.0,0.0,0.5,0.5,0.0,South,Paid Social,0,Everyday Home & Kitchen Shoppers
C03778,4,1586.86,396.715,10,0.15,0.0,0.75,0.0,0.5,0.5,0.0,0.0,0.0,East,Organic Search,2,Deal & Festive Shoppers
C03779,1,132.74,132.74,28,0.3,0.0,1.0,0.0,0.0,1.0,0.0,0.0,0.0,South,Paid Social,2,Deal & Festive Shoppers
C03780,4,694.02,173.505,400,0.25,0.5,1.0,0.0,0.0,0.0,0.0,1.0,0.0,East,Email,2,Deal & Festive Shoppers
C03781,2,352.97,176.485,466,0.125,0.0,0.0,0.0,0.0,0.0,0.0,0.5,0.5,South,Organic Search,0,Everyday Home & Kitchen Shoppers
C03782,6,1223.84,203.973,158,0.05,0.0,0.0,0.0,0.167,0.333,0.5,0.0,0.0,South,Email,3,Big-Ticket Tech Buyers
C03783,2,205.7,102.85,542,0.0,0.0,0.0,0.5,0.0,0.0,0.0,0.5,0.0,East,Referral,0,Everyday Home & Kitchen Shoppers
C03784,1,85.75,85.75,184,0.0,0.0,0.0,0.0,0.0,0.0,1.0,0.0,0.0,North,Paid Social,1,Everyday Fashion Shoppers
C03785,4,213.74,53.435,13,0.2,0.0,1.0,0.0,0.0,0.0,1.0,0.0,0.0,East,Referral,2,Deal & Festive Shoppers
C03786,5,312.21,62.442,17,0.06,0.4,0.4,0.0,0.2,0.0,0.6,0.0,0.2,East,Paid Social,2,Deal & Festive Shoppers
C03787,5,275.65,55.13,369,0.09,0.0,0.4,0.0,0.6,0.0,0.0,0.2,0.2,South,Email,2,Deal & Festive Shoppers
C03788,1,157.49,157.49,715,0.15,0.0,0.0,1.0,0.0,0.0,0.0,0.0,0.0,East,Email,4,Everyday Beauty Shoppers
C03789,2,200.56,100.28,34,0.15,0.0,1.0,0.0,0.0,0.0,1.0,0.0,0.0,East,Email,2,Deal & Festive Shoppers
C03790,3,182.39,60.797,392,0.1,0.333,0.667,0.0,0.667,0.0,0.0,0.333,0.0,West,Organic Search,2,Deal & Festive Shoppers
C03791,5,1724.24,344.848,468,0.06,0.4,0.0,0.0,0.2,0.4,0.2,0.2,0.0,South,Referral,3,Big-Ticket Tech Buyers
C03792,3,204.6,68.2,117,0.083,0.0,0.0,0.333,0.667,0.0,0.0,0.0,0.0,South,Organic Search,4,Everyday Beauty Shoppers
C03793,1,179.74,179.74,553,0.2,0.0,0.0,0.0,0.0,1.0,0.0,0.0,0.0,East,Paid Social,3,Big-Ticket Tech Buyers
C03794,2,71.67,35.835,29,0.05,0.5,0.5,0.0,0.0,0.0,1.0,0.0,0.0,East,Organic Search,2,Deal & Festive Shoppers
C03795,3,265.89,88.63,4,0.2,0.0,0.667,0.333,0.0,0.0,0.0,0.667,0.0,East,Organic Search,2,Deal & Festive Shoppers
C03796,3,352.39,117.463,173,0.017,0.0,0.0,0.0,0.333,0.0,0.667,0.0,0.0,East,Referral,1,Everyday Fashion Shoppers
C03797,2,1617.14,808.57,73,0.025,0.5,0.0,0.0,0.0,0.5,0.0,0.5,0.0,East,Marketplace,3,Big-Ticket Tech Buyers
C03798,2,146.67,73.335,639,0.0,0.0,0.0,0.5,0.0,0.0,0.0,0.5,0.0,North,Organic Search,4,Everyday Beauty Shoppers
C03799,2,105.16,52.58,693,0.05,0.0,0.0,0.0,0.0,0.0,0.5,0.5,0.0,East,Referral,0,Everyday Home & Kitchen Shoppers
C03800,4,666.04,166.51,405,0.25,0.0,0.5,0.25,0.0,0.0,0.0,0.25,0.5,North,Referral,2,Deal & Festive Shoppers
C03801,2,448.3,224.15,65,0.0,0.0,0.0,0.0,0.0,0.0,0.5,0.5,0.0,South,Marketplace,0,Everyday Home & Kitchen Shoppers
C03802,2,721.4,360.7,142,0.0,0.0,0.0,0.0,0.5,0.0,0.0,0.0,0.5,East,Referral,1,Everyday Fashion Shoppers
C03803,1,134.56,134.56,166,0.05,0.0,0.0,0.0,0.0,0.0,1.0,0.0,0.0,South,Organic Search,1,Everyday Fashion Shoppers
C03804,3,400.05,133.35,420,0.2,0.0,0.667,0.333,0.0,0.0,0.667,0.0,0.0,South,Organic Search,2,Deal & Festive Shoppers
C03805,1,91.45,91.45,708,0.15,0.0,0.0,0.0,0.0,0.0,0.0,1.0,0.0,West,Referral,0,Everyday Home & Kitchen Shoppers
C03806,1,37.15,37.15,125,0.1,0.0,0.0,1.0,0.0,0.0,0.0,0.0,0.0,East,Organic Search,4,Everyday Beauty Shoppers
C03807,2,407.9,203.95,378,0.1,0.0,0.5,0.0,0.0,0.0,0.0,0.5,0.5,East,Marketplace,0,Everyday Home & Kitchen Shoppers
C03808,1,93.63,93.63,615,0.15,0.0,0.0,0.0,0.0,0.0,0.0,1.0,0.0,West,Marketplace,0,Everyday Home & Kitchen Shoppers
C03809,1,77.24,77.24,361,0.2,0.0,0.0,0.0,0.0,0.0,1.0,0.0,0.0,South,Marketplace,1,Everyday Fashion Shoppers
C03810,4,1237.18,309.295,49,0.075,0.5,0.5,0.0,0.0,0.25,0.25,0.0,0.5,East,Organic Search,2,Deal & Festive Shoppers
C03811,3,293.13,97.71,487,0.017,0.0,0.0,0.0,0.0,0.0,1.0,0.0,0.0,North,Email,1,Everyday Fashion Shoppers
C03812,3,848.71,282.903,176,0.15,0.0,0.333,0.0,0.0,0.0,0.0,1.0,0.0,South,Referral,0,Everyday Home & Kitchen Shoppers
C03813,3,549.12,183.04,141,0.117,0.0,0.0,0.0,0.333,0.333,0.333,0.0,0.0,South,Organic Search,3,Big-Ticket Tech Buyers
C03814,4,208.3,52.075,63,0.138,0.0,0.5,0.75,0.0,0.0,0.25,0.0,0.0,North,Organic Search,4,Everyday Beauty Shoppers
C03815,6,659.33,109.888,41,0.117,0.0,0.333,0.167,0.0,0.0,0.333,0.167,0.333,East,Organic Search,2,Deal & Festive Shoppers
C03816,1,97.96,97.96,670,0.1,0.0,0.0,1.0,0.0,0.0,0.0,0.0,0.0,North,Paid Social,4,Everyday Beauty Shoppers
C03817,2,49.48,24.74,412,0.15,0.0,1.0,0.0,1.0,0.0,0.0,0.0,0.0,East,Marketplace,2,Deal & Festive Shoppers
C03818,3,333.86,111.287,91,0.017,0.333,0.0,0.333,0.0,0.333,0.333,0.0,0.0,North,Marketplace,3,Big-Ticket Tech Buyers
C03819,5,595.86,119.172,36,0.08,0.0,0.4,0.4,0.0,0.0,0.4,0.2,0.0,North,Organic Search,2,Deal & Festive Shoppers
C03820,1,102.2,102.2,97,0.15,0.0,0.0,0.0,0.0,0.0,1.0,0.0,0.0,West,Paid Social,1,Everyday Fashion Shoppers
C03821,3,1319.87,439.957,469,0.017,0.333,0.0,0.0,0.0,0.333,0.333,0.0,0.333,East,Organic Search,3,Big-Ticket Tech Buyers
C03822,2,617.96,308.98,696,0.0,0.0,0.0,0.5,0.0,0.5,0.0,0.0,0.0,West,Organic Search,3,Big-Ticket Tech Buyers
C03823,4,299.08,74.77,93,0.05,0.25,0.0,0.25,0.5,0.0,0.0,0.25,0.0,South,Organic Search,0,Everyday Home & Kitchen Shoppers
C03824,5,472.7,94.54,382,0.13,0.0,0.4,0.2,0.0,0.0,0.4,0.0,0.4,North,Referral,2,Deal & Festive Shoppers
C03825,4,1173.82,293.455,102,0.0,0.0,0.0,0.25,0.0,0.75,0.0,0.0,0.0,East,Referral,3,Big-Ticket Tech Buyers
C03826,2,121.63,60.815,78,0.05,0.0,0.0,0.0,0.5,0.0,0.5,0.0,0.0,East,Marketplace,1,Everyday Fashion Shoppers
C03827,2,235.21,117.605,273,0.0,0.0,0.0,0.0,0.0,0.0,0.0,1.0,0.0,North,Marketplace,0,Everyday Home & Kitchen Shoppers
C03828,2,262.83,131.415,313,0.05,0.0,0.0,0.5,0.0,0.0,0.0,0.0,0.5,West,Organic Search,4,Everyday Beauty Shoppers
C03829,2,723.18,361.59,208,0.0,0.0,0.0,0.0,0.0,0.5,0.5,0.0,0.0,East,Email,3,Big-Ticket Tech Buyers
C03830,3,754.73,251.577,437,0.033,0.0,0.0,0.333,0.0,0.0,0.333,0.333,0.0,East,Organic Search,0,Everyday Home & Kitchen Shoppers
C03831,2,388.25,194.125,58,0.075,0.0,0.5,0.0,0.0,0.0,0.5,0.0,0.5,South,Paid Social,2,Deal & Festive Shoppers
C03832,1,247.25,247.25,571,0.1,0.0,0.0,0.0,0.0,0.0,1.0,0.0,0.0,East,Paid Social,1,Everyday Fashion Shoppers
C03833,2,164.43,82.215,90,0.15,0.0,0.0,1.0,0.0,0.0,0.0,0.0,0.0,North,Organic Search,4,Everyday Beauty Shoppers
C03834,2,99.36,49.68,31,0.1,0.0,0.5,0.5,0.0,0.0,0.5,0.0,0.0,West,Organic Search,2,Deal & Festive Shoppers
C03835,3,347.14,115.713,471,0.217,0.0,0.0,0.667,0.0,0.0,0.0,0.333,0.0,South,Organic Search,4,Everyday Beauty Shoppers
C03836,1,384.77,384.77,207,0.15,0.0,0.0,0.0,0.0,0.0,0.0,0.0,1.0,North,Organic Search,1,Everyday Fashion Shoppers
C03837,2,333.17,166.585,507,0.2,0.0,0.0,0.5,0.0,0.0,0.0,0.0,0.5,North,Marketplace,4,Everyday Beauty Shoppers
C03838,3,442.18,147.393,241,0.0,0.0,0.0,0.0,0.333,0.0,0.667,0.0,0.0,East,Organic Search,1,Everyday Fashion Shoppers
C03839,1,8.94,8.94,59,0.3,0.0,1.0,0.0,1.0,0.0,0.0,0.0,0.0,West,Paid Social,2,Deal & Festive Shoppers
C03840,1,120.47,120.47,64,0.1,0.0,0.0,0.0,0.0,0.0,0.0,1.0,0.0,West,Marketplace,0,Everyday Home & Kitchen Shoppers
C03841,1,88.63,88.63,105,0.0,0.0,0.0,0.0,0.0,0.0,0.0,0.0,1.0,East,Referral,1,Everyday Fashion Shoppers
C03842,3,1048.68,349.56,311,0.267,0.0,0.667,0.0,0.0,1.0,0.0,0.0,0.0,West,Paid Social,3,Big-Ticket Tech Buyers
C03843,2,180.35,90.175,161,0.05,0.0,0.0,0.0,0.5,0.0,0.0,0.5,0.0,East,Marketplace,0,Everyday Home & Kitchen Shoppers
C03844,3,625.32,208.44,186,0.05,0.0,0.0,0.0,0.0,0.333,0.333,0.333,0.0,South,Organic Search,3,Big-Ticket Tech Buyers
C03845,1,643.14,643.14,77,0.15,0.0,0.0,0.0,0.0,1.0,0.0,0.0,0.0,East,Organic Search,3,Big-Ticket Tech Buyers
C03846,2,319.9,159.95,386,0.2,0.0,1.0,0.0,0.0,0.0,1.0,0.0,0.0,North,Paid Social,2,Deal & Festive Shoppers
C03847,2,207.2,103.6,78,0.05,0.0,0.0,0.0,0.5,0.0,0.0,0.5,0.0,North,Paid Social,0,Everyday Home & Kitchen Shoppers
C03848,2,291.62,145.81,453,0.075,0.0,0.0,0.0,0.0,0.0,0.5,0.5,0.0,South,Email,0,Everyday Home & Kitchen Shoppers
C03849,3,491.42,163.807,62,0.05,0.0,0.0,0.333,0.333,0.333,0.0,0.0,0.0,North,Organic Search,3,Big-Ticket Tech Buyers
C03850,3,186.88,62.293,479,0.033,0.0,0.0,0.0,0.0,0.0,0.333,0.333,0.333,West,Referral,0,Everyday Home & Kitchen Shoppers
C03851,3,379.34,126.447,36,0.133,0.0,0.333,0.333,0.0,0.0,0.0,0.667,0.0,West,Email,2,Deal & Festive Shoppers
C03852,1,35.25,35.25,685,0.0,0.0,0.0,1.0,0.0,0.0,0.0,0.0,0.0,South,Marketplace,4,Everyday Beauty Shoppers
C03853,2,661.63,330.815,604,0.075,0.0,0.0,0.0,0.0,0.5,0.0,0.5,0.0,East,Organic Search,3,Big-Ticket Tech Buyers
C03854,2,155.01,77.505,433,0.15,0.0,0.0,0.0,0.0,0.0,0.0,1.0,0.0,South,Organic Search,0,Everyday Home & Kitchen Shoppers
C03855,2,186.22,93.11,349,0.175,0.0,0.5,0.0,0.0,0.0,0.5,0.5,0.0,North,Marketplace,2,Deal & Festive Shoppers
C03856,2,105.02,52.51,203,0.025,0.0,0.0,0.0,0.0,0.0,1.0,0.0,0.0,South,Referral,1,Everyday Fashion Shoppers
C03857,3,837.53,279.177,361,0.1,0.0,0.333,0.0,0.333,0.333,0.0,0.0,0.333,North,Organic Search,3,Big-Ticket Tech Buyers
C03858,4,1466.91,366.727,90,0.1,0.0,0.0,0.0,0.0,0.25,0.5,0.25,0.0,South,Organic Search,3,Big-Ticket Tech Buyers
C03859,3,155.96,51.987,425,0.083,0.0,0.667,0.667,0.0,0.0,0.333,0.0,0.0,North,Email,4,Everyday Beauty Shoppers
C03860,3,364.53,121.51,242,0.067,0.0,0.333,0.0,0.0,0.0,0.667,0.333,0.0,North,Referral,1,Everyday Fashion Shoppers
C03861,4,200.29,50.072,16,0.1,0.0,0.25,0.0,0.5,0.0,0.0,0.25,0.25,North,Referral,2,Deal & Festive Shoppers
C03862,3,427.43,142.477,161,0.017,0.0,0.0,0.0,0.333,0.0,0.0,0.667,0.0,West,Marketplace,0,Everyday Home & Kitchen Shoppers
C03863,3,407.79,135.93,257,0.05,0.333,0.0,0.0,0.0,0.0,0.0,0.667,0.333,North,Organic Search,0,Everyday Home & Kitchen Shoppers
C03864,2,74.23,37.115,185,0.075,0.0,0.0,0.0,0.5,0.0,0.5,0.0,0.0,South,Organic Search,1,Everyday Fashion Shoppers
C03865,3,131.52,43.84,61,0.067,0.333,0.333,0.0,0.333,0.0,0.667,0.0,0.0,East,Referral,2,Deal & Festive Shoppers
C03866,3,214.77,71.59,8,0.067,0.0,0.667,0.333,0.667,0.0,0.0,0.0,0.0,South,Marketplace,2,Deal & Festive Shoppers
C03867,2,459.26,229.63,36,0.075,0.0,0.5,0.0,0.0,0.0,0.0,0.5,0.5,East,Organic Search,2,Deal & Festive Shoppers
C03868,1,68.24,68.24,161,0.15,0.0,0.0,0.0,0.0,0.0,1.0,0.0,0.0,North,Email,1,Everyday Fashion Shoppers
C03869,1,99.61,99.61,558,0.2,1.0,0.0,0.0,0.0,0.0,1.0,0.0,0.0,East,Organic Search,1,Everyday Fashion Shoppers
C03870,1,349.31,349.31,217,0.1,0.0,0.0,0.0,0.0,1.0,0.0,0.0,0.0,East,Organic Search,3,Big-Ticket Tech Buyers
C03871,2,126.07,63.035,655,0.0,0.0,0.0,0.5,0.0,0.0,0.0,0.0,0.5,East,Marketplace,4,Everyday Beauty Shoppers
C03872,3,416.18,138.727,364,0.017,0.0,0.0,0.333,0.0,0.0,0.333,0.333,0.0,East,Organic Search,0,Everyday Home & Kitchen Shoppers
C03873,1,22.89,22.89,115,0.0,0.0,0.0,0.0,0.0,0.0,1.0,0.0,0.0,South,Organic Search,1,Everyday Fashion Shoppers
C03874,3,202.83,67.61,361,0.167,0.0,0.667,0.0,0.667,0.0,0.0,0.0,0.333,South,Email,2,Deal & Festive Shoppers
C03875,2,398.4,199.2,138,0.05,0.0,0.0,0.0,0.5,0.5,0.0,0.0,0.0,North,Paid Social,3,Big-Ticket Tech Buyers
C03876,4,443.34,110.835,48,0.1,0.0,0.5,0.5,0.0,0.0,0.0,0.0,0.5,East,Paid Social,2,Deal & Festive Shoppers
C03877,1,31.04,31.04,231,0.05,0.0,0.0,1.0,0.0,0.0,0.0,0.0,0.0,North,Email,4,Everyday Beauty Shoppers
C03878,5,304.44,60.888,249,0.06,0.2,0.2,0.4,0.2,0.0,0.2,0.0,0.2,South,Organic Search,4,Everyday Beauty Shoppers
C03879,4,397.69,99.422,523,0.088,0.25,0.0,0.0,0.25,0.0,0.25,0.25,0.25,East,Referral,0,Everyday Home & Kitchen Shoppers
C03880,2,401.55,200.775,608,0.025,0.5,0.0,0.0,0.5,0.0,0.0,0.0,0.5,North,Paid Social,1,Everyday Fashion Shoppers
C03881,3,660.29,220.097,88,0.083,0.0,0.0,0.0,0.0,0.333,0.0,0.333,0.333,North,Organic Search,3,Big-Ticket Tech Buyers
C03882,2,131.87,65.935,515,0.05,0.0,0.0,0.0,0.0,0.0,1.0,0.0,0.0,East,Email,1,Everyday Fashion Shoppers
C03883,2,288.04,144.02,232,0.0,0.0,0.0,0.0,0.5,0.0,0.0,0.0,0.5,South,Paid Social,1,Everyday Fashion Shoppers
C03884,1,110.21,110.21,395,0.2,0.0,1.0,0.0,0.0,0.0,1.0,0.0,0.0,West,Marketplace,2,Deal & Festive Shoppers
C03885,3,448.78,149.593,9,0.2,0.333,0.667,0.0,0.0,0.0,0.333,0.0,0.667,West,Marketplace,2,Deal & Festive Shoppers
C03886,1,280.92,280.92,427,0.0,0.0,0.0,0.0,0.0,0.0,1.0,0.0,0.0,West,Marketplace,1,Everyday Fashion Shoppers
C03887,2,1409.29,704.645,577,0.025,0.0,0.0,0.0,0.0,1.0,0.0,0.0,0.0,South,Paid Social,3,Big-Ticket Tech Buyers
C03888,2,966.74,483.37,470,0.1,0.0,0.0,0.0,0.5,0.5,0.0,0.0,0.0,North,Organic Search,3,Big-Ticket Tech Buyers
C03889,2,156.45,78.225,618,0.075,0.0,0.0,0.5,0.0,0.0,0.0,0.0,0.5,East,Marketplace,4,Everyday Beauty Shoppers
C03890,1,10.88,10.88,152,0.0,0.0,0.0,1.0,0.0,0.0,0.0,0.0,0.0,East,Paid Social,4,Everyday Beauty Shoppers
C03891,2,243.44,121.72,225,0.075,0.0,0.0,0.5,0.0,0.0,0.0,0.0,0.5,East,Email,4,Everyday Beauty Shoppers
C03892,1,422.97,422.97,81,0.15,0.0,0.0,0.0,0.0,0.0,0.0,1.0,0.0,South,Marketplace,0,Everyday Home & Kitchen Shoppers
C03893,2,23.9,11.95,421,0.3,0.0,1.0,0.0,1.0,0.0,0.0,0.0,0.0,North,Organic Search,2,Deal & Festive Shoppers
C03894,3,586.1,195.367,552,0.0,0.0,0.0,0.0,0.333,0.333,0.333,0.0,0.0,North,Organic Search,3,Big-Ticket Tech Buyers
C03895,2,304.87,152.435,270,0.075,0.0,0.0,0.0,0.0,0.0,0.0,1.0,0.0,North,Referral,0,Everyday Home & Kitchen Shoppers
C03896,1,169.89,169.89,64,0.2,0.0,0.0,0.0,0.0,0.0,0.0,1.0,0.0,North,Referral,0,Everyday Home & Kitchen Shoppers
C03897,3,696.55,232.183,277,0.1,0.0,0.0,0.333,0.0,0.333,0.0,0.333,0.0,West,Organic Search,3,Big-Ticket Tech Buyers
C03898,5,768.48,153.696,545,0.04,0.2,0.0,0.0,0.0,0.0,0.4,0.6,0.0,North,Referral,0,Everyday Home & Kitchen Shoppers
C03899,3,301.55,100.517,256,0.067,0.0,0.0,0.333,0.0,0.0,0.667,0.0,0.0,East,Email,1,Everyday Fashion Shoppers
C03900,1,14.5,14.5,79,0.0,0.0,0.0,1.0,0.0,0.0,0.0,0.0,0.0,West,Paid Social,4,Everyday Beauty Shoppers
C03901,2,336.36,168.18,366,0.1,0.0,1.0,0.0,0.0,0.0,0.0,0.0,1.0,South,Organic Search,2,Deal & Festive Shoppers
C03902,4,400.44,100.11,43,0.25,0.0,1.0,0.0,0.0,0.0,0.5,0.5,0.0,East,Email,2,Deal & Festive Shoppers
C03903,2,60.12,30.06,357,0.175,0.0,0.5,0.0,0.5,0.0,0.5,0.0,0.0,East,Email,1,Everyday Fashion Shoppers
C03904,1,221.2,221.2,720,0.05,0.0,0.0,0.0,0.0,0.0,1.0,0.0,0.0,South,Marketplace,1,Everyday Fashion Shoppers
C03905,3,262.73,87.577,46,0.117,0.0,0.667,0.333,0.0,0.0,0.667,0.0,0.0,South,Organic Search,2,Deal & Festive Shoppers
C03906,1,144.07,144.07,187,0.1,0.0,0.0,0.0,0.0,0.0,0.0,1.0,0.0,West,Marketplace,0,Everyday Home & Kitchen Shoppers
C03907,4,436.94,109.235,97,0.0,0.0,0.0,0.25,0.0,0.0,0.25,0.0,0.5,East,Email,1,Everyday Fashion Shoppers
C03908,2,56.16,28.08,37,0.1,0.0,1.0,0.0,1.0,0.0,0.0,0.0,0.0,West,Email,2,Deal & Festive Shoppers
C03909,2,189.07,94.535,549,0.075,0.0,0.0,0.5,0.5,0.0,0.0,0.0,0.0,West,Paid Social,4,Everyday Beauty Shoppers
C03910,1,103.54,103.54,95,0.15,0.0,0.0,0.0,0.0,0.0,0.0,0.0,1.0,South,Organic Search,1,Everyday Fashion Shoppers
C03911,1,180.9,180.9,557,0.1,0.0,0.0,0.0,0.0,0.0,0.0,0.0,1.0,East,Paid Social,1,Everyday Fashion Shoppers
C03912,1,18.34,18.34,43,0.15,0.0,1.0,0.0,0.0,0.0,1.0,0.0,0.0,East,Organic Search,2,Deal & Festive Shoppers
C03913,2,311.76,155.88,445,0.1,0.0,0.0,0.0,0.0,0.0,0.0,1.0,0.0,East,Organic Search,0,Everyday Home & Kitchen Shoppers
C03914,1,32.71,32.71,338,0.0,1.0,0.0,0.0,0.0,0.0,0.0,1.0,0.0,East,Marketplace,0,Everyday Home & Kitchen Shoppers
C03915,4,1071.83,267.958,43,0.225,0.0,0.75,0.0,0.0,0.0,0.5,0.5,0.0,East,Organic Search,2,Deal & Festive Shoppers
C03916,1,82.44,82.44,662,0.0,0.0,0.0,0.0,1.0,0.0,0.0,0.0,0.0,West,Marketplace,1,Everyday Fashion Shoppers
C03917,1,1017.45,1017.45,671,0.1,1.0,0.0,0.0,0.0,1.0,0.0,0.0,0.0,South,Paid Social,3,Big-Ticket Tech Buyers
C03918,1,260.1,260.1,120,0.0,0.0,0.0,0.0,0.0,1.0,0.0,0.0,0.0,East,Marketplace,3,Big-Ticket Tech Buyers
C03919,2,48.93,24.465,549,0.1,0.0,0.0,0.5,0.5,0.0,0.0,0.0,0.0,South,Organic Search,4,Everyday Beauty Shoppers
C03920,2,121.02,60.51,187,0.025,0.5,0.0,0.0,0.5,0.0,0.0,0.0,0.5,East,Referral,1,Everyday Fashion Shoppers
C03921,1,119.36,119.36,65,0.1,0.0,0.0,0.0,0.0,0.0,1.0,0.0,0.0,East,Referral,1,Everyday Fashion Shoppers
C03922,3,344.78,114.927,59,0.1,0.333,0.667,0.667,0.0,0.0,0.0,0.333,0.0,East,Marketplace,2,Deal & Festive Shoppers
C03923,3,153.16,51.053,270,0.3,0.0,0.667,0.667,0.0,0.0,0.333,0.0,0.0,South,Organic Search,2,Deal & Festive Shoppers
C03924,6,1037.77,172.962,14,0.15,0.0,0.667,0.0,0.5,0.167,0.0,0.333,0.0,East,Organic Search,2,Deal & Festive Shoppers
C03925,1,769.34,769.34,278,0.0,0.0,0.0,0.0,0.0,1.0,0.0,0.0,0.0,South,Marketplace,3,Big-Ticket Tech Buyers
C03926,4,833.83,208.458,235,0.075,0.0,0.0,0.25,0.0,0.0,0.25,0.5,0.0,North,Organic Search,0,Everyday Home & Kitchen Shoppers
C03927,4,376.56,94.14,117,0.175,0.0,0.5,0.5,0.0,0.0,0.0,0.5,0.0,North,Referral,2,Deal & Festive Shoppers
C03928,2,456.26,228.13,479,0.1,0.0,0.0,0.5,0.0,0.0,0.5,0.0,0.0,West,Organic Search,4,Everyday Beauty Shoppers
C03929,4,874.78,218.695,45,0.238,0.0,0.5,0.0,0.0,0.25,0.25,0.0,0.5,South,Organic Search,2,Deal & Festive Shoppers
C03930,2,80.91,40.455,122,0.075,0.0,0.0,0.0,1.0,0.0,0.0,0.0,0.0,West,Referral,1,Everyday Fashion Shoppers
C03931,2,242.86,121.43,145,0.0,0.0,0.0,0.0,0.5,0.0,0.0,0.0,0.5,North,Referral,1,Everyday Fashion Shoppers
C03932,1,12.66,12.66,662,0.0,0.0,0.0,1.0,0.0,0.0,0.0,0.0,0.0,East,Referral,4,Everyday Beauty Shoppers
C03933,2,512.38,256.19,50,0.075,0.0,0.5,0.0,0.0,0.5,0.0,0.5,0.0,East,Paid Social,3,Big-Ticket Tech Buyers
C03934,3,284.26,94.753,180,0.067,0.0,0.0,0.0,0.0,0.0,0.667,0.333,0.0,East,Email,1,Everyday Fashion Shoppers
C03935,4,1364.27,341.068,432,0.075,0.0,0.0,0.0,0.0,0.25,0.25,0.25,0.25,East,Marketplace,3,Big-Ticket Tech Buyers
C03936,6,795.79,132.632,5,0.25,0.0,0.5,0.167,0.0,0.333,0.5,0.0,0.0,East,Organic Search,2,Deal & Festive Shoppers
C03937,3,1670.02,556.673,48,0.2,0.0,0.667,0.0,0.333,0.667,0.0,0.0,0.0,West,Paid Social,3,Big-Ticket Tech Buyers
C03938,2,431.13,215.565,302,0.2,0.0,0.5,0.0,0.0,0.5,0.5,0.0,0.0,East,Paid Social,3,Big-Ticket Tech Buyers
C03939,2,59.9,29.95,89,0.0,0.0,0.0,0.5,0.5,0.0,0.0,0.0,0.0,North,Email,4,Everyday Beauty Shoppers
C03940,2,364.42,182.21,367,0.2,0.0,1.0,0.0,0.0,0.0,0.0,0.0,1.0,North,Paid Social,2,Deal & Festive Shoppers
C03941,1,92.64,92.64,340,0.0,0.0,0.0,1.0,0.0,0.0,0.0,0.0,0.0,East,Email,4,Everyday Beauty Shoppers
C03942,1,356.41,356.41,503,0.0,0.0,0.0,0.0,0.0,1.0,0.0,0.0,0.0,South,Paid Social,3,Big-Ticket Tech Buyers
C03943,1,321.77,321.77,68,0.0,0.0,0.0,0.0,0.0,1.0,0.0,0.0,0.0,East,Referral,3,Big-Ticket Tech Buyers
C03944,2,227.5,113.75,50,0.15,0.0,1.0,0.0,0.0,0.0,1.0,0.0,0.0,East,Marketplace,2,Deal & Festive Shoppers
C03945,1,110.56,110.56,633,0.05,0.0,0.0,1.0,0.0,0.0,0.0,0.0,0.0,South,Paid Social,4,Everyday Beauty Shoppers
C03946,2,241.03,120.515,122,0.15,0.5,0.0,0.0,0.5,0.5,0.0,0.0,0.0,East,Paid Social,3,Big-Ticket Tech Buyers
C03947,2,176.25,88.125,701,0.075,0.0,0.0,0.0,0.5,0.0,0.0,0.5,0.0,East,Organic Search,0,Everyday Home & Kitchen Shoppers
C03948,6,1258.82,209.803,43,0.083,0.0,0.667,0.0,0.167,0.0,0.333,0.167,0.333,East,Paid Social,2,Deal & Festive Shoppers
C03949,3,1007.33,335.777,45,0.2,0.0,1.0,0.0,0.0,0.333,0.0,0.667,0.0,East,Organic Search,2,Deal & Festive Shoppers
C03950,3,516.92,172.307,218,0.133,0.0,0.0,0.0,0.0,0.0,0.333,0.667,0.0,West,Marketplace,0,Everyday Home & Kitchen Shoppers
C03951,1,756.62,756.62,458,0.0,0.0,0.0,0.0,0.0,1.0,0.0,0.0,0.0,East,Paid Social,3,Big-Ticket Tech Buyers
C03952,5,703.21,140.642,137,0.07,0.2,0.0,0.2,0.0,0.2,0.2,0.4,0.0,West,Organic Search,0,Everyday Home & Kitchen Shoppers
C03953,3,179.13,59.71,63,0.1,0.0,0.0,0.333,0.0,0.0,0.0,0.333,0.333,North,Organic Search,4,Everyday Beauty Shoppers
C03954,1,121.09,121.09,389,0.3,1.0,1.0,0.0,0.0,0.0,0.0,1.0,0.0,East,Paid Social,2,Deal & Festive Shoppers
C03955,1,38.11,38.11,303,0.0,0.0,0.0,1.0,0.0,0.0,0.0,0.0,0.0,East,Marketplace,4,Everyday Beauty Shoppers
C03956,1,180.2,180.2,65,0.1,1.0,0.0,1.0,0.0,0.0,0.0,0.0,0.0,South,Paid Social,4,Everyday Beauty Shoppers
C03957,1,142.76,142.76,365,0.2,0.0,0.0,0.0,0.0,0.0,0.0,1.0,0.0,South,Organic Search,0,Everyday Home & Kitchen Shoppers
C03958,1,32.79,32.79,213,0.0,0.0,0.0,1.0,0.0,0.0,0.0,0.0,0.0,East,Paid Social,4,Everyday Beauty Shoppers
C03959,2,438.24,219.12,618,0.075,0.0,0.0,0.5,0.0,0.0,0.0,0.0,0.5,South,Marketplace,4,Everyday Beauty Shoppers
C03960,4,1617.27,404.318,2,0.112,0.5,0.25,0.0,0.25,0.5,0.25,0.0,0.0,West,Marketplace,2,Deal & Festive Shoppers
C03961,1,38.59,38.59,58,0.15,1.0,1.0,1.0,0.0,0.0,0.0,0.0,0.0,South,Organic Search,4,Everyday Beauty Shoppers
C03962,3,321.83,107.277,67,0.033,0.333,0.0,0.0,0.0,0.0,0.333,0.667,0.0,North,Referral,0,Everyday Home & Kitchen Shoppers
C03963,3,1005.35,335.117,115,0.067,0.333,0.0,0.333,0.0,0.333,0.0,0.333,0.0,East,Email,3,Big-Ticket Tech Buyers
C03964,4,511.37,127.842,289,0.125,0.25,0.0,0.0,0.25,0.5,0.0,0.0,0.25,South,Email,3,Big-Ticket Tech Buyers
C03965,3,112.2,37.4,339,0.033,0.0,0.0,0.333,0.333,0.0,0.333,0.0,0.0,North,Paid Social,4,Everyday Beauty Shoppers
C03966,2,418.8,209.4,83,0.0,1.0,0.0,0.0,0.0,0.0,1.0,0.0,0.0,East,Email,1,Everyday Fashion Shoppers
C03967,2,155.1,77.55,141,0.15,0.0,0.0,0.0,0.5,0.0,0.0,0.5,0.0,East,Referral,0,Everyday Home & Kitchen Shoppers
C03968,3,336.19,112.063,542,0.117,0.0,0.0,0.0,0.0,0.0,0.333,0.333,0.333,North,Organic Search,0,Everyday Home & Kitchen Shoppers
C03969,4,1314.73,328.682,114,0.112,0.5,0.0,0.25,0.25,0.25,0.25,0.0,0.0,East,Organic Search,3,Big-Ticket Tech Buyers
C03970,1,120.14,120.14,281,0.15,0.0,0.0,0.0,0.0,0.0,0.0,1.0,0.0,East,Paid Social,0,Everyday Home & Kitchen Shoppers
C03971,5,283.84,56.768,216,0.2,0.0,0.4,0.4,0.2,0.0,0.4,0.0,0.0,East,Organic Search,2,Deal & Festive Shoppers
C03972,2,274.26,137.13,50,0.1,0.5,0.5,0.0,0.0,0.0,1.0,0.0,0.0,South,Paid Social,2,Deal & Festive Shoppers
C03973,3,200.55,66.85,87,0.0,0.0,0.0,0.333,0.0,0.0,0.333,0.333,0.0,North,Marketplace,0,Everyday Home & Kitchen Shoppers
C03974,3,968.34,322.78,166,0.067,0.333,0.0,0.0,0.0,0.333,0.333,0.333,0.0,West,Marketplace,3,Big-Ticket Tech Buyers
C03975,2,72.69,36.345,590,0.05,0.0,0.0,0.0,0.0,0.0,0.0,0.5,0.5,East,Organic Search,0,Everyday Home & Kitchen Shoppers
C03976,3,363.35,121.117,8,0.167,0.0,0.667,0.0,0.333,0.0,0.667,0.0,0.0,North,Organic Search,2,Deal & Festive Shoppers
C03977,2,67.12,33.56,39,0.15,0.0,0.5,0.0,1.0,0.0,0.0,0.0,0.0,West,Referral,2,Deal & Festive Shoppers
C03978,2,54.98,27.49,31,0.1,0.0,1.0,1.0,0.0,0.0,0.0,0.0,0.0,North,Paid Social,4,Everyday Beauty Shoppers
C03979,1,488.58,488.58,333,0.0,0.0,0.0,0.0,0.0,0.0,0.0,1.0,0.0,East,Organic Search,0,Everyday Home & Kitchen Shoppers
C03980,3,448.92,149.64,572,0.083,0.0,0.0,0.333,0.0,0.333,0.0,0.333,0.0,East,Email,3,Big-Ticket Tech Buyers
C03981,4,693.64,173.41,174,0.05,0.0,0.5,0.0,0.25,0.5,0.0,0.25,0.0,West,Organic Search,3,Big-Ticket Tech Buyers
C03982,4,561.19,140.298,514,0.038,0.25,0.0,0.0,0.25,0.25,0.25,0.25,0.0,West,Organic Search,3,Big-Ticket Tech Buyers
C03983,1,114.87,114.87,259,0.0,0.0,0.0,0.0,0.0,0.0,0.0,1.0,0.0,North,Email,0,Everyday Home & Kitchen Shoppers
C03984,2,282.0,141.0,168,0.025,0.0,0.0,0.0,0.0,0.0,0.0,1.0,0.0,East,Referral,0,Everyday Home & Kitchen Shoppers
C03985,3,867.03,289.01,12,0.183,0.0,0.667,0.0,0.0,0.0,0.667,0.0,0.333,South,Paid Social,2,Deal & Festive Shoppers
C03986,2,417.05,208.525,489,0.1,0.0,0.0,0.0,0.0,0.0,0.5,0.5,0.0,East,Email,0,Everyday Home & Kitchen Shoppers
C03987,3,527.46,175.82,403,0.133,0.0,0.667,0.0,0.0,0.333,0.0,0.667,0.0,East,Marketplace,0,Everyday Home & Kitchen Shoppers
C03988,2,232.46,116.23,617,0.075,0.0,0.0,0.0,0.5,0.0,0.5,0.0,0.0,North,Organic Search,1,Everyday Fashion Shoppers
C03989,2,1390.5,695.25,425,0.15,0.0,1.0,0.0,0.0,1.0,0.0,0.0,0.0,North,Referral,3,Big-Ticket Tech Buyers
C03990,3,159.52,53.173,74,0.083,0.0,0.333,0.667,0.0,0.0,0.0,0.333,0.0,North,Organic Search,4,Everyday Beauty Shoppers
C03991,1,91.74,91.74,193,0.0,0.0,0.0,0.0,0.0,0.0,1.0,0.0,0.0,North,Paid Social,1,Everyday Fashion Shoppers
C03992,2,138.94,69.47,100,0.05,0.0,0.0,1.0,0.0,0.0,0.0,0.0,0.0,North,Paid Social,4,Everyday Beauty Shoppers
C03993,3,234.84,78.28,108,0.183,0.0,0.0,0.667,0.0,0.0,0.333,0.0,0.0,West,Paid Social,4,Everyday Beauty Shoppers
C03994,1,500.74,500.74,518,0.0,0.0,0.0,0.0,0.0,1.0,0.0,0.0,0.0,East,Organic Search,3,Big-Ticket Tech Buyers
C03995,2,270.07,135.035,341,0.05,0.0,0.0,0.5,0.0,0.0,0.5,0.0,0.0,East,Email,4,Everyday Beauty Shoppers
C03996,1,67.44,67.44,483,0.2,0.0,0.0,1.0,0.0,0.0,0.0,0.0,0.0,West,Paid Social,4,Everyday Beauty Shoppers
C03997,1,172.65,172.65,708,0.1,0.0,0.0,0.0,0.0,1.0,0.0,0.0,0.0,East,Marketplace,3,Big-Ticket Tech Buyers
C03998,1,333.46,333.46,139,0.0,0.0,0.0,0.0,0.0,0.0,0.0,1.0,0.0,South,Paid Social,0,Everyday Home & Kitchen Shoppers
C03999,3,499.22,166.407,44,0.05,0.0,0.333,0.0,0.333,0.333,0.0,0.333,0.0,West,Marketplace,2,Deal & Festive Shoppers
C04000,1,36.36,36.36,354,0.0,0.0,0.0,0.0,1.0,0.0,0.0,0.0,0.0,East,Paid Social,1,Everyday Fashion Shoppers
C04001,1,56.09,56.09,502,0.0,1.0,0.0,1.0,0.0,0.0,0.0,0.0,0.0,East,Paid Social,4,Everyday Beauty Shoppers
C04002,2,421.15,210.575,102,0.075,0.0,0.0,0.0,0.0,0.5,0.5,0.0,0.0,West,Email,3,Big-Ticket Tech Buyers
C04003,4,121.28,30.32,485,0.038,0.25,0.0,0.0,0.75,0.0,0.0,0.25,0.0,East,Email,0,Everyday Home & Kitchen Shoppers
C04004,1,172.88,172.88,401,0.15,0.0,1.0,0.0,0.0,1.0,0.0,0.0,0.0,East,Paid Social,3,Big-Ticket Tech Buyers
C04005,1,60.33,60.33,165,0.05,0.0,0.0,1.0,0.0,0.0,0.0,0.0,0.0,West,Paid Social,4,Everyday Beauty Shoppers
C04006,3,291.65,97.217,35,0.083,0.0,0.667,0.667,0.0,0.0,0.0,0.333,0.0,South,Referral,2,Deal & Festive Shoppers
C04007,6,1415.14,235.857,211,0.067,0.167,0.0,0.167,0.167,0.333,0.0,0.167,0.167,West,Referral,3,Big-Ticket Tech Buyers
C04008,1,43.52,43.52,271,0.0,0.0,0.0,0.0,0.0,0.0,1.0,0.0,0.0,North,Paid Social,1,Everyday Fashion Shoppers
C04009,3,715.22,238.407,264,0.067,0.0,0.0,0.0,0.333,0.0,0.0,0.667,0.0,North,Email,0,Everyday Home & Kitchen Shoppers
C04010,3,118.79,39.597,556,0.133,0.0,0.0,0.0,0.333,0.0,0.0,0.667,0.0,East,Paid Social,0,Everyday Home & Kitchen Shoppers
C04011,1,43.59,43.59,482,0.0,0.0,0.0,1.0,0.0,0.0,0.0,0.0,0.0,North,Paid Social,4,Everyday Beauty Shoppers
C04012,1,29.98,29.98,101,0.05,0.0,0.0,0.0,0.0,0.0,1.0,0.0,0.0,West,Referral,1,Everyday Fashion Shoppers
C04013,1,260.25,260.25,247,0.0,0.0,0.0,0.0,0.0,0.0,1.0,0.0,0.0,North,Marketplace,1,Everyday Fashion Shoppers
C04014,3,1762.18,587.393,264,0.2,0.0,0.667,0.0,0.0,1.0,0.0,0.0,0.0,East,Organic Search,3,Big-Ticket Tech Buyers
C04015,2,239.55,119.775,523,0.1,0.0,0.0,0.5,0.0,0.0,0.0,0.0,0.5,North,Organic Search,4,Everyday Beauty Shoppers
C04016,2,414.83,207.415,600,0.15,0.0,0.0,0.0,0.0,0.0,0.5,0.0,0.5,West,Organic Search,1,Everyday Fashion Shoppers
C04017,3,1185.93,395.31,461,0.067,0.0,0.0,0.333,0.0,0.333,0.333,0.0,0.0,South,Email,3,Big-Ticket Tech Buyers
C04018,1,294.18,294.18,611,0.2,0.0,0.0,0.0,0.0,1.0,0.0,0.0,0.0,North,Paid Social,3,Big-Ticket Tech Buyers
C04019,4,281.04,70.26,355,0.088,0.0,0.5,0.25,0.0,0.0,0.25,0.0,0.5,North,Paid Social,2,Deal & Festive Shoppers
C04020,1,31.39,31.39,242,0.0,0.0,0.0,0.0,1.0,0.0,0.0,0.0,0.0,East,Organic Search,1,Everyday Fashion Shoppers
C04021,4,559.69,139.922,245,0.1,0.25,0.5,0.0,0.5,0.0,0.25,0.0,0.25,West,Marketplace,2,Deal & Festive Shoppers
C04022,1,31.76,31.76,691,0.0,0.0,0.0,1.0,0.0,0.0,0.0,0.0,0.0,West,Paid Social,4,Everyday Beauty Shoppers
C04023,3,892.59,297.53,131,0.133,0.0,0.0,0.0,0.0,0.333,0.333,0.0,0.333,South,Referral,3,Big-Ticket Tech Buyers
C04024,4,352.22,88.055,396,0.112,0.0,0.75,0.0,0.0,0.0,0.75,0.25,0.0,South,Organic Search,2,Deal & Festive Shoppers
C04025,5,614.02,122.804,97,0.11,0.0,0.4,0.2,0.0,0.2,0.2,0.0,0.4,North,Organic Search,2,Deal & Festive Shoppers
C04026,5,983.59,196.718,194,0.08,0.0,0.2,0.2,0.0,0.0,0.0,0.6,0.2,East,Organic Search,0,Everyday Home & Kitchen Shoppers
C04027,3,413.59,137.863,537,0.067,0.0,0.0,0.333,0.0,0.0,0.667,0.0,0.0,East,Paid Social,1,Everyday Fashion Shoppers
C04028,2,140.76,70.38,220,0.1,0.0,0.5,0.5,0.0,0.0,0.0,0.5,0.0,North,Paid Social,4,Everyday Beauty Shoppers
C04029,2,223.69,111.845,223,0.125,0.0,0.0,0.0,0.0,0.0,1.0,0.0,0.0,East,Organic Search,1,Everyday Fashion Shoppers
C04030,4,364.77,91.192,63,0.075,0.0,0.5,0.0,0.0,0.0,0.0,1.0,0.0,West,Paid Social,0,Everyday Home & Kitchen Shoppers
C04031,2,438.83,219.415,295,0.1,0.0,0.0,0.5,0.0,0.0,0.5,0.0,0.0,North,Organic Search,4,Everyday Beauty Shoppers
C04032,2,321.75,160.875,158,0.0,0.5,0.0,0.0,0.0,0.0,0.5,0.0,0.5,North,Paid Social,1,Everyday Fashion Shoppers
C04033,4,540.32,135.08,342,0.138,0.0,0.0,0.25,0.0,0.25,0.25,0.25,0.0,North,Organic Search,3,Big-Ticket Tech Buyers
C04034,6,952.36,158.727,9,0.083,0.167,0.333,0.5,0.0,0.333,0.0,0.167,0.0,North,Organic Search,2,Deal & Festive Shoppers
C04035,1,478.69,478.69,419,0.2,0.0,1.0,0.0,0.0,1.0,0.0,0.0,0.0,North,Organic Search,3,Big-Ticket Tech Buyers
C04036,4,832.63,208.157,226,0.125,0.0,0.0,0.25,0.0,0.25,0.25,0.25,0.0,East,Email,3,Big-Ticket Tech Buyers
C04037,1,124.44,124.44,241,0.0,0.0,0.0,1.0,0.0,0.0,0.0,0.0,0.0,North,Marketplace,4,Everyday Beauty Shoppers
C04038,5,747.79,149.558,52,0.11,0.0,0.2,0.0,0.0,0.2,0.4,0.2,0.2,East,Referral,2,Deal & Festive Shoppers
C04039,2,326.12,163.06,244,0.0,0.0,0.0,0.5,0.0,0.0,0.0,0.5,0.0,West,Organic Search,0,Everyday Home & Kitchen Shoppers
C04040,5,525.97,105.194,412,0.26,0.0,0.8,0.0,0.0,0.2,0.4,0.0,0.4,West,Marketplace,2,Deal & Festive Shoppers
C04041,1,198.3,198.3,493,0.0,0.0,0.0,0.0,0.0,0.0,1.0,0.0,0.0,East,Marketplace,1,Everyday Fashion Shoppers
C04042,1,265.92,265.92,265,0.0,0.0,0.0,0.0,0.0,0.0,0.0,1.0,0.0,North,Paid Social,0,Everyday Home & Kitchen Shoppers
C04043,2,87.34,43.67,146,0.05,0.0,0.0,0.5,0.5,0.0,0.0,0.0,0.0,North,Organic Search,4,Everyday Beauty Shoppers
C04044,2,404.84,202.42,623,0.175,0.5,0.0,0.0,0.0,0.0,0.5,0.5,0.0,North,Email,0,Everyday Home & Kitchen Shoppers
C04045,4,1244.49,311.122,403,0.1,0.0,0.75,0.0,0.25,0.5,0.25,0.0,0.0,West,Marketplace,3,Big-Ticket Tech Buyers
C04046,2,182.33,91.165,702,0.1,0.0,0.0,0.5,0.0,0.0,0.0,0.5,0.0,West,Email,4,Everyday Beauty Shoppers
C04047,3,468.06,156.02,347,0.15,0.333,0.667,0.0,0.0,0.0,0.0,0.667,0.333,South,Referral,0,Everyday Home & Kitchen Shoppers
C04048,4,1740.14,435.035,383,0.125,0.0,0.5,0.0,0.25,0.25,0.0,0.0,0.5,South,Referral,3,Big-Ticket Tech Buyers
C04049,1,68.14,68.14,487,0.0,0.0,0.0,0.0,1.0,0.0,0.0,0.0,0.0,East,Marketplace,1,Everyday Fashion Shoppers
C04050,2,194.23,97.115,301,0.15,0.0,0.5,0.5,0.0,0.0,0.0,0.5,0.0,South,Organic Search,4,Everyday Beauty Shoppers
C04051,5,1115.62,223.124,292,0.12,0.0,0.4,0.2,0.0,0.0,0.2,0.0,0.6,West,Organic Search,2,Deal & Festive Shoppers
C04052,2,68.65,34.325,323,0.1,0.0,0.0,1.0,0.0,0.0,0.0,0.0,0.0,North,Marketplace,4,Everyday Beauty Shoppers
C04053,2,269.48,134.74,148,0.15,0.0,0.0,0.0,0.0,0.0,0.0,0.5,0.5,South,Organic Search,0,Everyday Home & Kitchen Shoppers
C04054,1,104.1,104.1,149,0.05,0.0,0.0,0.0,0.0,0.0,0.0,1.0,0.0,South,Paid Social,0,Everyday Home & Kitchen Shoppers
C04055,1,891.9,891.9,720,0.0,0.0,0.0,0.0,0.0,1.0,0.0,0.0,0.0,North,Organic Search,3,Big-Ticket Tech Buyers
C04056,3,322.34,107.447,200,0.133,0.333,0.0,0.0,0.0,0.0,0.667,0.333,0.0,South,Organic Search,1,Everyday Fashion Shoppers
C04057,2,334.13,167.065,113,0.075,0.5,0.0,0.0,0.0,0.0,0.0,0.0,1.0,West,Organic Search,1,Everyday Fashion Shoppers
C04058,4,1139.86,284.965,95,0.075,0.0,0.0,0.0,0.0,0.0,0.25,0.25,0.5,North,Referral,0,Everyday Home & Kitchen Shoppers
C04059,2,407.55,203.775,548,0.2,0.0,0.0,0.0,0.5,0.5,0.0,0.0,0.0,East,Paid Social,3,Big-Ticket Tech Buyers
C04060,3,416.08,138.693,68,0.1,0.0,0.0,0.333,0.0,0.667,0.0,0.0,0.0,South,Referral,3,Big-Ticket Tech Buyers
C04061,1,337.71,337.71,621,0.0,0.0,0.0,0.0,0.0,0.0,1.0,0.0,0.0,North,Paid Social,1,Everyday Fashion Shoppers
C04062,1,236.3,236.3,701,0.05,0.0,0.0,0.0,0.0,0.0,0.0,0.0,1.0,North,Marketplace,1,Everyday Fashion Shoppers
C04063,3,254.99,84.997,66,0.0,0.333,0.0,0.0,0.0,0.0,0.333,0.667,0.0,North,Referral,0,Everyday Home & Kitchen Shoppers
C04064,2,135.84,67.92,203,0.075,0.0,0.0,0.0,0.5,0.0,0.0,0.0,0.5,North,Marketplace,1,Everyday Fashion Shoppers
C04065,1,288.94,288.94,198,0.2,0.0,0.0,0.0,0.0,0.0,0.0,0.0,1.0,South,Paid Social,1,Everyday Fashion Shoppers
C04066,2,313.24,156.62,480,0.05,0.0,0.0,0.5,0.0,0.0,0.0,0.5,0.0,West,Organic Search,0,Everyday Home & Kitchen Shoppers
C04067,1,43.18,43.18,120,0.1,0.0,0.0,0.0,1.0,0.0,0.0,0.0,0.0,East,Email,1,Everyday Fashion Shoppers
C04068,3,577.7,192.567,388,0.117,0.0,0.667,0.0,0.0,0.0,0.0,0.333,0.667,West,Marketplace,2,Deal & Festive Shoppers
C04069,1,176.46,176.46,201,0.0,0.0,0.0,0.0,0.0,0.0,0.0,0.0,1.0,South,Organic Search,1,Everyday Fashion Shoppers
C04070,6,847.7,141.283,351,0.05,0.333,0.0,0.167,0.0,0.0,0.333,0.333,0.167,East,Referral,0,Everyday Home & Kitchen Shoppers
C04071,9,2035.44,226.16,189,0.083,0.111,0.222,0.111,0.0,0.0,0.222,0.333,0.333,East,Referral,2,Deal & Festive Shoppers
C04072,2,144.87,72.435,158,0.05,0.0,0.0,0.5,0.0,0.0,0.5,0.0,0.0,North,Organic Search,4,Everyday Beauty Shoppers
C04073,4,90.41,22.602,44,0.175,0.0,0.5,0.25,0.5,0.0,0.25,0.0,0.0,South,Referral,2,Deal & Festive Shoppers
C04074,1,688.83,688.83,68,0.2,1.0,0.0,0.0,0.0,1.0,0.0,0.0,0.0,East,Organic Search,3,Big-Ticket Tech Buyers
C04075,1,1172.94,1172.94,495,0.0,0.0,0.0,0.0,0.0,1.0,0.0,0.0,0.0,East,Organic Search,3,Big-Ticket Tech Buyers
C04076,3,486.78,162.26,467,0.15,0.0,0.0,0.0,0.0,0.0,0.0,0.667,0.333,South,Marketplace,0,Everyday Home & Kitchen Shoppers
C04077,3,1469.52,489.84,4,0.2,0.0,1.0,0.0,0.0,0.667,0.0,0.0,0.333,North,Paid Social,2,Deal & Festive Shoppers
C04078,4,576.67,144.168,159,0.0,0.0,0.0,0.0,0.0,0.25,0.0,0.5,0.25,West,Email,0,Everyday Home & Kitchen Shoppers
C04079,4,125.19,31.298,390,0.1,0.0,0.5,0.5,0.0,0.0,0.0,0.5,0.0,North,Email,4,Everyday Beauty Shoppers
C04080,1,174.26,174.26,188,0.0,1.0,0.0,0.0,0.0,0.0,1.0,0.0,0.0,West,Marketplace,1,Everyday Fashion Shoppers
C04081,1,254.22,254.22,80,0.0,0.0,0.0,0.0,0.0,0.0,0.0,0.0,1.0,West,Paid Social,1,Everyday Fashion Shoppers
C04082,1,304.8,304.8,515,0.0,1.0,0.0,0.0,0.0,0.0,1.0,0.0,0.0,West,Paid Social,1,Everyday Fashion Shoppers
C04083,2,612.14,306.07,113,0.075,0.0,0.0,0.0,0.0,0.5,0.0,0.0,0.5,East,Organic Search,3,Big-Ticket Tech Buyers
C04084,5,678.85,135.77,23,0.14,0.4,0.4,0.0,0.0,0.0,0.6,0.2,0.2,North,Referral,2,Deal & Festive Shoppers
C04085,2,181.96,90.98,380,0.15,0.0,1.0,1.0,0.0,0.0,0.0,0.0,0.0,East,Paid Social,4,Everyday Beauty Shoppers
C04086,2,183.84,91.92,159,0.0,0.0,0.0,0.0,0.5,0.0,0.0,0.5,0.0,East,Email,0,Everyday Home & Kitchen Shoppers
C04087,2,408.66,204.33,392,0.175,0.0,0.5,0.0,0.5,0.5,0.0,0.0,0.0,East,Paid Social,3,Big-Ticket Tech Buyers
C04088,1,255.9,255.9,67,0.0,0.0,0.0,0.0,0.0,1.0,0.0,0.0,0.0,North,Organic Search,3,Big-Ticket Tech Buyers
C04089,2,101.44,50.72,40,0.3,0.0,1.0,0.0,1.0,0.0,0.0,0.0,0.0,North,Marketplace,2,Deal & Festive Shoppers
C04090,2,24.58,12.29,36,0.3,0.0,1.0,0.0,1.0,0.0,0.0,0.0,0.0,South,Marketplace,2,Deal & Festive Shoppers
C04091,2,73.03,36.515,14,0.1,0.0,0.5,0.5,0.5,0.0,0.0,0.0,0.0,South,Paid Social,2,Deal & Festive Shoppers
C04092,3,562.71,187.57,589,0.017,0.0,0.0,0.0,0.0,0.333,0.667,0.0,0.0,East,Email,1,Everyday Fashion Shoppers
C04093,2,139.98,69.99,8,0.1,0.0,0.5,0.5,0.0,0.0,0.0,0.5,0.0,West,Paid Social,2,Deal & Festive Shoppers
C04094,3,811.09,270.363,355,0.133,0.0,0.667,0.333,0.0,0.0,0.0,0.667,0.0,East,Email,0,Everyday Home & Kitchen Shoppers
C04095,2,1389.16,694.58,56,0.3,1.0,1.0,0.0,0.0,1.0,0.0,0.0,0.0,East,Paid Social,3,Big-Ticket Tech Buyers
C04096,1,141.42,141.42,335,0.0,0.0,0.0,0.0,0.0,0.0,1.0,0.0,0.0,North,Paid Social,1,Everyday Fashion Shoppers
C04097,2,484.59,242.295,152,0.05,0.0,0.0,0.5,0.0,0.0,0.0,0.5,0.0,South,Organic Search,0,Everyday Home & Kitchen Shoppers
C04098,2,187.94,93.97,434,0.075,0.0,0.0,0.0,0.0,0.0,1.0,0.0,0.0,South,Organic Search,1,Everyday Fashion Shoppers
C04099,1,109.43,109.43,158,0.2,0.0,0.0,0.0,0.0,0.0,1.0,0.0,0.0,North,Email,1,Everyday Fashion Shoppers
C04100,2,274.71,137.355,490,0.025,0.5,0.0,0.0,0.0,0.0,1.0,0.0,0.0,North,Paid Social,1,Everyday Fashion Shoppers
C04101,1,238.26,238.26,656,0.0,0.0,0.0,0.0,0.0,0.0,1.0,0.0,0.0,South,Organic Search,1,Everyday Fashion Shoppers
C04102,1,148.27,148.27,29,0.3,0.0,1.0,0.0,0.0,0.0,0.0,1.0,0.0,North,Organic Search,2,Deal & Festive Shoppers
C04103,3,675.65,225.217,178,0.1,0.0,0.0,0.0,0.333,0.333,0.0,0.333,0.0,East,Paid Social,3,Big-Ticket Tech Buyers
C04104,2,241.76,120.88,623,0.025,0.0,0.0,0.5,0.0,0.0,0.0,0.5,0.0,North,Email,0,Everyday Home & Kitchen Shoppers
C04105,2,151.35,75.675,343,0.0,0.0,0.0,0.0,0.5,0.0,0.0,0.5,0.0,North,Paid Social,0,Everyday Home & Kitchen Shoppers
C04106,2,224.78,112.39,288,0.15,0.0,0.5,0.5,0.5,0.0,0.0,0.0,0.0,North,Email,4,Everyday Beauty Shoppers
C04107,3,75.49,25.163,486,0.067,0.333,0.0,0.333,0.333,0.0,0.333,0.0,0.0,East,Marketplace,4,Everyday Beauty Shoppers
C04108,2,508.27,254.135,108,0.1,0.0,0.0,0.0,0.0,0.0,0.5,0.5,0.0,East,Paid Social,0,Everyday Home & Kitchen Shoppers
C04109,2,90.94,45.47,317,0.05,0.0,0.0,0.5,0.0,0.0,0.5,0.0,0.0,South,Email,4,Everyday Beauty Shoppers
C04110,1,92.8,92.8,505,0.2,1.0,0.0,0.0,0.0,0.0,1.0,0.0,0.0,North,Organic Search,1,Everyday Fashion Shoppers
C04111,2,284.96,142.48,697,0.2,0.0,0.0,0.5,0.0,0.0,0.5,0.0,0.0,West,Paid Social,4,Everyday Beauty Shoppers
C04112,3,287.17,95.723,274,0.067,0.0,0.667,0.667,0.0,0.0,0.0,0.333,0.0,East,Organic Search,4,Everyday Beauty Shoppers
C04113,2,149.32,74.66,614,0.075,0.5,0.0,0.5,0.0,0.0,0.0,0.5,0.0,East,Organic Search,4,Everyday Beauty Shoppers
C04114,3,1375.2,458.4,19,0.1,0.0,1.0,0.0,0.333,0.667,0.0,0.0,0.0,East,Organic Search,2,Deal & Festive Shoppers
C04115,3,392.54,130.847,468,0.067,0.0,0.0,0.333,0.0,0.0,0.0,0.333,0.333,West,Organic Search,0,Everyday Home & Kitchen Shoppers
C04116,2,320.82,160.41,389,0.3,0.0,1.0,0.0,0.0,0.0,0.0,0.0,1.0,West,Marketplace,2,Deal & Festive Shoppers
C04117,1,42.3,42.3,707,0.0,0.0,0.0,0.0,0.0,0.0,0.0,0.0,1.0,South,Paid Social,1,Everyday Fashion Shoppers
C04118,2,133.63,66.815,352,0.0,0.0,0.0,1.0,0.0,0.0,0.0,0.0,0.0,East,Marketplace,4,Everyday Beauty Shoppers
C04119,2,248.37,124.185,243,0.025,0.0,0.0,0.5,0.0,0.0,0.0,0.5,0.0,North,Paid Social,0,Everyday Home & Kitchen Shoppers
C04120,4,1118.65,279.662,438,0.1,0.0,0.0,0.0,0.0,0.25,0.5,0.25,0.0,East,Referral,3,Big-Ticket Tech Buyers
C04121,1,172.81,172.81,216,0.15,0.0,0.0,1.0,0.0,0.0,0.0,0.0,0.0,South,Organic Search,4,Everyday Beauty Shoppers
C04122,1,40.72,40.72,68,0.0,0.0,0.0,0.0,1.0,0.0,0.0,0.0,0.0,North,Paid Social,1,Everyday Fashion Shoppers
C04123,2,68.0,34.0,26,0.15,0.0,1.0,0.0,0.0,0.0,0.0,1.0,0.0,West,Paid Social,2,Deal & Festive Shoppers
C04124,3,912.19,304.063,176,0.05,0.0,0.0,0.0,0.0,0.333,0.333,0.0,0.333,West,Marketplace,3,Big-Ticket Tech Buyers
C04125,1,370.44,370.44,177,0.0,0.0,0.0,0.0,0.0,0.0,0.0,0.0,1.0,South,Marketplace,1,Everyday Fashion Shoppers
C04126,1,45.28,45.28,364,0.0,0.0,0.0,0.0,0.0,0.0,1.0,0.0,0.0,West,Organic Search,1,Everyday Fashion Shoppers
C04127,5,1153.49,230.698,552,0.01,0.2,0.0,0.2,0.2,0.2,0.2,0.2,0.0,South,Referral,3,Big-Ticket Tech Buyers
C04128,4,750.32,187.58,489,0.025,0.25,0.0,0.25,0.0,0.5,0.25,0.0,0.0,South,Referral,3,Big-Ticket Tech Buyers
C04129,3,947.07,315.69,238,0.033,0.0,0.0,0.0,0.333,0.333,0.0,0.0,0.333,West,Referral,3,Big-Ticket Tech Buyers
C04130,3,144.66,48.22,401,0.3,0.0,1.0,0.0,0.667,0.0,0.0,0.0,0.333,South,Organic Search,2,Deal & Festive Shoppers
C04131,4,391.16,97.79,442,0.088,0.0,0.0,0.0,0.75,0.0,0.25,0.0,0.0,South,Referral,1,Everyday Fashion Shoppers
C04132,2,1376.4,688.2,72,0.075,0.5,0.0,0.0,0.0,0.5,0.0,0.0,0.5,East,Email,3,Big-Ticket Tech Buyers
C04133,1,132.44,132.44,210,0.1,0.0,0.0,0.0,0.0,0.0,0.0,1.0,0.0,North,Paid Social,0,Everyday Home & Kitchen Shoppers
C04134,1,194.0,194.0,362,0.15,0.0,0.0,0.0,0.0,0.0,1.0,0.0,0.0,South,Paid Social,1,Everyday Fashion Shoppers
C04135,3,259.57,86.523,7,0.267,0.0,1.0,0.333,0.0,0.0,0.667,0.0,0.0,South,Organic Search,2,Deal & Festive Shoppers
C04136,1,82.15,82.15,43,0.3,0.0,1.0,0.0,1.0,0.0,0.0,0.0,0.0,East,Marketplace,2,Deal & Festive Shoppers
C04137,2,643.18,321.59,50,0.1,0.0,1.0,0.0,0.0,0.0,0.0,1.0,0.0,North,Organic Search,2,Deal & Festive Shoppers
C04138,1,41.38,41.38,548,0.2,1.0,0.0,1.0,0.0,0.0,0.0,0.0,0.0,North,Organic Search,4,Everyday Beauty Shoppers
C04139,2,261.76,130.88,22,0.1,0.0,0.5,0.0,0.5,0.0,0.0,0.0,0.5,East,Organic Search,2,Deal & Festive Shoppers
C04140,2,487.97,243.985,99,0.0,0.0,0.0,0.0,0.0,0.5,0.5,0.0,0.0,North,Marketplace,3,Big-Ticket Tech Buyers
C04141,2,551.07,275.535,152,0.15,0.0,0.0,0.5,0.0,0.5,0.0,0.0,0.0,South,Email,3,Big-Ticket Tech Buyers
C04142,2,297.77,148.885,72,0.0,0.0,0.0,0.5,0.0,0.0,0.0,0.0,0.5,East,Organic Search,4,Everyday Beauty Shoppers
C04143,2,373.0,186.5,524,0.1,0.5,0.0,0.0,0.5,0.5,0.0,0.0,0.0,East,Organic Search,3,Big-Ticket Tech Buyers
C04144,6,2890.17,481.695,113,0.1,0.0,0.333,0.167,0.167,0.333,0.167,0.0,0.167,North,Email,3,Big-Ticket Tech Buyers
C04145,2,91.44,45.72,525,0.1,0.5,0.0,0.5,0.0,0.0,0.0,0.5,0.0,West,Paid Social,4,Everyday Beauty Shoppers
C04146,2,41.48,20.74,438,0.025,0.0,0.0,0.5,0.5,0.0,0.0,0.0,0.0,East,Organic Search,4,Everyday Beauty Shoppers
C04147,4,489.2,122.3,346,0.162,0.0,0.5,0.0,0.25,0.0,0.25,0.5,0.0,South,Marketplace,2,Deal & Festive Shoppers
C04148,1,24.25,24.25,129,0.1,0.0,0.0,0.0,0.0,0.0,0.0,1.0,0.0,East,Organic Search,0,Everyday Home & Kitchen Shoppers
C04149,1,1243.98,1243.98,121,0.0,0.0,0.0,0.0,0.0,1.0,0.0,0.0,0.0,East,Paid Social,3,Big-Ticket Tech Buyers
C04150,3,500.84,166.947,9,0.05,0.0,0.333,0.333,0.0,0.0,0.0,0.333,0.333,East,Organic Search,2,Deal & Festive Shoppers
C04151,2,303.75,151.875,497,0.125,0.0,0.0,0.0,0.0,0.0,0.0,0.5,0.5,East,Email,0,Everyday Home & Kitchen Shoppers
C04152,3,358.33,119.443,272,0.033,0.0,0.0,0.667,0.0,0.0,0.0,0.0,0.333,East,Email,4,Everyday Beauty Shoppers
C04153,1,55.16,55.16,87,0.05,0.0,0.0,0.0,0.0,0.0,1.0,0.0,0.0,West,Paid Social,1,Everyday Fashion Shoppers
C04154,2,597.6,298.8,42,0.2,0.0,1.0,0.0,0.0,1.0,0.0,0.0,0.0,East,Referral,3,Big-Ticket Tech Buyers
C04155,3,627.96,209.32,334,0.1,0.0,0.0,0.0,0.0,0.0,0.0,0.333,0.667,West,Marketplace,0,Everyday Home & Kitchen Shoppers
C04156,2,1149.96,574.98,537,0.0,0.0,0.0,0.0,0.0,0.5,0.0,0.0,0.5,East,Email,3,Big-Ticket Tech Buyers
C04157,2,717.53,358.765,102,0.0,0.0,0.0,0.5,0.0,0.0,0.0,0.0,0.5,West,Paid Social,4,Everyday Beauty Shoppers
C04158,1,33.75,33.75,508,0.3,0.0,0.0,0.0,0.0,0.0,0.0,0.0,1.0,West,Paid Social,1,Everyday Fashion Shoppers
C04159,3,379.7,126.567,339,0.0,0.0,0.0,0.0,0.0,0.0,0.333,0.667,0.0,North,Marketplace,0,Everyday Home & Kitchen Shoppers
C04160,4,779.19,194.798,211,0.075,0.0,0.0,0.0,0.0,0.5,0.25,0.25,0.0,North,Organic Search,3,Big-Ticket Tech Buyers
C04161,2,86.09,43.045,280,0.125,0.0,0.0,0.0,0.5,0.0,0.0,0.5,0.0,East,Organic Search,0,Everyday Home & Kitchen Shoppers
C04162,1,45.44,45.44,449,0.1,0.0,0.0,0.0,1.0,0.0,0.0,0.0,0.0,South,Organic Search,1,Everyday Fashion Shoppers
C04163,3,208.46,69.487,1,0.15,0.0,0.667,0.0,0.0,0.0,0.667,0.333,0.0,East,Marketplace,2,Deal & Festive Shoppers
C04164,2,147.87,73.935,499,0.1,0.0,0.0,0.0,0.5,0.0,0.0,0.5,0.0,East,Organic Search,0,Everyday Home & Kitchen Shoppers
C04165,2,174.2,87.1,89,0.05,0.0,0.0,0.0,0.0,0.0,0.0,1.0,0.0,West,Organic Search,0,Everyday Home & Kitchen Shoppers
C04166,3,490.41,163.47,189,0.133,0.0,0.0,0.0,0.0,0.0,0.667,0.0,0.333,South,Referral,1,Everyday Fashion Shoppers
C04167,2,107.63,53.815,37,0.175,0.5,1.0,0.0,0.0,0.0,0.5,0.5,0.0,East,Organic Search,2,Deal & Festive Shoppers
C04168,1,169.32,169.32,594,0.0,0.0,0.0,0.0,0.0,0.0,0.0,1.0,0.0,North,Paid Social,0,Everyday Home & Kitchen Shoppers
C04169,2,148.99,74.495,4,0.15,0.0,0.5,0.0,0.0,0.0,0.0,1.0,0.0,East,Paid Social,2,Deal & Festive Shoppers
C04170,2,167.28,83.64,174,0.15,0.0,0.0,0.5,0.0,0.0,0.5,0.0,0.0,North,Organic Search,4,Everyday Beauty Shoppers
C04171,1,86.52,86.52,452,0.0,0.0,0.0,1.0,0.0,0.0,0.0,0.0,0.0,East,Marketplace,4,Everyday Beauty Shoppers
C04172,2,196.36,98.18,513,0.15,0.0,0.0,0.0,0.0,0.0,1.0,0.0,0.0,East,Organic Search,1,Everyday Fashion Shoppers
C04173,2,497.24,248.62,330,0.225,0.0,0.0,0.0,0.0,0.5,0.5,0.0,0.0,East,Marketplace,3,Big-Ticket Tech Buyers
C04174,4,296.31,74.078,414,0.112,0.0,0.5,0.25,0.25,0.0,0.0,0.5,0.0,East,Paid Social,0,Everyday Home & Kitchen Shoppers
C04175,4,2137.84,534.46,128,0.1,0.0,0.5,0.0,0.0,0.5,0.0,0.25,0.25,South,Organic Search,3,Big-Ticket Tech Buyers
C04176,4,471.68,117.92,154,0.05,0.0,0.0,0.5,0.25,0.0,0.0,0.25,0.0,North,Organic Search,4,Everyday Beauty Shoppers
C04177,1,283.23,283.23,508,0.15,0.0,0.0,0.0,0.0,0.0,0.0,0.0,1.0,North,Paid Social,1,Everyday Fashion Shoppers
C04178,1,39.54,39.54,225,0.05,1.0,0.0,0.0,0.0,0.0,1.0,0.0,0.0,West,Paid Social,1,Everyday Fashion Shoppers
C04179,4,756.7,189.175,237,0.162,0.0,0.5,0.0,0.25,0.5,0.25,0.0,0.0,West,Organic Search,3,Big-Ticket Tech Buyers
C04180,3,808.46,269.487,314,0.1,0.0,0.667,0.0,0.0,0.0,0.0,0.667,0.333,South,Marketplace,0,Everyday Home & Kitchen Shoppers
C04181,1,35.46,35.46,273,0.0,0.0,0.0,0.0,1.0,0.0,0.0,0.0,0.0,North,Paid Social,1,Everyday Fashion Shoppers
C04182,3,177.87,59.29,53,0.067,0.0,0.333,0.333,0.0,0.0,0.333,0.0,0.333,South,Marketplace,2,Deal & Festive Shoppers
C04183,3,396.99,132.33,260,0.133,0.0,0.0,0.0,0.0,0.0,0.667,0.0,0.333,East,Organic Search,1,Everyday Fashion Shoppers
C04184,1,79.74,79.74,134,0.0,0.0,0.0,0.0,0.0,0.0,0.0,1.0,0.0,South,Organic Search,0,Everyday Home & Kitchen Shoppers
C04185,3,1532.26,510.753,342,0.033,0.333,0.0,0.0,0.0,0.667,0.0,0.0,0.333,North,Referral,3,Big-Ticket Tech Buyers
C04186,2,433.22,216.61,306,0.0,0.0,0.0,0.0,0.0,0.0,0.5,0.5,0.0,South,Organic Search,0,Everyday Home & Kitchen Shoppers
C04187,3,391.65,130.55,123,0.017,0.0,0.0,0.333,0.0,0.0,0.333,0.333,0.0,North,Organic Search,0,Everyday Home & Kitchen Shoppers
C04188,2,266.2,133.1,343,0.025,0.0,0.0,0.0,0.0,0.0,0.0,1.0,0.0,South,Organic Search,0,Everyday Home & Kitchen Shoppers
C04189,4,351.23,87.808,321,0.038,0.0,0.0,0.0,0.5,0.0,0.25,0.25,0.0,North,Organic Search,0,Everyday Home & Kitchen Shoppers
C04190,1,473.78,473.78,95,0.1,0.0,0.0,0.0,0.0,1.0,0.0,0.0,0.0,East,Email,3,Big-Ticket Tech Buyers
C04191,3,105.18,35.06,67,0.05,0.0,0.333,0.333,0.333,0.0,0.333,0.0,0.0,East,Organic Search,4,Everyday Beauty Shoppers
C04192,2,269.51,134.755,177,0.05,0.0,0.0,0.0,0.0,0.0,0.5,0.5,0.0,North,Marketplace,0,Everyday Home & Kitchen Shoppers
C04193,1,233.2,233.2,212,0.0,0.0,0.0,0.0,0.0,0.0,1.0,0.0,0.0,East,Organic Search,1,Everyday Fashion Shoppers
C04194,3,472.46,157.487,143,0.133,0.0,0.0,0.0,0.0,0.333,0.667,0.0,0.0,South,Paid Social,1,Everyday Fashion Shoppers
C04195,1,507.48,507.48,332,0.0,0.0,0.0,0.0,0.0,0.0,0.0,1.0,0.0,East,Paid Social,0,Everyday Home & Kitchen Shoppers
C04196,3,154.74,51.58,292,0.2,0.0,0.667,0.667,0.0,0.0,0.0,0.333,0.0,West,Paid Social,4,Everyday Beauty Shoppers
C04197,1,74.08,74.08,337,0.05,0.0,0.0,0.0,0.0,0.0,0.0,0.0,1.0,North,Marketplace,1,Everyday Fashion Shoppers
C04198,4,426.73,106.682,208,0.0,0.0,0.0,0.0,0.25,0.25,0.25,0.25,0.0,West,Marketplace,0,Everyday Home & Kitchen Shoppers
C04199,1,74.48,74.48,49,0.3,0.0,1.0,0.0,0.0,0.0,1.0,0.0,0.0,East,Organic Search,2,Deal & Festive Shoppers
C04200,1,140.7,140.7,562,0.0,0.0,0.0,0.0,0.0,0.0,0.0,1.0,0.0,East,Paid Social,0,Everyday Home & Kitchen Shoppers
C04201,1,20.4,20.4,245,0.05,0.0,0.0,0.0,1.0,0.0,0.0,0.0,0.0,South,Marketplace,1,Everyday Fashion Shoppers
C04202,1,36.95,36.95,199,0.0,1.0,0.0,1.0,0.0,0.0,0.0,0.0,0.0,South,Organic Search,4,Everyday Beauty Shoppers
C04203,2,955.46,477.73,62,0.0,0.0,0.0,0.0,0.0,0.5,0.0,0.5,0.0,North,Paid Social,3,Big-Ticket Tech Buyers
C04204,4,1307.67,326.918,237,0.038,0.0,0.0,0.0,0.25,0.5,0.25,0.0,0.0,West,Organic Search,3,Big-Ticket Tech Buyers
C04205,3,804.14,268.047,76,0.0,0.0,0.0,0.0,0.0,0.333,0.667,0.0,0.0,East,Paid Social,3,Big-Ticket Tech Buyers
C04206,1,36.77,36.77,158,0.15,0.0,0.0,0.0,1.0,0.0,0.0,0.0,0.0,South,Paid Social,1,Everyday Fashion Shoppers
C04207,2,119.29,59.645,40,0.15,0.0,0.5,0.5,0.5,0.0,0.0,0.0,0.0,East,Paid Social,2,Deal & Festive Shoppers
C04208,2,83.4,41.7,11,0.075,0.0,0.5,0.5,0.0,0.0,0.5,0.0,0.0,North,Marketplace,2,Deal & Festive Shoppers
C04209,1,36.5,36.5,556,0.0,0.0,0.0,1.0,0.0,0.0,0.0,0.0,0.0,North,Paid Social,4,Everyday Beauty Shoppers
C04210,2,139.91,69.955,107,0.1,0.0,0.0,0.0,0.5,0.0,0.0,0.0,0.5,East,Marketplace,1,Everyday Fashion Shoppers
C04211,6,1035.93,172.655,8,0.108,0.0,0.333,0.0,0.167,0.0,0.0,0.667,0.167,East,Email,2,Deal & Festive Shoppers
C04212,2,291.44,145.72,185,0.0,0.0,0.0,0.0,0.0,0.0,0.0,0.5,0.5,East,Paid Social,0,Everyday Home & Kitchen Shoppers
C04213,1,175.42,175.42,431,0.3,0.0,0.0,0.0,0.0,1.0,0.0,0.0,0.0,East,Paid Social,3,Big-Ticket Tech Buyers
C04214,1,254.62,254.62,218,0.0,0.0,0.0,0.0,0.0,0.0,1.0,0.0,0.0,East,Paid Social,1,Everyday Fashion Shoppers
C04215,4,1012.53,253.132,143,0.012,0.5,0.0,0.0,0.0,0.5,0.0,0.5,0.0,West,Marketplace,3,Big-Ticket Tech Buyers
C04216,2,775.42,387.71,31,0.2,0.0,1.0,0.0,0.0,0.0,0.0,0.0,1.0,North,Organic Search,2,Deal & Festive Shoppers
C04217,3,646.47,215.49,130,0.083,0.0,0.333,0.0,0.0,0.0,0.333,0.333,0.333,East,Marketplace,2,Deal & Festive Shoppers
C04218,2,397.38,198.69,446,0.0,0.0,0.0,0.0,0.0,0.0,0.5,0.5,0.0,East,Referral,0,Everyday Home & Kitchen Shoppers
C04219,4,478.69,119.673,228,0.075,0.25,0.0,0.0,0.25,0.0,0.25,0.5,0.0,North,Referral,0,Everyday Home & Kitchen Shoppers
C04220,2,346.06,173.03,311,0.15,0.0,0.0,0.0,0.0,0.0,0.5,0.5,0.0,North,Paid Social,0,Everyday Home & Kitchen Shoppers
C04221,2,721.56,360.78,561,0.025,0.0,0.0,0.0,0.5,0.0,0.0,0.0,0.5,North,Referral,1,Everyday Fashion Shoppers
C04222,5,518.35,103.67,30,0.21,0.0,0.8,0.0,0.0,0.0,0.4,0.2,0.4,North,Referral,2,Deal & Festive Shoppers
C04223,2,160.61,80.305,100,0.05,0.0,0.0,0.5,0.0,0.0,0.0,0.5,0.0,East,Referral,4,Everyday Beauty Shoppers
C04224,4,900.21,225.052,99,0.038,0.0,0.0,0.25,0.25,0.25,0.0,0.25,0.0,North,Organic Search,3,Big-Ticket Tech Buyers
C04225,2,222.65,111.325,152,0.05,0.0,0.0,0.0,0.0,0.0,0.5,0.5,0.0,East,Referral,0,Everyday Home & Kitchen Shoppers
C04226,1,91.5,91.5,604,0.0,0.0,0.0,0.0,0.0,0.0,0.0,1.0,0.0,North,Paid Social,0,Everyday Home & Kitchen Shoppers
C04227,3,446.46,148.82,400,0.183,0.0,1.0,0.0,0.333,0.667,0.0,0.0,0.0,North,Referral,3,Big-Ticket Tech Buyers
C04228,1,99.84,99.84,285,0.2,0.0,0.0,0.0,0.0,0.0,0.0,1.0,0.0,South,Paid Social,0,Everyday Home & Kitchen Shoppers
C04229,2,293.18,146.59,174,0.0,0.5,0.0,0.0,0.0,0.0,0.5,0.0,0.5,North,Organic Search,1,Everyday Fashion Shoppers
C04230,3,503.82,167.94,529,0.033,0.0,0.0,0.0,0.0,0.0,0.667,0.333,0.0,West,Email,1,Everyday Fashion Shoppers
C04231,1,122.9,122.9,666,0.1,0.0,0.0,1.0,0.0,0.0,0.0,0.0,0.0,South,Paid Social,4,Everyday Beauty Shoppers
C04232,2,380.43,190.215,66,0.175,0.5,0.0,0.0,0.5,0.5,0.0,0.0,0.0,North,Referral,3,Big-Ticket Tech Buyers
C04233,2,68.1,34.05,281,0.075,0.0,0.0,0.5,0.0,0.0,0.0,0.0,0.5,North,Email,4,Everyday Beauty Shoppers
C04234,5,1418.14,283.628,234,0.08,0.0,0.4,0.2,0.0,0.4,0.2,0.2,0.0,South,Referral,3,Big-Ticket Tech Buyers
C04235,7,2326.1,332.3,103,0.05,0.143,0.143,0.429,0.0,0.143,0.286,0.0,0.143,East,Email,3,Big-Ticket Tech Buyers
C04236,2,96.59,48.295,622,0.025,0.5,0.0,0.5,0.0,0.0,0.0,0.5,0.0,East,Organic Search,4,Everyday Beauty Shoppers
C04237,2,353.93,176.965,46,0.175,0.0,0.5,0.0,0.0,0.0,0.5,0.5,0.0,South,Organic Search,2,Deal & Festive Shoppers
C04238,2,416.72,208.36,632,0.025,0.0,0.0,0.0,0.5,0.5,0.0,0.0,0.0,East,Referral,3,Big-Ticket Tech Buyers
C04239,3,611.73,203.91,5,0.2,0.0,0.667,0.0,0.0,0.333,0.0,0.667,0.0,South,Organic Search,2,Deal & Festive Shoppers
C04240,1,398.68,398.68,555,0.1,0.0,0.0,0.0,0.0,1.0,0.0,0.0,0.0,West,Organic Search,3,Big-Ticket Tech Buyers
C04241,2,213.09,106.545,199,0.15,0.0,0.0,0.0,0.0,0.0,0.5,0.5,0.0,East,Organic Search,0,Everyday Home & Kitchen Shoppers
C04242,2,106.7,53.35,243,0.025,0.0,0.0,0.5,0.0,0.0,0.5,0.0,0.0,South,Paid Social,4,Everyday Beauty Shoppers
C04243,3,345.77,115.257,87,0.15,0.0,0.0,0.0,0.667,0.0,0.0,0.0,0.333,East,Marketplace,2,Deal & Festive Shoppers
C04244,2,188.4,94.2,630,0.075,0.0,0.0,0.5,0.0,0.0,0.0,0.5,0.0,West,Organic Search,4,Everyday Beauty Shoppers
C04245,5,1281.53,256.306,140,0.09,0.0,0.2,0.0,0.0,0.2,0.2,0.4,0.2,South,Organic Search,2,Deal & Festive Shoppers
C04246,2,282.09,141.045,455,0.05,0.0,0.0,0.5,0.0,0.0,0.5,0.0,0.0,West,Marketplace,4,Everyday Beauty Shoppers
C04247,2,389.98,194.99,515,0.025,0.0,0.0,0.0,0.0,0.5,0.0,0.0,0.5,West,Marketplace,3,Big-Ticket Tech Buyers
C04248,5,1532.34,306.468,383,0.12,0.4,0.4,0.0,0.0,0.2,0.4,0.2,0.2,North,Organic Search,3,Big-Ticket Tech Buyers
C04249,3,349.88,116.627,27,0.1,0.0,0.667,0.0,0.333,0.0,0.0,0.0,0.667,East,Marketplace,2,Deal & Festive Shoppers
C04250,1,134.59,134.59,456,0.1,0.0,0.0,0.0,0.0,0.0,1.0,0.0,0.0,East,Organic Search,1,Everyday Fashion Shoppers
C04251,2,242.79,121.395,303,0.25,0.0,0.5,0.0,0.0,0.0,0.5,0.5,0.0,East,Email,2,Deal & Festive Shoppers
C04252,2,112.51,56.255,365,0.0,0.0,0.0,0.5,0.0,0.0,0.5,0.0,0.0,East,Organic Search,4,Everyday Beauty Shoppers
C04253,1,124.42,124.42,35,0.3,1.0,1.0,0.0,0.0,0.0,1.0,0.0,0.0,West,Paid Social,2,Deal & Festive Shoppers
C04254,3,365.68,121.893,281,0.133,0.0,0.333,0.0,0.0,0.333,0.0,0.667,0.0,East,Organic Search,0,Everyday Home & Kitchen Shoppers
C04255,3,694.6,231.533,342,0.067,0.0,0.0,0.0,0.333,0.0,0.0,0.333,0.333,East,Email,0,Everyday Home & Kitchen Shoppers
C04256,2,39.78,19.89,109,0.1,0.0,0.0,0.0,1.0,0.0,0.0,0.0,0.0,North,Organic Search,1,Everyday Fashion Shoppers
C04257,4,590.13,147.532,90,0.05,0.0,0.0,0.0,0.5,0.0,0.25,0.25,0.0,South,Paid Social,0,Everyday Home & Kitchen Shoppers
C04258,1,1714.95,1714.95,650,0.0,0.0,0.0,0.0,0.0,1.0,0.0,0.0,0.0,West,Email,3,Big-Ticket Tech Buyers
C04259,3,266.44,88.813,146,0.0,0.333,0.0,0.667,0.0,0.0,0.0,0.333,0.0,East,Organic Search,4,Everyday Beauty Shoppers
C04260,2,1185.7,592.85,437,0.0,0.0,0.0,0.0,0.0,0.5,0.0,0.5,0.0,North,Marketplace,3,Big-Ticket Tech Buyers
C04261,3,395.68,131.893,399,0.2,0.667,0.667,0.0,0.0,0.0,0.333,0.667,0.0,West,Paid Social,2,Deal & Festive Shoppers
C04262,4,640.28,160.07,374,0.05,0.0,0.25,0.0,0.25,0.0,0.75,0.0,0.0,West,Organic Search,1,Everyday Fashion Shoppers
C04263,2,259.85,129.925,510,0.0,0.0,0.0,0.0,0.0,0.5,0.0,0.5,0.0,East,Organic Search,0,Everyday Home & Kitchen Shoppers
C04264,2,411.87,205.935,129,0.05,0.0,0.0,0.5,0.0,0.0,0.5,0.0,0.0,North,Paid Social,4,Everyday Beauty Shoppers
C04265,2,88.98,44.49,69,0.05,0.0,0.0,0.0,0.0,0.0,1.0,0.0,0.0,East,Organic Search,1,Everyday Fashion Shoppers
C04266,2,94.98,47.49,23,0.15,0.0,1.0,1.0,0.0,0.0,0.0,0.0,0.0,North,Paid Social,4,Everyday Beauty Shoppers
C04267,4,348.16,87.04,61,0.125,0.0,0.5,0.5,0.0,0.0,0.25,0.25,0.0,South,Referral,2,Deal & Festive Shoppers
C04268,3,99.69,33.23,30,0.067,0.0,0.667,0.0,1.0,0.0,0.0,0.0,0.0,East,Paid Social,2,Deal & Festive Shoppers
C04269,2,1018.71,509.355,474,0.125,0.0,0.0,0.0,0.5,0.5,0.0,0.0,0.0,West,Paid Social,3,Big-Ticket Tech Buyers
C04270,4,581.36,145.34,188,0.038,0.0,0.25,0.25,0.25,0.0,0.0,0.25,0.25,South,Email,0,Everyday Home & Kitchen Shoppers
C04271,1,26.9,26.9,164,0.05,0.0,0.0,0.0,1.0,0.0,0.0,0.0,0.0,West,Paid Social,1,Everyday Fashion Shoppers
C04272,6,1350.95,225.158,15,0.233,0.0,0.333,0.0,0.0,0.167,0.333,0.5,0.0,West,Referral,2,Deal & Festive Shoppers
C04273,1,36.09,36.09,78,0.0,0.0,0.0,1.0,0.0,0.0,0.0,0.0,0.0,North,Marketplace,4,Everyday Beauty Shoppers
C04274,2,140.65,70.325,409,0.1,0.0,0.5,0.5,0.5,0.0,0.0,0.0,0.0,North,Organic Search,4,Everyday Beauty Shoppers
C04275,2,407.38,203.69,451,0.025,0.0,0.0,0.0,0.0,0.0,0.0,0.0,1.0,East,Referral,1,Everyday Fashion Shoppers
C04276,1,73.06,73.06,171,0.0,0.0,0.0,0.0,0.0,0.0,0.0,1.0,0.0,East,Marketplace,0,Everyday Home & Kitchen Shoppers
C04277,5,809.02,161.804,144,0.12,0.0,0.4,0.0,0.0,0.0,0.6,0.4,0.0,South,Paid Social,2,Deal & Festive Shoppers
C04278,3,226.03,75.343,125,0.033,0.0,0.0,0.333,0.0,0.0,0.0,0.667,0.0,East,Marketplace,0,Everyday Home & Kitchen Shoppers
C04279,3,1584.15,528.05,88,0.0,0.0,0.0,0.333,0.0,0.333,0.0,0.333,0.0,East,Paid Social,3,Big-Ticket Tech Buyers
C04280,4,1174.23,293.558,68,0.025,0.0,0.0,0.0,0.0,0.0,0.25,0.25,0.5,East,Referral,0,Everyday Home & Kitchen Shoppers
C04281,3,1000.88,333.627,289,0.117,0.0,0.667,0.0,0.0,0.0,0.0,0.333,0.667,East,Paid Social,2,Deal & Festive Shoppers
C04282,1,81.27,81.27,90,0.3,0.0,0.0,1.0,0.0,0.0,0.0,0.0,0.0,North,Organic Search,4,Everyday Beauty Shoppers
C04283,1,110.52,110.52,595,0.0,0.0,0.0,0.0,0.0,0.0,1.0,0.0,0.0,North,Marketplace,1,Everyday Fashion Shoppers
C04284,2,139.33,69.665,277,0.1,0.0,0.5,0.0,0.0,0.0,0.5,0.5,0.0,North,Organic Search,0,Everyday Home & Kitchen Shoppers
C04285,2,162.32,81.16,556,0.1,0.0,0.0,0.5,0.0,0.0,0.5,0.0,0.0,West,Marketplace,4,Everyday Beauty Shoppers
C04286,4,685.99,171.498,12,0.075,0.0,0.75,0.0,0.25,0.0,0.0,0.5,0.25,West,Referral,2,Deal & Festive Shoppers
C04287,1,102.63,102.63,213,0.15,0.0,0.0,0.0,0.0,0.0,1.0,0.0,0.0,East,Marketplace,1,Everyday Fashion Shoppers
C04288,2,309.85,154.925,94,0.175,0.0,0.0,0.0,0.0,0.0,0.0,0.5,0.5,North,Marketplace,0,Everyday Home & Kitchen Shoppers
C04289,2,250.71,125.355,174,0.05,0.5,0.0,0.0,0.0,0.0,1.0,0.0,0.0,East,Referral,1,Everyday Fashion Shoppers
C04290,2,51.17,25.585,488,0.025,0.0,0.0,0.5,0.5,0.0,0.0,0.0,0.0,North,Marketplace,4,Everyday Beauty Shoppers
C04291,8,744.59,93.074,372,0.119,0.25,0.5,0.25,0.0,0.25,0.0,0.375,0.125,South,Email,2,Deal & Festive Shoppers
C04292,1,129.42,129.42,69,0.2,0.0,0.0,0.0,0.0,0.0,0.0,1.0,0.0,North,Paid Social,0,Everyday Home & Kitchen Shoppers
C04293,6,818.34,136.39,62,0.083,0.0,0.167,0.333,0.0,0.0,0.5,0.167,0.0,West,Referral,2,Deal & Festive Shoppers
C04294,1,43.91,43.91,652,0.0,0.0,0.0,0.0,0.0,0.0,0.0,1.0,0.0,North,Organic Search,0,Everyday Home & Kitchen Shoppers
C04295,3,2911.19,970.397,50,0.067,0.0,0.667,0.0,0.0,0.667,0.333,0.0,0.0,East,Organic Search,3,Big-Ticket Tech Buyers
C04296,2,362.04,181.02,23,0.3,0.0,1.0,0.0,0.0,0.0,0.0,1.0,0.0,West,Organic Search,2,Deal & Festive Shoppers
C04297,2,151.29,75.645,286,0.15,0.0,0.5,0.0,0.0,0.5,0.0,0.5,0.0,East,Paid Social,0,Everyday Home & Kitchen Shoppers
C04298,1,952.98,952.98,177,0.2,0.0,0.0,0.0,0.0,1.0,0.0,0.0,0.0,North,Organic Search,3,Big-Ticket Tech Buyers
C04299,1,550.29,550.29,692,0.1,0.0,0.0,0.0,0.0,1.0,0.0,0.0,0.0,West,Paid Social,3,Big-Ticket Tech Buyers
C04300,4,792.61,198.152,111,0.062,0.0,0.0,0.25,0.0,0.0,0.25,0.25,0.25,East,Referral,0,Everyday Home & Kitchen Shoppers
C04301,6,1084.09,180.682,356,0.183,0.0,0.333,0.167,0.167,0.167,0.0,0.333,0.167,South,Referral,2,Deal & Festive Shoppers
C04302,3,570.7,190.233,108,0.0,0.0,0.0,0.0,0.0,0.0,0.333,0.667,0.0,East,Marketplace,0,Everyday Home & Kitchen Shoppers
C04303,4,980.17,245.043,203,0.025,0.0,0.0,0.5,0.0,0.25,0.25,0.0,0.0,West,Marketplace,3,Big-Ticket Tech Buyers
C04304,4,2076.92,519.23,339,0.062,0.0,0.5,0.25,0.0,0.5,0.0,0.0,0.25,South,Marketplace,3,Big-Ticket Tech Buyers
C04305,2,306.38,153.19,161,0.0,0.0,0.0,0.0,0.0,0.0,0.0,0.5,0.5,East,Referral,0,Everyday Home & Kitchen Shoppers
C04306,2,440.54,220.27,135,0.075,0.0,0.0,0.0,0.0,0.0,0.5,0.0,0.5,South,Organic Search,1,Everyday Fashion Shoppers
C04307,1,28.76,28.76,208,0.0,0.0,0.0,0.0,0.0,0.0,0.0,1.0,0.0,North,Marketplace,0,Everyday Home & Kitchen Shoppers
C04308,1,107.6,107.6,172,0.2,0.0,0.0,0.0,0.0,1.0,0.0,0.0,0.0,East,Organic Search,3,Big-Ticket Tech Buyers
C04309,2,396.73,198.365,164,0.0,0.5,0.0,0.0,0.0,0.0,0.5,0.5,0.0,North,Organic Search,0,Everyday Home & Kitchen Shoppers
C04310,1,10.36,10.36,298,0.1,0.0,0.0,1.0,0.0,0.0,0.0,0.0,0.0,South,Paid Social,4,Everyday Beauty Shoppers
C04311,2,1262.21,631.105,216,0.0,0.0,0.0,0.0,0.0,0.5,0.0,0.5,0.0,South,Referral,3,Big-Ticket Tech Buyers
C04312,1,45.17,45.17,125,0.15,0.0,0.0,1.0,0.0,0.0,0.0,0.0,0.0,South,Email,4,Everyday Beauty Shoppers
C04313,4,571.14,142.785,96,0.0,0.0,0.0,0.0,0.0,0.0,0.0,0.5,0.5,South,Organic Search,0,Everyday Home & Kitchen Shoppers
C04314,1,53.56,53.56,645,0.0,0.0,0.0,0.0,0.0,0.0,1.0,0.0,0.0,East,Email,1,Everyday Fashion Shoppers
C04315,3,323.13,107.71,57,0.1,0.333,0.333,0.0,0.0,0.333,0.333,0.333,0.0,South,Organic Search,2,Deal & Festive Shoppers
C04316,5,1877.43,375.486,280,0.02,0.0,0.0,0.2,0.2,0.4,0.0,0.0,0.2,North,Organic Search,3,Big-Ticket Tech Buyers
C04317,1,31.27,31.27,40,0.2,0.0,1.0,0.0,1.0,0.0,0.0,0.0,0.0,West,Paid Social,2,Deal & Festive Shoppers
C04318,2,282.79,141.395,353,0.05,0.0,0.0,0.0,0.0,0.0,0.5,0.5,0.0,West,Paid Social,0,Everyday Home & Kitchen Shoppers
C04319,2,243.44,121.72,70,0.0,0.0,0.0,0.5,0.0,0.0,0.0,0.0,0.5,South,Email,4,Everyday Beauty Shoppers
C04320,2,289.17,144.585,684,0.2,0.5,0.0,0.5,0.0,0.0,0.0,0.0,0.5,South,Organic Search,4,Everyday Beauty Shoppers
C04321,1,39.69,39.69,262,0.05,0.0,0.0,0.0,0.0,0.0,1.0,0.0,0.0,North,Organic Search,1,Everyday Fashion Shoppers
C04322,4,1842.72,460.68,100,0.15,0.25,0.5,0.0,0.0,0.5,0.0,0.5,0.0,North,Organic Search,3,Big-Ticket Tech Buyers
C04323,2,167.95,83.975,289,0.075,0.5,0.5,0.5,0.0,0.0,0.5,0.0,0.0,South,Email,4,Everyday Beauty Shoppers
C04324,4,1050.2,262.55,266,0.112,0.25,0.5,0.0,0.0,0.25,0.25,0.25,0.25,West,Marketplace,2,Deal & Festive Shoppers
C04325,4,1412.98,353.245,2,0.15,0.0,1.0,0.0,0.0,0.5,0.0,0.5,0.0,East,Referral,2,Deal & Festive Shoppers
C04326,3,347.49,115.83,251,0.05,0.0,0.0,0.333,0.0,0.333,0.333,0.0,0.0,South,Referral,3,Big-Ticket Tech Buyers
C04327,1,643.62,643.62,126,0.0,0.0,0.0,0.0,0.0,1.0,0.0,0.0,0.0,West,Marketplace,3,Big-Ticket Tech Buyers
C04328,2,624.8,312.4,420,0.3,0.0,1.0,0.0,0.0,1.0,0.0,0.0,0.0,South,Organic Search,3,Big-Ticket Tech Buyers
C04329,4,288.92,72.23,354,0.038,0.5,0.0,0.25,0.25,0.0,0.25,0.25,0.0,North,Organic Search,0,Everyday Home & Kitchen Shoppers
C04330,2,571.65,285.825,62,0.1,0.0,0.0,0.0,0.0,0.5,0.0,0.0,0.5,South,Paid Social,3,Big-Ticket Tech Buyers
C04331,2,57.48,28.74,582,0.075,0.0,0.0,0.0,1.0,0.0,0.0,0.0,0.0,North,Organic Search,1,Everyday Fashion Shoppers
C04332,1,132.17,132.17,526,0.3,0.0,0.0,0.0,0.0,0.0,0.0,0.0,1.0,West,Paid Social,1,Everyday Fashion Shoppers
C04333,1,972.42,972.42,115,0.0,0.0,0.0,0.0,0.0,1.0,0.0,0.0,0.0,South,Paid Social,3,Big-Ticket Tech Buyers
C04334,1,111.92,111.92,89,0.3,0.0,0.0,0.0,0.0,0.0,0.0,1.0,0.0,East,Paid Social,0,Everyday Home & Kitchen Shoppers
C04335,1,24.24,24.24,83,0.3,0.0,0.0,0.0,0.0,0.0,1.0,0.0,0.0,South,Paid Social,1,Everyday Fashion Shoppers
C04336,2,151.66,75.83,426,0.1,0.0,1.0,0.0,0.0,0.0,0.0,1.0,0.0,West,Paid Social,0,Everyday Home & Kitchen Shoppers
C04337,1,30.09,30.09,188,0.0,0.0,0.0,0.0,0.0,0.0,1.0,0.0,0.0,East,Organic Search,1,Everyday Fashion Shoppers
C04338,3,442.19,147.397,421,0.133,0.0,0.667,0.0,0.0,0.0,0.0,0.667,0.333,South,Marketplace,0,Everyday Home & Kitchen Shoppers
C04339,3,246.05,82.017,27,0.133,0.0,0.333,0.0,0.0,0.0,0.333,0.333,0.333,North,Email,2,Deal & Festive Shoppers
C04340,3,964.88,321.627,310,0.133,0.0,0.667,0.0,0.0,0.0,0.333,0.667,0.0,West,Organic Search,2,Deal & Festive Shoppers
C04341,1,86.56,86.56,692,0.1,0.0,0.0,0.0,0.0,0.0,0.0,1.0,0.0,East,Organic Search,0,Everyday Home & Kitchen Shoppers
C04342,5,1116.83,223.366,156,0.07,0.0,0.4,0.0,0.0,0.2,0.0,0.8,0.0,South,Organic Search,0,Everyday Home & Kitchen Shoppers
C04343,3,287.52,95.84,233,0.2,0.0,0.667,0.0,0.0,0.0,0.667,0.333,0.0,West,Organic Search,2,Deal & Festive Shoppers
C04344,2,238.0,119.0,391,0.05,0.0,0.5,0.5,0.5,0.0,0.0,0.0,0.0,North,Organic Search,4,Everyday Beauty Shoppers
C04345,5,716.35,143.27,226,0.14,0.0,0.4,0.2,0.2,0.2,0.4,0.0,0.0,South,Organic Search,2,Deal & Festive Shoppers
C04346,5,561.79,112.358,40,0.16,0.4,0.6,0.2,0.2,0.2,0.4,0.0,0.0,East,Marketplace,2,Deal & Festive Shoppers
C04347,3,148.59,49.53,470,0.0,0.333,0.0,0.0,0.333,0.0,0.333,0.333,0.0,South,Marketplace,0,Everyday Home & Kitchen Shoppers
C04348,5,1209.12,241.824,93,0.09,0.2,0.0,0.0,0.0,0.2,0.2,0.4,0.2,South,Email,0,Everyday Home & Kitchen Shoppers
C04349,5,316.46,63.292,42,0.05,0.0,0.4,0.0,0.6,0.0,0.4,0.0,0.0,North,Referral,2,Deal & Festive Shoppers
C04350,1,65.29,65.29,468,0.1,0.0,0.0,0.0,0.0,0.0,0.0,0.0,1.0,North,Email,1,Everyday Fashion Shoppers
C04351,5,1608.31,321.662,9,0.12,0.2,0.4,0.0,0.0,0.4,0.2,0.4,0.0,North,Email,2,Deal & Festive Shoppers
C04352,1,39.74,39.74,327,0.0,0.0,0.0,0.0,1.0,0.0,0.0,0.0,0.0,North,Marketplace,1,Everyday Fashion Shoppers
C04353,3,737.2,245.733,105,0.067,0.0,0.0,0.0,0.333,0.333,0.0,0.333,0.0,West,Email,3,Big-Ticket Tech Buyers
C04354,2,195.06,97.53,414,0.075,0.0,0.5,0.0,0.0,0.0,0.5,0.5,0.0,East,Email,0,Everyday Home & Kitchen Shoppers
C04355,3,328.16,109.387,338,0.1,0.0,0.667,0.333,0.0,0.0,0.0,0.667,0.0,South,Email,0,Everyday Home & Kitchen Shoppers
C04356,2,354.27,177.135,44,0.075,0.5,0.5,0.0,0.0,0.5,0.5,0.0,0.0,South,Referral,3,Big-Ticket Tech Buyers
C04357,3,288.92,96.307,29,0.167,0.0,1.0,0.333,0.0,0.0,0.667,0.0,0.0,East,Organic Search,2,Deal & Festive Shoppers
C04358,3,125.91,41.97,206,0.05,0.0,0.0,0.667,0.0,0.0,0.333,0.0,0.0,North,Organic Search,4,Everyday Beauty Shoppers
C04359,3,338.14,112.713,57,0.067,0.0,0.333,0.0,0.0,0.0,0.667,0.333,0.0,North,Paid Social,2,Deal & Festive Shoppers
C04360,2,1179.82,589.91,39,0.3,1.0,1.0,0.0,0.0,1.0,0.0,0.0,0.0,East,Organic Search,3,Big-Ticket Tech Buyers
C04361,5,949.95,189.99,149,0.0,0.0,0.0,0.2,0.2,0.2,0.0,0.0,0.4,South,Organic Search,3,Big-Ticket Tech Buyers
C04362,2,136.1,68.05,54,0.1,0.0,0.5,0.5,0.0,0.0,0.0,0.5,0.0,East,Organic Search,2,Deal & Festive Shoppers
C04363,2,1636.44,818.22,367,0.2,0.0,1.0,0.0,0.0,1.0,0.0,0.0,0.0,West,Paid Social,3,Big-Ticket Tech Buyers
C04364,1,25.16,25.16,50,0.15,0.0,1.0,1.0,0.0,0.0,0.0,0.0,0.0,West,Marketplace,4,Everyday Beauty Shoppers
C04365,1,40.95,40.95,309,0.1,0.0,0.0,0.0,0.0,0.0,1.0,0.0,0.0,North,Paid Social,1,Everyday Fashion Shoppers
C04366,2,357.1,178.55,132,0.05,0.0,0.0,0.0,0.5,0.0,0.5,0.0,0.0,North,Organic Search,1,Everyday Fashion Shoppers
C04367,3,456.67,152.223,333,0.0,0.333,0.0,0.333,0.0,0.333,0.333,0.0,0.0,North,Paid Social,3,Big-Ticket Tech Buyers
C04368,1,139.59,139.59,622,0.0,0.0,0.0,0.0,0.0,0.0,0.0,1.0,0.0,East,Paid Social,0,Everyday Home & Kitchen Shoppers
C04369,2,363.23,181.615,78,0.05,0.0,0.0,0.0,0.0,0.0,0.0,0.5,0.5,West,Email,0,Everyday Home & Kitchen Shoppers
C04370,2,221.79,110.895,190,0.05,0.0,0.0,0.0,0.0,0.0,1.0,0.0,0.0,West,Referral,1,Everyday Fashion Shoppers
C04371,3,529.05,176.35,81,0.033,0.0,0.0,0.333,0.0,0.0,0.333,0.0,0.333,South,Organic Search,1,Everyday Fashion Shoppers
C04372,1,73.8,73.8,609,0.0,0.0,0.0,0.0,1.0,0.0,0.0,0.0,0.0,West,Paid Social,1,Everyday Fashion Shoppers
C04373,6,302.97,50.495,211,0.117,0.0,0.333,0.667,0.333,0.0,0.0,0.0,0.0,East,Organic Search,4,Everyday Beauty Shoppers
C04374,4,779.67,194.918,52,0.112,0.0,0.5,0.25,0.0,0.5,0.0,0.25,0.0,West,Email,2,Deal & Festive Shoppers
C04375,2,1242.17,621.085,437,0.05,0.0,0.0,0.0,0.0,1.0,0.0,0.0,0.0,East,Marketplace,3,Big-Ticket Tech Buyers
C04376,2,110.86,55.43,57,0.175,0.0,0.5,0.0,0.5,0.0,0.0,0.5,0.0,North,Marketplace,2,Deal & Festive Shoppers
C04377,1,56.11,56.11,503,0.0,0.0,0.0,0.0,0.0,0.0,1.0,0.0,0.0,North,Organic Search,1,Everyday Fashion Shoppers
C04378,6,877.65,146.275,99,0.092,0.0,0.167,0.0,0.0,0.0,0.833,0.0,0.167,West,Email,2,Deal & Festive Shoppers
C04379,4,512.54,128.135,404,0.05,0.0,0.5,0.5,0.0,0.0,0.0,0.25,0.25,South,Email,4,Everyday Beauty Shoppers
C04380,1,254.73,254.73,77,0.3,1.0,0.0,0.0,0.0,0.0,1.0,0.0,0.0,South,Marketplace,1,Everyday Fashion Shoppers
C04381,1,34.5,34.5,62,0.1,0.0,0.0,0.0,0.0,0.0,1.0,0.0,0.0,South,Organic Search,1,Everyday Fashion Shoppers
C04382,1,154.28,154.28,641,0.0,0.0,0.0,0.0,0.0,0.0,0.0,1.0,0.0,South,Paid Social,0,Everyday Home & Kitchen Shoppers
C04383,1,138.93,138.93,466,0.0,0.0,0.0,0.0,0.0,1.0,0.0,0.0,0.0,West,Organic Search,3,Big-Ticket Tech Buyers
C04384,2,301.96,150.98,295,0.0,0.0,0.0,0.0,0.5,0.0,0.5,0.0,0.0,North,Organic Search,1,Everyday Fashion Shoppers
C04385,1,141.75,141.75,446,0.1,0.0,0.0,0.0,0.0,0.0,1.0,0.0,0.0,North,Referral,1,Everyday Fashion Shoppers
C04386,1,80.22,80.22,217,0.05,0.0,0.0,1.0,0.0,0.0,0.0,0.0,0.0,East,Paid Social,4,Everyday Beauty Shoppers
C04387,3,137.46,45.82,418,0.25,0.0,0.667,0.0,0.0,0.0,0.667,0.333,0.0,East,Organic Search,2,Deal & Festive Shoppers
C04388,3,455.05,151.683,90,0.05,0.0,0.0,0.0,0.0,0.0,0.667,0.0,0.333,North,Marketplace,1,Everyday Fashion Shoppers
C04389,1,593.1,593.1,488,0.2,0.0,0.0,0.0,0.0,1.0,0.0,0.0,0.0,North,Paid Social,3,Big-Ticket Tech Buyers
C04390,4,612.72,153.18,32,0.075,0.0,0.5,0.0,0.0,0.0,0.5,0.25,0.25,North,Marketplace,2,Deal & Festive Shoppers
C04391,1,148.53,148.53,599,0.1,0.0,0.0,0.0,0.0,0.0,1.0,0.0,0.0,North,Email,1,Everyday Fashion Shoppers
C04392,2,1007.19,503.595,91,0.025,0.0,0.0,0.0,0.0,0.5,0.5,0.0,0.0,North,Marketplace,3,Big-Ticket Tech Buyers
C04393,2,299.02,149.51,702,0.025,0.0,0.0,0.5,0.0,0.0,0.0,0.0,0.5,North,Email,4,Everyday Beauty Shoppers
C04394,5,473.14,94.628,439,0.14,0.4,0.0,0.2,0.0,0.0,0.4,0.4,0.0,East,Organic Search,0,Everyday Home & Kitchen Shoppers
C04395,3,345.58,115.193,156,0.067,0.0,0.0,0.0,0.333,0.0,0.333,0.0,0.333,West,Organic Search,1,Everyday Fashion Shoppers
C04396,2,430.41,215.205,286,0.1,0.0,0.5,0.0,0.0,0.5,0.5,0.0,0.0,West,Marketplace,3,Big-Ticket Tech Buyers
C04397,2,237.38,118.69,234,0.025,0.0,0.0,0.0,0.0,0.0,0.0,1.0,0.0,South,Organic Search,0,Everyday Home & Kitchen Shoppers
C04398,2,279.26,139.63,340,0.2,0.0,0.0,0.0,0.0,0.0,1.0,0.0,0.0,South,Paid Social,1,Everyday Fashion Shoppers
C04399,1,92.92,92.92,668,0.0,0.0,0.0,0.0,0.0,0.0,0.0,1.0,0.0,West,Referral,0,Everyday Home & Kitchen Shoppers
C04400,2,203.34,101.67,171,0.1,0.0,0.0,0.5,0.5,0.0,0.0,0.0,0.0,East,Organic Search,4,Everyday Beauty Shoppers
C04401,2,626.09,313.045,343,0.25,0.0,0.0,0.0,0.0,0.5,0.0,0.0,0.5,East,Organic Search,3,Big-Ticket Tech Buyers
C04402,2,192.6,96.3,599,0.025,0.0,0.0,0.0,0.5,0.0,0.5,0.0,0.0,North,Paid Social,1,Everyday Fashion Shoppers
C04403,2,189.67,94.835,428,0.1,0.0,0.0,0.0,0.5,0.0,0.0,0.5,0.0,South,Paid Social,0,Everyday Home & Kitchen Shoppers
C04404,1,37.11,37.11,67,0.3,0.0,0.0,1.0,0.0,0.0,0.0,0.0,0.0,East,Email,4,Everyday Beauty Shoppers
C04405,4,540.04,135.01,477,0.038,0.0,0.0,0.25,0.25,0.25,0.0,0.0,0.25,East,Organic Search,3,Big-Ticket Tech Buyers
C04406,1,124.2,124.2,102,0.0,0.0,0.0,1.0,0.0,0.0,0.0,0.0,0.0,North,Paid Social,4,Everyday Beauty Shoppers
C04407,6,2903.16,483.86,354,0.142,0.0,0.667,0.0,0.333,0.5,0.0,0.167,0.0,West,Organic Search,3,Big-Ticket Tech Buyers
C04408,4,792.72,198.18,381,0.05,0.0,0.25,0.0,0.0,0.25,0.25,0.25,0.25,East,Referral,3,Big-Ticket Tech Buyers
C04409,2,249.95,124.975,490,0.05,0.0,0.0,0.5,0.0,0.0,0.5,0.0,0.0,East,Organic Search,4,Everyday Beauty Shoppers
C04410,3,175.25,58.417,417,0.1,0.0,0.667,0.0,0.0,0.0,0.667,0.333,0.0,North,Organic Search,2,Deal & Festive Shoppers
C04411,7,1696.46,242.351,148,0.05,0.143,0.0,0.143,0.0,0.286,0.286,0.143,0.143,East,Email,3,Big-Ticket Tech Buyers
C04412,3,289.88,96.627,122,0.117,0.0,0.0,0.0,0.333,0.0,0.333,0.333,0.0,East,Organic Search,0,Everyday Home & Kitchen Shoppers
C04413,4,376.12,94.03,360,0.15,0.0,0.0,0.25,0.0,0.0,0.5,0.0,0.25,North,Email,1,Everyday Fashion Shoppers
C04414,1,20.15,20.15,222,0.05,0.0,0.0,1.0,0.0,0.0,0.0,0.0,0.0,East,Organic Search,4,Everyday Beauty Shoppers
C04415,3,312.01,104.003,263,0.183,0.0,0.333,0.333,0.0,0.0,0.333,0.333,0.0,East,Organic Search,2,Deal & Festive Shoppers
C04416,3,510.3,170.1,93,0.2,0.0,0.667,0.0,0.0,0.333,0.667,0.0,0.0,West,Organic Search,2,Deal & Festive Shoppers
C04417,4,532.46,133.115,285,0.175,0.25,0.5,0.25,0.0,0.0,0.5,0.25,0.0,North,Marketplace,2,Deal & Festive Shoppers
C04418,4,973.71,243.428,280,0.138,0.0,0.0,0.0,0.25,0.25,0.25,0.25,0.0,West,Paid Social,3,Big-Ticket Tech Buyers
C04419,3,519.33,173.11,208,0.017,0.0,0.0,0.0,0.0,0.0,0.333,0.667,0.0,South,Organic Search,0,Everyday Home & Kitchen Shoppers
C04420,1,113.24,113.24,654,0.0,0.0,0.0,0.0,0.0,0.0,0.0,1.0,0.0,North,Paid Social,0,Everyday Home & Kitchen Shoppers
C04421,1,20.96,20.96,225,0.0,0.0,0.0,0.0,1.0,0.0,0.0,0.0,0.0,North,Paid Social,1,Everyday Fashion Shoppers
C04422,1,187.77,187.77,18,0.3,0.0,1.0,0.0,0.0,0.0,0.0,1.0,0.0,North,Email,2,Deal & Festive Shoppers
C04423,4,796.39,199.098,37,0.112,0.0,0.75,0.0,0.5,0.0,0.25,0.0,0.25,South,Marketplace,2,Deal & Festive Shoppers
C04424,3,405.91,135.303,253,0.2,0.0,0.333,0.0,0.0,0.0,0.0,1.0,0.0,South,Paid Social,0,Everyday Home & Kitchen Shoppers
C04425,2,329.99,164.995,455,0.0,0.0,0.0,0.0,0.0,0.0,0.0,0.5,0.5,East,Paid Social,0,Everyday Home & Kitchen Shoppers
C04426,1,57.54,57.54,116,0.1,0.0,0.0,1.0,0.0,0.0,0.0,0.0,0.0,North,Paid Social,4,Everyday Beauty Shoppers
C04427,3,134.97,44.99,446,0.117,0.0,0.0,0.333,0.0,0.0,0.0,0.667,0.0,West,Marketplace,0,Everyday Home & Kitchen Shoppers
C04428,2,18.68,9.34,384,0.2,0.0,1.0,1.0,0.0,0.0,0.0,0.0,0.0,North,Paid Social,4,Everyday Beauty Shoppers
C04429,1,120.14,120.14,190,0.0,0.0,0.0,0.0,0.0,0.0,1.0,0.0,0.0,East,Organic Search,1,Everyday Fashion Shoppers
C04430,1,153.11,153.11,68,0.1,0.0,0.0,0.0,0.0,0.0,1.0,0.0,0.0,West,Marketplace,1,Everyday Fashion Shoppers
C04431,1,57.85,57.85,86,0.1,0.0,0.0,0.0,0.0,0.0,1.0,0.0,0.0,West,Marketplace,1,Everyday Fashion Shoppers
C04432,2,435.67,217.835,53,0.1,0.0,0.5,0.0,0.0,0.5,0.0,0.5,0.0,East,Paid Social,3,Big-Ticket Tech Buyers
C04433,1,212.43,212.43,100,0.15,0.0,0.0,0.0,0.0,0.0,1.0,0.0,0.0,East,Paid Social,1,Everyday Fashion Shoppers
C04434,2,79.75,39.875,416,0.075,0.0,0.5,0.5,0.0,0.0,0.5,0.0,0.0,North,Email,4,Everyday Beauty Shoppers
C04435,2,183.33,91.665,216,0.15,0.0,0.0,0.0,0.5,0.0,0.5,0.0,0.0,North,Marketplace,1,Everyday Fashion Shoppers
C04436,1,190.26,190.26,62,0.1,0.0,0.0,0.0,0.0,0.0,0.0,0.0,1.0,South,Paid Social,1,Everyday Fashion Shoppers
C04437,3,1020.5,340.167,129,0.033,0.0,0.0,0.0,0.0,0.333,0.333,0.0,0.333,North,Paid Social,3,Big-Ticket Tech Buyers
C04438,1,53.57,53.57,51,0.15,0.0,1.0,1.0,0.0,0.0,0.0,0.0,0.0,South,Paid Social,4,Everyday Beauty Shoppers
C04439,1,186.9,186.9,478,0.05,0.0,0.0,1.0,0.0,0.0,0.0,0.0,0.0,North,Paid Social,4,Everyday Beauty Shoppers
C04440,1,473.24,473.24,507,0.1,0.0,0.0,0.0,0.0,1.0,0.0,0.0,0.0,West,Organic Search,3,Big-Ticket Tech Buyers
C04441,2,1632.06,816.03,460,0.025,0.0,0.0,0.0,0.0,1.0,0.0,0.0,0.0,West,Email,3,Big-Ticket Tech Buyers
C04442,5,846.48,169.296,290,0.14,0.0,0.6,0.0,0.0,0.4,0.4,0.2,0.0,West,Organic Search,2,Deal & Festive Shoppers
C04443,2,64.31,32.155,234,0.0,0.5,0.0,0.5,0.5,0.0,0.0,0.0,0.0,East,Paid Social,4,Everyday Beauty Shoppers
C04444,6,924.94,154.157,49,0.158,0.333,0.667,0.5,0.167,0.0,0.167,0.0,0.167,North,Marketplace,2,Deal & Festive Shoppers
C04445,1,93.76,93.76,197,0.1,0.0,0.0,1.0,0.0,0.0,0.0,0.0,0.0,North,Paid Social,4,Everyday Beauty Shoppers
C04446,5,1622.97,324.594,267,0.12,0.0,0.4,0.0,0.0,0.4,0.2,0.0,0.4,East,Organic Search,3,Big-Ticket Tech Buyers
C04447,3,641.91,213.97,202,0.05,0.0,0.0,0.0,0.0,0.0,0.333,0.667,0.0,East,Marketplace,0,Everyday Home & Kitchen Shoppers
C04448,3,465.64,155.213,497,0.05,0.0,0.0,0.0,0.0,0.0,0.667,0.333,0.0,South,Organic Search,1,Everyday Fashion Shoppers
C04449,1,328.86,328.86,331,0.2,0.0,0.0,0.0,0.0,1.0,0.0,0.0,0.0,South,Marketplace,3,Big-Ticket Tech Buyers
C04450,2,185.9,92.95,63,0.0,0.0,0.0,0.5,0.0,0.0,0.0,0.5,0.0,South,Organic Search,4,Everyday Beauty Shoppers
C04451,1,66.08,66.08,119,0.0,0.0,0.0,1.0,0.0,0.0,0.0,0.0,0.0,North,Paid Social,4,Everyday Beauty Shoppers
C04452,2,650.22,325.11,523,0.05,0.0,0.0,0.0,0.0,0.0,0.5,0.0,0.5,South,Referral,1,Everyday Fashion Shoppers
C04453,2,115.64,57.82,388,0.25,0.0,1.0,0.0,0.5,0.0,0.0,0.5,0.0,South,Paid Social,2,Deal & Festive Shoppers
C04454,2,446.51,223.255,186,0.0,0.0,0.0,0.0,0.0,0.0,0.0,1.0,0.0,East,Paid Social,0,Everyday Home & Kitchen Shoppers
C04455,1,91.85,91.85,284,0.0,0.0,0.0,0.0,0.0,0.0,1.0,0.0,0.0,West,Organic Search,1,Everyday Fashion Shoppers
C04456,8,3149.61,393.701,319,0.094,0.125,0.25,0.25,0.125,0.25,0.0,0.125,0.25,East,Referral,3,Big-Ticket Tech Buyers
C04457,2,355.7,177.85,267,0.05,0.0,0.0,0.0,0.0,0.0,1.0,0.0,0.0,East,Organic Search,1,Everyday Fashion Shoppers
C04458,4,317.67,79.418,343,0.05,0.0,0.0,0.25,0.0,0.0,0.25,0.25,0.25,West,Email,0,Everyday Home & Kitchen Shoppers
C04459,2,161.72,80.86,435,0.025,0.0,0.0,0.0,0.0,0.0,1.0,0.0,0.0,North,Referral,1,Everyday Fashion Shoppers
C04460,3,692.0,230.667,130,0.0,0.0,0.0,0.0,0.0,0.333,0.333,0.333,0.0,East,Paid Social,3,Big-Ticket Tech Buyers
C04461,5,501.2,100.24,483,0.0,0.2,0.0,0.2,0.2,0.0,0.2,0.4,0.0,South,Organic Search,0,Everyday Home & Kitchen Shoppers
C04462,2,1238.65,619.325,328,0.075,0.5,0.0,0.0,0.0,0.5,0.5,0.0,0.0,East,Paid Social,3,Big-Ticket Tech Buyers
C04463,2,108.28,54.14,305,0.025,0.5,0.0,0.0,0.5,0.0,0.0,0.5,0.0,North,Referral,0,Everyday Home & Kitchen Shoppers
C04464,1,727.32,727.32,269,0.0,0.0,0.0,0.0,0.0,0.0,0.0,0.0,1.0,West,Organic Search,1,Everyday Fashion Shoppers
C04465,5,733.35,146.67,329,0.1,0.0,0.6,0.0,0.0,0.0,0.2,0.6,0.2,West,Email,2,Deal & Festive Shoppers
C04466,3,149.82,49.94,107,0.1,0.0,0.0,0.667,0.0,0.0,0.333,0.0,0.0,North,Organic Search,4,Everyday Beauty Shoppers
C04467,3,119.88,39.96,17,0.1,0.333,0.667,0.0,0.0,0.0,0.667,0.333,0.0,North,Organic Search,2,Deal & Festive Shoppers
C04468,1,79.26,79.26,64,0.0,0.0,0.0,0.0,1.0,0.0,0.0,0.0,0.0,North,Email,1,Everyday Fashion Shoppers
C04469,1,44.48,44.48,90,0.0,0.0,0.0,0.0,0.0,0.0,1.0,0.0,0.0,East,Organic Search,1,Everyday Fashion Shoppers
C04470,2,114.58,57.29,186,0.175,0.0,0.0,0.0,0.0,0.0,0.5,0.5,0.0,East,Organic Search,0,Everyday Home & Kitchen Shoppers
C04471,2,772.04,386.02,357,0.0,0.0,0.0,0.0,0.0,0.5,0.0,0.0,0.5,North,Referral,3,Big-Ticket Tech Buyers
C04472,1,130.32,130.32,115,0.0,0.0,0.0,0.0,0.0,0.0,0.0,0.0,1.0,West,Email,1,Everyday Fashion Shoppers
C04473,3,850.87,283.623,294,0.1,0.0,0.667,0.0,0.667,0.333,0.0,0.0,0.0,South,Organic Search,3,Big-Ticket Tech Buyers
C04474,2,204.77,102.385,554,0.0,0.0,0.0,0.0,0.0,0.0,0.5,0.5,0.0,South,Organic Search,0,Everyday Home & Kitchen Shoppers
C04475,1,496.55,496.55,123,0.05,0.0,0.0,0.0,0.0,1.0,0.0,0.0,0.0,South,Paid Social,3,Big-Ticket Tech Buyers
C04476,3,175.31,58.437,438,0.0,0.333,0.0,0.0,0.667,0.0,0.333,0.0,0.0,East,Referral,1,Everyday Fashion Shoppers
C04477,1,76.71,76.71,68,0.05,0.0,0.0,0.0,0.0,0.0,1.0,0.0,0.0,South,Paid Social,1,Everyday Fashion Shoppers
C04478,4,684.86,171.215,49,0.088,0.0,0.25,0.0,0.0,0.5,0.5,0.0,0.0,North,Referral,3,Big-Ticket Tech Buyers
C04479,1,77.59,77.59,109,0.1,0.0,0.0,0.0,0.0,0.0,1.0,0.0,0.0,South,Email,1,Everyday Fashion Shoppers
C04480,2,70.44,35.22,285,0.0,0.5,0.0,0.0,0.5,0.0,0.0,0.5,0.0,West,Marketplace,0,Everyday Home & Kitchen Shoppers
C04481,1,156.62,156.62,389,0.3,0.0,1.0,0.0,0.0,0.0,1.0,0.0,0.0,East,Paid Social,2,Deal & Festive Shoppers
C04482,4,694.42,173.605,416,0.1,0.0,0.5,0.5,0.0,0.5,0.0,0.0,0.0,West,Organic Search,3,Big-Ticket Tech Buyers
C04483,1,373.99,373.99,138,0.3,1.0,0.0,0.0,0.0,1.0,0.0,0.0,0.0,East,Organic Search,3,Big-Ticket Tech Buyers
C04484,2,265.15,132.575,668,0.075,0.0,0.0,0.5,0.0,0.0,0.0,0.0,0.5,East,Organic Search,4,Everyday Beauty Shoppers
C04485,3,149.84,49.947,331,0.2,0.0,0.667,0.0,0.0,0.0,0.333,0.0,0.667,South,Paid Social,2,Deal & Festive Shoppers
C04486,2,343.68,171.84,329,0.0,0.0,0.0,0.5,0.0,0.0,0.0,0.0,0.5,East,Marketplace,4,Everyday Beauty Shoppers
C04487,2,1718.5,859.25,232,0.0,0.0,0.0,0.5,0.0,0.5,0.0,0.0,0.0,North,Paid Social,3,Big-Ticket Tech Buyers
C04488,3,257.77,85.923,406,0.233,0.0,0.667,0.0,0.0,0.0,1.0,0.0,0.0,North,Organic Search,2,Deal & Festive Shoppers
C04489,1,252.76,252.76,261,0.0,0.0,0.0,0.0,0.0,0.0,1.0,0.0,0.0,North,Paid Social,1,Everyday Fashion Shoppers
C04490,1,74.09,74.09,449,0.15,0.0,0.0,1.0,0.0,0.0,0.0,0.0,0.0,North,Marketplace,4,Everyday Beauty Shoppers
C04491,5,997.4,199.48,91,0.05,0.0,0.2,0.4,0.2,0.0,0.0,0.2,0.2,West,Organic Search,2,Deal & Festive Shoppers
C04492,2,347.77,173.885,577,0.0,0.0,0.0,0.0,0.0,0.0,0.5,0.0,0.5,West,Email,1,Everyday Fashion Shoppers
C04493,1,107.25,107.25,226,0.2,1.0,0.0,0.0,0.0,0.0,1.0,0.0,0.0,East,Marketplace,1,Everyday Fashion Shoppers
C04494,1,135.61,135.61,546,0.0,0.0,0.0,0.0,0.0,0.0,0.0,1.0,0.0,North,Paid Social,0,Everyday Home & Kitchen Shoppers
C04495,5,1765.94,353.188,418,0.18,0.0,0.4,0.0,0.0,0.6,0.2,0.2,0.0,West,Referral,3,Big-Ticket Tech Buyers
C04496,1,198.48,198.48,276,0.0,0.0,0.0,0.0,0.0,0.0,1.0,0.0,0.0,East,Paid Social,1,Everyday Fashion Shoppers
C04497,2,735.87,367.935,441,0.1,0.0,0.0,0.0,0.0,0.5,0.0,0.5,0.0,South,Organic Search,3,Big-Ticket Tech Buyers
C04498,2,456.61,228.305,397,0.075,0.0,0.5,0.0,0.0,0.0,0.5,0.5,0.0,East,Paid Social,0,Everyday Home & Kitchen Shoppers
C04499,2,64.43,32.215,508,0.1,0.5,0.0,0.0,0.0,0.0,0.5,0.5,0.0,East,Organic Search,0,Everyday Home & Kitchen Shoppers
C04500,5,974.0,194.8,378,0.16,0.0,0.8,0.4,0.0,0.0,0.0,0.4,0.2,North,Email,2,Deal & Festive Shoppers
C04501,2,1110.83,555.415,196,0.05,0.0,0.0,0.0,0.5,0.5,0.0,0.0,0.0,East,Marketplace,3,Big-Ticket Tech Buyers
C04502,1,141.41,141.41,343,0.0,0.0,0.0,0.0,0.0,0.0,0.0,0.0,1.0,East,Paid Social,1,Everyday Fashion Shoppers
C04503,2,792.44,396.22,24,0.15,0.0,1.0,0.0,0.0,1.0,0.0,0.0,0.0,North,Referral,3,Big-Ticket Tech Buyers
C04504,1,233.91,233.91,172,0.1,1.0,0.0,0.0,0.0,1.0,0.0,0.0,0.0,South,Organic Search,3,Big-Ticket Tech Buyers
C04505,2,457.4,228.7,495,0.075,0.0,0.0,0.0,0.0,0.0,0.5,0.5,0.0,East,Organic Search,0,Everyday Home & Kitchen Shoppers
C04506,3,132.78,44.26,238,0.1,0.0,0.0,0.333,0.667,0.0,0.0,0.0,0.0,East,Referral,4,Everyday Beauty Shoppers
C04507,1,99.71,99.71,512,0.0,0.0,0.0,0.0,0.0,0.0,0.0,1.0,0.0,West,Organic Search,0,Everyday Home & Kitchen Shoppers
C04508,3,470.86,156.953,66,0.017,0.0,0.0,0.0,0.333,0.0,0.333,0.333,0.0,West,Email,0,Everyday Home & Kitchen Shoppers
C04509,4,326.14,81.535,267,0.112,0.0,0.0,0.25,0.0,0.0,0.25,0.5,0.0,East,Organic Search,0,Everyday Home & Kitchen Shoppers
C04510,3,234.8,78.267,7,0.3,0.0,1.0,1.0,0.0,0.0,0.0,0.0,0.0,East,Email,2,Deal & Festive Shoppers
C04511,1,110.13,110.13,512,0.0,0.0,0.0,0.0,0.0,0.0,0.0,1.0,0.0,East,Paid Social,0,Everyday Home & Kitchen Shoppers
C04512,2,90.21,45.105,297,0.15,0.0,0.0,0.0,0.0,0.0,1.0,0.0,0.0,East,Paid Social,1,Everyday Fashion Shoppers
C04513,2,101.36,50.68,498,0.1,0.0,0.0,0.5,0.0,0.0,0.5,0.0,0.0,North,Email,4,Everyday Beauty Shoppers
C04514,2,777.28,388.64,72,0.025,0.0,0.0,0.0,0.5,0.0,0.0,0.0,0.5,East,Paid Social,1,Everyday Fashion Shoppers
C04515,3,643.01,214.337,14,0.133,0.0,0.667,0.333,0.0,0.0,0.667,0.0,0.0,East,Organic Search,2,Deal & Festive Shoppers
C04516,1,22.57,22.57,167,0.0,0.0,0.0,0.0,0.0,0.0,1.0,0.0,0.0,East,Marketplace,1,Everyday Fashion Shoppers
C04517,1,434.45,434.45,469,0.05,0.0,0.0,0.0,0.0,1.0,0.0,0.0,0.0,West,Paid Social,3,Big-Ticket Tech Buyers
C04518,1,16.93,16.93,674,0.3,0.0,0.0,0.0,0.0,0.0,1.0,0.0,0.0,East,Organic Search,1,Everyday Fashion Shoppers
C04519,1,172.04,172.04,225,0.0,0.0,0.0,0.0,0.0,0.0,1.0,0.0,0.0,South,Paid Social,1,Everyday Fashion Shoppers
C04520,2,272.69,136.345,376,0.15,0.0,1.0,0.0,0.0,0.0,1.0,0.0,0.0,North,Referral,2,Deal & Festive Shoppers
C04521,2,95.64,47.82,38,0.1,0.0,1.0,0.0,0.0,0.0,0.0,1.0,0.0,North,Referral,2,Deal & Festive Shoppers
C04522,1,12.18,12.18,238,0.0,0.0,0.0,0.0,1.0,0.0,0.0,0.0,0.0,South,Marketplace,1,Everyday Fashion Shoppers
C04523,2,245.18,122.59,299,0.05,0.0,0.0,0.0,0.0,0.0,0.0,1.0,0.0,South,Paid Social,0,Everyday Home & Kitchen Shoppers
C04524,1,101.24,101.24,39,0.15,0.0,1.0,0.0,0.0,0.0,1.0,0.0,0.0,North,Organic Search,2,Deal & Festive Shoppers
C04525,1,282.19,282.19,163,0.1,0.0,0.0,0.0,0.0,0.0,0.0,1.0,0.0,North,Organic Search,0,Everyday Home & Kitchen Shoppers
C04526,2,387.24,193.62,147,0.15,0.0,0.5,0.0,0.5,0.5,0.0,0.0,0.0,North,Organic Search,3,Big-Ticket Tech Buyers
C04527,2,544.09,272.045,622,0.1,0.0,0.0,0.0,0.0,0.5,0.5,0.0,0.0,East,Email,3,Big-Ticket Tech Buyers
C04528,2,212.15,106.075,564,0.05,0.0,0.0,0.5,0.0,0.0,0.5,0.0,0.0,East,Organic Search,4,Everyday Beauty Shoppers
C04529,4,413.12,103.28,376,0.15,0.0,1.0,0.0,0.0,0.0,0.5,0.5,0.0,South,Referral,2,Deal & Festive Shoppers
C04530,3,214.95,71.65,278,0.067,0.0,0.0,0.0,0.333,0.0,0.333,0.333,0.0,North,Referral,0,Everyday Home & Kitchen Shoppers
C04531,5,1142.99,228.598,410,0.04,0.0,0.4,0.2,0.0,0.2,0.2,0.4,0.0,North,Email,0,Everyday Home & Kitchen Shoppers
C04532,3,248.8,82.933,441,0.017,0.0,0.0,0.333,0.0,0.0,0.0,0.0,0.667,North,Organic Search,4,Everyday Beauty Shoppers
C04533,1,835.13,835.13,229,0.3,0.0,0.0,0.0,0.0,1.0,0.0,0.0,0.0,South,Organic Search,3,Big-Ticket Tech Buyers
C04534,2,254.9,127.45,182,0.0,0.0,0.0,0.0,0.0,0.5,0.0,0.0,0.5,North,Marketplace,3,Big-Ticket Tech Buyers
C04535,2,550.14,275.07,688,0.0,0.0,0.0,0.0,0.0,0.0,1.0,0.0,0.0,South,Referral,1,Everyday Fashion Shoppers
C04536,1,312.2,312.2,372,0.1,0.0,1.0,0.0,0.0,0.0,1.0,0.0,0.0,West,Paid Social,1,Everyday Fashion Shoppers
C04537,5,1563.51,312.702,392,0.12,0.0,0.4,0.0,0.0,0.2,0.2,0.6,0.0,East,Email,0,Everyday Home & Kitchen Shoppers
C04538,2,155.16,77.58,166,0.0,0.0,0.0,0.5,0.5,0.0,0.0,0.0,0.0,West,Marketplace,4,Everyday Beauty Shoppers
C04539,2,542.29,271.145,12,0.075,0.0,0.5,0.0,0.0,0.5,0.5,0.0,0.0,North,Organic Search,2,Deal & Festive Shoppers
C04540,3,419.14,139.713,11,0.1,0.0,0.667,0.0,0.333,0.0,0.667,0.0,0.0,North,Marketplace,2,Deal & Festive Shoppers
C04541,2,51.47,25.735,271,0.1,0.5,0.0,0.0,0.5,0.0,0.5,0.0,0.0,West,Organic Search,1,Everyday Fashion Shoppers
C04542,1,9.26,9.26,290,0.05,0.0,0.0,0.0,1.0,0.0,0.0,0.0,0.0,South,Marketplace,1,Everyday Fashion Shoppers
C04543,3,272.27,90.757,19,0.167,0.0,0.667,0.333,0.0,0.0,0.0,0.667,0.0,East,Organic Search,2,Deal & Festive Shoppers
C04544,4,421.46,105.365,56,0.1,0.75,0.5,0.0,0.25,0.0,0.0,0.75,0.0,West,Organic Search,2,Deal & Festive Shoppers
C04545,3,653.98,217.993,123,0.067,0.0,0.333,0.0,0.0,0.0,0.0,0.333,0.667,East,Organic Search,0,Everyday Home & Kitchen Shoppers
C04546,2,292.66,146.33,39,0.125,0.0,0.5,0.0,0.0,0.0,0.0,0.0,1.0,South,Email,2,Deal & Festive Shoppers
C04547,1,62.51,62.51,312,0.0,0.0,0.0,0.0,0.0,0.0,1.0,0.0,0.0,East,Marketplace,1,Everyday Fashion Shoppers
C04548,1,18.84,18.84,125,0.05,0.0,0.0,0.0,1.0,0.0,0.0,0.0,0.0,North,Organic Search,1,Everyday Fashion Shoppers
C04549,2,361.14,180.57,348,0.125,0.0,0.0,0.0,0.0,0.0,0.5,0.0,0.5,North,Paid Social,1,Everyday Fashion Shoppers
C04550,1,32.93,32.93,118,0.0,0.0,0.0,1.0,0.0,0.0,0.0,0.0,0.0,North,Organic Search,4,Everyday Beauty Shoppers
C04551,1,34.56,34.56,693,0.0,0.0,0.0,1.0,0.0,0.0,0.0,0.0,0.0,West,Organic Search,4,Everyday Beauty Shoppers
C04552,3,452.36,150.787,391,0.117,0.0,0.333,0.333,0.0,0.0,0.0,0.333,0.333,East,Email,0,Everyday Home & Kitchen Shoppers
C04553,3,682.73,227.577,514,0.033,0.0,0.0,0.0,0.333,0.333,0.333,0.0,0.0,South,Organic Search,3,Big-Ticket Tech Buyers
C04554,2,310.72,155.36,96,0.0,0.0,0.0,0.0,0.0,0.0,0.5,0.5,0.0,North,Marketplace,0,Everyday Home & Kitchen Shoppers
C04555,1,77.81,77.81,217,0.05,0.0,0.0,0.0,0.0,0.0,0.0,1.0,0.0,East,Marketplace,0,Everyday Home & Kitchen Shoppers
C04556,2,85.74,42.87,521,0.025,0.0,0.0,0.0,0.5,0.0,0.5,0.0,0.0,West,Organic Search,1,Everyday Fashion Shoppers
C04557,2,265.85,132.925,603,0.05,0.5,0.0,0.0,0.0,0.0,0.5,0.5,0.0,South,Paid Social,0,Everyday Home & Kitchen Shoppers
C04558,1,48.37,48.37,116,0.0,0.0,0.0,0.0,0.0,0.0,0.0,0.0,1.0,South,Marketplace,1,Everyday Fashion Shoppers
C04559,2,356.17,178.085,200,0.15,0.0,0.0,0.0,0.5,0.0,0.0,0.5,0.0,West,Marketplace,0,Everyday Home & Kitchen Shoppers
C04560,4,886.37,221.592,79,0.062,0.25,0.0,0.0,0.25,0.5,0.0,0.0,0.25,West,Email,3,Big-Ticket Tech Buyers
C04561,5,438.09,87.618,103,0.08,0.0,0.4,0.6,0.0,0.0,0.2,0.2,0.0,West,Organic Search,2,Deal & Festive Shoppers
C04562,4,215.78,53.945,342,0.15,0.25,0.5,0.25,0.25,0.0,0.0,0.5,0.0,South,Organic Search,2,Deal & Festive Shoppers
C04563,3,607.94,202.647,539,0.1,0.0,0.0,0.0,0.333,0.333,0.333,0.0,0.0,North,Email,3,Big-Ticket Tech Buyers
C04564,2,259.46,129.73,417,0.15,0.0,0.5,0.0,0.0,0.5,0.5,0.0,0.0,South,Paid Social,3,Big-Ticket Tech Buyers
C04565,2,208.03,104.015,68,0.0,0.0,0.0,0.5,0.0,0.0,0.5,0.0,0.0,South,Referral,4,Everyday Beauty Shoppers
C04566,4,277.71,69.428,379,0.1,0.0,0.5,0.5,0.0,0.0,0.5,0.0,0.0,West,Email,4,Everyday Beauty Shoppers
C04567,3,426.84,142.28,16,0.2,0.0,0.667,0.333,0.0,0.0,0.0,0.667,0.0,North,Paid Social,2,Deal & Festive Shoppers
C04568,1,120.97,120.97,224,0.05,0.0,0.0,0.0,0.0,1.0,0.0,0.0,0.0,East,Organic Search,3,Big-Ticket Tech Buyers
C04569,2,266.17,133.085,503,0.1,0.0,0.0,0.0,0.0,0.0,0.5,0.5,0.0,West,Paid Social,0,Everyday Home & Kitchen Shoppers
C04570,4,2741.59,685.398,308,0.138,0.0,0.5,0.0,0.0,0.75,0.0,0.0,0.25,West,Marketplace,3,Big-Ticket Tech Buyers
C04571,1,79.6,79.6,247,0.0,0.0,0.0,0.0,0.0,0.0,0.0,1.0,0.0,East,Paid Social,0,Everyday Home & Kitchen Shoppers
C04572,1,339.5,339.5,657,0.0,0.0,0.0,0.0,0.0,1.0,0.0,0.0,0.0,West,Organic Search,3,Big-Ticket Tech Buyers
C04573,2,102.32,51.16,381,0.15,0.0,1.0,0.0,0.0,0.0,0.0,1.0,0.0,North,Marketplace,0,Everyday Home & Kitchen Shoppers
C04574,1,43.43,43.43,101,0.0,0.0,0.0,1.0,0.0,0.0,0.0,0.0,0.0,South,Email,4,Everyday Beauty Shoppers
C04575,1,189.36,189.36,219,0.2,1.0,0.0,0.0,0.0,0.0,0.0,0.0,1.0,North,Paid Social,1,Everyday Fashion Shoppers
C04576,2,118.47,59.235,12,0.175,0.0,0.5,1.0,0.0,0.0,0.0,0.0,0.0,West,Marketplace,4,Everyday Beauty Shoppers
C04577,2,155.9,77.95,324,0.175,0.0,0.0,0.5,0.0,0.0,0.0,0.5,0.0,West,Paid Social,4,Everyday Beauty Shoppers
C04578,3,743.68,247.893,540,0.05,0.333,0.0,0.0,0.333,0.0,0.333,0.333,0.0,North,Marketplace,0,Everyday Home & Kitchen Shoppers
C04579,1,25.76,25.76,521,0.0,0.0,0.0,1.0,0.0,0.0,0.0,0.0,0.0,North,Marketplace,4,Everyday Beauty Shoppers
C04580,1,29.32,29.32,520,0.0,0.0,0.0,0.0,0.0,0.0,1.0,0.0,0.0,South,Organic Search,1,Everyday Fashion Shoppers
C04581,1,134.76,134.76,592,0.0,0.0,0.0,0.0,0.0,1.0,0.0,0.0,0.0,North,Paid Social,3,Big-Ticket Tech Buyers
C04582,2,70.16,35.08,42,0.3,0.0,1.0,0.0,0.0,0.0,0.0,1.0,0.0,West,Organic Search,2,Deal & Festive Shoppers
C04583,2,557.58,278.79,586,0.1,0.0,0.0,0.0,0.0,0.0,0.5,0.0,0.5,North,Referral,1,Everyday Fashion Shoppers
C04584,2,515.26,257.63,83,0.15,0.0,0.0,0.0,0.0,0.0,0.0,0.5,0.5,East,Referral,0,Everyday Home & Kitchen Shoppers
C04585,2,429.3,214.65,178,0.1,0.0,0.0,0.0,0.0,1.0,0.0,0.0,0.0,East,Paid Social,3,Big-Ticket Tech Buyers
C04586,1,51.98,51.98,304,0.0,0.0,0.0,1.0,0.0,0.0,0.0,0.0,0.0,South,Marketplace,4,Everyday Beauty Shoppers
C04587,3,1175.16,391.72,41,0.033,0.0,0.333,0.333,0.0,0.333,0.333,0.0,0.0,North,Paid Social,3,Big-Ticket Tech Buyers
C04588,4,419.94,104.985,323,0.025,0.0,0.25,0.0,0.5,0.0,0.0,0.0,0.5,West,Email,1,Everyday Fashion Shoppers
C04589,4,822.87,205.718,123,0.012,0.25,0.0,0.0,0.5,0.25,0.25,0.0,0.0,East,Referral,3,Big-Ticket Tech Buyers
C04590,1,171.15,171.15,517,0.0,1.0,0.0,0.0,0.0,0.0,0.0,1.0,0.0,South,Paid Social,0,Everyday Home & Kitchen Shoppers
C04591,2,175.93,87.965,10,0.15,0.0,0.5,1.0,0.0,0.0,0.0,0.0,0.0,South,Organic Search,4,Everyday Beauty Shoppers
C04592,4,446.48,111.62,217,0.088,0.25,0.0,0.25,0.0,0.0,0.25,0.0,0.5,West,Referral,1,Everyday Fashion Shoppers
C04593,2,166.38,83.19,515,0.225,0.0,0.0,0.5,0.0,0.0,0.0,0.5,0.0,West,Referral,4,Everyday Beauty Shoppers
C04594,2,159.83,79.915,142,0.025,0.0,0.0,0.0,0.0,0.0,0.5,0.5,0.0,West,Organic Search,0,Everyday Home & Kitchen Shoppers
C04595,1,127.13,127.13,283,0.1,0.0,0.0,0.0,0.0,0.0,0.0,1.0,0.0,East,Email,0,Everyday Home & Kitchen Shoppers
C04596,3,210.28,70.093,504,0.117,0.0,0.0,0.333,0.0,0.0,0.667,0.0,0.0,West,Paid Social,1,Everyday Fashion Shoppers
C04597,1,47.38,47.38,93,0.0,0.0,0.0,0.0,1.0,0.0,0.0,0.0,0.0,South,Paid Social,1,Everyday Fashion Shoppers
C04598,1,403.56,403.56,725,0.0,0.0,0.0,0.0,0.0,0.0,0.0,0.0,1.0,East,Marketplace,1,Everyday Fashion Shoppers
C04599,1,74.26,74.26,63,0.2,0.0,0.0,0.0,1.0,0.0,0.0,0.0,0.0,South,Paid Social,1,Everyday Fashion Shoppers
C04600,3,1225.01,408.337,67,0.017,0.0,0.0,0.0,0.0,0.333,0.333,0.333,0.0,East,Referral,3,Big-Ticket Tech Buyers
C04601,1,6.29,6.29,31,0.3,0.0,1.0,0.0,1.0,0.0,0.0,0.0,0.0,West,Referral,2,Deal & Festive Shoppers
C04602,1,464.04,464.04,63,0.0,0.0,0.0,0.0,0.0,0.0,0.0,1.0,0.0,West,Organic Search,0,Everyday Home & Kitchen Shoppers
C04603,2,165.81,82.905,335,0.0,0.0,0.0,0.0,0.5,0.0,0.0,0.5,0.0,East,Paid Social,0,Everyday Home & Kitchen Shoppers
C04604,2,83.27,41.635,174,0.025,0.5,0.0,1.0,0.0,0.0,0.0,0.0,0.0,East,Organic Search,4,Everyday Beauty Shoppers
C04605,2,101.91,50.955,429,0.15,0.0,0.0,0.5,0.0,0.0,0.5,0.0,0.0,West,Organic Search,4,Everyday Beauty Shoppers
C04606,3,513.16,171.053,353,0.15,0.333,0.667,0.0,0.0,0.333,0.0,0.667,0.0,West,Referral,2,Deal & Festive Shoppers
C04607,4,819.57,204.892,457,0.038,0.0,0.0,0.25,0.0,0.5,0.25,0.0,0.0,East,Organic Search,3,Big-Ticket Tech Buyers
C04608,2,98.81,49.405,98,0.15,0.0,0.5,0.0,0.0,0.0,0.0,1.0,0.0,North,Marketplace,0,Everyday Home & Kitchen Shoppers
C04609,1,110.63,110.63,104,0.0,0.0,0.0,0.0,0.0,0.0,0.0,1.0,0.0,South,Paid Social,0,Everyday Home & Kitchen Shoppers
C04610,2,164.48,82.24,422,0.1,0.0,1.0,0.0,0.0,0.0,0.0,0.0,1.0,West,Organic Search,2,Deal & Festive Shoppers
C04611,2,227.44,113.72,635,0.175,0.0,0.0,0.0,0.0,0.0,0.0,1.0,0.0,East,Marketplace,0,Everyday Home & Kitchen Shoppers
C04612,3,398.55,132.85,306,0.1,0.0,0.0,0.333,0.0,0.0,0.0,0.333,0.333,East,Paid Social,0,Everyday Home & Kitchen Shoppers
C04613,2,182.0,91.0,140,0.025,0.5,0.0,0.0,0.5,0.0,0.0,0.0,0.5,East,Referral,1,Everyday Fashion Shoppers
C04614,5,606.28,121.256,179,0.1,0.0,0.4,0.2,0.4,0.0,0.2,0.0,0.2,South,Email,2,Deal & Festive Shoppers
C04615,2,130.34,65.17,107,0.025,0.0,0.0,0.0,0.0,0.0,0.0,0.5,0.5,South,Marketplace,0,Everyday Home & Kitchen Shoppers
C04616,1,53.36,53.36,421,0.15,0.0,1.0,1.0,0.0,0.0,0.0,0.0,0.0,West,Organic Search,4,Everyday Beauty Shoppers
C04617,4,527.78,131.945,52,0.15,0.0,0.25,0.25,0.25,0.0,0.5,0.0,0.0,South,Organic Search,2,Deal & Festive Shoppers
C04618,2,485.08,242.54,169,0.025,0.0,0.0,0.0,0.0,0.0,0.5,0.5,0.0,East,Marketplace,0,Everyday Home & Kitchen Shoppers
C04619,2,200.6,100.3,164,0.0,0.0,0.0,0.0,0.0,0.0,0.5,0.5,0.0,East,Organic Search,0,Everyday Home & Kitchen Shoppers
C04620,4,1077.99,269.498,54,0.112,0.0,0.5,0.25,0.0,0.5,0.25,0.0,0.0,West,Email,2,Deal & Festive Shoppers
C04621,4,311.23,77.808,128,0.038,0.0,0.0,0.5,0.0,0.0,0.5,0.0,0.0,South,Referral,4,Everyday Beauty Shoppers
C04622,2,261.08,130.54,25,0.1,0.0,1.0,0.0,0.0,0.0,0.0,1.0,0.0,East,Referral,2,Deal & Festive Shoppers
C04623,1,63.98,63.98,149,0.0,0.0,0.0,0.0,0.0,0.0,1.0,0.0,0.0,North,Email,1,Everyday Fashion Shoppers
C04624,1,556.59,556.59,672,0.0,0.0,0.0,0.0,0.0,0.0,0.0,0.0,1.0,North,Marketplace,1,Everyday Fashion Shoppers
C04625,4,304.91,76.227,249,0.125,0.0,0.5,0.0,0.25,0.0,0.5,0.25,0.0,South,Organic Search,2,Deal & Festive Shoppers
C04626,2,92.82,46.41,245,0.1,0.0,0.0,0.5,0.0,0.0,0.0,0.5,0.0,North,Referral,4,Everyday Beauty Shoppers
C04627,2,700.82,350.41,661,0.025,0.0,0.0,0.5,0.0,0.5,0.0,0.0,0.0,West,Email,3,Big-Ticket Tech Buyers
C04628,2,777.38,388.69,590,0.0,0.0,0.0,0.0,0.0,0.0,0.0,0.0,1.0,West,Paid Social,1,Everyday Fashion Shoppers
C04629,1,81.15,81.15,195,0.05,0.0,0.0,0.0,0.0,0.0,1.0,0.0,0.0,North,Marketplace,1,Everyday Fashion Shoppers
C04630,1,41.03,41.03,480,0.0,0.0,0.0,0.0,0.0,0.0,1.0,0.0,0.0,West,Paid Social,1,Everyday Fashion Shoppers
C04631,3,1009.57,336.523,240,0.1,0.0,0.0,0.0,0.0,0.333,0.333,0.333,0.0,East,Organic Search,3,Big-Ticket Tech Buyers
C04632,1,90.0,90.0,530,0.05,0.0,0.0,0.0,0.0,0.0,0.0,0.0,1.0,East,Marketplace,1,Everyday Fashion Shoppers
C04633,3,275.47,91.823,240,0.017,0.0,0.0,0.333,0.0,0.0,0.667,0.0,0.0,West,Marketplace,1,Everyday Fashion Shoppers
C04634,3,1446.84,482.28,343,0.033,0.0,0.0,0.0,0.333,0.333,0.0,0.333,0.0,East,Organic Search,3,Big-Ticket Tech Buyers
C04635,4,471.66,117.915,464,0.062,0.0,0.0,0.25,0.0,0.0,0.25,0.25,0.25,North,Email,0,Everyday Home & Kitchen Shoppers
C04636,1,467.95,467.95,191,0.15,0.0,0.0,0.0,0.0,1.0,0.0,0.0,0.0,North,Organic Search,3,Big-Ticket Tech Buyers
C04637,1,113.02,113.02,152,0.0,0.0,0.0,0.0,0.0,0.0,1.0,0.0,0.0,South,Organic Search,1,Everyday Fashion Shoppers
C04638,3,1259.17,419.723,216,0.067,0.0,0.667,0.0,0.0,0.667,0.0,0.333,0.0,West,Organic Search,3,Big-Ticket Tech Buyers
C04639,1,242.48,242.48,282,0.0,0.0,0.0,0.0,0.0,0.0,0.0,0.0,1.0,East,Marketplace,1,Everyday Fashion Shoppers
C04640,2,276.92,138.46,68,0.025,0.0,0.0,0.0,0.5,0.0,0.5,0.0,0.0,South,Organic Search,1,Everyday Fashion Shoppers
C04641,1,177.45,177.45,137,0.0,0.0,0.0,0.0,0.0,0.0,0.0,1.0,0.0,North,Organic Search,0,Everyday Home & Kitchen Shoppers
C04642,4,1740.73,435.182,684,0.0,0.0,0.0,0.25,0.25,0.25,0.0,0.25,0.0,West,Email,3,Big-Ticket Tech Buyers
C04643,2,394.12,197.06,57,0.3,0.0,1.0,0.0,0.0,0.0,1.0,0.0,0.0,South,Paid Social,2,Deal & Festive Shoppers
C04644,2,211.47,105.735,671,0.1,0.0,0.0,0.0,0.0,0.0,0.5,0.5,0.0,East,Organic Search,0,Everyday Home & Kitchen Shoppers
C04645,3,259.95,86.65,559,0.0,0.0,0.0,0.333,0.0,0.0,0.0,0.667,0.0,East,Organic Search,0,Everyday Home & Kitchen Shoppers
C04646,3,310.08,103.36,397,0.1,0.0,0.667,0.333,0.0,0.0,0.667,0.0,0.0,North,Email,2,Deal & Festive Shoppers
C04647,5,973.71,194.742,40,0.12,0.0,0.2,0.0,0.0,0.2,0.0,0.6,0.2,North,Referral,2,Deal & Festive Shoppers
C04648,2,79.38,39.69,648,0.05,0.0,0.0,0.5,0.5,0.0,0.0,0.0,0.0,South,Email,4,Everyday Beauty Shoppers
C04649,1,988.2,988.2,521,0.0,0.0,0.0,0.0,0.0,1.0,0.0,0.0,0.0,South,Organic Search,3,Big-Ticket Tech Buyers
C04650,1,150.59,150.59,543,0.1,0.0,0.0,0.0,0.0,0.0,1.0,0.0,0.0,East,Paid Social,1,Everyday Fashion Shoppers
C04651,4,514.22,128.555,111,0.05,0.25,0.0,0.0,0.0,0.0,0.25,0.75,0.0,West,Email,0,Everyday Home & Kitchen Shoppers
C04652,3,958.23,319.41,32,0.183,0.0,1.0,0.0,0.0,0.0,0.0,0.333,0.667,North,Organic Search,2,Deal & Festive Shoppers
C04653,4,1262.99,315.748,116,0.025,0.25,0.0,0.0,0.0,0.25,0.25,0.25,0.25,East,Organic Search,3,Big-Ticket Tech Buyers
C04654,2,221.18,110.59,576,0.05,0.0,0.0,0.0,0.0,0.0,1.0,0.0,0.0,North,Paid Social,1,Everyday Fashion Shoppers
C04655,1,94.53,94.53,641,0.0,0.0,0.0,0.0,0.0,0.0,0.0,1.0,0.0,North,Paid Social,0,Everyday Home & Kitchen Shoppers
C04656,2,982.81,491.405,364,0.025,0.0,0.0,0.0,0.0,0.0,0.5,0.0,0.5,East,Organic Search,1,Everyday Fashion Shoppers
C04657,2,94.76,47.38,281,0.05,0.5,0.0,0.5,0.0,0.0,0.0,0.5,0.0,East,Marketplace,4,Everyday Beauty Shoppers
C04658,2,136.7,68.35,157,0.0,0.0,0.0,0.0,0.5,0.0,0.5,0.0,0.0,East,Paid Social,1,Everyday Fashion Shoppers
C04659,4,510.42,127.605,406,0.15,0.0,1.0,0.0,0.0,0.0,0.5,0.5,0.0,North,Referral,2,Deal & Festive Shoppers
C04660,2,46.29,23.145,149,0.1,0.0,0.5,0.5,0.0,0.0,0.5,0.0,0.0,East,Organic Search,4,Everyday Beauty Shoppers
C04661,4,487.2,121.8,15,0.2,0.0,0.25,0.75,0.0,0.0,0.25,0.0,0.0,South,Referral,2,Deal & Festive Shoppers
C04662,2,599.89,299.945,257,0.075,0.5,0.0,0.5,0.0,0.5,0.0,0.0,0.0,West,Referral,3,Big-Ticket Tech Buyers
C04663,2,471.74,235.87,471,0.0,0.0,0.0,0.0,0.0,0.5,0.5,0.0,0.0,East,Marketplace,3,Big-Ticket Tech Buyers
C04664,1,44.95,44.95,460,0.15,0.0,0.0,0.0,0.0,0.0,1.0,0.0,0.0,West,Paid Social,1,Everyday Fashion Shoppers
C04665,5,1660.9,332.18,317,0.09,0.0,0.4,0.0,0.2,0.0,0.0,0.2,0.6,North,Email,2,Deal & Festive Shoppers
C04666,4,423.89,105.972,54,0.125,0.0,0.5,0.5,0.0,0.25,0.25,0.0,0.0,South,Paid Social,2,Deal & Festive Shoppers
C04667,5,1246.16,249.232,383,0.14,0.0,0.4,0.2,0.4,0.4,0.0,0.0,0.0,East,Referral,3,Big-Ticket Tech Buyers
C04668,2,671.13,335.565,363,0.075,0.5,0.0,0.5,0.0,0.5,0.0,0.0,0.0,South,Marketplace,3,Big-Ticket Tech Buyers
C04669,2,1086.67,543.335,160,0.025,0.0,0.0,0.0,0.0,0.5,0.0,0.0,0.5,East,Referral,3,Big-Ticket Tech Buyers
C04670,3,777.36,259.12,225,0.1,0.0,0.333,0.0,0.0,0.0,0.0,0.333,0.667,East,Email,0,Everyday Home & Kitchen Shoppers
C04671,2,98.64,49.32,602,0.175,0.0,0.0,0.0,1.0,0.0,0.0,0.0,0.0,West,Marketplace,1,Everyday Fashion Shoppers
C04672,2,177.06,88.53,133,0.025,0.0,0.0,0.5,0.0,0.0,0.0,0.5,0.0,North,Marketplace,4,Everyday Beauty Shoppers
C04673,3,791.25,263.75,152,0.017,0.0,0.0,0.0,0.333,0.333,0.0,0.333,0.0,West,Organic Search,3,Big-Ticket Tech Buyers
C04674,3,109.82,36.607,51,0.2,0.0,0.667,0.0,0.333,0.0,0.0,0.667,0.0,South,Organic Search,2,Deal & Festive Shoppers
C04675,2,115.93,57.965,113,0.1,0.0,0.0,1.0,0.0,0.0,0.0,0.0,0.0,South,Referral,4,Everyday Beauty Shoppers
C04676,2,418.65,209.325,290,0.225,0.0,0.0,0.0,0.5,0.5,0.0,0.0,0.0,East,Marketplace,3,Big-Ticket Tech Buyers
C04677,2,560.77,280.385,327,0.05,0.0,0.0,0.0,0.0,0.5,0.0,0.5,0.0,North,Paid Social,3,Big-Ticket Tech Buyers
C04678,2,438.55,219.275,274,0.025,0.0,0.0,0.5,0.0,0.5,0.0,0.0,0.0,West,Paid Social,3,Big-Ticket Tech Buyers
C04679,2,151.93,75.965,66,0.1,0.0,0.0,0.5,0.0,0.0,0.0,0.5,0.0,West,Paid Social,4,Everyday Beauty Shoppers
C04680,4,245.33,61.332,403,0.15,0.0,0.25,0.0,0.25,0.0,0.0,0.5,0.25,West,Organic Search,0,Everyday Home & Kitchen Shoppers
C04681,3,383.89,127.963,342,0.033,0.0,0.0,0.0,0.0,0.0,0.0,0.333,0.667,West,Organic Search,0,Everyday Home & Kitchen Shoppers
C04682,3,1144.15,381.383,402,0.2,0.667,0.667,0.0,0.0,0.667,0.0,0.0,0.333,East,Organic Search,3,Big-Ticket Tech Buyers
C04683,1,10.1,10.1,226,0.2,0.0,0.0,0.0,1.0,0.0,0.0,0.0,0.0,South,Organic Search,1,Everyday Fashion Shoppers
C04684,2,73.18,36.59,484,0.225,0.0,0.0,0.0,1.0,0.0,0.0,0.0,0.0,West,Email,1,Everyday Fashion Shoppers
C04685,2,172.75,86.375,311,0.025,0.5,0.0,0.0,0.0,0.0,0.0,0.5,0.5,North,Paid Social,0,Everyday Home & Kitchen Shoppers
C04686,3,369.74,123.247,141,0.033,0.0,0.0,0.333,0.0,0.0,0.0,0.0,0.667,West,Organic Search,4,Everyday Beauty Shoppers
C04687,2,34.02,17.01,61,0.2,0.0,1.0,0.0,1.0,0.0,0.0,0.0,0.0,South,Paid Social,2,Deal & Festive Shoppers
C04688,1,304.46,304.46,521,0.0,0.0,0.0,0.0,0.0,0.0,0.0,0.0,1.0,East,Paid Social,1,Everyday Fashion Shoppers
C04689,3,261.77,87.257,331,0.017,0.0,0.0,0.333,0.333,0.0,0.333,0.0,0.0,South,Paid Social,4,Everyday Beauty Shoppers
C04690,1,147.73,147.73,209,0.1,0.0,0.0,0.0,0.0,0.0,1.0,0.0,0.0,South,Paid Social,1,Everyday Fashion Shoppers
C04691,2,233.39,116.695,718,0.125,0.0,0.0,0.0,0.0,0.0,0.5,0.5,0.0,North,Organic Search,0,Everyday Home & Kitchen Shoppers
C04692,3,420.26,140.087,557,0.067,0.0,0.0,0.0,0.667,0.0,0.0,0.0,0.333,South,Email,1,Everyday Fashion Shoppers
C04693,3,401.51,133.837,22,0.133,0.0,1.0,0.0,0.0,0.0,0.667,0.333,0.0,South,Organic Search,2,Deal & Festive Shoppers
C04694,1,266.5,266.5,117,0.05,0.0,0.0,0.0,0.0,0.0,0.0,0.0,1.0,North,Organic Search,1,Everyday Fashion Shoppers
C04695,1,959.75,959.75,226,0.05,0.0,0.0,0.0,0.0,1.0,0.0,0.0,0.0,North,Organic Search,3,Big-Ticket Tech Buyers
C04696,2,585.78,292.89,113,0.075,0.0,0.0,0.5,0.0,0.5,0.0,0.0,0.0,East,Paid Social,3,Big-Ticket Tech Buyers
C04697,2,125.21,62.605,345,0.075,0.0,0.0,0.5,0.0,0.0,0.5,0.0,0.0,South,Organic Search,4,Everyday Beauty Shoppers
C04698,3,890.96,296.987,334,0.05,0.0,0.0,0.0,0.0,0.333,0.0,0.667,0.0,West,Paid Social,0,Everyday Home & Kitchen Shoppers
C04699,2,203.21,101.605,396,0.25,0.0,0.5,0.5,0.0,0.0,0.0,0.5,0.0,North,Organic Search,2,Deal & Festive Shoppers
C04700,4,904.56,226.14,462,0.075,0.5,0.0,0.5,0.0,0.25,0.25,0.0,0.0,East,Organic Search,3,Big-Ticket Tech Buyers
C04701,1,65.16,65.16,97,0.0,0.0,0.0,0.0,1.0,0.0,0.0,0.0,0.0,North,Marketplace,1,Everyday Fashion Shoppers
C04702,2,416.2,208.1,613,0.125,0.0,0.0,0.5,0.0,0.0,0.5,0.0,0.0,East,Paid Social,4,Everyday Beauty Shoppers
C04703,5,990.56,198.112,99,0.04,0.0,0.0,0.0,0.0,0.2,0.4,0.4,0.0,East,Organic Search,0,Everyday Home & Kitchen Shoppers
C04704,3,624.21,208.07,9,0.067,0.0,0.667,0.0,0.333,0.0,0.667,0.0,0.0,East,Paid Social,2,Deal & Festive Shoppers
C04705,1,97.54,97.54,201,0.2,0.0,0.0,0.0,0.0,0.0,0.0,1.0,0.0,South,Organic Search,0,Everyday Home & Kitchen Shoppers
C04706,5,787.56,157.512,263,0.07,0.2,0.2,0.0,0.0,0.0,0.4,0.4,0.2,East,Email,0,Everyday Home & Kitchen Shoppers
C04707,3,324.07,108.023,260,0.167,0.0,0.333,0.333,0.333,0.0,0.0,0.0,0.333,North,Organic Search,4,Everyday Beauty Shoppers
C04708,3,488.71,162.903,235,0.033,0.0,0.0,0.0,0.0,0.0,0.667,0.333,0.0,South,Paid Social,1,Everyday Fashion Shoppers
C04709,1,132.36,132.36,187,0.0,0.0,0.0,0.0,0.0,0.0,1.0,0.0,0.0,South,Marketplace,1,Everyday Fashion Shoppers
C04710,4,411.44,102.86,352,0.112,0.0,0.5,0.0,0.25,0.0,0.75,0.0,0.0,East,Organic Search,2,Deal & Festive Shoppers
C04711,2,84.6,42.3,309,0.0,0.5,0.0,0.5,0.0,0.0,0.5,0.0,0.0,South,Organic Search,4,Everyday Beauty Shoppers
C04712,2,763.81,381.905,79,0.0,0.0,0.0,0.0,0.0,0.5,0.0,0.0,0.5,East,Referral,3,Big-Ticket Tech Buyers
C04713,4,693.94,173.485,29,0.125,0.0,0.75,0.5,0.0,0.0,0.0,0.0,0.5,South,Marketplace,2,Deal & Festive Shoppers
C04714,3,258.72,86.24,63,0.2,0.0,0.667,0.0,0.0,0.0,0.667,0.333,0.0,North,Paid Social,2,Deal & Festive Shoppers
C04715,4,325.97,81.492,530,0.075,0.0,0.0,0.75,0.0,0.0,0.0,0.25,0.0,North,Referral,4,Everyday Beauty Shoppers
C04716,2,203.46,101.73,377,0.2,1.0,1.0,0.0,0.0,0.0,1.0,0.0,0.0,North,Organic Search,2,Deal & Festive Shoppers
C04717,1,100.8,100.8,97,0.0,0.0,0.0,0.0,0.0,0.0,1.0,0.0,0.0,East,Referral,1,Everyday Fashion Shoppers
C04718,1,116.07,116.07,21,0.3,0.0,1.0,0.0,0.0,0.0,0.0,0.0,1.0,West,Organic Search,2,Deal & Festive Shoppers
C04719,3,771.27,257.09,242,0.067,0.0,0.333,0.333,0.0,0.0,0.333,0.333,0.0,East,Referral,0,Everyday Home & Kitchen Shoppers
C04720,3,649.74,216.58,590,0.133,0.0,0.0,0.0,0.0,0.0,0.333,0.667,0.0,South,Organic Search,0,Everyday Home & Kitchen Shoppers
C04721,1,103.62,103.62,328,0.2,0.0,0.0,0.0,0.0,0.0,0.0,1.0,0.0,North,Paid Social,0,Everyday Home & Kitchen Shoppers
C04722,1,77.55,77.55,142,0.05,0.0,0.0,0.0,0.0,0.0,0.0,1.0,0.0,West,Organic Search,0,Everyday Home & Kitchen Shoppers
C04723,2,203.96,101.98,52,0.2,0.0,1.0,0.0,0.0,0.0,1.0,0.0,0.0,North,Email,2,Deal & Festive Shoppers
C04724,2,323.8,161.9,659,0.075,0.0,0.0,0.0,0.0,0.0,0.5,0.5,0.0,South,Email,0,Everyday Home & Kitchen Shoppers
C04725,3,342.45,114.15,349,0.1,0.0,0.0,0.0,0.0,0.0,0.667,0.0,0.333,West,Marketplace,1,Everyday Fashion Shoppers
C04726,4,188.37,47.092,294,0.088,0.0,0.5,0.5,0.25,0.0,0.25,0.0,0.0,South,Marketplace,4,Everyday Beauty Shoppers
C04727,1,76.6,76.6,653,0.0,0.0,0.0,1.0,0.0,0.0,0.0,0.0,0.0,North,Paid Social,4,Everyday Beauty Shoppers
C04728,1,79.6,79.6,106,0.0,0.0,0.0,0.0,1.0,0.0,0.0,0.0,0.0,North,Email,1,Everyday Fashion Shoppers
C04729,1,266.22,266.22,643,0.0,0.0,0.0,0.0,0.0,0.0,0.0,0.0,1.0,East,Organic Search,1,Everyday Fashion Shoppers
C04730,1,60.2,60.2,253,0.2,0.0,0.0,0.0,0.0,0.0,1.0,0.0,0.0,North,Marketplace,1,Everyday Fashion Shoppers
C04731,2,283.77,141.885,46,0.15,0.0,0.5,0.0,0.0,0.0,0.5,0.5,0.0,East,Referral,2,Deal & Festive Shoppers
C04732,1,76.72,76.72,242,0.0,0.0,0.0,0.0,0.0,0.0,1.0,0.0,0.0,South,Paid Social,1,Everyday Fashion Shoppers
C04733,1,66.35,66.35,185,0.05,1.0,0.0,0.0,0.0,0.0,1.0,0.0,0.0,South,Paid Social,1,Everyday Fashion Shoppers
C04734,3,814.94,271.647,347,0.017,0.333,0.0,0.0,0.0,0.333,0.0,0.0,0.667,North,Email,3,Big-Ticket Tech Buyers
C04735,3,214.46,71.487,93,0.217,0.0,0.0,0.0,0.0,0.0,0.0,0.333,0.667,West,Marketplace,2,Deal & Festive Shoppers
C04736,4,496.34,124.085,212,0.15,0.0,0.25,0.25,0.0,0.0,0.25,0.0,0.5,South,Email,2,Deal & Festive Shoppers
C04737,2,322.61,161.305,634,0.025,0.0,0.0,0.5,0.0,0.0,0.0,0.5,0.0,East,Paid Social,0,Everyday Home & Kitchen Shoppers
C04738,1,175.1,175.1,473,0.0,1.0,0.0,0.0,0.0,0.0,1.0,0.0,0.0,South,Paid Social,1,Everyday Fashion Shoppers
C04739,4,339.07,84.768,367,0.138,0.0,0.75,0.0,0.0,0.25,0.5,0.25,0.0,North,Marketplace,2,Deal & Festive Shoppers
C04740,2,117.78,58.89,250,0.025,0.0,0.0,0.5,0.5,0.0,0.0,0.0,0.0,South,Referral,4,Everyday Beauty Shoppers
C04741,1,342.26,342.26,535,0.0,0.0,0.0,0.0,0.0,0.0,0.0,0.0,1.0,East,Paid Social,1,Everyday Fashion Shoppers
C04742,4,1092.02,273.005,57,0.1,0.25,0.5,0.25,0.0,0.25,0.25,0.0,0.25,South,Referral,2,Deal & Festive Shoppers
C04743,4,1109.33,277.332,202,0.125,0.0,0.5,0.5,0.0,0.25,0.0,0.0,0.25,West,Referral,2,Deal & Festive Shoppers
C04744,3,102.16,34.053,427,0.017,0.0,0.0,0.333,0.333,0.0,0.333,0.0,0.0,West,Email,4,Everyday Beauty Shoppers
C04745,6,795.87,132.645,43,0.125,0.0,0.667,0.167,0.0,0.167,0.0,0.167,0.5,East,Referral,2,Deal & Festive Shoppers
C04746,2,206.17,103.085,490,0.1,0.0,0.0,0.0,0.0,0.0,1.0,0.0,0.0,East,Marketplace,1,Everyday Fashion Shoppers
C04747,2,545.25,272.625,80,0.05,0.0,0.0,0.0,0.0,0.0,0.5,0.0,0.5,East,Marketplace,1,Everyday Fashion Shoppers
C04748,1,28.35,28.35,546,0.05,0.0,0.0,0.0,1.0,0.0,0.0,0.0,0.0,East,Paid Social,1,Everyday Fashion Shoppers
C04749,2,432.78,216.39,19,0.175,0.0,0.5,0.0,0.5,0.0,0.0,0.0,0.5,South,Organic Search,2,Deal & Festive Shoppers
C04750,1,129.39,129.39,462,0.3,0.0,0.0,0.0,0.0,0.0,0.0,0.0,1.0,West,Referral,1,Everyday Fashion Shoppers
C04751,1,456.08,456.08,701,0.0,0.0,0.0,0.0,0.0,0.0,0.0,0.0,1.0,West,Referral,1,Everyday Fashion Shoppers
C04752,4,193.92,48.48,418,0.125,0.0,0.5,0.25,0.5,0.0,0.25,0.0,0.0,North,Paid Social,2,Deal & Festive Shoppers
C04753,3,267.74,89.247,150,0.033,0.0,0.0,0.333,0.0,0.0,0.333,0.0,0.333,West,Marketplace,4,Everyday Beauty Shoppers
C04754,1,43.54,43.54,103,0.15,0.0,0.0,0.0,0.0,0.0,0.0,1.0,0.0,West,Organic Search,0,Everyday Home & Kitchen Shoppers
C04755,3,423.65,141.217,429,0.0,0.0,0.0,0.0,0.0,0.0,0.667,0.333,0.0,South,Organic Search,1,Everyday Fashion Shoppers
C04756,1,27.9,27.9,308,0.0,0.0,0.0,0.0,1.0,0.0,0.0,0.0,0.0,West,Marketplace,1,Everyday Fashion Shoppers
C04757,1,82.86,82.86,325,0.0,0.0,0.0,0.0,0.0,0.0,1.0,0.0,0.0,North,Marketplace,1,Everyday Fashion Shoppers
C04758,1,115.32,115.32,630,0.0,0.0,0.0,0.0,0.0,0.0,0.0,1.0,0.0,North,Paid Social,0,Everyday Home & Kitchen Shoppers
C04759,1,112.41,112.41,413,0.1,1.0,1.0,0.0,0.0,0.0,0.0,1.0,0.0,South,Organic Search,0,Everyday Home & Kitchen Shoppers
C04760,2,269.5,134.75,172,0.05,0.0,0.0,0.0,0.0,0.0,1.0,0.0,0.0,East,Paid Social,1,Everyday Fashion Shoppers
C04761,2,230.8,115.4,39,0.3,0.0,1.0,0.0,0.0,0.0,0.0,1.0,0.0,South,Paid Social,2,Deal & Festive Shoppers
C04762,3,234.77,78.257,36,0.2,0.0,0.667,0.333,0.0,0.0,0.0,0.667,0.0,West,Paid Social,2,Deal & Festive Shoppers
C04763,2,70.04,35.02,583,0.0,0.0,0.0,0.5,0.5,0.0,0.0,0.0,0.0,North,Organic Search,4,Everyday Beauty Shoppers
C04764,2,292.97,146.485,544,0.1,0.0,0.0,0.5,0.0,0.0,0.5,0.0,0.0,South,Paid Social,4,Everyday Beauty Shoppers
C04765,1,393.31,393.31,418,0.1,0.0,1.0,0.0,0.0,0.0,0.0,1.0,0.0,East,Referral,0,Everyday Home & Kitchen Shoppers
C04766,3,576.6,192.2,384,0.2,0.333,0.667,0.0,0.0,0.0,1.0,0.0,0.0,North,Referral,2,Deal & Festive Shoppers
C04767,3,238.13,79.377,188,0.017,0.0,0.0,0.667,0.0,0.0,0.0,0.333,0.0,East,Referral,4,Everyday Beauty Shoppers
C04768,2,684.38,342.19,719,0.05,0.0,0.0,0.0,0.0,0.5,0.0,0.0,0.5,South,Paid Social,3,Big-Ticket Tech Buyers
C04769,1,118.58,118.58,638,0.0,0.0,0.0,1.0,0.0,0.0,0.0,0.0,0.0,West,Paid Social,4,Everyday Beauty Shoppers
C04770,3,657.23,219.077,603,0.0,0.0,0.0,0.333,0.0,0.0,0.333,0.333,0.0,East,Paid Social,0,Everyday Home & Kitchen Shoppers
C04771,1,80.43,80.43,518,0.0,0.0,0.0,0.0,0.0,0.0,1.0,0.0,0.0,North,Marketplace,1,Everyday Fashion Shoppers
C04772,2,491.41,245.705,69,0.175,0.0,0.0,0.0,0.0,0.5,0.0,0.5,0.0,North,Paid Social,3,Big-Ticket Tech Buyers
C04773,2,360.32,180.16,466,0.0,0.0,0.0,0.0,0.0,0.0,0.0,0.5,0.5,North,Referral,0,Everyday Home & Kitchen Shoppers
C04774,2,1993.52,996.76,39,0.3,0.0,1.0,0.0,0.0,1.0,0.0,0.0,0.0,West,Paid Social,3,Big-Ticket Tech Buyers
C04775,2,142.52,71.26,447,0.025,0.0,0.0,0.0,0.0,0.0,0.0,1.0,0.0,East,Marketplace,0,Everyday Home & Kitchen Shoppers
C04776,1,423.22,423.22,696,0.1,1.0,0.0,0.0,0.0,1.0,0.0,0.0,0.0,South,Paid Social,3,Big-Ticket Tech Buyers
C04777,4,2106.64,526.66,19,0.162,0.0,0.5,0.0,0.0,0.75,0.0,0.25,0.0,North,Paid Social,3,Big-Ticket Tech Buyers
C04778,1,58.95,58.95,190,0.1,0.0,0.0,1.0,0.0,0.0,0.0,0.0,0.0,West,Marketplace,4,Everyday Beauty Shoppers
C04779,3,311.09,103.697,254,0.117,0.0,0.0,0.333,0.0,0.0,0.333,0.0,0.333,North,Organic Search,4,Everyday Beauty Shoppers
C04780,7,1074.11,153.444,243,0.029,0.143,0.0,0.286,0.0,0.143,0.0,0.429,0.143,East,Referral,0,Everyday Home & Kitchen Shoppers
C04781,1,94.89,94.89,131,0.05,0.0,0.0,0.0,0.0,0.0,0.0,1.0,0.0,East,Paid Social,0,Everyday Home & Kitchen Shoppers
C04782,3,74.14,24.713,70,0.017,0.0,0.0,0.333,0.667,0.0,0.0,0.0,0.0,South,Marketplace,4,Everyday Beauty Shoppers
C04783,2,659.07,329.535,445,0.175,0.5,0.0,0.0,0.0,0.0,0.0,1.0,0.0,East,Email,0,Everyday Home & Kitchen Shoppers
C04784,1,137.78,137.78,193,0.15,0.0,0.0,0.0,0.0,0.0,0.0,1.0,0.0,North,Organic Search,0,Everyday Home & Kitchen Shoppers
C04785,3,328.76,109.587,22,0.083,0.0,0.333,0.333,0.0,0.0,0.333,0.0,0.333,South,Marketplace,2,Deal & Festive Shoppers
C04786,2,367.32,183.66,443,0.15,0.0,0.0,0.0,0.5,0.5,0.0,0.0,0.0,West,Email,3,Big-Ticket Tech Buyers
C04787,5,740.31,148.062,155,0.07,0.0,0.0,0.2,0.0,0.0,0.0,0.4,0.4,East,Referral,0,Everyday Home & Kitchen Shoppers
C04788,2,164.53,82.265,595,0.1,0.0,0.0,0.5,0.0,0.0,0.5,0.0,0.0,West,Organic Search,4,Everyday Beauty Shoppers
C04789,1,42.73,42.73,507,0.1,0.0,0.0,1.0,0.0,0.0,0.0,0.0,0.0,East,Organic Search,4,Everyday Beauty Shoppers
C04790,4,652.25,163.062,197,0.012,0.25,0.0,0.0,0.0,0.0,0.25,0.5,0.25,North,Referral,0,Everyday Home & Kitchen Shoppers
C04791,2,103.54,51.77,452,0.1,0.0,0.0,0.0,0.5,0.0,0.0,0.5,0.0,East,Paid Social,0,Everyday Home & Kitchen Shoppers
C04792,3,525.55,175.183,12,0.2,0.0,1.0,0.0,0.0,0.0,0.0,0.0,1.0,East,Marketplace,2,Deal & Festive Shoppers
C04793,3,476.59,158.863,30,0.15,0.0,1.0,0.667,0.0,0.333,0.0,0.0,0.0,North,Organic Search,2,Deal & Festive Shoppers
C04794,2,84.44,42.22,453,0.075,0.0,0.0,0.5,0.5,0.0,0.0,0.0,0.0,South,Referral,4,Everyday Beauty Shoppers
C04795,2,207.98,103.99,432,0.05,0.0,0.0,0.0,0.0,0.5,0.5,0.0,0.0,East,Organic Search,3,Big-Ticket Tech Buyers
C04796,2,967.31,483.655,406,0.1,0.0,0.5,0.5,0.0,0.5,0.0,0.0,0.0,East,Referral,3,Big-Ticket Tech Buyers
C04797,2,920.08,460.04,343,0.1,0.0,0.5,0.0,0.0,1.0,0.0,0.0,0.0,North,Organic Search,3,Big-Ticket Tech Buyers
C04798,2,212.3,106.15,258,0.075,1.0,0.0,0.0,0.0,0.0,1.0,0.0,0.0,West,Paid Social,1,Everyday Fashion Shoppers
C04799,4,482.84,120.71,334,0.15,0.25,0.5,0.25,0.0,0.0,0.25,0.5,0.0,South,Organic Search,2,Deal & Festive Shoppers
C04800,2,404.64,202.32,205,0.05,0.0,0.0,0.0,0.0,0.0,0.5,0.5,0.0,North,Referral,0,Everyday Home & Kitchen Shoppers
C04801,6,688.91,114.818,28,0.217,0.0,0.667,0.0,0.167,0.0,0.5,0.333,0.0,North,Paid Social,2,Deal & Festive Shoppers
C04802,4,614.54,153.635,143,0.075,0.0,0.0,0.0,0.5,0.25,0.0,0.25,0.0,West,Email,3,Big-Ticket Tech Buyers
C04803,3,155.19,51.73,246,0.1,0.0,0.0,0.0,0.0,0.0,0.0,0.667,0.333,South,Organic Search,0,Everyday Home & Kitchen Shoppers
C04804,1,135.37,135.37,175,0.2,0.0,0.0,0.0,0.0,0.0,0.0,1.0,0.0,South,Referral,0,Everyday Home & Kitchen Shoppers
C04805,2,1382.12,691.06,169,0.05,0.0,0.0,0.5,0.0,0.5,0.0,0.0,0.0,North,Referral,3,Big-Ticket Tech Buyers
C04806,2,284.17,142.085,117,0.2,0.5,0.0,0.0,0.0,0.5,0.0,0.5,0.0,East,Organic Search,3,Big-Ticket Tech Buyers
C04807,1,244.61,244.61,390,0.15,0.0,1.0,0.0,0.0,0.0,0.0,1.0,0.0,East,Organic Search,0,Everyday Home & Kitchen Shoppers
C04808,2,332.16,166.08,80,0.1,0.0,0.0,0.0,0.5,0.5,0.0,0.0,0.0,South,Paid Social,3,Big-Ticket Tech Buyers
C04809,3,687.55,229.183,39,0.05,0.0,0.333,0.333,0.0,0.333,0.0,0.0,0.333,West,Referral,3,Big-Ticket Tech Buyers
C04810,1,10.37,10.37,158,0.0,0.0,0.0,1.0,0.0,0.0,0.0,0.0,0.0,North,Marketplace,4,Everyday Beauty Shoppers
C04811,2,412.22,206.11,582,0.075,0.0,0.0,0.0,0.0,0.0,1.0,0.0,0.0,North,Organic Search,1,Everyday Fashion Shoppers
C04812,3,552.24,184.08,443,0.0,0.333,0.0,0.0,0.0,0.0,0.333,0.333,0.333,East,Email,0,Everyday Home & Kitchen Shoppers
C04813,3,866.31,288.77,175,0.033,0.667,0.0,0.0,0.333,0.333,0.333,0.0,0.0,East,Email,3,Big-Ticket Tech Buyers
C04814,4,970.22,242.555,36,0.038,0.25,0.25,0.0,0.0,0.5,0.25,0.0,0.25,North,Referral,3,Big-Ticket Tech Buyers
C04815,1,23.89,23.89,204,0.15,0.0,0.0,0.0,1.0,0.0,0.0,0.0,0.0,East,Paid Social,1,Everyday Fashion Shoppers
C04816,4,1509.89,377.472,262,0.088,0.0,0.25,0.25,0.0,0.25,0.25,0.0,0.25,South,Marketplace,3,Big-Ticket Tech Buyers
C04817,1,76.17,76.17,106,0.15,0.0,0.0,0.0,0.0,0.0,1.0,0.0,0.0,East,Paid Social,1,Everyday Fashion Shoppers
C04818,2,156.92,78.46,461,0.075,0.0,0.0,0.0,0.0,0.0,0.5,0.5,0.0,East,Marketplace,0,Everyday Home & Kitchen Shoppers
C04819,2,72.99,36.495,192,0.15,0.0,0.0,0.5,0.5,0.0,0.0,0.0,0.0,West,Organic Search,4,Everyday Beauty Shoppers
C04820,2,913.98,456.99,24,0.15,0.0,0.5,0.0,0.0,0.5,0.0,0.5,0.0,South,Email,2,Deal & Festive Shoppers
C04821,1,65.58,65.58,338,0.0,0.0,0.0,0.0,0.0,0.0,0.0,0.0,1.0,East,Marketplace,1,Everyday Fashion Shoppers
C04822,1,475.78,475.78,242,0.0,0.0,0.0,0.0,0.0,1.0,0.0,0.0,0.0,East,Marketplace,3,Big-Ticket Tech Buyers
C04823,1,112.33,112.33,76,0.3,0.0,0.0,0.0,0.0,0.0,1.0,0.0,0.0,South,Paid Social,1,Everyday Fashion Shoppers
C04824,1,67.3,67.3,35,0.3,0.0,1.0,0.0,0.0,0.0,1.0,0.0,0.0,North,Marketplace,2,Deal & Festive Shoppers
C04825,2,132.88,66.44,319,0.05,0.0,0.5,1.0,0.0,0.0,0.0,0.0,0.0,West,Organic Search,4,Everyday Beauty Shoppers
C04826,2,649.51,324.755,366,0.075,0.0,0.5,0.0,0.5,0.5,0.0,0.0,0.0,North,Email,3,Big-Ticket Tech Buyers
C04827,2,403.41,201.705,570,0.05,0.0,0.0,0.0,0.0,0.0,0.5,0.5,0.0,East,Paid Social,0,Everyday Home & Kitchen Shoppers
C04828,3,164.39,54.797,192,0.033,0.333,0.0,0.333,0.0,0.0,0.0,0.667,0.0,North,Referral,0,Everyday Home & Kitchen Shoppers
C04829,1,405.86,405.86,80,0.1,0.0,0.0,0.0,0.0,0.0,0.0,0.0,1.0,West,Paid Social,1,Everyday Fashion Shoppers
C04830,5,1778.23,355.646,3,0.15,0.0,0.6,0.4,0.0,0.4,0.0,0.2,0.0,North,Organic Search,2,Deal & Festive Shoppers
C04831,2,240.05,120.025,166,0.1,0.0,0.0,0.0,0.0,0.0,0.0,1.0,0.0,West,Organic Search,0,Everyday Home & Kitchen Shoppers
C04832,2,70.59,35.295,644,0.025,0.0,0.0,0.5,0.5,0.0,0.0,0.0,0.0,East,Organic Search,4,Everyday Beauty Shoppers
C04833,2,198.38,99.19,300,0.0,0.0,0.0,0.5,0.0,0.0,0.0,0.5,0.0,North,Paid Social,4,Everyday Beauty Shoppers
C04834,2,418.92,209.46,435,0.0,0.0,0.0,0.5,0.0,0.0,0.0,0.5,0.0,East,Marketplace,0,Everyday Home & Kitchen Shoppers
C04835,1,139.48,139.48,37,0.15,0.0,1.0,0.0,0.0,1.0,0.0,0.0,0.0,East,Email,3,Big-Ticket Tech Buyers
C04836,3,208.2,69.4,298,0.033,0.0,0.0,0.667,0.0,0.0,0.333,0.0,0.0,South,Email,4,Everyday Beauty Shoppers
C04837,3,1532.64,510.88,264,0.033,0.0,0.0,0.0,0.0,0.333,0.333,0.0,0.333,North,Email,3,Big-Ticket Tech Buyers
C04838,3,436.46,145.487,401,0.067,0.0,0.667,0.0,0.0,0.0,0.0,0.667,0.333,East,Paid Social,0,Everyday Home & Kitchen Shoppers
C04839,1,29.36,29.36,120,0.0,0.0,0.0,0.0,1.0,0.0,0.0,0.0,0.0,East,Paid Social,1,Everyday Fashion Shoppers
C04840,1,48.25,48.25,62,0.15,0.0,0.0,1.0,0.0,0.0,0.0,0.0,0.0,South,Paid Social,4,Everyday Beauty Shoppers
C04841,3,1289.28,429.76,104,0.0,0.0,0.0,0.0,0.0,0.667,0.0,0.0,0.333,West,Organic Search,3,Big-Ticket Tech Buyers
C04842,6,1667.88,277.98,262,0.033,0.0,0.0,0.0,0.167,0.333,0.333,0.0,0.167,North,Referral,3,Big-Ticket Tech Buyers
C04843,4,916.46,229.115,243,0.025,0.25,0.0,0.0,0.25,0.5,0.25,0.0,0.0,North,Email,3,Big-Ticket Tech Buyers
C04844,3,215.59,71.863,525,0.0,0.0,0.0,0.333,0.333,0.0,0.0,0.0,0.333,East,Referral,4,Everyday Beauty Shoppers
C04845,2,186.92,93.46,126,0.025,0.0,0.0,0.5,0.0,0.0,0.0,0.5,0.0,North,Email,4,Everyday Beauty Shoppers
C04846,2,200.29,100.145,167,0.15,0.0,0.0,0.0,0.0,0.0,0.5,0.5,0.0,North,Organic Search,0,Everyday Home & Kitchen Shoppers
C04847,3,911.54,303.847,12,0.133,0.0,0.667,0.0,0.0,0.333,0.0,0.667,0.0,East,Email,2,Deal & Festive Shoppers
C04848,4,154.58,38.645,421,0.15,0.0,0.5,0.5,0.0,0.0,0.5,0.0,0.0,South,Organic Search,4,Everyday Beauty Shoppers
C04849,4,599.01,149.752,26,0.175,0.0,0.5,0.0,0.0,0.0,0.5,0.5,0.0,North,Marketplace,2,Deal & Festive Shoppers
C04850,1,80.97,80.97,92,0.0,0.0,0.0,0.0,0.0,0.0,0.0,1.0,0.0,East,Organic Search,0,Everyday Home & Kitchen Shoppers
C04851,1,31.16,31.16,81,0.1,0.0,0.0,0.0,1.0,0.0,0.0,0.0,0.0,East,Paid Social,1,Everyday Fashion Shoppers
C04852,1,29.36,29.36,205,0.0,0.0,0.0,1.0,0.0,0.0,0.0,0.0,0.0,West,Paid Social,4,Everyday Beauty Shoppers
C04853,1,267.65,267.65,657,0.05,0.0,0.0,0.0,0.0,0.0,0.0,1.0,0.0,East,Organic Search,0,Everyday Home & Kitchen Shoppers
C04854,1,42.26,42.26,676,0.0,0.0,0.0,0.0,0.0,0.0,1.0,0.0,0.0,South,Paid Social,1,Everyday Fashion Shoppers
C04855,2,1628.18,814.09,630,0.025,0.0,0.0,0.0,0.0,0.5,0.0,0.0,0.5,North,Organic Search,3,Big-Ticket Tech Buyers
C04856,3,127.34,42.447,170,0.083,0.333,0.0,0.333,0.333,0.0,0.333,0.0,0.0,East,Referral,4,Everyday Beauty Shoppers
C04857,2,384.93,192.465,108,0.075,0.0,0.0,0.0,0.0,0.5,0.5,0.0,0.0,North,Marketplace,3,Big-Ticket Tech Buyers
C04858,1,133.03,133.03,281,0.0,0.0,0.0,0.0,0.0,0.0,1.0,0.0,0.0,North,Paid Social,1,Everyday Fashion Shoppers
C04859,1,29.07,29.07,545,0.0,0.0,0.0,0.0,1.0,0.0,0.0,0.0,0.0,West,Paid Social,1,Everyday Fashion Shoppers
C04860,3,321.14,107.047,111,0.033,0.0,0.0,0.0,0.667,0.0,0.333,0.0,0.0,East,Marketplace,1,Everyday Fashion Shoppers
C04861,1,201.06,201.06,676,0.0,1.0,0.0,0.0,0.0,0.0,1.0,0.0,0.0,East,Paid Social,1,Everyday Fashion Shoppers
C04862,1,401.93,401.93,151,0.05,0.0,0.0,0.0,0.0,0.0,0.0,0.0,1.0,North,Marketplace,1,Everyday Fashion Shoppers
C04863,1,169.42,169.42,103,0.0,1.0,0.0,0.0,0.0,0.0,0.0,1.0,0.0,North,Paid Social,0,Everyday Home & Kitchen Shoppers
C04864,1,28.6,28.6,211,0.0,0.0,0.0,1.0,0.0,0.0,0.0,0.0,0.0,South,Paid Social,4,Everyday Beauty Shoppers
C04865,2,427.07,213.535,98,0.125,0.0,0.0,0.0,0.5,0.0,0.0,0.5,0.0,East,Organic Search,0,Everyday Home & Kitchen Shoppers
C04866,1,217.6,217.6,307,0.0,0.0,0.0,0.0,0.0,1.0,0.0,0.0,0.0,South,Organic Search,3,Big-Ticket Tech Buyers
C04867,4,129.64,32.41,88,0.088,0.25,0.25,0.5,0.5,0.0,0.0,0.0,0.0,North,Referral,4,Everyday Beauty Shoppers
C04868,2,885.55,442.775,228,0.0,0.0,0.0,0.0,0.0,1.0,0.0,0.0,0.0,North,Marketplace,3,Big-Ticket Tech Buyers
C04869,1,44.96,44.96,68,0.1,0.0,0.0,0.0,0.0,0.0,0.0,0.0,1.0,East,Organic Search,1,Everyday Fashion Shoppers
C04870,1,377.51,377.51,229,0.05,0.0,0.0,0.0,0.0,0.0,1.0,0.0,0.0,East,Marketplace,1,Everyday Fashion Shoppers
C04871,1,69.0,69.0,596,0.0,0.0,0.0,0.0,0.0,0.0,0.0,1.0,0.0,North,Paid Social,0,Everyday Home & Kitchen Shoppers
C04872,1,61.81,61.81,60,0.15,0.0,1.0,0.0,0.0,0.0,1.0,0.0,0.0,North,Paid Social,2,Deal & Festive Shoppers
C04873,2,236.8,118.4,667,0.025,0.0,0.0,0.5,0.0,0.0,0.0,0.5,0.0,North,Marketplace,0,Everyday Home & Kitchen Shoppers
C04874,2,339.78,169.89,238,0.025,0.0,0.0,0.0,0.5,0.0,0.0,0.5,0.0,North,Marketplace,0,Everyday Home & Kitchen Shoppers
C04875,2,219.75,109.875,478,0.0,0.0,0.0,0.0,0.5,0.0,0.0,0.5,0.0,East,Paid Social,0,Everyday Home & Kitchen Shoppers
C04876,1,26.95,26.95,260,0.0,0.0,0.0,0.0,1.0,0.0,0.0,0.0,0.0,North,Organic Search,1,Everyday Fashion Shoppers
C04877,2,1623.46,811.73,365,0.0,0.0,0.0,0.0,0.0,0.5,0.0,0.5,0.0,East,Organic Search,3,Big-Ticket Tech Buyers
C04878,1,55.3,55.3,410,0.2,0.0,1.0,0.0,1.0,0.0,0.0,0.0,0.0,East,Organic Search,2,Deal & Festive Shoppers
C04879,5,491.26,98.252,41,0.04,0.0,0.4,0.2,0.4,0.0,0.4,0.0,0.0,West,Email,2,Deal & Festive Shoppers
C04880,2,151.91,75.955,182,0.0,0.0,0.0,0.5,0.0,0.0,0.0,0.0,0.5,West,Paid Social,4,Everyday Beauty Shoppers
C04881,8,1214.06,151.758,12,0.062,0.0,0.5,0.25,0.125,0.0,0.25,0.125,0.25,North,Email,2,Deal & Festive Shoppers
C04882,2,298.92,149.46,21,0.1,0.0,1.0,0.0,0.0,0.0,0.0,0.0,1.0,North,Organic Search,2,Deal & Festive Shoppers
C04883,2,276.1,138.05,383,0.3,0.0,1.0,0.0,0.0,0.0,1.0,0.0,0.0,South,Paid Social,2,Deal & Festive Shoppers
C04884,1,184.78,184.78,600,0.0,0.0,0.0,0.0,0.0,0.0,0.0,0.0,1.0,East,Paid Social,1,Everyday Fashion Shoppers
C04885,2,364.11,182.055,109,0.3,0.0,0.0,0.0,0.0,0.5,0.5,0.0,0.0,North,Paid Social,3,Big-Ticket Tech Buyers
C04886,3,814.3,271.433,512,0.0,0.0,0.0,0.0,0.333,0.333,0.333,0.0,0.0,South,Referral,3,Big-Ticket Tech Buyers
C04887,3,698.19,232.73,131,0.133,0.0,0.0,0.333,0.0,0.0,0.0,0.333,0.333,South,Marketplace,0,Everyday Home & Kitchen Shoppers
C04888,2,331.2,165.6,341,0.05,0.5,0.0,0.5,0.0,0.0,0.5,0.0,0.0,North,Marketplace,4,Everyday Beauty Shoppers
C04889,2,380.01,190.005,455,0.15,0.5,0.0,0.0,0.0,0.0,0.0,1.0,0.0,East,Email,0,Everyday Home & Kitchen Shoppers
C04890,4,581.66,145.415,260,0.225,0.0,0.5,0.0,0.0,0.0,0.5,0.5,0.0,East,Organic Search,2,Deal & Festive Shoppers
C04891,3,341.13,113.71,49,0.15,0.333,0.667,0.0,0.0,0.667,0.333,0.0,0.0,East,Marketplace,2,Deal & Festive Shoppers
C04892,2,1056.32,528.16,266,0.0,0.5,0.0,0.0,0.0,0.5,0.5,0.0,0.0,West,Marketplace,3,Big-Ticket Tech Buyers
C04893,3,278.17,92.723,460,0.05,0.333,0.0,0.333,0.0,0.0,0.333,0.333,0.0,North,Marketplace,0,Everyday Home & Kitchen Shoppers
C04894,1,130.55,130.55,684,0.05,0.0,0.0,1.0,0.0,0.0,0.0,0.0,0.0,North,Paid Social,4,Everyday Beauty Shoppers
C04895,2,21.96,10.98,383,0.2,0.0,1.0,0.0,1.0,0.0,0.0,0.0,0.0,South,Organic Search,2,Deal & Festive Shoppers
C04896,3,450.41,150.137,404,0.1,0.0,0.667,0.0,0.667,0.0,0.0,0.0,0.333,East,Email,2,Deal & Festive Shoppers
C04897,1,355.1,355.1,123,0.0,0.0,0.0,0.0,0.0,1.0,0.0,0.0,0.0,East,Paid Social,3,Big-Ticket Tech Buyers
C04898,2,293.84,146.92,178,0.0,0.0,0.0,0.0,0.5,0.0,0.0,0.5,0.0,North,Paid Social,0,Everyday Home & Kitchen Shoppers
C04899,3,511.75,170.583,120,0.117,0.0,0.0,0.0,0.0,0.333,0.333,0.333,0.0,West,Paid Social,3,Big-Ticket Tech Buyers
C04900,1,227.26,227.26,305,0.0,0.0,0.0,0.0,0.0,0.0,0.0,1.0,0.0,South,Referral,0,Everyday Home & Kitchen Shoppers
C04901,3,162.68,54.227,412,0.117,0.0,0.667,0.0,0.667,0.0,0.0,0.333,0.0,South,Paid Social,2,Deal & Festive Shoppers
C04902,2,471.59,235.795,185,0.025,0.5,0.0,0.0,0.0,0.0,1.0,0.0,0.0,East,Email,1,Everyday Fashion Shoppers
C04903,2,188.2,94.1,232,0.025,0.0,0.0,0.0,0.0,0.5,0.0,0.5,0.0,West,Referral,0,Everyday Home & Kitchen Shoppers
C04904,1,92.51,92.51,209,0.05,0.0,0.0,0.0,0.0,0.0,1.0,0.0,0.0,East,Paid Social,1,Everyday Fashion Shoppers
C04905,4,870.36,217.59,464,0.038,0.25,0.0,0.0,0.0,0.5,0.25,0.25,0.0,West,Organic Search,3,Big-Ticket Tech Buyers
C04906,2,381.44,190.72,247,0.05,0.0,0.0,0.5,0.0,0.0,0.0,0.5,0.0,North,Marketplace,0,Everyday Home & Kitchen Shoppers
C04907,3,539.34,179.78,211,0.05,0.0,0.0,0.0,0.0,0.333,0.667,0.0,0.0,East,Paid Social,1,Everyday Fashion Shoppers
C04908,3,573.56,191.187,57,0.133,0.0,0.667,0.0,0.0,0.0,1.0,0.0,0.0,West,Paid Social,2,Deal & Festive Shoppers
C04909,1,34.41,34.41,156,0.1,0.0,0.0,0.0,1.0,0.0,0.0,0.0,0.0,East,Paid Social,1,Everyday Fashion Shoppers
C04910,2,159.61,79.805,227,0.0,0.0,0.0,0.0,0.5,0.0,0.5,0.0,0.0,South,Paid Social,1,Everyday Fashion Shoppers
C04911,1,61.89,61.89,51,0.1,0.0,1.0,0.0,0.0,0.0,0.0,0.0,1.0,West,Email,2,Deal & Festive Shoppers
C04912,3,197.47,65.823,41,0.117,0.0,0.333,0.333,0.0,0.0,0.333,0.333,0.0,North,Organic Search,2,Deal & Festive Shoppers
C04913,1,25.85,25.85,699,0.0,0.0,0.0,0.0,0.0,0.0,1.0,0.0,0.0,South,Marketplace,1,Everyday Fashion Shoppers
C04914,1,312.7,312.7,290,0.1,0.0,0.0,0.0,0.0,1.0,0.0,0.0,0.0,West,Organic Search,3,Big-Ticket Tech Buyers
C04915,3,822.12,274.04,104,0.033,0.0,0.0,0.0,0.0,0.0,0.333,0.0,0.667,West,Marketplace,1,Everyday Fashion Shoppers
C04916,3,383.23,127.743,440,0.1,0.0,0.0,0.0,0.0,0.0,0.333,0.0,0.667,West,Referral,1,Everyday Fashion Shoppers
C04917,3,207.99,69.33,301,0.1,0.333,0.333,0.0,0.333,0.0,0.333,0.333,0.0,West,Organic Search,0,Everyday Home & Kitchen Shoppers
C04918,3,754.25,251.417,363,0.0,0.0,0.0,0.0,0.0,0.333,0.333,0.333,0.0,North,Referral,3,Big-Ticket Tech Buyers
C04919,1,182.17,182.17,136,0.05,0.0,0.0,0.0,0.0,0.0,0.0,0.0,1.0,West,Paid Social,1,Everyday Fashion Shoppers
C04920,3,270.14,90.047,161,0.083,0.0,0.0,0.333,0.333,0.0,0.333,0.0,0.0,South,Marketplace,4,Everyday Beauty Shoppers
C04921,2,47.94,23.97,40,0.15,0.0,1.0,0.0,1.0,0.0,0.0,0.0,0.0,East,Email,2,Deal & Festive Shoppers
C04922,1,53.21,53.21,106,0.2,0.0,0.0,1.0,0.0,0.0,0.0,0.0,0.0,South,Paid Social,4,Everyday Beauty Shoppers
C04923,1,89.4,89.4,335,0.0,0.0,0.0,0.0,0.0,0.0,1.0,0.0,0.0,West,Paid Social,1,Everyday Fashion Shoppers
C04924,2,174.88,87.44,72,0.0,0.0,0.0,0.0,0.5,0.0,0.0,0.0,0.5,East,Marketplace,1,Everyday Fashion Shoppers
C04925,2,196.22,98.11,480,0.025,0.0,0.0,0.0,0.5,0.0,0.5,0.0,0.0,West,Referral,1,Everyday Fashion Shoppers
C04926,1,173.88,173.88,665,0.0,1.0,0.0,0.0,0.0,0.0,0.0,1.0,0.0,North,Paid Social,0,Everyday Home & Kitchen Shoppers
C04927,3,675.7,225.233,404,0.2,0.0,0.667,0.0,0.0,0.667,0.0,0.333,0.0,North,Paid Social,3,Big-Ticket Tech Buyers
C04928,2,83.75,41.875,225,0.05,0.0,0.0,0.0,0.5,0.0,0.0,0.5,0.0,South,Paid Social,0,Everyday Home & Kitchen Shoppers
C04929,2,72.44,36.22,512,0.0,0.0,0.0,0.0,0.5,0.0,0.0,0.5,0.0,North,Email,0,Everyday Home & Kitchen Shoppers
C04930,3,623.68,207.893,84,0.017,0.333,0.0,0.0,0.0,0.333,0.0,0.667,0.0,East,Referral,0,Everyday Home & Kitchen Shoppers
C04931,1,198.85,198.85,702,0.3,1.0,0.0,0.0,0.0,0.0,1.0,0.0,0.0,South,Marketplace,1,Everyday Fashion Shoppers
C04932,3,327.55,109.183,105,0.1,0.0,0.0,0.0,0.333,0.0,0.667,0.0,0.0,East,Referral,1,Everyday Fashion Shoppers
C04933,1,145.92,145.92,95,0.05,0.0,0.0,0.0,0.0,0.0,0.0,1.0,0.0,North,Referral,0,Everyday Home & Kitchen Shoppers
C04934,1,96.19,96.19,143,0.05,0.0,0.0,1.0,0.0,0.0,0.0,0.0,0.0,North,Paid Social,4,Everyday Beauty Shoppers
C04935,1,197.14,197.14,456,0.0,0.0,0.0,0.0,0.0,1.0,0.0,0.0,0.0,East,Email,3,Big-Ticket Tech Buyers
C04936,2,57.86,28.93,221,0.075,0.0,0.0,0.5,0.5,0.0,0.0,0.0,0.0,South,Paid Social,4,Everyday Beauty Shoppers
C04937,4,92.34,23.085,25,0.3,0.0,1.0,1.0,0.0,0.0,0.0,0.0,0.0,North,Marketplace,2,Deal & Festive Shoppers
C04938,2,241.52,120.76,95,0.0,0.0,0.0,0.5,0.0,0.0,0.0,0.5,0.0,North,Paid Social,0,Everyday Home & Kitchen Shoppers
C04939,2,518.58,259.29,316,0.025,0.0,0.0,0.5,0.0,0.5,0.0,0.0,0.0,North,Email,3,Big-Ticket Tech Buyers
C04940,3,253.27,84.423,329,0.0,0.0,0.0,0.333,0.0,0.0,0.333,0.333,0.0,East,Marketplace,0,Everyday Home & Kitchen Shoppers
C04941,2,428.93,214.465,101,0.0,0.0,0.0,0.0,0.0,0.0,0.5,0.0,0.5,North,Email,1,Everyday Fashion Shoppers
C04942,3,259.33,86.443,270,0.233,0.0,0.667,0.0,0.0,0.0,1.0,0.0,0.0,South,Paid Social,2,Deal & Festive Shoppers
C04943,2,107.66,53.83,117,0.025,0.0,0.0,0.5,0.0,0.0,0.0,0.5,0.0,East,Email,4,Everyday Beauty Shoppers
C04944,1,116.01,116.01,124,0.0,0.0,0.0,0.0,0.0,0.0,0.0,0.0,1.0,East,Organic Search,1,Everyday Fashion Shoppers
C04945,3,219.31,73.103,644,0.067,0.0,0.0,0.333,0.0,0.0,0.333,0.333,0.0,East,Organic Search,0,Everyday Home & Kitchen Shoppers
C04946,3,1655.62,551.873,61,0.183,0.667,0.667,0.0,0.333,0.667,0.0,0.0,0.0,North,Email,3,Big-Ticket Tech Buyers
C04947,4,1083.48,270.87,301,0.162,0.5,0.5,0.0,0.0,0.25,0.5,0.25,0.0,West,Email,2,Deal & Festive Shoppers
C04948,4,627.95,156.988,285,0.025,0.0,0.0,0.25,0.0,0.25,0.5,0.0,0.0,South,Organic Search,3,Big-Ticket Tech Buyers
C04949,2,253.62,126.81,330,0.025,0.0,0.0,0.0,0.5,0.0,0.5,0.0,0.0,South,Marketplace,1,Everyday Fashion Shoppers
C04950,1,1055.54,1055.54,456,0.1,0.0,0.0,0.0,0.0,1.0,0.0,0.0,0.0,West,Paid Social,3,Big-Ticket Tech Buyers
C04951,2,383.51,191.755,321,0.175,0.0,0.0,0.0,0.0,0.5,0.5,0.0,0.0,East,Marketplace,3,Big-Ticket Tech Buyers
C04952,2,392.95,196.475,679,0.0,0.0,0.0,0.5,0.0,0.5,0.0,0.0,0.0,East,Email,3,Big-Ticket Tech Buyers
C04953,2,83.08,41.54,144,0.0,0.0,0.0,0.5,0.5,0.0,0.0,0.0,0.0,West,Marketplace,4,Everyday Beauty Shoppers
C04954,2,110.2,55.1,449,0.0,0.0,0.0,0.0,0.0,0.0,1.0,0.0,0.0,North,Marketplace,1,Everyday Fashion Shoppers
C04955,2,731.08,365.54,400,0.15,0.0,0.5,0.5,0.0,0.0,0.0,0.0,0.5,West,Marketplace,4,Everyday Beauty Shoppers
C04956,3,291.3,97.1,282,0.067,0.333,0.0,0.0,0.0,0.0,0.333,0.667,0.0,East,Referral,0,Everyday Home & Kitchen Shoppers
C04957,3,273.43,91.143,447,0.033,0.0,0.0,0.0,0.667,0.0,0.333,0.0,0.0,South,Organic Search,1,Everyday Fashion Shoppers
C04958,1,1519.83,1519.83,464,0.0,1.0,0.0,0.0,0.0,1.0,0.0,0.0,0.0,North,Paid Social,3,Big-Ticket Tech Buyers
C04959,1,16.49,16.49,77,0.05,0.0,0.0,0.0,1.0,0.0,0.0,0.0,0.0,North,Email,1,Everyday Fashion Shoppers
C04960,3,115.13,38.377,33,0.117,0.0,0.667,0.0,0.667,0.0,0.333,0.0,0.0,West,Organic Search,2,Deal & Festive Shoppers
C04961,1,112.76,112.76,453,0.0,0.0,0.0,0.0,0.0,0.0,0.0,1.0,0.0,North,Marketplace,0,Everyday Home & Kitchen Shoppers
C04962,4,198.52,49.63,297,0.1,0.25,0.0,0.25,0.5,0.0,0.25,0.0,0.0,North,Organic Search,4,Everyday Beauty Shoppers
C04963,1,33.62,33.62,23,0.2,1.0,1.0,1.0,0.0,0.0,0.0,0.0,0.0,East,Marketplace,4,Everyday Beauty Shoppers
C04964,3,276.55,92.183,475,0.017,0.0,0.0,0.333,0.0,0.0,0.667,0.0,0.0,East,Paid Social,1,Everyday Fashion Shoppers
C04965,2,150.6,75.3,61,0.15,0.0,1.0,0.0,0.0,0.0,1.0,0.0,0.0,North,Marketplace,2,Deal & Festive Shoppers
C04966,3,154.22,51.407,365,0.167,0.0,0.0,0.0,0.333,0.0,0.0,0.333,0.333,West,Marketplace,0,Everyday Home & Kitchen Shoppers
C04967,2,285.16,142.58,240,0.0,0.0,0.0,0.0,0.0,0.0,1.0,0.0,0.0,East,Paid Social,1,Everyday Fashion Shoppers
C04968,3,676.26,225.42,275,0.0,0.0,0.0,0.667,0.0,0.333,0.0,0.0,0.0,West,Email,4,Everyday Beauty Shoppers
C04969,3,1203.53,401.177,479,0.067,0.0,0.0,0.333,0.0,0.333,0.0,0.333,0.0,North,Organic Search,3,Big-Ticket Tech Buyers
C04970,2,105.61,52.805,121,0.0,0.5,0.0,0.5,0.5,0.0,0.0,0.0,0.0,North,Email,4,Everyday Beauty Shoppers
C04971,1,265.67,265.67,114,0.0,1.0,0.0,0.0,0.0,1.0,0.0,0.0,0.0,East,Email,3,Big-Ticket Tech Buyers
C04972,4,902.07,225.518,211,0.125,0.0,0.5,0.0,0.0,0.25,0.25,0.0,0.5,North,Organic Search,2,Deal & Festive Shoppers
C04973,1,19.71,19.71,137,0.0,0.0,0.0,0.0,1.0,0.0,0.0,0.0,0.0,East,Organic Search,1,Everyday Fashion Shoppers
C04974,1,52.04,52.04,172,0.05,0.0,0.0,0.0,1.0,0.0,0.0,0.0,0.0,North,Paid Social,1,Everyday Fashion Shoppers
C04975,3,563.28,187.76,57,0.2,0.0,0.667,0.0,0.0,0.0,0.667,0.0,0.333,East,Organic Search,2,Deal & Festive Shoppers
C04976,1,12.65,12.65,158,0.0,0.0,0.0,0.0,1.0,0.0,0.0,0.0,0.0,West,Email,1,Everyday Fashion Shoppers
C04977,2,317.43,158.715,251,0.05,0.5,0.0,0.0,0.0,0.5,0.0,0.0,0.5,West,Organic Search,3,Big-Ticket Tech Buyers
C04978,3,732.23,244.077,472,0.033,0.0,0.0,0.333,0.0,0.333,0.333,0.0,0.0,West,Marketplace,3,Big-Ticket Tech Buyers
C04979,3,340.73,113.577,21,0.1,0.0,0.667,0.0,0.667,0.0,0.0,0.0,0.333,West,Marketplace,2,Deal & Festive Shoppers
C04980,3,687.15,229.05,41,0.1,0.0,0.333,0.0,0.0,0.333,0.333,0.0,0.333,South,Marketplace,2,Deal & Festive Shoppers
C04981,2,143.15,71.575,37,0.15,0.0,0.5,0.0,0.0,0.0,0.5,0.5,0.0,South,Referral,2,Deal & Festive Shoppers
C04982,2,828.76,414.38,43,0.15,0.0,1.0,0.0,0.0,0.0,0.0,0.0,1.0,West,Organic Search,2,Deal & Festive Shoppers
C04983,4,1474.3,368.575,317,0.088,0.25,0.0,0.0,0.0,0.25,0.0,0.25,0.5,West,Email,3,Big-Ticket Tech Buyers
C04984,3,304.01,101.337,247,0.167,0.0,0.333,0.667,0.0,0.333,0.0,0.0,0.0,West,Email,4,Everyday Beauty Shoppers
C04985,6,1261.77,210.295,18,0.142,0.167,0.5,0.0,0.167,0.0,0.333,0.0,0.5,East,Marketplace,2,Deal & Festive Shoppers
C04986,1,13.37,13.37,684,0.0,0.0,0.0,1.0,0.0,0.0,0.0,0.0,0.0,North,Paid Social,4,Everyday Beauty Shoppers
C04987,2,787.78,393.89,47,0.15,0.0,1.0,0.0,0.0,1.0,0.0,0.0,0.0,West,Organic Search,3,Big-Ticket Tech Buyers
C04988,1,29.44,29.44,85,0.1,0.0,0.0,1.0,0.0,0.0,0.0,0.0,0.0,West,Marketplace,4,Everyday Beauty Shoppers
C04989,1,128.95,128.95,74,0.05,0.0,0.0,0.0,0.0,0.0,1.0,0.0,0.0,East,Marketplace,1,Everyday Fashion Shoppers
C04990,3,222.41,74.137,43,0.15,0.0,0.667,0.667,0.333,0.0,0.0,0.0,0.0,West,Organic Search,2,Deal & Festive Shoppers
C04991,2,100.59,50.295,158,0.0,0.0,0.0,0.5,0.5,0.0,0.0,0.0,0.0,East,Email,4,Everyday Beauty Shoppers
C04992,3,112.13,37.377,219,0.0,0.0,0.0,0.333,0.0,0.0,0.333,0.333,0.0,West,Organic Search,4,Everyday Beauty Shoppers
C04993,4,393.75,98.438,1,0.262,0.0,1.0,0.25,0.0,0.0,0.25,0.5,0.0,North,Referral,2,Deal & Festive Shoppers
C04994,1,89.4,89.4,329,0.05,0.0,0.0,0.0,1.0,0.0,0.0,0.0,0.0,West,Paid Social,1,Everyday Fashion Shoppers
C04995,2,755.86,377.93,253,0.025,0.0,0.0,0.0,0.0,0.0,0.0,0.5,0.5,North,Paid Social,0,Everyday Home & Kitchen Shoppers
C04996,4,494.97,123.742,415,0.05,0.0,0.5,0.0,0.25,0.25,0.5,0.0,0.0,South,Organic Search,2,Deal & Festive Shoppers
C04997,2,76.63,38.315,87,0.0,0.0,0.0,0.5,0.0,0.0,0.0,0.5,0.0,North,Organic Search,4,Everyday Beauty Shoppers
C04998,1,19.13,19.13,153,0.1,0.0,0.0,0.0,1.0,0.0,0.0,0.0,0.0,South,Paid Social,1,Everyday Fashion Shoppers
C04999,2,607.03,303.515,141,0.0,0.0,0.0,0.0,0.0,0.5,0.5,0.0,0.0,North,Organic Search,3,Big-Ticket Tech Buyers
C05000,1,40.83,40.83,382,0.15,0.0,1.0,0.0,0.0,0.0,1.0,0.0,0.0,West,Paid Social,1,Everyday Fashion Shoppers
C05001,7,2462.9,351.843,330,0.143,0.0,0.286,0.0,0.0,0.143,0.143,0.714,0.0,East,Referral,0,Everyday Home & Kitchen Shoppers
C05002,3,261.25,87.083,617,0.0,0.0,0.0,0.0,0.0,0.0,0.667,0.333,0.0,West,Email,1,Everyday Fashion Shoppers
C05003,1,67.86,67.86,282,0.0,0.0,0.0,0.0,1.0,0.0,0.0,0.0,0.0,North,Email,1,Everyday Fashion Shoppers
C05004,2,1859.95,929.975,54,0.075,0.0,0.5,0.0,0.0,0.5,0.5,0.0,0.0,North,Organic Search,3,Big-Ticket Tech Buyers
C05005,3,492.29,164.097,1,0.183,0.0,0.333,0.333,0.0,0.0,0.333,0.333,0.0,East,Organic Search,2,Deal & Festive Shoppers
C05006,1,239.25,239.25,64,0.3,1.0,0.0,0.0,0.0,1.0,0.0,0.0,0.0,East,Marketplace,3,Big-Ticket Tech Buyers
C05007,2,255.17,127.585,357,0.1,0.0,0.5,0.0,0.5,0.0,0.5,0.0,0.0,East,Marketplace,1,Everyday Fashion Shoppers
C05008,2,458.76,229.38,78,0.1,0.0,0.0,0.0,0.0,0.0,0.5,0.5,0.0,West,Marketplace,0,Everyday Home & Kitchen Shoppers
C05009,1,201.58,201.58,226,0.0,0.0,0.0,0.0,0.0,0.0,1.0,0.0,0.0,West,Marketplace,1,Everyday Fashion Shoppers
C05010,4,459.56,114.89,273,0.062,0.0,0.0,0.25,0.25,0.25,0.0,0.25,0.0,East,Referral,0,Everyday Home & Kitchen Shoppers
C05011,1,241.99,241.99,124,0.2,1.0,0.0,0.0,0.0,0.0,1.0,0.0,0.0,West,Marketplace,1,Everyday Fashion Shoppers
C05012,3,324.31,108.103,20,0.1,0.333,0.333,0.333,0.0,0.333,0.0,0.333,0.0,East,Paid Social,2,Deal & Festive Shoppers
C05013,2,225.56,112.78,298,0.075,0.5,0.0,0.0,0.0,0.0,0.5,0.0,0.5,East,Email,1,Everyday Fashion Shoppers
C05014,1,51.48,51.48,59,0.3,0.0,1.0,0.0,1.0,0.0,0.0,0.0,0.0,South,Marketplace,2,Deal & Festive Shoppers
C05015,5,486.08,97.216,63,0.05,0.2,0.0,0.0,0.2,0.0,0.2,0.4,0.2,North,Email,0,Everyday Home & Kitchen Shoppers
C05016,1,132.5,132.5,72,0.1,0.0,0.0,0.0,0.0,0.0,0.0,1.0,0.0,North,Paid Social,0,Everyday Home & Kitchen Shoppers
C05017,2,349.59,174.795,473,0.1,0.0,0.0,0.0,0.0,0.0,0.5,0.5,0.0,East,Paid Social,0,Everyday Home & Kitchen Shoppers
C05018,3,987.82,329.273,99,0.117,0.0,0.0,0.0,0.0,0.333,0.333,0.333,0.0,East,Organic Search,3,Big-Ticket Tech Buyers
C05019,2,336.64,168.32,91,0.0,0.0,0.0,0.0,0.0,0.0,1.0,0.0,0.0,South,Paid Social,1,Everyday Fashion Shoppers
C05020,1,208.05,208.05,272,0.2,1.0,0.0,0.0,0.0,0.0,1.0,0.0,0.0,East,Marketplace,1,Everyday Fashion Shoppers
C05021,2,139.31,69.655,28,0.1,0.0,0.5,0.5,0.0,0.0,0.5,0.0,0.0,North,Email,2,Deal & Festive Shoppers
C05022,2,226.01,113.005,262,0.125,0.0,0.5,0.0,0.0,0.0,0.0,0.0,1.0,North,Organic Search,2,Deal & Festive Shoppers
C05023,2,135.92,67.96,201,0.0,0.0,0.0,0.0,0.0,0.0,1.0,0.0,0.0,West,Email,1,Everyday Fashion Shoppers
C05024,1,43.88,43.88,427,0.0,0.0,0.0,0.0,0.0,0.0,1.0,0.0,0.0,South,Paid Social,1,Everyday Fashion Shoppers
C05025,2,1274.4,637.2,89,0.075,0.0,0.0,0.0,0.0,0.5,0.0,0.5,0.0,North,Referral,3,Big-Ticket Tech Buyers
C05026,2,784.34,392.17,525,0.05,0.0,0.0,0.5,0.0,0.5,0.0,0.0,0.0,South,Paid Social,3,Big-Ticket Tech Buyers
C05027,2,107.7,53.85,280,0.075,0.0,0.0,0.5,0.0,0.0,0.5,0.0,0.0,South,Paid Social,4,Everyday Beauty Shoppers
C05028,1,50.05,50.05,646,0.2,0.0,0.0,1.0,0.0,0.0,0.0,0.0,0.0,East,Email,4,Everyday Beauty Shoppers
C05029,5,358.35,71.67,39,0.19,0.2,0.4,0.0,0.2,0.0,0.4,0.4,0.0,West,Email,2,Deal & Festive Shoppers
C05030,4,1396.17,349.042,213,0.112,0.25,0.0,0.25,0.0,0.75,0.0,0.0,0.0,East,Email,3,Big-Ticket Tech Buyers
C05031,3,618.63,206.21,417,0.1,0.0,0.667,0.0,0.0,0.0,0.667,0.333,0.0,East,Paid Social,2,Deal & Festive Shoppers
C05032,5,1251.62,250.324,1,0.1,0.0,0.6,0.2,0.0,0.4,0.0,0.2,0.2,South,Email,2,Deal & Festive Shoppers
C05033,1,175.05,175.05,472,0.0,0.0,0.0,0.0,0.0,0.0,0.0,1.0,0.0,East,Organic Search,0,Everyday Home & Kitchen Shoppers
C05034,4,196.37,49.092,333,0.162,0.0,0.5,0.0,0.5,0.0,0.0,0.25,0.25,South,Paid Social,2,Deal & Festive Shoppers
C05035,7,863.92,123.417,98,0.164,0.0,0.429,0.0,0.143,0.143,0.0,0.286,0.429,North,Referral,2,Deal & Festive Shoppers
C05036,3,687.07,229.023,456,0.067,0.333,0.0,0.333,0.333,0.333,0.0,0.0,0.0,West,Email,3,Big-Ticket Tech Buyers
C05037,1,22.05,22.05,88,0.0,0.0,0.0,1.0,0.0,0.0,0.0,0.0,0.0,South,Marketplace,4,Everyday Beauty Shoppers
C05038,2,108.15,54.075,297,0.1,0.0,0.0,0.0,1.0,0.0,0.0,0.0,0.0,South,Paid Social,1,Everyday Fashion Shoppers
C05039,2,79.7,39.85,25,0.15,0.0,1.0,1.0,0.0,0.0,0.0,0.0,0.0,North,Marketplace,4,Everyday Beauty Shoppers
C05040,3,301.64,100.547,372,0.133,0.0,0.667,0.333,0.0,0.0,0.0,0.667,0.0,West,Paid Social,0,Everyday Home & Kitchen Shoppers
C05041,3,288.97,96.323,381,0.05,0.0,0.333,0.333,0.0,0.0,0.333,0.0,0.333,North,Referral,4,Everyday Beauty Shoppers
C05042,1,125.68,125.68,615,0.0,0.0,0.0,0.0,0.0,0.0,0.0,0.0,1.0,South,Marketplace,1,Everyday Fashion Shoppers
C05043,3,991.11,330.37,413,0.15,0.0,0.667,0.0,0.0,0.667,0.333,0.0,0.0,West,Email,3,Big-Ticket Tech Buyers
C05044,1,24.81,24.81,332,0.2,0.0,0.0,0.0,1.0,0.0,0.0,0.0,0.0,South,Marketplace,1,Everyday Fashion Shoppers
C05045,5,257.48,51.496,50,0.18,0.2,0.4,0.8,0.0,0.0,0.2,0.0,0.0,West,Email,2,Deal & Festive Shoppers
C05046,2,336.5,168.25,254,0.0,0.0,0.0,0.0,0.5,0.0,0.0,0.5,0.0,North,Organic Search,0,Everyday Home & Kitchen Shoppers
C05047,2,630.82,315.41,116,0.025,0.5,0.0,0.0,0.0,0.5,0.5,0.0,0.0,East,Marketplace,3,Big-Ticket Tech Buyers
C05048,2,348.88,174.44,216,0.1,0.0,0.0,0.0,0.0,0.5,0.0,0.5,0.0,West,Marketplace,3,Big-Ticket Tech Buyers
C05049,1,34.37,34.37,515,0.0,0.0,0.0,0.0,1.0,0.0,0.0,0.0,0.0,East,Paid Social,1,Everyday Fashion Shoppers
C05050,1,99.36,99.36,86,0.0,0.0,0.0,0.0,0.0,0.0,1.0,0.0,0.0,East,Organic Search,1,Everyday Fashion Shoppers
C05051,4,728.03,182.008,50,0.125,0.0,0.75,0.0,0.0,0.0,0.75,0.0,0.25,South,Paid Social,2,Deal & Festive Shoppers
C05052,1,57.06,57.06,609,0.15,0.0,0.0,1.0,0.0,0.0,0.0,0.0,0.0,East,Marketplace,4,Everyday Beauty Shoppers
C05053,2,620.32,310.16,56,0.15,0.0,1.0,0.0,0.0,0.0,0.0,0.0,1.0,West,Marketplace,2,Deal & Festive Shoppers
C05054,2,186.7,93.35,41,0.125,0.0,0.5,0.5,0.0,0.0,0.5,0.0,0.0,East,Marketplace,2,Deal & Festive Shoppers
C05055,1,35.2,35.2,679,0.0,0.0,0.0,1.0,0.0,0.0,0.0,0.0,0.0,West,Paid Social,4,Everyday Beauty Shoppers
C05056,1,30.45,30.45,83,0.2,1.0,0.0,0.0,0.0,0.0,0.0,1.0,0.0,East,Organic Search,0,Everyday Home & Kitchen Shoppers
C05057,1,69.47,69.47,66,0.1,0.0,0.0,0.0,1.0,0.0,0.0,0.0,0.0,East,Paid Social,1,Everyday Fashion Shoppers
C05058,1,60.15,60.15,137,0.0,1.0,0.0,0.0,0.0,0.0,1.0,0.0,0.0,South,Paid Social,1,Everyday Fashion Shoppers
C05059,4,611.38,152.845,199,0.0,0.0,0.0,0.25,0.0,0.0,0.25,0.5,0.0,East,Organic Search,0,Everyday Home & Kitchen Shoppers
C05060,3,701.74,233.913,58,0.1,0.0,0.333,0.333,0.0,0.333,0.0,0.0,0.333,West,Organic Search,3,Big-Ticket Tech Buyers
C05061,1,42.94,42.94,351,0.0,0.0,0.0,1.0,0.0,0.0,0.0,0.0,0.0,East,Organic Search,4,Everyday Beauty Shoppers
C05062,2,92.89,46.445,283,0.05,0.0,0.0,0.5,0.0,0.0,0.5,0.0,0.0,North,Organic Search,4,Everyday Beauty Shoppers
C05063,3,608.15,202.717,115,0.033,0.0,0.0,0.0,0.0,0.333,0.0,0.0,0.667,East,Email,3,Big-Ticket Tech Buyers
C05064,3,1300.55,433.517,48,0.1,0.0,0.667,0.0,0.0,0.667,0.333,0.0,0.0,East,Paid Social,3,Big-Ticket Tech Buyers
C05065,3,545.27,181.757,70,0.017,0.0,0.0,0.333,0.0,0.333,0.0,0.333,0.0,West,Paid Social,3,Big-Ticket Tech Buyers
C05066,5,1077.06,215.412,53,0.06,0.0,0.4,0.2,0.0,0.4,0.4,0.0,0.0,North,Referral,2,Deal & Festive Shoppers
C05067,1,147.15,147.15,347,0.15,0.0,0.0,0.0,0.0,0.0,0.0,1.0,0.0,North,Marketplace,0,Everyday Home & Kitchen Shoppers
C05068,4,908.09,227.022,479,0.012,0.25,0.0,0.25,0.5,0.0,0.0,0.0,0.25,South,Email,4,Everyday Beauty Shoppers
C05069,6,3620.44,603.407,428,0.0,0.333,0.0,0.167,0.0,0.5,0.167,0.167,0.0,North,Referral,3,Big-Ticket Tech Buyers
C05070,3,194.86,64.953,21,0.133,0.0,1.0,0.0,0.0,0.333,0.667,0.0,0.0,West,Email,2,Deal & Festive Shoppers
C05071,3,805.93,268.643,2,0.067,0.0,0.667,0.0,0.0,0.0,0.0,0.667,0.333,South,Email,2,Deal & Festive Shoppers
C05072,2,55.66,27.83,201,0.0,0.0,0.0,0.5,0.0,0.0,0.5,0.0,0.0,East,Email,4,Everyday Beauty Shoppers
C05073,1,139.23,139.23,603,0.0,0.0,0.0,0.0,0.0,0.0,0.0,1.0,0.0,North,Paid Social,0,Everyday Home & Kitchen Shoppers
C05074,2,440.1,220.05,163,0.025,0.0,0.0,0.0,0.0,0.0,0.0,0.5,0.5,South,Referral,0,Everyday Home & Kitchen Shoppers
C05075,3,1226.43,408.81,118,0.1,0.0,0.333,0.0,0.0,0.333,0.0,0.667,0.0,West,Paid Social,0,Everyday Home & Kitchen Shoppers
C05076,2,143.69,71.845,388,0.1,0.0,0.5,0.0,0.5,0.0,0.5,0.0,0.0,South,Paid Social,1,Everyday Fashion Shoppers
C05077,2,517.87,258.935,280,0.075,0.0,0.0,0.0,0.0,0.5,0.5,0.0,0.0,North,Organic Search,3,Big-Ticket Tech Buyers
C05078,1,104.36,104.36,718,0.0,0.0,0.0,0.0,0.0,0.0,1.0,0.0,0.0,North,Paid Social,1,Everyday Fashion Shoppers
C05079,2,166.84,83.42,24,0.05,0.0,0.5,0.0,0.0,0.0,0.0,1.0,0.0,West,Paid Social,0,Everyday Home & Kitchen Shoppers
C05080,5,400.08,80.016,86,0.16,0.0,0.4,0.2,0.2,0.0,0.4,0.2,0.0,West,Referral,2,Deal & Festive Shoppers
C05081,1,863.35,863.35,498,0.1,0.0,0.0,0.0,0.0,1.0,0.0,0.0,0.0,North,Paid Social,3,Big-Ticket Tech Buyers
C05082,2,242.28,121.14,366,0.3,0.0,1.0,0.0,0.0,0.0,0.0,1.0,0.0,East,Organic Search,2,Deal & Festive Shoppers
C05083,2,170.74,85.37,565,0.05,0.0,0.0,0.0,0.0,0.0,0.0,0.5,0.5,North,Paid Social,0,Everyday Home & Kitchen Shoppers
C05084,3,884.54,294.847,288,0.133,0.0,0.667,0.667,0.0,0.333,0.0,0.0,0.0,East,Paid Social,3,Big-Ticket Tech Buyers
C05085,2,124.35,62.175,295,0.25,0.0,0.0,0.0,0.5,0.0,0.0,0.0,0.5,North,Email,1,Everyday Fashion Shoppers
C05086,2,282.92,141.46,357,0.15,0.0,0.0,0.0,0.0,0.5,0.5,0.0,0.0,West,Paid Social,3,Big-Ticket Tech Buyers
C05087,4,422.86,105.715,36,0.2,0.0,0.75,0.75,0.0,0.25,0.0,0.0,0.0,West,Organic Search,2,Deal & Festive Shoppers
C05088,5,744.52,148.904,350,0.12,0.0,0.6,0.2,0.0,0.0,0.6,0.2,0.0,North,Organic Search,2,Deal & Festive Shoppers
C05089,1,132.28,132.28,629,0.05,0.0,0.0,1.0,0.0,0.0,0.0,0.0,0.0,South,Paid Social,4,Everyday Beauty Shoppers
C05090,1,474.48,474.48,357,0.0,0.0,0.0,0.0,0.0,0.0,0.0,1.0,0.0,North,Organic Search,0,Everyday Home & Kitchen Shoppers
C05091,1,103.52,103.52,104,0.0,0.0,0.0,0.0,0.0,0.0,0.0,0.0,1.0,South,Paid Social,1,Everyday Fashion Shoppers
C05092,10,1868.42,186.842,247,0.135,0.2,0.6,0.3,0.2,0.2,0.1,0.2,0.0,North,Referral,2,Deal & Festive Shoppers
C05093,2,75.53,37.765,413,0.1,0.0,0.5,0.0,0.5,0.0,0.5,0.0,0.0,North,Marketplace,1,Everyday Fashion Shoppers
C05094,2,401.34,200.67,34,0.2,0.0,1.0,0.0,0.0,0.0,1.0,0.0,0.0,West,Referral,2,Deal & Festive Shoppers
C05095,2,105.97,52.985,315,0.15,0.0,0.5,0.0,0.0,0.0,0.0,0.5,0.5,North,Organic Search,0,Everyday Home & Kitchen Shoppers
C05096,3,269.17,89.723,28,0.15,0.0,0.667,0.0,0.667,0.0,0.0,0.0,0.333,West,Paid Social,2,Deal & Festive Shoppers
C05097,4,378.27,94.568,53,0.062,0.0,0.25,0.25,0.25,0.0,0.5,0.0,0.0,North,Email,2,Deal & Festive Shoppers
C05098,2,204.16,102.08,493,0.0,0.0,0.0,0.5,0.0,0.0,0.0,0.0,0.5,East,Organic Search,4,Everyday Beauty Shoppers
C05099,1,62.33,62.33,74,0.0,0.0,0.0,0.0,0.0,0.0,0.0,0.0,1.0,South,Marketplace,1,Everyday Fashion Shoppers
C05100,1,80.76,80.76,523,0.0,0.0,0.0,0.0,0.0,0.0,1.0,0.0,0.0,West,Paid Social,1,Everyday Fashion Shoppers
C05101,1,51.94,51.94,332,0.15,0.0,0.0,0.0,0.0,0.0,0.0,0.0,1.0,North,Organic Search,1,Everyday Fashion Shoppers
C05102,2,120.34,60.17,262,0.225,0.0,0.0,0.5,0.0,0.0,0.5,0.0,0.0,North,Organic Search,4,Everyday Beauty Shoppers
C05103,3,188.14,62.713,399,0.2,0.0,0.667,0.667,0.0,0.0,0.333,0.0,0.0,East,Marketplace,4,Everyday Beauty Shoppers
C05104,2,114.64,57.32,372,0.3,0.0,1.0,0.0,0.0,0.0,0.0,1.0,0.0,East,Marketplace,2,Deal & Festive Shoppers
C05105,2,103.13,51.565,621,0.15,0.0,0.0,0.0,0.0,0.0,0.0,0.5,0.5,East,Marketplace,0,Everyday Home & Kitchen Shoppers
C05106,1,20.07,20.07,281,0.1,0.0,0.0,0.0,1.0,0.0,0.0,0.0,0.0,North,Paid Social,1,Everyday Fashion Shoppers
C05107,1,25.97,25.97,200,0.1,0.0,0.0,0.0,1.0,0.0,0.0,0.0,0.0,North,Email,1,Everyday Fashion Shoppers
C05108,5,581.6,116.32,6,0.12,0.0,1.0,0.0,0.0,0.4,0.0,0.6,0.0,West,Organic Search,2,Deal & Festive Shoppers
C05109,1,536.36,536.36,490,0.1,0.0,0.0,0.0,0.0,1.0,0.0,0.0,0.0,East,Paid Social,3,Big-Ticket Tech Buyers
C05110,4,625.67,156.418,83,0.025,0.0,0.0,0.25,0.0,0.0,0.25,0.25,0.25,East,Email,0,Everyday Home & Kitchen Shoppers
C05111,3,148.27,49.423,254,0.083,0.0,0.0,0.0,0.333,0.0,0.333,0.333,0.0,South,Marketplace,0,Everyday Home & Kitchen Shoppers
C05112,1,278.63,278.63,228,0.15,0.0,0.0,0.0,0.0,0.0,0.0,1.0,0.0,North,Paid Social,0,Everyday Home & Kitchen Shoppers
C05113,2,594.82,297.41,33,0.1,0.0,1.0,0.0,0.0,0.0,0.0,1.0,0.0,West,Paid Social,2,Deal & Festive Shoppers
C05114,4,315.46,78.865,556,0.062,0.0,0.0,0.0,0.25,0.0,0.0,0.75,0.0,East,Organic Search,0,Everyday Home & Kitchen Shoppers
C05115,1,71.77,71.77,554,0.05,0.0,0.0,0.0,0.0,0.0,0.0,0.0,1.0,North,Paid Social,1,Everyday Fashion Shoppers
C05116,2,195.64,97.82,507,0.075,0.5,0.0,0.0,0.0,0.0,0.5,0.0,0.5,West,Organic Search,1,Everyday Fashion Shoppers
C05117,1,64.94,64.94,552,0.0,0.0,0.0,0.0,0.0,0.0,1.0,0.0,0.0,East,Marketplace,1,Everyday Fashion Shoppers
C05118,2,126.15,63.075,311,0.15,0.0,0.5,0.0,0.0,0.0,0.5,0.5,0.0,South,Organic Search,2,Deal & Festive Shoppers
C05119,1,139.06,139.06,106,0.0,0.0,0.0,0.0,0.0,0.0,0.0,1.0,0.0,South,Email,0,Everyday Home & Kitchen Shoppers
C05120,3,484.97,161.657,606,0.033,0.0,0.0,0.0,0.333,0.0,0.0,0.667,0.0,East,Organic Search,0,Everyday Home & Kitchen Shoppers
C05121,1,98.46,98.46,159,0.05,0.0,0.0,0.0,0.0,0.0,1.0,0.0,0.0,South,Paid Social,1,Everyday Fashion Shoppers
C05122,2,80.98,40.49,88,0.05,0.0,0.0,1.0,0.0,0.0,0.0,0.0,0.0,East,Organic Search,4,Everyday Beauty Shoppers
C05123,1,122.32,122.32,291,0.0,0.0,0.0,0.0,0.0,0.0,0.0,1.0,0.0,East,Paid Social,0,Everyday Home & Kitchen Shoppers
C05124,2,33.9,16.95,236,0.125,0.0,0.0,1.0,0.0,0.0,0.0,0.0,0.0,North,Paid Social,4,Everyday Beauty Shoppers
C05125,8,1170.7,146.338,275,0.162,0.25,0.5,0.0,0.5,0.0,0.125,0.375,0.0,West,Referral,2,Deal & Festive Shoppers
C05126,1,97.29,97.29,190,0.0,0.0,0.0,0.0,0.0,0.0,0.0,0.0,1.0,South,Marketplace,1,Everyday Fashion Shoppers
C05127,2,80.76,40.38,300,0.0,0.0,0.0,0.0,0.5,0.0,0.0,0.5,0.0,South,Paid Social,0,Everyday Home & Kitchen Shoppers
C05128,5,1510.57,302.114,100,0.04,0.2,0.0,0.0,0.0,0.4,0.4,0.2,0.0,East,Referral,3,Big-Ticket Tech Buyers
C05129,2,481.29,240.645,157,0.025,0.0,0.0,0.0,0.0,0.0,1.0,0.0,0.0,East,Marketplace,1,Everyday Fashion Shoppers
C05130,1,177.39,177.39,291,0.2,0.0,0.0,0.0,0.0,0.0,0.0,0.0,1.0,South,Organic Search,1,Everyday Fashion Shoppers
C05131,2,187.47,93.735,326,0.15,0.0,0.0,0.0,0.0,0.0,0.0,1.0,0.0,East,Marketplace,0,Everyday Home & Kitchen Shoppers
C05132,4,426.33,106.582,280,0.1,0.75,0.5,0.0,0.25,0.0,0.25,0.0,0.5,West,Marketplace,2,Deal & Festive Shoppers
C05133,3,622.94,207.647,215,0.133,0.0,0.667,0.0,0.0,0.333,0.667,0.0,0.0,West,Marketplace,2,Deal & Festive Shoppers
C05134,4,1219.16,304.79,148,0.038,0.0,0.0,0.0,0.0,0.25,0.25,0.25,0.25,West,Referral,3,Big-Ticket Tech Buyers
C05135,1,21.17,21.17,212,0.05,0.0,0.0,0.0,1.0,0.0,0.0,0.0,0.0,North,Email,1,Everyday Fashion Shoppers
C05136,1,405.57,405.57,653,0.1,0.0,0.0,0.0,0.0,0.0,0.0,1.0,0.0,South,Paid Social,0,Everyday Home & Kitchen Shoppers
C05137,3,341.69,113.897,283,0.1,0.0,0.667,0.0,0.0,0.667,0.333,0.0,0.0,East,Referral,3,Big-Ticket Tech Buyers
C05138,3,516.14,172.047,213,0.117,0.0,0.0,0.0,0.0,0.0,0.333,0.333,0.333,North,Marketplace,0,Everyday Home & Kitchen Shoppers
C05139,2,875.69,437.845,645,0.0,0.0,0.0,0.0,0.0,0.5,0.0,0.0,0.5,East,Organic Search,3,Big-Ticket Tech Buyers
C05140,2,444.86,222.43,21,0.2,0.0,1.0,0.0,0.0,0.0,0.0,0.0,1.0,South,Email,2,Deal & Festive Shoppers
C05141,1,78.27,78.27,452,0.0,0.0,0.0,0.0,0.0,0.0,1.0,0.0,0.0,South,Paid Social,1,Everyday Fashion Shoppers
C05142,1,273.48,273.48,712,0.0,0.0,0.0,0.0,0.0,1.0,0.0,0.0,0.0,North,Organic Search,3,Big-Ticket Tech Buyers
C05143,6,450.32,75.053,5,0.233,0.0,0.667,0.167,0.0,0.0,0.333,0.167,0.333,South,Referral,2,Deal & Festive Shoppers
C05144,4,540.32,135.08,103,0.012,0.25,0.0,0.0,0.25,0.25,0.25,0.0,0.25,South,Email,3,Big-Ticket Tech Buyers
C05145,6,967.79,161.298,57,0.15,0.167,0.333,0.0,0.333,0.0,0.667,0.0,0.0,East,Referral,2,Deal & Festive Shoppers
C05146,1,61.08,61.08,192,0.0,0.0,0.0,0.0,1.0,0.0,0.0,0.0,0.0,East,Marketplace,1,Everyday Fashion Shoppers
C05147,3,605.0,201.667,240,0.083,0.0,0.333,0.0,0.0,0.333,0.667,0.0,0.0,North,Paid Social,3,Big-Ticket Tech Buyers
C05148,3,291.02,97.007,21,0.2,0.0,0.667,0.0,0.0,0.0,0.0,0.333,0.667,North,Marketplace,2,Deal & Festive Shoppers
C05149,2,124.51,62.255,452,0.15,0.5,0.0,0.5,0.0,0.0,0.5,0.0,0.0,West,Referral,4,Everyday Beauty Shoppers
C05150,3,853.5,284.5,37,0.183,0.0,0.333,0.0,0.0,0.333,0.667,0.0,0.0,North,Email,2,Deal & Festive Shoppers
C05151,4,1048.27,262.068,535,0.075,0.0,0.0,0.0,0.0,0.0,0.25,0.5,0.25,East,Organic Search,0,Everyday Home & Kitchen Shoppers
C05152,2,1052.92,526.46,155,0.025,0.5,0.0,0.0,0.5,0.5,0.0,0.0,0.0,East,Paid Social,3,Big-Ticket Tech Buyers
C05153,2,139.19,69.595,328,0.075,0.0,0.0,0.5,0.0,0.0,0.0,0.5,0.0,East,Marketplace,4,Everyday Beauty Shoppers
C05154,1,121.86,121.86,240,0.0,0.0,0.0,1.0,0.0,0.0,0.0,0.0,0.0,West,Organic Search,4,Everyday Beauty Shoppers
C05155,3,1912.14,637.38,2,0.067,0.333,0.667,0.0,0.0,0.333,0.0,0.667,0.0,East,Paid Social,2,Deal & Festive Shoppers
C05156,3,260.29,86.763,78,0.15,0.0,0.0,0.0,0.0,0.0,0.667,0.333,0.0,West,Email,1,Everyday Fashion Shoppers
C05157,4,1094.81,273.702,48,0.1,0.0,0.5,0.5,0.0,0.25,0.0,0.25,0.0,West,Email,2,Deal & Festive Shoppers
C05158,1,134.97,134.97,630,0.0,0.0,0.0,0.0,0.0,0.0,0.0,0.0,1.0,North,Marketplace,1,Everyday Fashion Shoppers
C05159,4,708.01,177.002,322,0.038,0.25,0.0,0.0,0.0,0.0,0.5,0.25,0.25,North,Email,1,Everyday Fashion Shoppers
C05160,4,307.02,76.755,44,0.15,0.0,0.75,0.0,0.25,0.0,0.25,0.5,0.0,South,Marketplace,2,Deal & Festive Shoppers
C05161,2,123.25,61.625,346,0.1,0.5,0.0,0.0,0.5,0.0,0.5,0.0,0.0,South,Paid Social,1,Everyday Fashion Shoppers
C05162,6,1021.94,170.323,307,0.075,0.0,0.333,0.0,0.167,0.0,0.0,0.667,0.167,East,Referral,0,Everyday Home & Kitchen Shoppers
C05163,1,436.48,436.48,531,0.0,0.0,0.0,0.0,0.0,0.0,0.0,0.0,1.0,North,Marketplace,1,Everyday Fashion Shoppers
C05164,2,121.6,60.8,92,0.025,0.0,0.0,0.0,0.5,0.0,0.0,0.5,0.0,North,Email,0,Everyday Home & Kitchen Shoppers
C05165,3,436.5,145.5,397,0.1,0.0,0.667,0.333,0.0,0.0,0.667,0.0,0.0,South,Organic Search,2,Deal & Festive Shoppers
C05166,1,151.25,151.25,672,0.2,0.0,0.0,0.0,0.0,0.0,1.0,0.0,0.0,East,Paid Social,1,Everyday Fashion Shoppers
C05167,2,322.72,161.36,99,0.025,0.0,0.0,0.0,0.0,0.0,1.0,0.0,0.0,East,Referral,1,Everyday Fashion Shoppers
C05168,2,509.44,254.72,548,0.075,0.0,0.0,0.0,0.0,0.5,0.5,0.0,0.0,West,Email,3,Big-Ticket Tech Buyers
C05169,1,174.22,174.22,467,0.1,0.0,0.0,0.0,0.0,0.0,0.0,0.0,1.0,North,Paid Social,1,Everyday Fashion Shoppers
C05170,3,253.57,84.523,487,0.0,0.333,0.0,0.0,0.333,0.0,0.667,0.0,0.0,South,Email,1,Everyday Fashion Shoppers
C05171,2,254.43,127.215,184,0.125,0.0,0.0,0.0,0.5,0.0,0.0,0.5,0.0,West,Marketplace,0,Everyday Home & Kitchen Shoppers
C05172,3,1119.84,373.28,98,0.133,0.0,0.667,0.0,0.333,0.0,0.0,0.0,0.667,East,Organic Search,2,Deal & Festive Shoppers
C05173,1,336.76,336.76,110,0.0,0.0,0.0,0.0,0.0,0.0,0.0,1.0,0.0,East,Referral,0,Everyday Home & Kitchen Shoppers
C05174,2,348.33,174.165,443,0.0,0.5,0.0,0.5,0.0,0.0,0.0,0.0,0.5,East,Referral,4,Everyday Beauty Shoppers
C05175,1,82.99,82.99,577,0.05,0.0,0.0,1.0,0.0,0.0,0.0,0.0,0.0,North,Organic Search,4,Everyday Beauty Shoppers
C05176,2,204.11,102.055,551,0.05,0.0,0.0,0.5,0.0,0.0,0.0,0.0,0.5,West,Paid Social,4,Everyday Beauty Shoppers
C05177,3,1523.65,507.883,101,0.017,0.0,0.0,0.333,0.0,0.333,0.0,0.333,0.0,East,Paid Social,3,Big-Ticket Tech Buyers
C05178,3,524.06,174.687,179,0.133,0.0,0.667,0.333,0.0,0.0,0.0,0.667,0.0,East,Email,2,Deal & Festive Shoppers
C05179,1,39.22,39.22,669,0.1,0.0,0.0,0.0,0.0,0.0,1.0,0.0,0.0,East,Paid Social,1,Everyday Fashion Shoppers
C05180,2,722.53,361.265,441,0.025,0.0,0.0,0.0,0.0,0.5,0.0,0.5,0.0,South,Organic Search,3,Big-Ticket Tech Buyers
C05181,1,47.55,47.55,133,0.1,0.0,0.0,0.0,1.0,0.0,0.0,0.0,0.0,North,Paid Social,1,Everyday Fashion Shoppers
C05182,2,160.91,80.455,155,0.025,0.0,0.0,0.0,0.0,0.0,0.5,0.0,0.5,East,Marketplace,1,Everyday Fashion Shoppers
C05183,3,270.38,90.127,103,0.133,0.333,0.0,0.333,0.0,0.0,0.333,0.333,0.0,East,Referral,0,Everyday Home & Kitchen Shoppers
C05184,1,63.91,63.91,97,0.3,1.0,0.0,0.0,0.0,0.0,0.0,1.0,0.0,North,Paid Social,0,Everyday Home & Kitchen Shoppers
C05185,1,229.69,229.69,175,0.05,0.0,0.0,0.0,0.0,0.0,0.0,0.0,1.0,South,Marketplace,1,Everyday Fashion Shoppers
C05186,1,346.57,346.57,273,0.1,0.0,0.0,0.0,0.0,0.0,0.0,0.0,1.0,West,Organic Search,1,Everyday Fashion Shoppers
C05187,2,227.99,113.995,108,0.075,0.0,0.0,0.0,0.0,0.0,0.0,1.0,0.0,South,Paid Social,0,Everyday Home & Kitchen Shoppers
C05188,1,102.44,102.44,630,0.0,0.0,0.0,1.0,0.0,0.0,0.0,0.0,0.0,South,Paid Social,4,Everyday Beauty Shoppers
C05189,1,106.3,106.3,159,0.0,0.0,0.0,0.0,0.0,0.0,1.0,0.0,0.0,East,Email,1,Everyday Fashion Shoppers
C05190,3,484.58,161.527,210,0.1,0.0,0.0,0.0,0.0,0.0,0.333,0.333,0.333,West,Marketplace,0,Everyday Home & Kitchen Shoppers
C05191,1,785.34,785.34,205,0.0,0.0,0.0,0.0,0.0,1.0,0.0,0.0,0.0,East,Organic Search,3,Big-Ticket Tech Buyers
C05192,1,26.79,26.79,77,0.05,0.0,0.0,0.0,1.0,0.0,0.0,0.0,0.0,West,Email,1,Everyday Fashion Shoppers
C05193,4,137.16,34.29,373,0.2,0.5,1.0,0.0,0.0,0.0,1.0,0.0,0.0,North,Email,2,Deal & Festive Shoppers
C05194,2,290.38,145.19,602,0.075,0.0,0.0,0.0,0.5,0.5,0.0,0.0,0.0,West,Marketplace,3,Big-Ticket Tech Buyers
C05195,5,671.22,134.244,4,0.12,0.0,0.4,0.0,0.2,0.0,0.4,0.4,0.0,West,Marketplace,2,Deal & Festive Shoppers
C05196,3,331.1,110.367,408,0.217,0.0,0.667,0.0,0.667,0.0,0.0,0.0,0.333,East,Email,2,Deal & Festive Shoppers
C05197,1,312.84,312.84,64,0.0,0.0,0.0,0.0,0.0,0.0,0.0,1.0,0.0,East,Organic Search,0,Everyday Home & Kitchen Shoppers
C05198,1,344.85,344.85,62,0.0,0.0,0.0,0.0,0.0,0.0,0.0,0.0,1.0,North,Paid Social,1,Everyday Fashion Shoppers
C05199,2,321.68,160.84,273,0.075,0.0,0.0,0.0,0.0,0.0,0.0,1.0,0.0,South,Marketplace,0,Everyday Home & Kitchen Shoppers
C05200,4,350.98,87.745,23,0.15,0.0,1.0,0.25,0.0,0.0,0.25,0.5,0.0,North,Referral,2,Deal & Festive Shoppers
C05201,2,393.7,196.85,408,0.1,0.0,1.0,0.0,0.0,0.0,1.0,0.0,0.0,North,Paid Social,2,Deal & Festive Shoppers
C05202,3,2021.6,673.867,2,0.15,0.333,0.667,0.333,0.0,0.667,0.0,0.0,0.0,West,Marketplace,2,Deal & Festive Shoppers
C05203,2,34.83,17.415,124,0.175,0.0,0.0,1.0,0.0,0.0,0.0,0.0,0.0,North,Marketplace,4,Everyday Beauty Shoppers
C05204,1,65.62,65.62,262,0.05,0.0,0.0,0.0,0.0,0.0,1.0,0.0,0.0,East,Email,1,Everyday Fashion Shoppers
C05205,3,558.78,186.26,169,0.05,0.0,0.0,0.333,0.0,0.333,0.333,0.0,0.0,South,Marketplace,3,Big-Ticket Tech Buyers
C05206,2,320.82,160.41,407,0.15,0.0,1.0,0.0,0.0,0.0,0.0,1.0,0.0,South,Organic Search,0,Everyday Home & Kitchen Shoppers
C05207,1,833.75,833.75,231,0.15,0.0,0.0,0.0,0.0,1.0,0.0,0.0,0.0,South,Email,3,Big-Ticket Tech Buyers
C05208,1,359.76,359.76,196,0.05,1.0,0.0,0.0,0.0,0.0,1.0,0.0,0.0,South,Marketplace,1,Everyday Fashion Shoppers
C05209,5,638.67,127.734,121,0.14,0.2,0.4,0.0,0.2,0.4,0.2,0.0,0.2,East,Organic Search,2,Deal & Festive Shoppers
C05210,3,330.07,110.023,105,0.067,0.0,0.0,0.333,0.0,0.0,0.333,0.333,0.0,West,Organic Search,0,Everyday Home & Kitchen Shoppers
C05211,1,140.29,140.29,648,0.1,0.0,0.0,0.0,0.0,0.0,0.0,1.0,0.0,South,Email,0,Everyday Home & Kitchen Shoppers
C05212,2,486.26,243.13,532,0.0,0.5,0.0,0.0,0.0,0.0,0.0,1.0,0.0,West,Paid Social,0,Everyday Home & Kitchen Shoppers
C05213,3,190.22,63.407,357,0.183,0.0,0.333,0.0,0.0,0.0,0.0,1.0,0.0,East,Organic Search,0,Everyday Home & Kitchen Shoppers
C05214,1,45.08,45.08,302,0.0,0.0,0.0,0.0,0.0,0.0,1.0,0.0,0.0,East,Organic Search,1,Everyday Fashion Shoppers
C05215,1,244.99,244.99,167,0.05,0.0,0.0,0.0,0.0,0.0,0.0,1.0,0.0,North,Paid Social,0,Everyday Home & Kitchen Shoppers
C05216,2,829.98,414.99,403,0.075,0.0,0.5,0.0,0.0,0.5,0.0,0.0,0.5,North,Paid Social,3,Big-Ticket Tech Buyers
C05217,2,496.57,248.285,63,0.05,0.0,0.0,0.0,0.0,0.0,0.5,0.0,0.5,West,Marketplace,1,Everyday Fashion Shoppers
C05218,4,1021.94,255.485,184,0.0,0.0,0.0,0.0,0.25,0.25,0.25,0.25,0.0,East,Referral,3,Big-Ticket Tech Buyers
C05219,2,269.21,134.605,553,0.025,0.0,0.0,0.0,0.0,0.0,1.0,0.0,0.0,South,Email,1,Everyday Fashion Shoppers
C05220,3,280.93,93.643,279,0.067,0.333,0.0,0.333,0.0,0.0,0.0,0.667,0.0,West,Organic Search,0,Everyday Home & Kitchen Shoppers
C05221,1,198.42,198.42,512,0.0,0.0,0.0,1.0,0.0,0.0,0.0,0.0,0.0,South,Paid Social,4,Everyday Beauty Shoppers
C05222,1,64.22,64.22,108,0.05,0.0,0.0,0.0,0.0,0.0,1.0,0.0,0.0,East,Paid Social,1,Everyday Fashion Shoppers
C05223,1,888.33,888.33,70,0.0,1.0,0.0,0.0,0.0,1.0,0.0,0.0,0.0,South,Marketplace,3,Big-Ticket Tech Buyers
C05224,1,303.1,303.1,144,0.1,0.0,0.0,0.0,0.0,0.0,0.0,1.0,0.0,West,Marketplace,0,Everyday Home & Kitchen Shoppers
C05225,2,31.99,15.995,255,0.125,0.0,0.0,0.5,0.5,0.0,0.0,0.0,0.0,North,Paid Social,4,Everyday Beauty Shoppers
C05226,2,360.4,180.2,372,0.15,1.0,1.0,0.0,0.0,0.0,1.0,0.0,0.0,North,Marketplace,2,Deal & Festive Shoppers
C05227,1,103.77,103.77,507,0.1,0.0,0.0,0.0,0.0,0.0,0.0,1.0,0.0,East,Organic Search,0,Everyday Home & Kitchen Shoppers
C05228,1,293.01,293.01,184,0.0,0.0,0.0,0.0,0.0,0.0,1.0,0.0,0.0,North,Paid Social,1,Everyday Fashion Shoppers
C05229,6,697.6,116.267,278,0.083,0.0,0.333,0.0,0.0,0.167,0.167,0.667,0.0,West,Email,0,Everyday Home & Kitchen Shoppers
C05230,1,124.68,124.68,542,0.0,0.0,0.0,0.0,0.0,0.0,0.0,1.0,0.0,East,Paid Social,0,Everyday Home & Kitchen Shoppers
C05231,5,1026.14,205.228,371,0.17,0.2,0.4,0.2,0.0,0.2,0.2,0.4,0.0,North,Marketplace,2,Deal & Festive Shoppers
C05232,3,356.16,118.72,319,0.1,0.0,0.667,0.0,0.0,0.0,1.0,0.0,0.0,North,Organic Search,2,Deal & Festive Shoppers
C05233,6,2290.9,381.817,234,0.15,0.167,0.333,0.0,0.167,0.333,0.5,0.0,0.0,West,Email,3,Big-Ticket Tech Buyers
C05234,4,278.59,69.648,338,0.0,0.0,0.0,0.25,0.0,0.0,0.5,0.25,0.0,East,Organic Search,1,Everyday Fashion Shoppers
C05235,1,152.26,152.26,457,0.0,0.0,0.0,0.0,0.0,0.0,0.0,1.0,0.0,West,Organic Search,0,Everyday Home & Kitchen Shoppers
C05236,1,50.43,50.43,125,0.1,0.0,0.0,0.0,0.0,0.0,1.0,0.0,0.0,North,Paid Social,1,Everyday Fashion Shoppers
C05237,2,41.0,20.5,166,0.075,0.0,0.0,0.0,0.5,0.0,0.0,0.5,0.0,West,Marketplace,0,Everyday Home & Kitchen Shoppers
C05238,1,230.65,230.65,148,0.1,0.0,0.0,0.0,0.0,0.0,0.0,1.0,0.0,East,Referral,0,Everyday Home & Kitchen Shoppers
C05239,1,26.41,26.41,83,0.2,0.0,0.0,1.0,0.0,0.0,0.0,0.0,0.0,East,Referral,4,Everyday Beauty Shoppers
C05240,2,604.81,302.405,85,0.1,0.5,0.0,0.0,0.0,0.5,0.5,0.0,0.0,South,Organic Search,3,Big-Ticket Tech Buyers
C05241,1,138.3,138.3,486,0.0,0.0,0.0,0.0,0.0,0.0,1.0,0.0,0.0,North,Organic Search,1,Everyday Fashion Shoppers
C05242,1,67.34,67.34,104,0.05,0.0,0.0,0.0,0.0,0.0,0.0,0.0,1.0,West,Organic Search,1,Everyday Fashion Shoppers
C05243,1,484.84,484.84,89,0.1,0.0,0.0,0.0,0.0,1.0,0.0,0.0,0.0,West,Email,3,Big-Ticket Tech Buyers
C05244,1,317.02,317.02,55,0.3,0.0,1.0,0.0,0.0,0.0,0.0,0.0,1.0,South,Organic Search,2,Deal & Festive Shoppers
C05245,2,263.3,131.65,258,0.075,0.0,0.0,0.5,0.0,0.0,0.0,0.0,0.5,West,Paid Social,4,Everyday Beauty Shoppers
C05246,8,1715.07,214.384,173,0.081,0.0,0.5,0.0,0.25,0.25,0.375,0.125,0.0,North,Referral,2,Deal & Festive Shoppers
C05247,2,342.97,171.485,273,0.025,0.0,0.0,0.5,0.0,0.5,0.0,0.0,0.0,North,Referral,3,Big-Ticket Tech Buyers
C05248,1,569.69,569.69,63,0.3,0.0,0.0,0.0,0.0,1.0,0.0,0.0,0.0,North,Paid Social,3,Big-Ticket Tech Buyers
C05249,1,59.33,59.33,87,0.0,0.0,0.0,0.0,0.0,0.0,1.0,0.0,0.0,South,Organic Search,1,Everyday Fashion Shoppers
C05250,1,22.15,22.15,316,0.05,0.0,0.0,0.0,0.0,0.0,1.0,0.0,0.0,North,Paid Social,1,Everyday Fashion Shoppers
C05251,3,416.3,138.767,5,0.083,0.0,0.333,0.0,0.0,0.333,0.0,0.333,0.333,South,Email,2,Deal & Festive Shoppers
C05252,3,735.54,245.18,396,0.1,0.0,0.667,0.0,0.0,0.0,0.333,0.667,0.0,North,Organic Search,0,Everyday Home & Kitchen Shoppers
C05253,3,752.87,250.957,179,0.033,0.0,0.0,0.333,0.333,0.333,0.0,0.0,0.0,East,Email,3,Big-Ticket Tech Buyers
C05254,1,1615.44,1615.44,333,0.0,0.0,0.0,0.0,0.0,1.0,0.0,0.0,0.0,West,Organic Search,3,Big-Ticket Tech Buyers
C05255,3,218.42,72.807,327,0.15,0.0,0.333,0.333,0.333,0.0,0.333,0.0,0.0,East,Marketplace,4,Everyday Beauty Shoppers
C05256,1,132.08,132.08,491,0.1,0.0,0.0,0.0,0.0,0.0,0.0,1.0,0.0,North,Marketplace,0,Everyday Home & Kitchen Shoppers
C05257,4,1669.29,417.322,294,0.125,0.25,0.0,0.0,0.0,0.5,0.25,0.0,0.25,East,Organic Search,3,Big-Ticket Tech Buyers
C05258,3,2146.52,715.507,375,0.25,0.0,0.667,0.333,0.0,0.667,0.0,0.0,0.0,North,Paid Social,3,Big-Ticket Tech Buyers
C05259,1,291.9,291.9,253,0.0,0.0,0.0,0.0,0.0,0.0,0.0,0.0,1.0,East,Paid Social,1,Everyday Fashion Shoppers
C05260,1,57.36,57.36,562,0.0,0.0,0.0,1.0,0.0,0.0,0.0,0.0,0.0,East,Marketplace,4,Everyday Beauty Shoppers
C05261,2,398.46,199.23,23,0.3,0.0,1.0,0.0,0.0,0.0,0.0,1.0,0.0,South,Paid Social,2,Deal & Festive Shoppers
C05262,3,301.21,100.403,342,0.0,0.0,0.0,0.0,0.0,0.333,0.0,0.667,0.0,North,Referral,0,Everyday Home & Kitchen Shoppers
C05263,2,172.88,86.44,224,0.15,0.5,0.0,0.5,0.0,0.0,0.5,0.0,0.0,West,Organic Search,4,Everyday Beauty Shoppers
C05264,2,247.19,123.595,303,0.15,0.0,0.5,0.0,0.0,0.0,0.5,0.0,0.5,West,Organic Search,1,Everyday Fashion Shoppers
C05265,1,175.14,175.14,140,0.0,0.0,0.0,0.0,0.0,0.0,0.0,1.0,0.0,East,Email,0,Everyday Home & Kitchen Shoppers
C05266,2,1168.27,584.135,46,0.1,0.0,0.5,0.0,0.0,0.5,0.0,0.5,0.0,West,Referral,3,Big-Ticket Tech Buyers
C05267,1,77.93,77.93,337,0.0,1.0,0.0,0.0,0.0,0.0,0.0,0.0,1.0,West,Marketplace,1,Everyday Fashion Shoppers
C05268,3,463.49,154.497,245,0.067,0.0,0.0,0.0,0.0,0.0,1.0,0.0,0.0,North,Marketplace,1,Everyday Fashion Shoppers
C05269,2,182.51,91.255,186,0.05,0.5,0.0,0.0,0.0,0.0,0.5,0.5,0.0,East,Referral,0,Everyday Home & Kitchen Shoppers
C05270,2,421.75,210.875,321,0.0,0.0,0.0,0.0,0.0,0.5,0.5,0.0,0.0,South,Paid Social,3,Big-Ticket Tech Buyers
C05271,2,1652.71,826.355,558,0.1,0.0,0.0,0.0,0.0,0.5,0.0,0.5,0.0,South,Marketplace,3,Big-Ticket Tech Buyers
C05272,4,339.02,84.755,215,0.15,0.25,0.5,0.25,0.0,0.0,0.75,0.0,0.0,North,Email,2,Deal & Festive Shoppers
C05273,3,1254.55,418.183,85,0.0,0.0,0.0,0.0,0.0,0.333,0.333,0.333,0.0,West,Marketplace,3,Big-Ticket Tech Buyers
C05274,2,226.54,113.27,362,0.3,0.0,0.5,0.0,0.5,0.0,0.0,0.5,0.0,East,Marketplace,2,Deal & Festive Shoppers
C05275,1,78.21,78.21,294,0.0,0.0,0.0,0.0,0.0,0.0,0.0,1.0,0.0,North,Paid Social,0,Everyday Home & Kitchen Shoppers
C05276,6,734.07,122.345,95,0.133,0.0,0.0,0.0,0.167,0.333,0.167,0.0,0.333,South,Email,3,Big-Ticket Tech Buyers
C05277,1,288.67,288.67,548,0.15,0.0,0.0,0.0,0.0,1.0,0.0,0.0,0.0,South,Email,3,Big-Ticket Tech Buyers
C05278,4,1109.43,277.357,14,0.112,0.0,0.5,0.0,0.75,0.25,0.0,0.0,0.0,East,Organic Search,2,Deal & Festive Shoppers
C05279,4,309.44,77.36,335,0.088,0.0,0.5,0.25,0.0,0.5,0.25,0.0,0.0,West,Referral,3,Big-Ticket Tech Buyers
C05280,2,1284.88,642.44,398,0.125,0.5,0.5,0.0,0.0,0.5,0.5,0.0,0.0,South,Paid Social,3,Big-Ticket Tech Buyers
C05281,2,51.43,25.715,212,0.15,0.0,0.0,0.0,1.0,0.0,0.0,0.0,0.0,South,Paid Social,1,Everyday Fashion Shoppers
C05282,1,456.93,456.93,213,0.0,0.0,0.0,0.0,0.0,0.0,0.0,0.0,1.0,East,Organic Search,1,Everyday Fashion Shoppers
C05283,4,295.47,73.868,27,0.088,0.0,0.75,0.25,0.5,0.0,0.0,0.25,0.0,South,Email,2,Deal & Festive Shoppers
C05284,2,841.61,420.805,77,0.0,0.0,0.0,0.5,0.0,0.5,0.0,0.0,0.0,East,Email,3,Big-Ticket Tech Buyers
C05285,1,147.19,147.19,23,0.15,0.0,1.0,0.0,0.0,1.0,0.0,0.0,0.0,North,Paid Social,3,Big-Ticket Tech Buyers
C05286,1,314.54,314.54,311,0.0,0.0,0.0,0.0,0.0,1.0,0.0,0.0,0.0,North,Organic Search,3,Big-Ticket Tech Buyers
C05287,5,951.33,190.266,180,0.08,0.0,0.0,0.0,0.0,0.6,0.4,0.0,0.0,South,Referral,3,Big-Ticket Tech Buyers
C05288,2,409.36,204.68,79,0.075,0.5,0.0,0.0,0.0,0.5,0.5,0.0,0.0,West,Organic Search,3,Big-Ticket Tech Buyers
C05289,3,353.59,117.863,267,0.067,0.0,0.0,0.333,0.0,0.0,0.0,0.667,0.0,South,Paid Social,0,Everyday Home & Kitchen Shoppers
C05290,2,79.46,39.73,483,0.175,0.0,0.0,0.5,0.0,0.0,0.0,0.0,0.5,North,Paid Social,4,Everyday Beauty Shoppers
C05291,2,803.03,401.515,116,0.05,0.0,0.0,0.0,0.0,0.5,0.0,0.5,0.0,East,Marketplace,3,Big-Ticket Tech Buyers
C05292,1,27.16,27.16,113,0.2,0.0,0.0,1.0,0.0,0.0,0.0,0.0,0.0,West,Paid Social,4,Everyday Beauty Shoppers
C05293,5,1352.62,270.524,13,0.09,0.4,0.4,0.0,0.0,0.4,0.2,0.4,0.0,South,Referral,2,Deal & Festive Shoppers
C05294,2,342.95,171.475,55,0.1,0.0,0.5,0.0,0.5,0.0,0.0,0.5,0.0,North,Marketplace,2,Deal & Festive Shoppers
C05295,1,94.46,94.46,78,0.2,0.0,0.0,0.0,0.0,0.0,0.0,1.0,0.0,East,Paid Social,0,Everyday Home & Kitchen Shoppers
C05296,1,54.24,54.24,159,0.05,0.0,0.0,1.0,0.0,0.0,0.0,0.0,0.0,South,Marketplace,4,Everyday Beauty Shoppers
C05297,1,224.35,224.35,728,0.1,1.0,0.0,0.0,0.0,0.0,1.0,0.0,0.0,East,Organic Search,1,Everyday Fashion Shoppers
C05298,2,185.25,92.625,213,0.025,0.0,0.0,0.0,0.0,0.0,1.0,0.0,0.0,North,Paid Social,1,Everyday Fashion Shoppers
C05299,2,366.71,183.355,560,0.075,0.5,0.0,0.0,0.0,0.0,0.5,0.5,0.0,North,Organic Search,0,Everyday Home & Kitchen Shoppers
C05300,3,212.22,70.74,48,0.217,0.0,0.667,0.667,0.0,0.0,0.333,0.0,0.0,South,Referral,2,Deal & Festive Shoppers
C05301,2,169.82,84.91,644,0.075,0.0,0.0,0.0,0.0,0.0,1.0,0.0,0.0,East,Marketplace,1,Everyday Fashion Shoppers
C05302,2,366.82,183.41,23,0.15,0.0,1.0,0.0,0.0,0.0,0.0,0.0,1.0,South,Referral,2,Deal & Festive Shoppers
C05303,9,4254.13,472.681,40,0.15,0.222,0.444,0.0,0.0,0.556,0.222,0.0,0.222,North,Referral,2,Deal & Festive Shoppers
C05304,2,493.98,246.99,320,0.1,0.0,0.5,0.0,0.0,0.5,0.5,0.0,0.0,South,Organic Search,3,Big-Ticket Tech Buyers
C05305,4,749.26,187.315,329,0.075,0.0,0.0,0.25,0.0,0.25,0.25,0.25,0.0,East,Marketplace,3,Big-Ticket Tech Buyers
C05306,1,29.49,29.49,161,0.05,0.0,0.0,0.0,0.0,0.0,0.0,1.0,0.0,North,Paid Social,0,Everyday Home & Kitchen Shoppers
C05307,1,244.42,244.42,440,0.0,0.0,0.0,0.0,0.0,0.0,1.0,0.0,0.0,East,Organic Search,1,Everyday Fashion Shoppers
C05308,2,192.37,96.185,159,0.0,0.0,0.0,0.0,0.5,0.0,0.0,0.5,0.0,East,Marketplace,0,Everyday Home & Kitchen Shoppers
C05309,2,487.85,243.925,141,0.0,0.5,0.0,0.0,0.0,0.5,0.0,0.5,0.0,South,Paid Social,3,Big-Ticket Tech Buyers
C05310,4,577.41,144.353,38,0.212,0.75,0.75,0.0,0.0,0.0,0.75,0.25,0.0,West,Paid Social,2,Deal & Festive Shoppers
C05311,1,510.84,510.84,81,0.0,0.0,0.0,0.0,0.0,1.0,0.0,0.0,0.0,West,Organic Search,3,Big-Ticket Tech Buyers
C05312,1,58.73,58.73,79,0.15,0.0,0.0,0.0,0.0,0.0,0.0,1.0,0.0,South,Organic Search,0,Everyday Home & Kitchen Shoppers
C05313,3,697.35,232.45,439,0.05,0.0,0.0,0.0,0.0,0.0,0.0,1.0,0.0,North,Email,0,Everyday Home & Kitchen Shoppers
C05314,3,477.42,159.14,421,0.15,0.0,0.667,0.0,0.0,0.0,0.0,1.0,0.0,South,Paid Social,0,Everyday Home & Kitchen Shoppers
C05315,1,30.35,30.35,445,0.0,0.0,0.0,0.0,1.0,0.0,0.0,0.0,0.0,North,Marketplace,1,Everyday Fashion Shoppers
C05316,2,88.49,44.245,139,0.125,0.0,0.0,0.0,0.0,0.0,0.5,0.5,0.0,East,Organic Search,0,Everyday Home & Kitchen Shoppers
C05317,4,580.95,145.238,189,0.075,0.0,0.0,0.25,0.0,0.0,0.75,0.0,0.0,West,Referral,1,Everyday Fashion Shoppers
C05318,3,553.24,184.413,525,0.017,0.333,0.0,0.333,0.0,0.0,0.333,0.0,0.333,West,Email,1,Everyday Fashion Shoppers
C05319,1,109.27,109.27,187,0.0,0.0,0.0,0.0,0.0,0.0,1.0,0.0,0.0,South,Referral,1,Everyday Fashion Shoppers
C05320,3,164.46,54.82,38,0.217,0.0,0.667,1.0,0.0,0.0,0.0,0.0,0.0,South,Paid Social,4,Everyday Beauty Shoppers
C05321,5,2339.97,467.994,289,0.08,0.2,0.4,0.0,0.0,0.4,0.2,0.0,0.4,North,Referral,3,Big-Ticket Tech Buyers
C05322,6,1324.66,220.777,12,0.15,0.0,0.667,0.0,0.0,0.333,0.167,0.167,0.333,East,Email,2,Deal & Festive Shoppers
C05323,1,405.41,405.41,247,0.1,0.0,0.0,0.0,0.0,0.0,0.0,1.0,0.0,North,Marketplace,0,Everyday Home & Kitchen Shoppers
C05324,1,21.67,21.67,441,0.0,0.0,0.0,0.0,1.0,0.0,0.0,0.0,0.0,West,Paid Social,1,Everyday Fashion Shoppers
C05325,1,31.74,31.74,87,0.0,0.0,0.0,0.0,1.0,0.0,0.0,0.0,0.0,West,Paid Social,1,Everyday Fashion Shoppers
C05326,5,1293.35,258.67,288,0.08,0.0,0.2,0.2,0.0,0.2,0.2,0.2,0.2,North,Referral,3,Big-Ticket Tech Buyers
C05327,2,182.22,91.11,315,0.0,0.0,0.0,0.0,0.0,0.0,1.0,0.0,0.0,East,Paid Social,1,Everyday Fashion Shoppers
C05328,2,96.85,48.425,493,0.0,0.0,0.0,0.5,0.0,0.0,0.0,0.5,0.0,East,Organic Search,4,Everyday Beauty Shoppers
C05329,3,1040.12,346.707,119,0.0,0.333,0.0,0.0,0.333,0.333,0.333,0.0,0.0,West,Marketplace,3,Big-Ticket Tech Buyers
C05330,2,264.02,132.01,281,0.1,0.0,0.5,0.0,0.0,0.0,0.5,0.5,0.0,South,Organic Search,0,Everyday Home & Kitchen Shoppers
C05331,1,479.25,479.25,335,0.0,0.0,0.0,0.0,0.0,0.0,0.0,1.0,0.0,North,Organic Search,0,Everyday Home & Kitchen Shoppers
C05332,5,1325.53,265.106,30,0.16,0.0,0.4,0.0,0.0,0.2,0.6,0.2,0.0,East,Referral,2,Deal & Festive Shoppers
C05333,2,375.58,187.79,297,0.075,0.5,0.0,0.0,0.0,0.0,0.5,0.5,0.0,North,Organic Search,0,Everyday Home & Kitchen Shoppers
C05334,1,29.98,29.98,96,0.0,0.0,0.0,0.0,0.0,0.0,1.0,0.0,0.0,East,Organic Search,1,Everyday Fashion Shoppers
C05335,1,426.54,426.54,289,0.0,0.0,0.0,0.0,0.0,0.0,0.0,0.0,1.0,North,Organic Search,1,Everyday Fashion Shoppers
C05336,4,872.92,218.23,186,0.088,0.0,0.0,0.5,0.0,0.25,0.25,0.0,0.0,East,Organic Search,3,Big-Ticket Tech Buyers
C05337,2,128.93,64.465,155,0.0,0.0,0.0,0.5,0.0,0.0,0.0,0.0,0.5,West,Paid Social,4,Everyday Beauty Shoppers
C05338,1,198.88,198.88,320,0.15,0.0,0.0,0.0,0.0,0.0,0.0,0.0,1.0,North,Marketplace,1,Everyday Fashion Shoppers
C05339,1,316.5,316.5,452,0.0,1.0,0.0,0.0,0.0,0.0,0.0,1.0,0.0,South,Paid Social,0,Everyday Home & Kitchen Shoppers
C05340,2,1762.12,881.06,396,0.1,0.0,1.0,0.0,0.0,1.0,0.0,0.0,0.0,East,Paid Social,3,Big-Ticket Tech Buyers
C05341,4,728.46,182.115,234,0.025,0.0,0.0,0.5,0.0,0.25,0.0,0.25,0.0,North,Referral,4,Everyday Beauty Shoppers
C05342,1,20.71,20.71,299,0.0,0.0,0.0,0.0,1.0,0.0,0.0,0.0,0.0,East,Paid Social,1,Everyday Fashion Shoppers
C05343,2,332.86,166.43,98,0.1,0.0,0.0,0.0,0.0,0.0,1.0,0.0,0.0,East,Paid Social,1,Everyday Fashion Shoppers
C05344,2,229.06,114.53,418,0.1,0.0,1.0,0.0,0.0,0.0,0.0,1.0,0.0,South,Paid Social,0,Everyday Home & Kitchen Shoppers
C05345,1,63.87,63.87,528,0.0,0.0,0.0,1.0,0.0,0.0,0.0,0.0,0.0,West,Paid Social,4,Everyday Beauty Shoppers
C05346,1,100.85,100.85,441,0.1,0.0,0.0,1.0,0.0,0.0,0.0,0.0,0.0,East,Paid Social,4,Everyday Beauty Shoppers
C05347,1,68.12,68.12,367,0.1,0.0,1.0,1.0,0.0,0.0,0.0,0.0,0.0,East,Organic Search,4,Everyday Beauty Shoppers
C05348,1,583.85,583.85,389,0.1,0.0,1.0,0.0,0.0,0.0,0.0,0.0,1.0,North,Marketplace,2,Deal & Festive Shoppers
C05349,2,908.53,454.265,441,0.075,0.0,0.0,0.0,0.0,0.5,0.0,0.0,0.5,North,Marketplace,3,Big-Ticket Tech Buyers
C05350,1,25.22,25.22,322,0.1,0.0,0.0,1.0,0.0,0.0,0.0,0.0,0.0,North,Marketplace,4,Everyday Beauty Shoppers
C05351,1,560.85,560.85,554,0.05,0.0,0.0,0.0,0.0,1.0,0.0,0.0,0.0,West,Organic Search,3,Big-Ticket Tech Buyers
C05352,4,682.54,170.635,172,0.15,0.0,0.5,0.0,0.0,0.0,0.5,0.5,0.0,West,Email,2,Deal & Festive Shoppers
C05353,2,653.38,326.69,391,0.2,0.5,0.5,0.0,0.0,0.5,0.0,0.0,0.5,West,Referral,3,Big-Ticket Tech Buyers
C05354,3,200.57,66.857,331,0.2,0.0,0.667,0.667,0.0,0.0,0.333,0.0,0.0,North,Organic Search,4,Everyday Beauty Shoppers
C05355,1,120.64,120.64,178,0.1,0.0,0.0,1.0,0.0,0.0,0.0,0.0,0.0,East,Marketplace,4,Everyday Beauty Shoppers
C05356,1,453.32,453.32,152,0.0,0.0,0.0,0.0,0.0,0.0,0.0,0.0,1.0,East,Email,1,Everyday Fashion Shoppers
C05357,1,173.43,173.43,231,0.0,0.0,0.0,0.0,0.0,0.0,0.0,1.0,0.0,East,Organic Search,0,Everyday Home & Kitchen Shoppers
C05358,3,764.09,254.697,10,0.2,0.0,0.667,0.0,0.0,0.667,0.0,0.333,0.0,North,Marketplace,2,Deal & Festive Shoppers
C05359,4,1012.16,253.04,204,0.05,0.25,0.0,0.0,0.0,0.25,0.5,0.25,0.0,West,Organic Search,3,Big-Ticket Tech Buyers
C05360,1,139.84,139.84,485,0.0,0.0,0.0,0.0,0.0,0.0,1.0,0.0,0.0,North,Paid Social,1,Everyday Fashion Shoppers
C05361,3,1371.18,457.06,102,0.033,0.333,0.0,0.333,0.0,0.333,0.333,0.0,0.0,North,Organic Search,3,Big-Ticket Tech Buyers
C05362,2,153.29,76.645,150,0.05,0.5,0.0,0.0,0.5,0.0,0.0,0.5,0.0,West,Organic Search,0,Everyday Home & Kitchen Shoppers
C05363,3,1409.87,469.957,170,0.067,0.0,0.0,0.333,0.0,0.333,0.333,0.0,0.0,South,Marketplace,3,Big-Ticket Tech Buyers
C05364,5,655.04,131.008,41,0.06,0.0,0.2,0.2,0.2,0.0,0.2,0.4,0.0,South,Referral,2,Deal & Festive Shoppers
C05365,1,165.14,165.14,540,0.0,0.0,0.0,0.0,0.0,1.0,0.0,0.0,0.0,East,Organic Search,3,Big-Ticket Tech Buyers
C05366,2,297.68,148.84,606,0.025,0.0,0.0,0.0,0.0,0.5,0.5,0.0,0.0,West,Email,3,Big-Ticket Tech Buyers
C05367,3,244.17,81.39,143,0.133,0.0,0.0,0.0,0.0,0.0,0.333,0.0,0.667,North,Marketplace,1,Everyday Fashion Shoppers
C05368,1,40.06,40.06,317,0.0,0.0,0.0,0.0,0.0,0.0,0.0,1.0,0.0,East,Marketplace,0,Everyday Home & Kitchen Shoppers
C05369,2,980.17,490.085,123,0.0,0.0,0.0,0.0,0.0,1.0,0.0,0.0,0.0,South,Marketplace,3,Big-Ticket Tech Buyers
C05370,6,1775.33,295.888,314,0.125,0.167,0.333,0.0,0.167,0.167,0.167,0.333,0.167,North,Marketplace,2,Deal & Festive Shoppers
C05371,4,139.42,34.855,22,0.138,0.0,0.5,0.0,0.75,0.0,0.0,0.25,0.0,South,Referral,2,Deal & Festive Shoppers
C05372,2,320.59,160.295,54,0.2,0.0,0.5,0.5,0.0,0.0,0.0,0.5,0.0,East,Paid Social,2,Deal & Festive Shoppers
C05373,2,80.74,40.37,428,0.05,0.5,0.0,0.5,0.5,0.0,0.0,0.0,0.0,North,Marketplace,4,Everyday Beauty Shoppers
C05374,3,504.99,168.33,206,0.033,0.0,0.0,0.333,0.0,0.0,0.333,0.333,0.0,South,Organic Search,0,Everyday Home & Kitchen Shoppers
C05375,2,156.77,78.385,64,0.1,0.0,0.0,0.0,0.5,0.0,0.5,0.0,0.0,East,Organic Search,1,Everyday Fashion Shoppers
C05376,1,509.61,509.61,244,0.0,0.0,0.0,0.0,0.0,1.0,0.0,0.0,0.0,East,Paid Social,3,Big-Ticket Tech Buyers
C05377,3,158.45,52.817,507,0.1,0.0,0.0,0.0,0.0,0.0,0.667,0.333,0.0,East,Organic Search,1,Everyday Fashion Shoppers
C05378,5,1174.98,234.996,55,0.14,0.0,0.4,0.0,0.0,0.0,0.2,0.0,0.8,West,Referral,2,Deal & Festive Shoppers
C05379,4,329.77,82.442,243,0.225,0.0,0.5,0.25,0.0,0.0,0.25,0.5,0.0,South,Marketplace,2,Deal & Festive Shoppers
C05380,3,145.3,48.433,344,0.133,0.0,0.667,0.0,0.667,0.0,0.0,0.333,0.0,South,Paid Social,2,Deal & Festive Shoppers
C05381,5,609.16,121.832,195,0.08,0.0,0.2,0.0,0.0,0.2,0.4,0.0,0.4,South,Referral,2,Deal & Festive Shoppers
C05382,2,77.56,38.78,54,0.3,0.0,1.0,0.0,0.0,0.0,0.0,0.0,1.0,East,Paid Social,2,Deal & Festive Shoppers
C05383,3,390.47,130.157,325,0.067,0.0,0.0,0.333,0.333,0.0,0.0,0.333,0.0,North,Email,0,Everyday Home & Kitchen Shoppers
C05384,1,168.52,168.52,455,0.0,1.0,0.0,0.0,0.0,0.0,1.0,0.0,0.0,South,Organic Search,1,Everyday Fashion Shoppers
C05385,5,1888.95,377.79,352,0.16,0.0,0.4,0.0,0.2,0.2,0.2,0.4,0.0,North,Organic Search,2,Deal & Festive Shoppers
C05386,1,65.36,65.36,101,0.1,1.0,0.0,0.0,0.0,0.0,0.0,1.0,0.0,South,Referral,0,Everyday Home & Kitchen Shoppers
C05387,4,532.13,133.032,409,0.125,0.0,0.5,0.0,0.25,0.0,0.5,0.0,0.25,West,Paid Social,2,Deal & Festive Shoppers
C05388,2,684.18,342.09,34,0.1,0.0,1.0,0.0,0.0,0.0,0.0,1.0,0.0,East,Paid Social,2,Deal & Festive Shoppers
C05389,3,481.61,160.537,294,0.117,0.0,0.667,0.0,0.0,0.0,0.667,0.333,0.0,South,Paid Social,2,Deal & Festive Shoppers
C05390,1,59.72,59.72,117,0.0,0.0,0.0,1.0,0.0,0.0,0.0,0.0,0.0,East,Organic Search,4,Everyday Beauty Shoppers
C05391,4,964.81,241.202,449,0.025,0.25,0.0,0.0,0.0,0.0,0.75,0.0,0.25,East,Email,1,Everyday Fashion Shoppers
C05392,3,526.03,175.343,327,0.017,0.0,0.0,0.0,0.0,0.333,0.333,0.0,0.333,South,Paid Social,3,Big-Ticket Tech Buyers
C05393,2,117.24,58.62,88,0.1,0.0,0.0,1.0,0.0,0.0,0.0,0.0,0.0,South,Paid Social,4,Everyday Beauty Shoppers
C05394,1,98.6,98.6,149,0.05,0.0,0.0,0.0,0.0,0.0,1.0,0.0,0.0,East,Marketplace,1,Everyday Fashion Shoppers
C05395,4,404.47,101.117,123,0.088,0.25,0.0,0.0,0.25,0.0,0.25,0.25,0.25,North,Email,0,Everyday Home & Kitchen Shoppers
C05396,2,1021.32,510.66,642,0.05,0.0,0.0,0.0,0.0,0.5,0.0,0.0,0.5,East,Organic Search,3,Big-Ticket Tech Buyers
C05397,4,479.38,119.845,38,0.15,0.0,1.0,0.0,0.0,0.0,0.5,0.0,0.5,East,Referral,2,Deal & Festive Shoppers
C05398,1,22.41,22.41,443,0.15,0.0,0.0,1.0,0.0,0.0,0.0,0.0,0.0,East,Organic Search,4,Everyday Beauty Shoppers
C05399,3,1188.46,396.153,36,0.1,0.0,0.667,0.0,0.0,0.0,0.0,0.333,0.667,West,Organic Search,2,Deal & Festive Shoppers
C05400,3,422.08,140.693,40,0.2,0.0,0.667,0.0,0.0,0.0,1.0,0.0,0.0,East,Email,2,Deal & Festive Shoppers
C05401,1,28.73,28.73,134,0.0,0.0,0.0,0.0,0.0,0.0,1.0,0.0,0.0,East,Organic Search,1,Everyday Fashion Shoppers
C05402,2,511.34,255.67,214,0.025,0.0,0.0,0.0,0.0,0.0,0.5,0.5,0.0,North,Organic Search,0,Everyday Home & Kitchen Shoppers
C05403,2,798.49,399.245,211,0.0,0.0,0.0,0.0,0.0,0.5,0.0,0.0,0.5,East,Marketplace,3,Big-Ticket Tech Buyers
C05404,3,258.66,86.22,237,0.167,0.0,0.0,0.333,0.333,0.0,0.0,0.333,0.0,West,Email,4,Everyday Beauty Shoppers
C05405,5,872.23,174.446,177,0.04,0.0,0.0,0.0,0.0,0.2,0.6,0.2,0.0,West,Marketplace,1,Everyday Fashion Shoppers
C05406,1,191.37,191.37,441,0.0,0.0,0.0,0.0,0.0,1.0,0.0,0.0,0.0,West,Marketplace,3,Big-Ticket Tech Buyers
C05407,2,221.58,110.79,195,0.15,0.0,0.0,0.0,0.5,0.0,0.5,0.0,0.0,North,Paid Social,1,Everyday Fashion Shoppers
C05408,2,66.47,33.235,67,0.05,0.0,0.0,0.0,0.0,0.0,0.5,0.5,0.0,East,Referral,0,Everyday Home & Kitchen Shoppers
C05409,1,449.61,449.61,327,0.0,0.0,0.0,0.0,0.0,1.0,0.0,0.0,0.0,West,Paid Social,3,Big-Ticket Tech Buyers
C05410,2,201.32,100.66,205,0.0,0.0,0.0,0.0,0.0,0.0,0.5,0.5,0.0,East,Email,0,Everyday Home & Kitchen Shoppers
C05411,5,578.87,115.774,371,0.11,0.0,0.4,0.0,0.0,0.0,0.4,0.2,0.4,East,Paid Social,2,Deal & Festive Shoppers
C05412,5,464.58,92.916,6,0.14,0.0,0.8,0.0,0.0,0.0,0.6,0.4,0.0,East,Organic Search,2,Deal & Festive Shoppers
C05413,1,150.24,150.24,359,0.0,0.0,0.0,0.0,0.0,0.0,1.0,0.0,0.0,East,Organic Search,1,Everyday Fashion Shoppers
C05414,1,94.58,94.58,96,0.0,0.0,0.0,0.0,0.0,0.0,0.0,1.0,0.0,South,Email,0,Everyday Home & Kitchen Shoppers
C05415,2,139.28,69.64,334,0.05,0.0,0.0,0.5,0.0,0.0,0.5,0.0,0.0,North,Organic Search,4,Everyday Beauty Shoppers
C05416,2,590.42,295.21,531,0.1,0.0,0.0,0.5,0.0,0.5,0.0,0.0,0.0,West,Referral,3,Big-Ticket Tech Buyers
C05417,2,199.06,99.53,465,0.05,0.0,0.0,0.5,0.0,0.0,0.0,0.0,0.5,West,Marketplace,4,Everyday Beauty Shoppers
C05418,6,1516.19,252.698,410,0.15,0.0,0.333,0.0,0.0,0.333,0.167,0.333,0.167,West,Email,3,Big-Ticket Tech Buyers
C05419,2,273.96,136.98,270,0.175,0.0,0.0,0.0,0.0,0.0,0.0,0.0,1.0,South,Paid Social,1,Everyday Fashion Shoppers
C05420,2,213.95,106.975,145,0.0,0.0,0.0,0.0,0.5,0.0,0.0,0.5,0.0,North,Organic Search,0,Everyday Home & Kitchen Shoppers
C05421,3,2437.86,812.62,7,0.233,0.0,0.667,0.0,0.0,0.667,0.333,0.0,0.0,South,Marketplace,2,Deal & Festive Shoppers
C05422,3,406.98,135.66,25,0.15,0.0,1.0,0.0,0.333,0.0,0.667,0.0,0.0,West,Referral,2,Deal & Festive Shoppers
C05423,1,47.95,47.95,680,0.1,0.0,0.0,0.0,1.0,0.0,0.0,0.0,0.0,East,Paid Social,1,Everyday Fashion Shoppers
C05424,4,312.31,78.078,418,0.175,0.0,0.5,0.5,0.0,0.0,0.25,0.0,0.25,West,Marketplace,4,Everyday Beauty Shoppers
C05425,3,606.11,202.037,170,0.033,0.0,0.0,0.0,0.333,0.333,0.0,0.0,0.333,South,Organic Search,3,Big-Ticket Tech Buyers
C05426,1,54.12,54.12,555,0.0,0.0,0.0,1.0,0.0,0.0,0.0,0.0,0.0,East,Paid Social,4,Everyday Beauty Shoppers
C05427,2,618.88,309.44,91,0.0,0.5,0.0,0.0,0.0,0.5,0.5,0.0,0.0,East,Organic Search,3,Big-Ticket Tech Buyers
C05428,1,152.88,152.88,628,0.2,0.0,0.0,0.0,0.0,0.0,0.0,0.0,1.0,North,Organic Search,1,Everyday Fashion Shoppers
C05429,1,62.61,62.61,710,0.05,0.0,0.0,0.0,0.0,0.0,1.0,0.0,0.0,West,Paid Social,1,Everyday Fashion Shoppers
C05430,2,90.42,45.21,75,0.05,0.0,0.0,0.0,0.5,0.0,0.5,0.0,0.0,East,Email,1,Everyday Fashion Shoppers
C05431,1,90.05,90.05,45,0.2,0.0,1.0,0.0,0.0,0.0,0.0,0.0,1.0,North,Paid Social,2,Deal & Festive Shoppers
C05432,3,652.37,217.457,329,0.067,0.333,0.0,0.0,0.0,0.333,0.667,0.0,0.0,North,Email,3,Big-Ticket Tech Buyers
C05433,4,970.41,242.602,172,0.062,0.25,0.0,0.0,0.0,0.0,0.25,0.5,0.25,West,Email,0,Everyday Home & Kitchen Shoppers
C05434,2,59.84,29.92,370,0.15,0.0,1.0,0.0,1.0,0.0,0.0,0.0,0.0,East,Marketplace,2,Deal & Festive Shoppers
C05435,3,423.05,141.017,190,0.1,0.0,0.0,0.0,0.0,0.0,0.333,0.333,0.333,East,Organic Search,0,Everyday Home & Kitchen Shoppers
C05436,1,144.61,144.61,31,0.3,0.0,1.0,0.0,0.0,1.0,0.0,0.0,0.0,East,Email,2,Deal & Festive Shoppers
C05437,3,475.71,158.57,393,0.167,0.0,0.667,0.0,0.0,0.0,0.667,0.333,0.0,South,Organic Search,2,Deal & Festive Shoppers
C05438,3,85.1,28.367,610,0.117,0.0,0.0,0.0,0.667,0.0,0.0,0.0,0.333,East,Email,1,Everyday Fashion Shoppers
C05439,2,231.15,115.575,27,0.1,1.0,0.5,0.0,0.0,0.0,0.5,0.0,0.5,West,Paid Social,2,Deal & Festive Shoppers
C05440,3,573.15,191.05,247,0.05,0.0,0.0,0.0,0.0,0.333,0.333,0.0,0.333,North,Email,3,Big-Ticket Tech Buyers
C05441,2,510.3,255.15,370,0.3,0.0,1.0,0.0,0.0,1.0,0.0,0.0,0.0,East,Organic Search,3,Big-Ticket Tech Buyers
C05442,4,320.03,80.008,108,0.05,0.25,0.0,0.25,0.25,0.0,0.0,0.25,0.25,South,Referral,0,Everyday Home & Kitchen Shoppers
C05443,2,420.84,210.42,29,0.05,0.0,0.5,0.5,0.0,0.5,0.0,0.0,0.0,South,Organic Search,3,Big-Ticket Tech Buyers
C05444,1,160.04,160.04,163,0.0,1.0,0.0,0.0,0.0,0.0,0.0,1.0,0.0,South,Organic Search,0,Everyday Home & Kitchen Shoppers
C05445,3,334.57,111.523,433,0.1,0.0,0.0,0.0,0.333,0.0,0.667,0.0,0.0,West,Referral,1,Everyday Fashion Shoppers
C05446,1,9.02,9.02,477,0.2,0.0,0.0,0.0,1.0,0.0,0.0,0.0,0.0,North,Paid Social,1,Everyday Fashion Shoppers
C05447,4,254.65,63.662,3,0.138,0.0,0.5,0.25,0.0,0.25,0.5,0.0,0.0,South,Email,2,Deal & Festive Shoppers
C05448,3,322.4,107.467,373,0.133,0.0,0.667,0.0,0.667,0.0,0.333,0.0,0.0,East,Email,2,Deal & Festive Shoppers
C05449,2,86.53,43.265,365,0.125,0.0,0.5,0.5,0.5,0.0,0.0,0.0,0.0,North,Referral,4,Everyday Beauty Shoppers
C05450,3,602.7,200.9,501,0.117,0.0,0.0,0.333,0.0,0.333,0.0,0.333,0.0,East,Email,3,Big-Ticket Tech Buyers
C05451,1,128.44,128.44,551,0.0,0.0,0.0,0.0,0.0,0.0,1.0,0.0,0.0,West,Email,1,Everyday Fashion Shoppers
C05452,1,137.41,137.41,210,0.0,0.0,0.0,0.0,0.0,0.0,1.0,0.0,0.0,North,Marketplace,1,Everyday Fashion Shoppers
C05453,2,393.66,196.83,112,0.0,0.0,0.0,0.0,0.0,0.5,0.0,0.5,0.0,North,Organic Search,3,Big-Ticket Tech Buyers
C05454,2,311.49,155.745,90,0.075,0.0,0.0,0.0,0.0,0.0,1.0,0.0,0.0,West,Referral,1,Everyday Fashion Shoppers
C05455,5,1315.18,263.036,365,0.17,0.0,0.4,0.0,0.0,0.4,0.2,0.0,0.4,North,Email,3,Big-Ticket Tech Buyers
C05456,3,497.63,165.877,287,0.067,0.0,0.0,0.0,0.333,0.0,0.667,0.0,0.0,North,Organic Search,1,Everyday Fashion Shoppers
C05457,3,658.82,219.607,513,0.133,0.333,0.0,0.0,0.0,0.0,0.0,1.0,0.0,West,Organic Search,0,Everyday Home & Kitchen Shoppers
C05458,3,73.38,24.46,425,0.1,0.0,0.667,0.667,0.333,0.0,0.0,0.0,0.0,West,Organic Search,4,Everyday Beauty Shoppers
C05459,2,77.33,38.665,302,0.05,0.0,0.0,0.0,0.5,0.0,0.0,0.5,0.0,East,Referral,0,Everyday Home & Kitchen Shoppers
C05460,1,980.86,980.86,105,0.05,0.0,0.0,0.0,0.0,1.0,0.0,0.0,0.0,East,Paid Social,3,Big-Ticket Tech Buyers
C05461,6,1485.66,247.61,8,0.133,0.167,0.667,0.0,0.0,0.167,0.167,0.0,0.667,West,Referral,2,Deal & Festive Shoppers
C05462,5,1110.93,222.186,548,0.03,0.0,0.0,0.0,0.0,0.2,0.8,0.0,0.0,East,Referral,1,Everyday Fashion Shoppers
C05463,3,352.32,117.44,203,0.133,0.0,0.0,0.667,0.0,0.0,0.333,0.0,0.0,East,Referral,4,Everyday Beauty Shoppers
C05464,4,854.79,213.698,296,0.025,0.0,0.0,0.25,0.25,0.25,0.25,0.0,0.0,West,Organic Search,3,Big-Ticket Tech Buyers
C05465,2,260.54,130.27,549,0.0,0.5,0.0,0.0,0.0,0.0,0.5,0.5,0.0,East,Email,0,Everyday Home & Kitchen Shoppers
C05466,3,617.05,205.683,136,0.033,0.0,0.0,0.0,0.0,0.0,0.0,0.667,0.333,East,Referral,0,Everyday Home & Kitchen Shoppers
C05467,2,117.76,58.88,568,0.05,0.0,0.0,0.5,0.0,0.0,0.5,0.0,0.0,South,Organic Search,4,Everyday Beauty Shoppers
C05468,6,731.29,121.882,11,0.092,0.0,0.667,0.0,0.0,0.0,0.333,0.0,0.667,East,Organic Search,2,Deal & Festive Shoppers
C05469,1,28.72,28.72,344,0.0,0.0,0.0,1.0,0.0,0.0,0.0,0.0,0.0,East,Paid Social,4,Everyday Beauty Shoppers
C05470,6,303.2,50.533,52,0.083,0.0,0.333,0.167,0.5,0.0,0.0,0.167,0.167,South,Marketplace,2,Deal & Festive Shoppers
C05471,1,365.45,365.45,299,0.05,0.0,0.0,0.0,0.0,1.0,0.0,0.0,0.0,South,Paid Social,3,Big-Ticket Tech Buyers
C05472,1,105.14,105.14,400,0.2,1.0,1.0,0.0,0.0,0.0,0.0,1.0,0.0,West,Organic Search,0,Everyday Home & Kitchen Shoppers
C05473,2,199.13,99.565,147,0.05,0.0,0.0,0.0,0.5,0.0,0.5,0.0,0.0,South,Organic Search,1,Everyday Fashion Shoppers
C05474,4,411.84,102.96,314,0.025,0.0,0.0,0.0,0.25,0.0,0.5,0.25,0.0,North,Organic Search,1,Everyday Fashion Shoppers
C05475,4,1016.86,254.215,370,0.125,0.0,0.25,0.0,0.0,0.5,0.25,0.0,0.25,South,Paid Social,3,Big-Ticket Tech Buyers
C05476,2,63.99,31.995,289,0.1,0.0,0.0,0.5,0.0,0.0,0.5,0.0,0.0,North,Email,4,Everyday Beauty Shoppers
C05477,1,43.36,43.36,538,0.05,0.0,0.0,1.0,0.0,0.0,0.0,0.0,0.0,East,Paid Social,4,Everyday Beauty Shoppers
C05478,1,144.4,144.4,236,0.05,1.0,0.0,0.0,0.0,0.0,0.0,1.0,0.0,South,Marketplace,0,Everyday Home & Kitchen Shoppers
C05479,2,458.48,229.24,656,0.0,0.0,0.0,0.0,0.0,0.0,0.0,1.0,0.0,South,Organic Search,0,Everyday Home & Kitchen Shoppers
C05480,3,998.9,332.967,19,0.1,0.667,0.667,0.0,0.0,0.667,0.0,0.333,0.0,West,Paid Social,3,Big-Ticket Tech Buyers
C05481,2,504.3,252.15,35,0.1,0.0,1.0,0.0,0.0,0.0,0.0,0.0,1.0,North,Email,2,Deal & Festive Shoppers
C05482,2,109.87,54.935,605,0.15,0.5,0.0,0.0,0.0,0.0,1.0,0.0,0.0,North,Email,1,Everyday Fashion Shoppers
C05483,1,463.98,463.98,511,0.0,0.0,0.0,0.0,0.0,0.0,0.0,0.0,1.0,West,Marketplace,1,Everyday Fashion Shoppers
C05484,2,133.47,66.735,112,0.15,0.0,0.0,0.0,0.5,0.0,0.0,0.5,0.0,East,Organic Search,0,Everyday Home & Kitchen Shoppers
C05485,2,87.66,43.83,69,0.0,0.0,0.0,1.0,0.0,0.0,0.0,0.0,0.0,East,Paid Social,4,Everyday Beauty Shoppers
C05486,1,228.8,228.8,594,0.0,0.0,0.0,0.0,0.0,0.0,0.0,1.0,0.0,West,Email,0,Everyday Home & Kitchen Shoppers
C05487,2,626.63,313.315,570,0.1,0.0,0.0,0.0,0.0,0.0,0.0,1.0,0.0,West,Organic Search,0,Everyday Home & Kitchen Shoppers
C05488,6,974.47,162.412,14,0.233,0.0,0.667,0.333,0.0,0.167,0.167,0.333,0.0,North,Email,2,Deal & Festive Shoppers
C05489,1,38.38,38.38,123,0.3,0.0,0.0,0.0,0.0,0.0,1.0,0.0,0.0,East,Paid Social,1,Everyday Fashion Shoppers
C05490,3,97.35,32.45,157,0.033,0.0,0.0,0.0,0.333,0.0,0.333,0.0,0.333,East,Organic Search,1,Everyday Fashion Shoppers
C05491,4,154.92,38.73,78,0.062,0.0,0.25,0.0,0.5,0.0,0.0,0.25,0.25,North,Email,2,Deal & Festive Shoppers
C05492,3,940.28,313.427,72,0.15,0.333,0.0,0.0,0.0,0.333,0.0,0.667,0.0,West,Email,0,Everyday Home & Kitchen Shoppers
C05493,5,352.28,70.456,46,0.05,0.0,0.2,0.0,0.2,0.0,0.6,0.2,0.0,South,Marketplace,2,Deal & Festive Shoppers
C05494,1,234.11,234.11,579,0.15,0.0,0.0,0.0,0.0,0.0,1.0,0.0,0.0,West,Marketplace,1,Everyday Fashion Shoppers
C05495,1,91.94,91.94,172,0.15,0.0,0.0,0.0,0.0,0.0,1.0,0.0,0.0,East,Organic Search,1,Everyday Fashion Shoppers
C05496,5,1576.61,315.322,228,0.01,0.2,0.0,0.0,0.2,0.2,0.2,0.2,0.2,East,Referral,3,Big-Ticket Tech Buyers
C05497,1,812.38,812.38,190,0.0,0.0,0.0,0.0,0.0,1.0,0.0,0.0,0.0,North,Marketplace,3,Big-Ticket Tech Buyers
C05498,2,418.78,209.39,384,0.15,0.0,1.0,0.0,0.0,0.0,0.0,0.0,1.0,West,Organic Search,2,Deal & Festive Shoppers
C05499,4,162.28,40.57,6,0.2,0.0,1.0,0.0,0.0,0.0,0.0,0.5,0.5,East,Paid Social,2,Deal & Festive Shoppers
C05500,2,136.29,68.145,565,0.1,0.0,0.0,0.5,0.5,0.0,0.0,0.0,0.0,North,Marketplace,4,Everyday Beauty Shoppers
C05501,2,65.76,32.88,57,0.2,0.0,1.0,0.0,1.0,0.0,0.0,0.0,0.0,North,Organic Search,2,Deal & Festive Shoppers
C05502,2,284.93,142.465,325,0.1,0.0,0.0,0.0,0.0,0.5,0.0,0.0,0.5,East,Marketplace,3,Big-Ticket Tech Buyers
C05503,1,44.21,44.21,690,0.0,0.0,0.0,1.0,0.0,0.0,0.0,0.0,0.0,North,Paid Social,4,Everyday Beauty Shoppers
C05504,2,950.59,475.295,165,0.1,0.5,0.0,0.0,0.0,0.5,0.0,0.5,0.0,East,Marketplace,3,Big-Ticket Tech Buyers
C05505,3,118.3,39.433,242,0.167,0.333,0.0,0.333,0.0,0.0,0.333,0.333,0.0,East,Referral,4,Everyday Beauty Shoppers
C05506,4,709.26,177.315,30,0.175,0.0,0.75,0.0,0.0,0.5,0.25,0.25,0.0,North,Email,2,Deal & Festive Shoppers
C05507,3,505.85,168.617,587,0.067,0.333,0.0,0.0,0.333,0.0,0.667,0.0,0.0,East,Email,1,Everyday Fashion Shoppers
C05508,1,109.63,109.63,658,0.05,1.0,0.0,0.0,0.0,0.0,0.0,1.0,0.0,North,Organic Search,0,Everyday Home & Kitchen Shoppers
C05509,1,32.74,32.74,333,0.0,0.0,0.0,0.0,1.0,0.0,0.0,0.0,0.0,West,Referral,1,Everyday Fashion Shoppers
C05510,2,172.75,86.375,50,0.1,0.5,0.5,0.0,0.5,0.5,0.0,0.0,0.0,West,Marketplace,3,Big-Ticket Tech Buyers
C05511,1,25.47,25.47,444,0.15,0.0,0.0,0.0,1.0,0.0,0.0,0.0,0.0,South,Marketplace,1,Everyday Fashion Shoppers
C05512,2,113.81,56.905,71,0.25,0.0,0.0,0.0,0.5,0.0,0.5,0.0,0.0,East,Marketplace,1,Everyday Fashion Shoppers
C05513,2,560.58,280.29,87,0.0,0.0,0.0,0.5,0.0,0.5,0.0,0.0,0.0,East,Referral,3,Big-Ticket Tech Buyers
C05514,4,323.18,80.795,14,0.2,0.0,0.75,0.0,0.0,0.0,0.5,0.25,0.25,West,Referral,2,Deal & Festive Shoppers
C05515,3,375.68,125.227,270,0.05,0.0,0.0,0.333,0.0,0.333,0.333,0.0,0.0,South,Referral,3,Big-Ticket Tech Buyers
C05516,2,47.34,23.67,85,0.1,0.0,0.0,0.0,0.5,0.0,0.0,0.5,0.0,East,Referral,0,Everyday Home & Kitchen Shoppers
C05517,1,491.18,491.18,360,0.0,0.0,0.0,0.0,0.0,1.0,0.0,0.0,0.0,West,Referral,3,Big-Ticket Tech Buyers
C05518,2,476.14,238.07,217,0.05,0.0,0.0,0.5,0.0,0.5,0.0,0.0,0.0,North,Organic Search,3,Big-Ticket Tech Buyers
C05519,1,110.72,110.72,331,0.0,0.0,0.0,0.0,0.0,0.0,0.0,1.0,0.0,East,Organic Search,0,Everyday Home & Kitchen Shoppers
C05520,3,215.18,71.727,83,0.017,0.0,0.0,0.0,0.0,0.0,0.667,0.333,0.0,North,Referral,1,Everyday Fashion Shoppers
C05521,3,237.16,79.053,199,0.083,0.0,0.333,0.0,0.0,0.0,0.667,0.333,0.0,East,Paid Social,1,Everyday Fashion Shoppers
C05522,1,248.78,248.78,268,0.0,0.0,0.0,0.0,0.0,0.0,1.0,0.0,0.0,South,Paid Social,1,Everyday Fashion Shoppers
C05523,3,562.06,187.353,42,0.2,0.667,0.667,0.0,0.0,0.0,0.0,0.333,0.667,West,Organic Search,2,Deal & Festive Shoppers
C05524,3,784.75,261.583,9,0.2,0.0,0.667,0.333,0.0,0.667,0.0,0.0,0.0,South,Email,2,Deal & Festive Shoppers
C05525,2,1321.6,660.8,191,0.0,0.0,0.0,0.0,0.0,0.5,0.5,0.0,0.0,North,Marketplace,3,Big-Ticket Tech Buyers
C05526,3,283.36,94.453,573,0.167,0.333,0.0,0.0,0.0,0.0,0.667,0.333,0.0,West,Referral,1,Everyday Fashion Shoppers
C05527,5,1504.85,300.97,52,0.06,0.0,0.4,0.4,0.0,0.2,0.2,0.2,0.0,West,Marketplace,2,Deal & Festive Shoppers
C05528,4,486.73,121.682,228,0.1,0.0,0.25,0.25,0.0,0.0,0.5,0.25,0.0,East,Marketplace,2,Deal & Festive Shoppers
C05529,3,640.13,213.377,566,0.033,0.0,0.0,0.0,0.0,0.333,0.333,0.333,0.0,East,Organic Search,3,Big-Ticket Tech Buyers
C05530,4,883.58,220.895,98,0.1,0.0,0.0,0.25,0.0,0.25,0.0,0.5,0.0,North,Organic Search,0,Everyday Home & Kitchen Shoppers
C05531,3,487.39,162.463,82,0.05,0.0,0.0,0.0,0.667,0.0,0.0,0.0,0.333,East,Organic Search,1,Everyday Fashion Shoppers
C05532,1,82.78,82.78,68,0.2,0.0,0.0,0.0,0.0,0.0,1.0,0.0,0.0,North,Organic Search,1,Everyday Fashion Shoppers
C05533,3,188.04,62.68,45,0.2,0.0,0.667,0.0,0.0,0.0,0.333,0.667,0.0,North,Referral,2,Deal & Festive Shoppers
C05534,3,121.94,40.647,223,0.1,0.0,0.333,0.667,0.0,0.0,0.333,0.0,0.0,West,Organic Search,4,Everyday Beauty Shoppers
C05535,2,568.66,284.33,646,0.0,0.0,0.0,0.0,0.0,0.0,0.5,0.0,0.5,East,Marketplace,1,Everyday Fashion Shoppers
C05536,3,544.71,181.57,149,0.05,0.0,0.0,0.0,0.0,0.333,0.333,0.333,0.0,North,Referral,3,Big-Ticket Tech Buyers
C05537,1,141.9,141.9,674,0.0,0.0,0.0,0.0,0.0,0.0,1.0,0.0,0.0,North,Paid Social,1,Everyday Fashion Shoppers
C05538,2,242.12,121.06,122,0.0,0.5,0.0,0.0,0.0,0.0,1.0,0.0,0.0,West,Marketplace,1,Everyday Fashion Shoppers
C05539,1,59.42,59.42,157,0.0,0.0,0.0,0.0,0.0,0.0,1.0,0.0,0.0,North,Marketplace,1,Everyday Fashion Shoppers
C05540,2,644.8,322.4,20,0.1,0.0,1.0,0.0,0.0,0.0,0.0,1.0,0.0,North,Email,2,Deal & Festive Shoppers
C05541,4,146.27,36.568,175,0.1,0.0,0.0,0.5,0.25,0.0,0.25,0.0,0.0,North,Email,4,Everyday Beauty Shoppers
C05542,2,163.27,81.635,437,0.0,0.0,0.0,0.0,0.0,0.0,1.0,0.0,0.0,North,Marketplace,1,Everyday Fashion Shoppers
C05543,7,2109.2,301.314,327,0.157,0.0,0.286,0.0,0.0,0.429,0.143,0.143,0.286,South,Referral,3,Big-Ticket Tech Buyers
C05544,1,44.34,44.34,163,0.3,0.0,0.0,1.0,0.0,0.0,0.0,0.0,0.0,West,Marketplace,4,Everyday Beauty Shoppers
C05545,2,313.03,156.515,522,0.025,0.0,0.0,0.0,0.0,0.0,0.5,0.5,0.0,South,Organic Search,0,Everyday Home & Kitchen Shoppers
C05546,1,69.52,69.52,92,0.3,0.0,0.0,0.0,0.0,0.0,1.0,0.0,0.0,East,Referral,1,Everyday Fashion Shoppers
C05547,1,140.78,140.78,613,0.2,0.0,0.0,0.0,0.0,1.0,0.0,0.0,0.0,East,Paid Social,3,Big-Ticket Tech Buyers
C05548,2,1138.68,569.34,662,0.025,0.5,0.0,0.0,0.0,1.0,0.0,0.0,0.0,East,Organic Search,3,Big-Ticket Tech Buyers
C05549,3,710.48,236.827,483,0.033,0.0,0.0,0.0,0.333,0.0,0.0,0.333,0.333,East,Organic Search,0,Everyday Home & Kitchen Shoppers
C05550,2,434.23,217.115,67,0.075,0.0,0.0,0.0,0.0,0.5,0.5,0.0,0.0,East,Organic Search,3,Big-Ticket Tech Buyers
C05551,1,525.06,525.06,301,0.0,0.0,0.0,0.0,0.0,1.0,0.0,0.0,0.0,East,Organic Search,3,Big-Ticket Tech Buyers
C05552,1,394.14,394.14,477,0.0,0.0,0.0,0.0,0.0,0.0,0.0,0.0,1.0,East,Organic Search,1,Everyday Fashion Shoppers
C05553,2,185.71,92.855,148,0.0,0.0,0.0,0.5,0.0,0.0,0.0,0.5,0.0,East,Paid Social,4,Everyday Beauty Shoppers
C05554,3,266.96,88.987,174,0.067,0.0,0.0,0.333,0.333,0.0,0.333,0.0,0.0,East,Email,4,Everyday Beauty Shoppers
C05555,5,805.93,161.186,167,0.09,0.2,0.0,0.2,0.0,0.0,0.2,0.4,0.2,East,Referral,0,Everyday Home & Kitchen Shoppers
C05556,1,303.23,303.23,358,0.0,0.0,0.0,0.0,0.0,1.0,0.0,0.0,0.0,North,Email,3,Big-Ticket Tech Buyers
C05557,1,140.22,140.22,654,0.05,0.0,0.0,0.0,0.0,0.0,0.0,1.0,0.0,East,Organic Search,0,Everyday Home & Kitchen Shoppers
C05558,1,35.02,35.02,543,0.1,0.0,0.0,0.0,0.0,0.0,0.0,0.0,1.0,East,Marketplace,1,Everyday Fashion Shoppers
C05559,1,124.05,124.05,344,0.0,0.0,0.0,0.0,0.0,0.0,0.0,1.0,0.0,South,Organic Search,0,Everyday Home & Kitchen Shoppers
C05560,5,415.69,83.138,422,0.15,0.0,0.4,0.6,0.0,0.2,0.0,0.2,0.0,West,Paid Social,4,Everyday Beauty Shoppers
C05561,4,2302.56,575.64,281,0.075,0.0,0.5,0.0,0.0,0.5,0.0,0.5,0.0,South,Paid Social,3,Big-Ticket Tech Buyers
C05562,1,109.95,109.95,645,0.0,0.0,0.0,0.0,1.0,0.0,0.0,0.0,0.0,North,Marketplace,1,Everyday Fashion Shoppers
C05563,1,7.22,7.22,169,0.15,0.0,0.0,0.0,1.0,0.0,0.0,0.0,0.0,West,Marketplace,1,Everyday Fashion Shoppers
C05564,2,178.13,89.065,638,0.025,0.0,0.0,0.5,0.0,0.0,0.0,0.5,0.0,North,Email,4,Everyday Beauty Shoppers
C05565,1,127.78,127.78,665,0.0,0.0,0.0,0.0,0.0,0.0,0.0,1.0,0.0,South,Email,0,Everyday Home & Kitchen Shoppers
C05566,2,347.61,173.805,133,0.075,0.0,0.0,0.5,0.0,0.0,0.0,0.5,0.0,South,Paid Social,0,Everyday Home & Kitchen Shoppers
C05567,3,1409.23,469.743,546,0.0,0.0,0.0,0.0,0.333,0.333,0.0,0.333,0.0,West,Referral,3,Big-Ticket Tech Buyers
C05568,2,274.12,137.06,293,0.0,0.0,0.0,0.0,0.0,0.0,0.5,0.5,0.0,South,Organic Search,0,Everyday Home & Kitchen Shoppers
C05569,2,559.6,279.8,333,0.025,0.5,0.0,0.0,0.0,0.0,0.5,0.0,0.5,East,Organic Search,1,Everyday Fashion Shoppers
C05570,1,36.29,36.29,569,0.0,0.0,0.0,0.0,1.0,0.0,0.0,0.0,0.0,East,Marketplace,1,Everyday Fashion Shoppers
C05571,3,41.4,13.8,57,0.267,0.0,0.667,0.333,0.667,0.0,0.0,0.0,0.0,East,Marketplace,2,Deal & Festive Shoppers
C05572,1,57.38,57.38,238,0.1,0.0,0.0,0.0,0.0,0.0,0.0,1.0,0.0,West,Paid Social,0,Everyday Home & Kitchen Shoppers
C05573,4,928.6,232.15,264,0.075,0.0,0.5,0.0,0.0,0.5,0.0,0.5,0.0,West,Organic Search,3,Big-Ticket Tech Buyers
C05574,2,106.43,53.215,61,0.1,1.0,0.5,0.0,0.5,0.0,0.5,0.0,0.0,South,Organic Search,2,Deal & Festive Shoppers
C05575,1,416.67,416.67,230,0.15,0.0,0.0,0.0,0.0,0.0,0.0,0.0,1.0,West,Paid Social,1,Everyday Fashion Shoppers
C05576,2,621.51,310.755,270,0.0,0.0,0.0,0.0,0.0,0.5,0.0,0.5,0.0,East,Organic Search,3,Big-Ticket Tech Buyers
C05577,2,354.91,177.455,222,0.025,0.0,0.0,0.0,0.0,0.0,0.5,0.5,0.0,North,Referral,0,Everyday Home & Kitchen Shoppers
C05578,1,117.7,117.7,68,0.0,0.0,0.0,0.0,0.0,0.0,0.0,1.0,0.0,North,Organic Search,0,Everyday Home & Kitchen Shoppers
C05579,3,469.64,156.547,208,0.217,0.0,0.667,0.0,0.0,0.0,0.0,0.667,0.333,East,Organic Search,2,Deal & Festive Shoppers
C05580,5,1652.23,330.446,334,0.14,0.0,0.4,0.2,0.0,0.4,0.2,0.2,0.0,North,Organic Search,3,Big-Ticket Tech Buyers
C05581,4,654.8,163.7,44,0.112,0.0,0.5,0.25,0.0,0.0,0.0,0.25,0.5,East,Email,2,Deal & Festive Shoppers
C05582,1,126.46,126.46,131,0.3,0.0,0.0,0.0,0.0,0.0,0.0,0.0,1.0,South,Paid Social,1,Everyday Fashion Shoppers
C05583,2,700.34,350.17,115,0.05,0.0,0.0,0.0,0.0,0.0,0.5,0.0,0.5,East,Paid Social,1,Everyday Fashion Shoppers
C05584,4,843.64,210.91,558,0.088,0.0,0.0,0.0,0.25,0.25,0.5,0.0,0.0,North,Referral,3,Big-Ticket Tech Buyers
C05585,7,620.33,88.619,25,0.186,0.0,0.571,0.286,0.429,0.0,0.286,0.0,0.0,West,Email,2,Deal & Festive Shoppers
C05586,3,139.2,46.4,44,0.2,0.0,0.667,0.0,0.0,0.0,1.0,0.0,0.0,South,Paid Social,2,Deal & Festive Shoppers
C05587,6,450.34,75.057,312,0.125,0.0,0.333,0.333,0.5,0.0,0.0,0.167,0.0,North,Email,2,Deal & Festive Shoppers
C05588,1,84.5,84.5,23,0.3,0.0,1.0,0.0,0.0,0.0,0.0,1.0,0.0,South,Organic Search,2,Deal & Festive Shoppers
C05589,3,386.68,128.893,43,0.067,0.0,0.667,0.0,0.0,0.0,0.333,0.667,0.0,South,Referral,2,Deal & Festive Shoppers
C05590,1,57.06,57.06,123,0.1,0.0,0.0,1.0,0.0,0.0,0.0,0.0,0.0,East,Paid Social,4,Everyday Beauty Shoppers
C05591,3,363.96,121.32,257,0.033,0.0,0.0,0.667,0.333,0.0,0.0,0.0,0.0,East,Marketplace,4,Everyday Beauty Shoppers
C05592,3,215.59,71.863,136,0.1,0.0,0.0,0.0,0.0,0.0,0.0,0.333,0.667,North,Marketplace,0,Everyday Home & Kitchen Shoppers
C05593,6,1130.33,188.388,18,0.092,0.167,0.167,0.167,0.0,0.333,0.333,0.0,0.167,West,Email,2,Deal & Festive Shoppers
C05594,2,525.4,262.7,273,0.05,0.0,0.0,0.0,0.0,0.5,0.0,0.5,0.0,South,Marketplace,3,Big-Ticket Tech Buyers
C05595,4,768.77,192.192,22,0.15,0.0,0.5,0.5,0.0,0.0,0.0,0.5,0.0,North,Organic Search,2,Deal & Festive Shoppers
C05596,2,437.31,218.655,457,0.05,0.0,0.0,0.0,0.0,0.0,0.5,0.5,0.0,East,Referral,0,Everyday Home & Kitchen Shoppers
C05597,2,70.4,35.2,296,0.0,0.0,0.0,0.0,1.0,0.0,0.0,0.0,0.0,East,Organic Search,1,Everyday Fashion Shoppers
C05598,4,1008.69,252.172,61,0.112,0.0,0.25,0.0,0.0,0.25,0.5,0.0,0.25,East,Organic Search,2,Deal & Festive Shoppers
C05599,2,163.15,81.575,39,0.125,0.0,0.5,0.0,0.5,0.0,0.0,0.5,0.0,South,Paid Social,2,Deal & Festive Shoppers
C05600,3,813.85,271.283,115,0.1,0.0,0.0,0.0,0.0,0.333,0.667,0.0,0.0,South,Email,3,Big-Ticket Tech Buyers
C05601,2,76.49,38.245,447,0.075,0.0,0.0,0.0,0.5,0.0,0.5,0.0,0.0,East,Email,1,Everyday Fashion Shoppers
C05602,2,182.76,91.38,15,0.15,0.0,1.0,1.0,0.0,0.0,0.0,0.0,0.0,North,Marketplace,2,Deal & Festive Shoppers
C05603,4,629.75,157.438,567,0.075,0.0,0.0,0.25,0.0,0.0,0.0,0.75,0.0,South,Referral,0,Everyday Home & Kitchen Shoppers
C05604,5,560.26,112.052,65,0.07,0.0,0.2,0.0,0.2,0.0,0.6,0.2,0.0,West,Marketplace,2,Deal & Festive Shoppers
C05605,1,15.1,15.1,299,0.0,0.0,0.0,0.0,1.0,0.0,0.0,0.0,0.0,East,Marketplace,1,Everyday Fashion Shoppers
C05606,3,170.15,56.717,596,0.05,0.0,0.0,0.0,0.333,0.0,0.667,0.0,0.0,South,Marketplace,1,Everyday Fashion Shoppers
C05607,3,593.09,197.697,275,0.167,0.0,0.667,0.0,0.333,0.0,0.0,0.667,0.0,North,Organic Search,2,Deal & Festive Shoppers
C05608,1,72.66,72.66,309,0.0,1.0,0.0,0.0,0.0,0.0,1.0,0.0,0.0,East,Paid Social,1,Everyday Fashion Shoppers
C05609,2,75.65,37.825,148,0.0,0.0,0.0,0.5,0.5,0.0,0.0,0.0,0.0,North,Email,4,Everyday Beauty Shoppers
C05610,2,1311.88,655.94,555,0.075,0.0,0.0,0.0,0.0,1.0,0.0,0.0,0.0,North,Marketplace,3,Big-Ticket Tech Buyers
C05611,1,350.55,350.55,518,0.1,0.0,0.0,0.0,0.0,1.0,0.0,0.0,0.0,North,Organic Search,3,Big-Ticket Tech Buyers
C05612,2,621.57,310.785,522,0.15,0.0,0.0,0.0,0.0,0.5,0.0,0.0,0.5,East,Paid Social,3,Big-Ticket Tech Buyers
C05613,1,18.66,18.66,271,0.05,0.0,0.0,0.0,1.0,0.0,0.0,0.0,0.0,East,Paid Social,1,Everyday Fashion Shoppers
C05614,3,249.59,83.197,351,0.083,0.0,0.333,0.0,0.0,0.0,0.667,0.333,0.0,North,Organic Search,1,Everyday Fashion Shoppers
C05615,4,337.29,84.322,47,0.05,0.25,0.25,0.0,0.5,0.0,0.25,0.25,0.0,North,Email,2,Deal & Festive Shoppers
C05616,1,149.79,149.79,217,0.0,0.0,0.0,0.0,0.0,0.0,0.0,1.0,0.0,East,Organic Search,0,Everyday Home & Kitchen Shoppers
C05617,4,874.05,218.512,3,0.15,0.0,0.5,0.0,0.0,0.0,0.0,0.0,1.0,East,Paid Social,2,Deal & Festive Shoppers
C05618,8,1354.85,169.356,46,0.162,0.125,0.5,0.125,0.0,0.125,0.0,0.375,0.375,East,Email,2,Deal & Festive Shoppers
C05619,1,36.89,36.89,94,0.0,1.0,0.0,0.0,1.0,0.0,0.0,0.0,0.0,North,Paid Social,1,Everyday Fashion Shoppers
C05620,3,497.34,165.78,309,0.083,0.0,0.333,0.0,0.333,0.0,0.667,0.0,0.0,East,Organic Search,1,Everyday Fashion Shoppers
C05621,6,1209.96,201.66,427,0.042,0.0,0.0,0.167,0.0,0.0,0.167,0.333,0.333,West,Referral,0,Everyday Home & Kitchen Shoppers
C05622,3,60.33,20.11,217,0.15,0.0,0.0,0.0,1.0,0.0,0.0,0.0,0.0,East,Paid Social,1,Everyday Fashion Shoppers
C05623,1,63.75,63.75,586,0.0,1.0,0.0,0.0,0.0,0.0,1.0,0.0,0.0,North,Marketplace,1,Everyday Fashion Shoppers
C05624,3,216.88,72.293,61,0.133,0.0,0.667,0.0,0.667,0.0,0.333,0.0,0.0,East,Email,2,Deal & Festive Shoppers
C05625,3,326.72,108.907,170,0.033,0.333,0.0,0.333,0.0,0.0,0.333,0.333,0.0,South,Marketplace,0,Everyday Home & Kitchen Shoppers
C05626,2,561.4,280.7,174,0.15,0.0,0.0,0.5,0.0,0.0,0.0,0.0,0.5,North,Organic Search,4,Everyday Beauty Shoppers
C05627,4,377.41,94.352,196,0.075,0.0,0.5,0.0,0.5,0.0,0.5,0.0,0.0,South,Email,2,Deal & Festive Shoppers
C05628,4,381.49,95.372,574,0.125,0.0,0.0,0.25,0.25,0.0,0.0,0.5,0.0,West,Referral,0,Everyday Home & Kitchen Shoppers
C05629,5,3114.4,622.88,59,0.14,0.0,0.6,0.0,0.2,0.6,0.0,0.0,0.2,South,Email,3,Big-Ticket Tech Buyers
C05630,3,172.94,57.647,495,0.017,0.0,0.0,0.0,0.333,0.0,0.667,0.0,0.0,West,Paid Social,1,Everyday Fashion Shoppers
C05631,4,160.27,40.068,188,0.188,0.0,0.5,0.25,0.5,0.0,0.0,0.25,0.0,East,Organic Search,2,Deal & Festive Shoppers
C05632,2,152.11,76.055,286,0.2,0.0,0.0,0.0,0.5,0.0,0.0,0.5,0.0,East,Organic Search,0,Everyday Home & Kitchen Shoppers
C05633,4,1189.55,297.388,9,0.038,0.0,0.25,0.0,0.0,0.25,0.0,0.0,0.75,North,Marketplace,2,Deal & Festive Shoppers
C05634,8,1773.93,221.741,218,0.05,0.125,0.25,0.25,0.0,0.25,0.375,0.125,0.0,East,Email,3,Big-Ticket Tech Buyers
C05635,2,308.56,154.28,152,0.0,0.0,0.0,0.0,0.0,0.0,0.0,1.0,0.0,North,Organic Search,0,Everyday Home & Kitchen Shoppers
C05636,3,704.75,234.917,182,0.1,0.0,0.0,0.0,0.0,0.333,0.333,0.333,0.0,South,Referral,3,Big-Ticket Tech Buyers
C05637,6,614.0,102.333,53,0.167,0.333,0.667,0.333,0.0,0.167,0.333,0.167,0.0,North,Email,2,Deal & Festive Shoppers
C05638,4,440.0,110.0,201,0.15,0.0,0.75,0.25,0.0,0.0,0.0,0.25,0.5,South,Referral,2,Deal & Festive Shoppers
C05639,1,62.18,62.18,643,0.1,0.0,0.0,1.0,0.0,0.0,0.0,0.0,0.0,East,Paid Social,4,Everyday Beauty Shoppers
C05640,1,60.19,60.19,68,0.1,0.0,0.0,0.0,1.0,0.0,0.0,0.0,0.0,North,Marketplace,1,Everyday Fashion Shoppers
C05641,3,263.28,87.76,161,0.05,0.333,0.0,0.333,0.0,0.0,0.333,0.333,0.0,South,Referral,0,Everyday Home & Kitchen Shoppers
C05642,4,233.45,58.362,234,0.012,0.0,0.0,0.5,0.0,0.0,0.25,0.25,0.0,West,Email,4,Everyday Beauty Shoppers
C05643,1,221.98,221.98,240,0.0,0.0,0.0,0.0,0.0,0.0,1.0,0.0,0.0,North,Referral,1,Everyday Fashion Shoppers
C05644,2,118.05,59.025,151,0.075,0.0,0.0,0.0,0.5,0.0,0.5,0.0,0.0,South,Email,1,Everyday Fashion Shoppers
C05645,1,94.24,94.24,305,0.0,0.0,0.0,1.0,0.0,0.0,0.0,0.0,0.0,South,Organic Search,4,Everyday Beauty Shoppers
C05646,1,124.61,124.61,690,0.05,0.0,0.0,0.0,0.0,0.0,0.0,1.0,0.0,South,Marketplace,0,Everyday Home & Kitchen Shoppers
C05647,1,168.11,168.11,105,0.0,0.0,0.0,0.0,0.0,0.0,0.0,1.0,0.0,East,Organic Search,0,Everyday Home & Kitchen Shoppers
C05648,2,306.54,153.27,60,0.3,0.0,1.0,0.0,0.0,0.0,1.0,0.0,0.0,North,Marketplace,2,Deal & Festive Shoppers
C05649,2,219.48,109.74,1,0.25,0.0,1.0,0.0,0.0,0.0,0.5,0.5,0.0,South,Marketplace,2,Deal & Festive Shoppers
C05650,2,702.76,351.38,28,0.2,0.0,1.0,0.0,0.0,1.0,0.0,0.0,0.0,East,Referral,3,Big-Ticket Tech Buyers
C05651,1,144.51,144.51,74,0.0,0.0,0.0,0.0,0.0,0.0,0.0,1.0,0.0,South,Referral,0,Everyday Home & Kitchen Shoppers
C05652,3,380.25,126.75,26,0.233,0.667,0.667,0.0,0.0,0.0,0.667,0.333,0.0,West,Organic Search,2,Deal & Festive Shoppers
C05653,3,239.94,79.98,156,0.033,0.0,0.0,0.667,0.0,0.0,0.333,0.0,0.0,West,Paid Social,4,Everyday Beauty Shoppers
C05654,3,989.03,329.677,253,0.1,0.0,0.333,0.333,0.0,0.333,0.333,0.0,0.0,North,Referral,3,Big-Ticket Tech Buyers
C05655,3,271.04,90.347,417,0.083,0.0,0.333,0.667,0.0,0.0,0.333,0.0,0.0,South,Organic Search,4,Everyday Beauty Shoppers
C05656,3,197.85,65.95,293,0.117,0.333,0.333,0.0,0.667,0.0,0.333,0.0,0.0,North,Organic Search,1,Everyday Fashion Shoppers
C05657,1,202.62,202.62,140,0.0,0.0,0.0,0.0,0.0,0.0,1.0,0.0,0.0,North,Marketplace,1,Everyday Fashion Shoppers
C05658,1,195.75,195.75,161,0.0,0.0,0.0,0.0,0.0,0.0,0.0,0.0,1.0,South,Paid Social,1,Everyday Fashion Shoppers
C05659,3,166.79,55.597,154,0.0,0.0,0.0,0.333,0.333,0.0,0.333,0.0,0.0,East,Paid Social,4,Everyday Beauty Shoppers
C05660,1,14.76,14.76,214,0.0,0.0,0.0,1.0,0.0,0.0,0.0,0.0,0.0,South,Organic Search,4,Everyday Beauty Shoppers
C05661,4,551.48,137.87,305,0.038,0.0,0.0,0.0,0.0,0.0,0.0,0.5,0.5,North,Referral,0,Everyday Home & Kitchen Shoppers
C05662,1,107.81,107.81,576,0.0,0.0,0.0,0.0,0.0,0.0,1.0,0.0,0.0,North,Paid Social,1,Everyday Fashion Shoppers
C05663,3,193.16,64.387,36,0.083,0.0,0.333,0.333,0.333,0.0,0.0,0.333,0.0,West,Email,2,Deal & Festive Shoppers
C05664,4,574.94,143.735,382,0.15,0.0,1.0,0.5,0.0,0.0,0.0,0.0,0.5,West,Paid Social,2,Deal & Festive Shoppers
C05665,2,294.66,147.33,76,0.0,0.0,0.0,0.5,0.0,0.0,0.5,0.0,0.0,North,Organic Search,4,Everyday Beauty Shoppers
C05666,2,1877.28,938.64,259,0.1,0.0,0.5,0.0,0.0,0.5,0.0,0.5,0.0,East,Paid Social,3,Big-Ticket Tech Buyers
C05667,3,417.67,139.223,5,0.117,0.0,0.333,0.333,0.0,0.333,0.0,0.333,0.0,South,Organic Search,2,Deal & Festive Shoppers
C05668,1,163.62,163.62,145,0.0,0.0,0.0,0.0,0.0,0.0,0.0,1.0,0.0,East,Marketplace,0,Everyday Home & Kitchen Shoppers
C05669,4,664.93,166.233,143,0.062,0.0,0.0,0.25,0.25,0.0,0.25,0.0,0.25,East,Organic Search,1,Everyday Fashion Shoppers
C05670,2,294.3,147.15,118,0.075,0.0,0.0,0.0,0.5,0.0,0.0,0.0,0.5,West,Organic Search,1,Everyday Fashion Shoppers
C05671,1,19.21,19.21,465,0.0,0.0,0.0,0.0,1.0,0.0,0.0,0.0,0.0,North,Paid Social,1,Everyday Fashion Shoppers
C05672,3,155.21,51.737,106,0.05,0.0,0.0,0.333,0.333,0.0,0.333,0.0,0.0,South,Organic Search,4,Everyday Beauty Shoppers
C05673,1,147.06,147.06,62,0.0,0.0,0.0,0.0,0.0,0.0,0.0,0.0,1.0,West,Paid Social,1,Everyday Fashion Shoppers
C05674,2,40.35,20.175,87,0.0,0.0,0.0,0.0,1.0,0.0,0.0,0.0,0.0,North,Paid Social,1,Everyday Fashion Shoppers
C05675,1,19.38,19.38,369,0.3,1.0,1.0,0.0,1.0,0.0,0.0,0.0,0.0,North,Marketplace,2,Deal & Festive Shoppers
C05676,2,1750.62,875.31,502,0.0,0.0,0.0,0.0,0.0,0.5,0.0,0.0,0.5,East,Organic Search,3,Big-Ticket Tech Buyers
C05677,3,432.75,144.25,164,0.117,0.0,0.0,0.0,0.333,0.0,0.0,0.333,0.333,East,Referral,0,Everyday Home & Kitchen Shoppers
C05678,5,803.17,160.634,183,0.06,0.2,0.0,0.0,0.0,0.2,0.2,0.0,0.6,East,Email,3,Big-Ticket Tech Buyers
C05679,3,550.34,183.447,269,0.0,0.0,0.0,0.333,0.0,0.333,0.333,0.0,0.0,East,Organic Search,3,Big-Ticket Tech Buyers
C05680,5,1179.95,235.99,290,0.04,0.2,0.0,0.2,0.4,0.2,0.2,0.0,0.0,East,Referral,3,Big-Ticket Tech Buyers
C05681,3,566.4,188.8,421,0.067,0.0,0.333,0.0,0.0,0.333,0.333,0.333,0.0,North,Marketplace,3,Big-Ticket Tech Buyers
C05682,3,545.66,181.887,103,0.033,0.0,0.0,0.333,0.333,0.333,0.0,0.0,0.0,East,Email,3,Big-Ticket Tech Buyers
C05683,1,155.25,155.25,462,0.05,0.0,0.0,0.0,0.0,0.0,0.0,0.0,1.0,East,Marketplace,1,Everyday Fashion Shoppers
C05684,6,3084.02,514.003,380,0.217,0.333,1.0,0.0,0.0,0.667,0.333,0.0,0.0,West,Email,3,Big-Ticket Tech Buyers
C05685,1,47.94,47.94,341,0.3,0.0,0.0,1.0,0.0,0.0,0.0,0.0,0.0,North,Paid Social,4,Everyday Beauty Shoppers
C05686,2,204.88,102.44,424,0.3,1.0,1.0,0.0,0.0,0.0,1.0,0.0,0.0,North,Marketplace,2,Deal & Festive Shoppers
C05687,3,1896.64,632.213,173,0.033,0.0,0.0,0.0,0.0,0.667,0.333,0.0,0.0,East,Organic Search,3,Big-Ticket Tech Buyers
C05688,2,437.79,218.895,516,0.0,0.0,0.0,0.0,0.0,0.0,0.5,0.0,0.5,North,Referral,1,Everyday Fashion Shoppers
C05689,2,570.51,285.255,134,0.025,0.0,0.0,0.0,0.0,0.5,0.0,0.5,0.0,North,Email,3,Big-Ticket Tech Buyers
C05690,7,995.45,142.207,96,0.171,0.0,0.571,0.429,0.0,0.143,0.0,0.429,0.0,West,Marketplace,2,Deal & Festive Shoppers
C05691,2,311.46,155.73,9,0.15,0.0,0.5,0.0,0.0,0.0,0.5,0.5,0.0,East,Marketplace,2,Deal & Festive Shoppers
C05692,3,992.9,330.967,217,0.017,0.333,0.0,0.0,0.333,0.333,0.333,0.0,0.0,South,Organic Search,3,Big-Ticket Tech Buyers
C05693,2,97.25,48.625,70,0.05,0.0,0.0,1.0,0.0,0.0,0.0,0.0,0.0,North,Email,4,Everyday Beauty Shoppers
C05694,1,107.93,107.93,562,0.0,0.0,0.0,0.0,0.0,0.0,1.0,0.0,0.0,North,Organic Search,1,Everyday Fashion Shoppers
C05695,3,404.43,134.81,132,0.133,0.0,0.0,0.333,0.0,0.0,0.667,0.0,0.0,East,Email,1,Everyday Fashion Shoppers
C05696,4,924.35,231.088,580,0.1,0.0,0.0,0.25,0.0,0.25,0.25,0.25,0.0,South,Email,3,Big-Ticket Tech Buyers
C05697,4,377.38,94.345,395,0.175,0.0,0.75,0.25,0.0,0.25,0.0,0.5,0.0,North,Organic Search,2,Deal & Festive Shoppers
C05698,3,317.47,105.823,105,0.0,0.0,0.0,0.333,0.0,0.0,0.0,0.667,0.0,South,Marketplace,0,Everyday Home & Kitchen Shoppers
C05699,5,761.06,152.212,1,0.2,0.0,0.8,0.2,0.0,0.0,0.0,0.0,0.8,North,Paid Social,2,Deal & Festive Shoppers
C05700,3,623.58,207.86,390,0.217,0.0,0.667,0.0,0.0,0.333,0.667,0.0,0.0,North,Paid Social,2,Deal & Festive Shoppers
C05701,2,222.98,111.49,253,0.0,0.0,0.0,0.5,0.0,0.0,0.0,0.5,0.0,North,Marketplace,0,Everyday Home & Kitchen Shoppers
C05702,2,147.91,73.955,397,0.2,0.0,0.5,0.0,0.0,0.0,0.5,0.5,0.0,East,Referral,2,Deal & Festive Shoppers
C05703,3,418.16,139.387,481,0.067,0.333,0.0,0.333,0.0,0.0,0.0,0.667,0.0,North,Referral,0,Everyday Home & Kitchen Shoppers
C05704,2,112.9,56.45,417,0.2,0.0,1.0,0.0,1.0,0.0,0.0,0.0,0.0,South,Organic Search,2,Deal & Festive Shoppers
C05705,2,126.34,63.17,91,0.05,0.0,0.0,0.5,0.0,0.0,0.5,0.0,0.0,South,Organic Search,4,Everyday Beauty Shoppers
C05706,2,130.42,65.21,125,0.025,0.0,0.0,0.0,0.5,0.0,0.5,0.0,0.0,South,Organic Search,1,Everyday Fashion Shoppers
C05707,1,15.42,15.42,424,0.2,0.0,1.0,0.0,1.0,0.0,0.0,0.0,0.0,North,Paid Social,2,Deal & Festive Shoppers
C05708,2,689.34,344.67,219,0.025,0.0,0.0,0.0,0.0,0.0,0.5,0.5,0.0,North,Paid Social,0,Everyday Home & Kitchen Shoppers
C05709,1,24.62,24.62,343,0.1,0.0,0.0,0.0,1.0,0.0,0.0,0.0,0.0,North,Paid Social,1,Everyday Fashion Shoppers
C05710,2,522.34,261.17,120,0.1,0.5,0.0,0.0,0.0,0.0,0.5,0.5,0.0,South,Email,0,Everyday Home & Kitchen Shoppers
C05711,2,786.16,393.08,480,0.025,0.0,0.0,0.0,0.0,0.5,0.0,0.5,0.0,East,Organic Search,3,Big-Ticket Tech Buyers
C05712,1,28.97,28.97,66,0.0,0.0,0.0,0.0,1.0,0.0,0.0,0.0,0.0,North,Referral,1,Everyday Fashion Shoppers
C05713,3,620.25,206.75,313,0.1,0.0,0.667,0.0,0.333,0.0,0.0,0.667,0.0,East,Marketplace,0,Everyday Home & Kitchen Shoppers
C05714,2,300.6,150.3,7,0.1,0.0,0.5,0.0,0.0,0.0,1.0,0.0,0.0,East,Organic Search,2,Deal & Festive Shoppers
C05715,3,354.69,118.23,15,0.167,0.0,1.0,0.0,0.667,0.0,0.333,0.0,0.0,North,Referral,2,Deal & Festive Shoppers
C05716,2,227.48,113.74,412,0.1,0.0,1.0,0.0,0.0,0.0,0.0,1.0,0.0,North,Organic Search,0,Everyday Home & Kitchen Shoppers
C05717,3,1017.59,339.197,182,0.067,0.333,0.0,0.333,0.0,0.333,0.0,0.333,0.0,North,Paid Social,3,Big-Ticket Tech Buyers
C05718,3,113.0,37.667,98,0.05,0.0,0.0,1.0,0.0,0.0,0.0,0.0,0.0,North,Email,4,Everyday Beauty Shoppers
C05719,2,277.66,138.83,652,0.15,0.0,0.0,0.0,0.0,0.0,1.0,0.0,0.0,East,Organic Search,1,Everyday Fashion Shoppers
C05720,2,174.37,87.185,107,0.1,0.0,0.5,0.0,0.5,0.0,0.0,0.5,0.0,North,Paid Social,0,Everyday Home & Kitchen Shoppers
C05721,1,688.03,688.03,41,0.2,0.0,1.0,0.0,0.0,1.0,0.0,0.0,0.0,West,Marketplace,3,Big-Ticket Tech Buyers
C05722,3,258.5,86.167,272,0.05,0.0,0.0,0.333,0.0,0.0,0.333,0.333,0.0,South,Organic Search,0,Everyday Home & Kitchen Shoppers
C05723,2,610.91,305.455,179,0.0,0.0,0.0,0.0,0.5,0.5,0.0,0.0,0.0,East,Email,3,Big-Ticket Tech Buyers
C05724,1,129.08,129.08,346,0.0,1.0,0.0,0.0,0.0,0.0,1.0,0.0,0.0,East,Referral,1,Everyday Fashion Shoppers
C05725,2,156.31,78.155,449,0.0,0.0,0.0,0.0,0.5,0.0,0.0,0.5,0.0,East,Organic Search,0,Everyday Home & Kitchen Shoppers
C05726,5,336.99,67.398,219,0.08,0.0,0.4,0.6,0.2,0.0,0.0,0.2,0.0,West,Email,4,Everyday Beauty Shoppers
C05727,2,397.18,198.59,196,0.0,0.0,0.0,0.0,0.0,0.0,0.5,0.5,0.0,West,Paid Social,0,Everyday Home & Kitchen Shoppers
C05728,2,248.44,124.22,457,0.2,0.5,0.0,0.0,0.0,0.0,1.0,0.0,0.0,South,Organic Search,1,Everyday Fashion Shoppers
C05729,1,34.33,34.33,426,0.3,0.0,1.0,1.0,0.0,0.0,0.0,0.0,0.0,North,Marketplace,4,Everyday Beauty Shoppers
C05730,2,225.22,112.61,195,0.075,0.0,0.0,0.0,0.0,0.5,0.0,0.0,0.5,South,Paid Social,3,Big-Ticket Tech Buyers
C05731,2,339.9,169.95,125,0.0,0.5,0.0,0.0,0.5,0.0,0.5,0.0,0.0,North,Email,1,Everyday Fashion Shoppers
C05732,5,636.56,127.312,32,0.13,0.2,0.6,0.2,0.0,0.2,0.4,0.2,0.0,East,Organic Search,2,Deal & Festive Shoppers
C05733,2,254.92,127.46,74,0.05,0.0,0.0,0.0,0.5,0.0,0.0,0.0,0.5,South,Organic Search,1,Everyday Fashion Shoppers
C05734,4,661.64,165.41,250,0.112,0.0,0.5,0.0,0.5,0.25,0.0,0.0,0.25,South,Email,2,Deal & Festive Shoppers
C05735,3,137.81,45.937,214,0.0,0.0,0.0,0.0,0.333,0.0,0.333,0.333,0.0,East,Email,0,Everyday Home & Kitchen Shoppers
C05736,1,372.71,372.71,338,0.3,0.0,0.0,0.0,0.0,0.0,0.0,1.0,0.0,North,Organic Search,0,Everyday Home & Kitchen Shoppers
C05737,3,221.27,73.757,33,0.083,0.0,0.333,0.333,0.0,0.0,0.333,0.333,0.0,East,Email,2,Deal & Festive Shoppers
C05738,1,54.32,54.32,65,0.1,0.0,0.0,0.0,0.0,0.0,1.0,0.0,0.0,South,Paid Social,1,Everyday Fashion Shoppers
C05739,4,354.37,88.592,123,0.188,0.0,0.5,0.5,0.25,0.0,0.25,0.0,0.0,East,Paid Social,2,Deal & Festive Shoppers
C05740,2,178.67,89.335,666,0.0,0.0,0.0,0.5,0.0,0.0,0.5,0.0,0.0,East,Email,4,Everyday Beauty Shoppers
C05741,3,664.13,221.377,66,0.1,0.0,0.0,0.0,0.0,0.333,0.0,0.667,0.0,North,Referral,0,Everyday Home & Kitchen Shoppers
C05742,1,94.88,94.88,295,0.0,0.0,0.0,1.0,0.0,0.0,0.0,0.0,0.0,East,Paid Social,4,Everyday Beauty Shoppers
C05743,2,147.13,73.565,88,0.0,0.0,0.0,0.0,0.0,0.0,1.0,0.0,0.0,North,Email,1,Everyday Fashion Shoppers
C05744,3,641.2,213.733,317,0.067,0.333,0.667,0.0,0.0,0.0,0.0,1.0,0.0,East,Paid Social,0,Everyday Home & Kitchen Shoppers
C05745,2,116.52,58.26,435,0.0,0.0,0.0,0.0,1.0,0.0,0.0,0.0,0.0,East,Marketplace,1,Everyday Fashion Shoppers
C05746,5,1207.55,241.51,541,0.04,0.2,0.0,0.2,0.0,0.2,0.2,0.2,0.2,South,Email,3,Big-Ticket Tech Buyers
C05747,3,137.6,45.867,76,0.2,0.0,0.667,0.667,0.0,0.0,0.333,0.0,0.0,East,Paid Social,2,Deal & Festive Shoppers
C05748,1,109.86,109.86,557,0.0,0.0,0.0,1.0,0.0,0.0,0.0,0.0,0.0,West,Paid Social,4,Everyday Beauty Shoppers
C05749,1,41.36,41.36,79,0.0,0.0,0.0,0.0,1.0,0.0,0.0,0.0,0.0,East,Marketplace,1,Everyday Fashion Shoppers
C05750,3,412.24,137.413,333,0.033,0.0,0.0,0.0,0.333,0.0,0.0,0.333,0.333,East,Marketplace,0,Everyday Home & Kitchen Shoppers
C05751,1,56.49,56.49,113,0.0,0.0,0.0,1.0,0.0,0.0,0.0,0.0,0.0,East,Organic Search,4,Everyday Beauty Shoppers
C05752,3,1692.84,564.28,337,0.167,0.0,0.0,0.333,0.0,0.667,0.0,0.0,0.0,South,Organic Search,3,Big-Ticket Tech Buyers
C05753,3,255.71,85.237,236,0.1,0.0,0.0,0.0,0.333,0.0,0.333,0.0,0.333,East,Paid Social,1,Everyday Fashion Shoppers
C05754,2,100.85,50.425,458,0.075,0.0,0.0,0.0,0.0,0.0,0.0,1.0,0.0,West,Marketplace,0,Everyday Home & Kitchen Shoppers
C05755,1,65.36,65.36,615,0.1,0.0,0.0,0.0,0.0,0.0,0.0,1.0,0.0,North,Marketplace,0,Everyday Home & Kitchen Shoppers
C05756,4,835.87,208.968,126,0.05,0.0,0.5,0.0,0.0,0.0,1.0,0.0,0.0,North,Email,2,Deal & Festive Shoppers
C05757,3,240.94,80.313,376,0.1,0.0,0.667,0.0,0.0,0.0,1.0,0.0,0.0,North,Organic Search,1,Everyday Fashion Shoppers
C05758,1,29.89,29.89,358,0.0,0.0,0.0,0.0,0.0,0.0,1.0,0.0,0.0,North,Marketplace,1,Everyday Fashion Shoppers
C05759,3,1253.09,417.697,260,0.15,0.0,0.0,0.0,0.0,0.333,0.333,0.0,0.333,South,Organic Search,3,Big-Ticket Tech Buyers
C05760,2,243.0,121.5,616,0.1,0.0,0.0,0.5,0.0,0.0,0.0,0.0,0.5,North,Paid Social,4,Everyday Beauty Shoppers
C05761,1,658.71,658.71,625,0.0,0.0,0.0,0.0,0.0,0.0,0.0,0.0,1.0,East,Paid Social,1,Everyday Fashion Shoppers
C05762,1,40.21,40.21,614,0.15,0.0,0.0,0.0,0.0,0.0,0.0,1.0,0.0,North,Paid Social,0,Everyday Home & Kitchen Shoppers
C05763,2,118.82,59.41,545,0.1,0.0,0.0,0.0,0.5,0.0,0.0,0.5,0.0,North,Referral,0,Everyday Home & Kitchen Shoppers
C05764,3,400.13,133.377,222,0.033,0.333,0.0,0.0,0.0,0.0,0.0,0.667,0.333,East,Organic Search,0,Everyday Home & Kitchen Shoppers
C05765,2,608.15,304.075,402,0.15,0.0,0.5,0.0,0.0,0.5,0.0,0.5,0.0,South,Organic Search,3,Big-Ticket Tech Buyers
C05766,2,502.01,251.005,329,0.075,0.0,0.0,0.0,0.0,0.0,0.5,0.0,0.5,South,Email,1,Everyday Fashion Shoppers
C05767,5,1242.62,248.524,171,0.06,0.0,0.2,0.0,0.0,0.0,0.6,0.2,0.2,East,Organic Search,2,Deal & Festive Shoppers
C05768,6,460.71,76.785,4,0.058,0.0,0.333,0.0,0.333,0.0,0.333,0.333,0.0,West,Paid Social,2,Deal & Festive Shoppers
C05769,2,627.6,313.8,400,0.3,0.0,1.0,0.0,0.0,1.0,0.0,0.0,0.0,East,Organic Search,3,Big-Ticket Tech Buyers
C05770,2,182.19,91.095,174,0.175,0.0,0.0,0.0,0.0,0.0,0.5,0.0,0.5,North,Paid Social,1,Everyday Fashion Shoppers
C05771,2,345.24,172.62,487,0.0,0.0,0.0,0.5,0.0,0.0,0.5,0.0,0.0,North,Organic Search,4,Everyday Beauty Shoppers
C05772,4,650.3,162.575,2,0.175,0.0,0.75,0.0,0.0,0.0,0.5,0.25,0.25,West,Email,2,Deal & Festive Shoppers
C05773,3,457.65,152.55,39,0.067,0.0,0.333,0.333,0.0,0.0,0.0,0.667,0.0,East,Paid Social,0,Everyday Home & Kitchen Shoppers
C05774,2,128.77,64.385,702,0.125,0.5,0.0,0.0,0.0,0.0,0.5,0.0,0.5,East,Organic Search,1,Everyday Fashion Shoppers
C05775,4,501.92,125.48,323,0.1,0.0,0.5,0.5,0.0,0.0,0.0,0.0,0.5,East,Marketplace,4,Everyday Beauty Shoppers
C05776,2,177.42,88.71,54,0.15,0.0,1.0,0.0,0.0,0.0,0.0,1.0,0.0,North,Organic Search,2,Deal & Festive Shoppers
C05777,4,820.36,205.09,258,0.1,0.0,0.5,0.25,0.0,0.0,0.5,0.25,0.0,South,Email,2,Deal & Festive Shoppers
C05778,2,177.8,88.9,597,0.0,0.0,0.0,0.0,0.5,0.0,0.5,0.0,0.0,East,Organic Search,1,Everyday Fashion Shoppers
C05779,1,25.01,25.01,237,0.0,0.0,0.0,1.0,0.0,0.0,0.0,0.0,0.0,West,Marketplace,4,Everyday Beauty Shoppers
C05780,3,797.67,265.89,594,0.0,0.0,0.0,0.0,0.0,0.333,0.0,0.667,0.0,North,Organic Search,0,Everyday Home & Kitchen Shoppers
C05781,2,353.54,176.77,499,0.05,0.0,0.0,0.5,0.0,0.0,0.0,0.5,0.0,East,Referral,0,Everyday Home & Kitchen Shoppers
C05782,5,2001.5,400.3,386,0.16,0.4,0.6,0.2,0.2,0.2,0.4,0.0,0.0,North,Referral,2,Deal & Festive Shoppers
C05783,3,287.7,95.9,36,0.133,0.0,0.667,0.0,0.667,0.0,0.0,0.333,0.0,West,Referral,2,Deal & Festive Shoppers
C05784,2,211.56,105.78,40,0.3,0.0,1.0,0.0,0.0,0.0,0.0,0.0,1.0,North,Email,2,Deal & Festive Shoppers
C05785,3,340.15,113.383,240,0.0,0.0,0.0,0.333,0.0,0.0,0.333,0.333,0.0,East,Organic Search,0,Everyday Home & Kitchen Shoppers
C05786,2,58.95,29.475,100,0.1,0.0,0.0,1.0,0.0,0.0,0.0,0.0,0.0,North,Paid Social,4,Everyday Beauty Shoppers
C05787,4,231.23,57.808,9,0.112,0.0,0.75,0.25,0.0,0.0,0.75,0.0,0.0,East,Marketplace,2,Deal & Festive Shoppers
C05788,2,164.75,82.375,269,0.025,0.0,0.0,0.5,0.0,0.0,0.5,0.0,0.0,East,Marketplace,4,Everyday Beauty Shoppers
C05789,4,340.9,85.225,52,0.15,0.0,0.5,0.0,0.5,0.0,0.25,0.25,0.0,South,Paid Social,2,Deal & Festive Shoppers
C05790,1,31.16,31.16,40,0.1,0.0,1.0,0.0,1.0,0.0,0.0,0.0,0.0,West,Referral,2,Deal & Festive Shoppers
C05791,1,70.53,70.53,208,0.0,0.0,0.0,0.0,1.0,0.0,0.0,0.0,0.0,West,Email,1,Everyday Fashion Shoppers
C05792,3,321.71,107.237,512,0.017,0.0,0.0,0.0,0.333,0.0,0.0,0.0,0.667,West,Email,1,Everyday Fashion Shoppers
C05793,1,114.02,114.02,450,0.0,0.0,0.0,0.0,0.0,0.0,1.0,0.0,0.0,South,Marketplace,1,Everyday Fashion Shoppers
C05794,2,32.28,16.14,42,0.15,0.0,1.0,0.0,1.0,0.0,0.0,0.0,0.0,East,Marketplace,2,Deal & Festive Shoppers
C05795,1,156.17,156.17,440,0.0,0.0,0.0,0.0,0.0,0.0,0.0,0.0,1.0,East,Paid Social,1,Everyday Fashion Shoppers
C05796,4,800.63,200.158,291,0.025,0.0,0.0,0.0,0.0,0.0,0.75,0.25,0.0,East,Referral,1,Everyday Fashion Shoppers
C05797,1,17.73,17.73,122,0.3,0.0,0.0,0.0,1.0,0.0,0.0,0.0,0.0,South,Paid Social,1,Everyday Fashion Shoppers
C05798,2,75.17,37.585,164,0.05,0.0,0.0,0.0,1.0,0.0,0.0,0.0,0.0,East,Organic Search,1,Everyday Fashion Shoppers
C05799,1,113.59,113.59,321,0.0,0.0,0.0,0.0,0.0,0.0,1.0,0.0,0.0,North,Marketplace,1,Everyday Fashion Shoppers
C05800,1,13.4,13.4,434,0.1,0.0,0.0,0.0,1.0,0.0,0.0,0.0,0.0,South,Referral,1,Everyday Fashion Shoppers
C05801,2,257.5,128.75,643,0.15,0.0,0.0,0.0,0.0,0.0,0.5,0.5,0.0,North,Organic Search,0,Everyday Home & Kitchen Shoppers
C05802,5,1530.44,306.088,175,0.01,0.4,0.0,0.2,0.0,0.2,0.2,0.0,0.4,South,Email,3,Big-Ticket Tech Buyers
C05803,3,118.99,39.663,370,0.133,0.0,1.0,0.667,0.0,0.0,0.333,0.0,0.0,North,Organic Search,4,Everyday Beauty Shoppers
C05804,1,14.89,14.89,78,0.15,0.0,0.0,1.0,0.0,0.0,0.0,0.0,0.0,North,Organic Search,4,Everyday Beauty Shoppers
C05805,7,3672.64,524.663,313,0.05,0.0,0.286,0.0,0.0,0.429,0.286,0.286,0.0,East,Referral,3,Big-Ticket Tech Buyers
C05806,6,659.17,109.862,403,0.15,0.0,0.333,0.167,0.333,0.0,0.167,0.167,0.167,East,Email,2,Deal & Festive Shoppers
C05807,1,101.42,101.42,427,0.0,0.0,0.0,1.0,0.0,0.0,0.0,0.0,0.0,North,Paid Social,4,Everyday Beauty Shoppers
C05808,2,291.94,145.97,26,0.15,0.0,1.0,0.0,0.0,0.0,0.0,1.0,0.0,East,Organic Search,2,Deal & Festive Shoppers
C05809,3,123.77,41.257,365,0.25,0.667,0.667,0.667,0.333,0.0,0.0,0.0,0.0,West,Referral,4,Everyday Beauty Shoppers
C05810,1,394.14,394.14,455,0.0,0.0,0.0,0.0,0.0,0.0,0.0,1.0,0.0,West,Organic Search,0,Everyday Home & Kitchen Shoppers
C05811,3,653.4,217.8,194,0.0,0.0,0.0,0.333,0.0,0.333,0.0,0.0,0.333,West,Marketplace,3,Big-Ticket Tech Buyers
C05812,2,368.09,184.045,197,0.0,0.0,0.0,0.0,0.0,0.0,0.0,1.0,0.0,West,Organic Search,0,Everyday Home & Kitchen Shoppers
C05813,1,35.12,35.12,511,0.15,0.0,0.0,0.0,0.0,0.0,0.0,1.0,0.0,East,Marketplace,0,Everyday Home & Kitchen Shoppers
C05814,1,119.82,119.82,35,0.15,0.0,1.0,0.0,0.0,0.0,1.0,0.0,0.0,West,Organic Search,2,Deal & Festive Shoppers
C05815,1,55.31,55.31,308,0.05,0.0,0.0,0.0,0.0,0.0,1.0,0.0,0.0,West,Organic Search,1,Everyday Fashion Shoppers
C05816,1,42.07,42.07,680,0.0,0.0,0.0,1.0,0.0,0.0,0.0,0.0,0.0,South,Paid Social,4,Everyday Beauty Shoppers
C05817,1,21.85,21.85,440,0.0,0.0,0.0,0.0,1.0,0.0,0.0,0.0,0.0,West,Email,1,Everyday Fashion Shoppers
C05818,3,110.88,36.96,3,0.067,0.0,0.667,0.667,0.0,0.0,0.0,0.333,0.0,East,Marketplace,2,Deal & Festive Shoppers
C05819,3,306.6,102.2,48,0.2,0.0,0.667,0.0,0.0,0.0,0.667,0.0,0.333,East,Paid Social,2,Deal & Festive Shoppers
C05820,3,1190.08,396.693,6,0.133,0.0,0.667,0.0,0.333,0.333,0.333,0.0,0.0,West,Paid Social,2,Deal & Festive Shoppers
C05821,2,136.17,68.085,280,0.05,0.0,0.0,1.0,0.0,0.0,0.0,0.0,0.0,South,Organic Search,4,Everyday Beauty Shoppers
C05822,1,46.96,46.96,231,0.0,0.0,0.0,0.0,1.0,0.0,0.0,0.0,0.0,South,Referral,1,Everyday Fashion Shoppers
C05823,1,381.86,381.86,104,0.05,0.0,0.0,0.0,0.0,1.0,0.0,0.0,0.0,East,Paid Social,3,Big-Ticket Tech Buyers
C05824,1,60.51,60.51,616,0.1,0.0,0.0,0.0,1.0,0.0,0.0,0.0,0.0,East,Marketplace,1,Everyday Fashion Shoppers
C05825,1,346.01,346.01,356,0.1,0.0,0.0,0.0,0.0,1.0,0.0,0.0,0.0,West,Paid Social,3,Big-Ticket Tech Buyers
C05826,2,710.04,355.02,190,0.05,0.0,0.0,0.0,0.0,0.0,0.0,0.5,0.5,West,Email,0,Everyday Home & Kitchen Shoppers
C05827,1,634.34,634.34,610,0.1,0.0,0.0,0.0,0.0,1.0,0.0,0.0,0.0,East,Marketplace,3,Big-Ticket Tech Buyers
C05828,3,572.62,190.873,86,0.033,0.0,0.0,0.0,0.333,0.0,0.333,0.333,0.0,West,Organic Search,0,Everyday Home & Kitchen Shoppers
C05829,4,929.93,232.482,43,0.188,0.0,0.5,0.0,0.25,0.5,0.0,0.0,0.25,North,Paid Social,2,Deal & Festive Shoppers
C05830,3,370.49,123.497,278,0.1,0.0,0.333,0.0,0.0,0.0,0.333,0.333,0.333,West,Marketplace,0,Everyday Home & Kitchen Shoppers
C05831,3,560.05,186.683,354,0.033,0.333,0.0,0.333,0.0,0.333,0.0,0.333,0.0,North,Paid Social,3,Big-Ticket Tech Buyers
C05832,4,554.71,138.678,423,0.1,0.0,0.25,0.0,0.25,0.0,0.0,0.5,0.25,East,Referral,0,Everyday Home & Kitchen Shoppers
C05833,1,52.06,52.06,153,0.0,0.0,0.0,0.0,0.0,0.0,1.0,0.0,0.0,North,Marketplace,1,Everyday Fashion Shoppers
C05834,3,397.75,132.583,375,0.15,0.0,0.333,0.333,0.0,0.333,0.0,0.0,0.333,East,Organic Search,3,Big-Ticket Tech Buyers
C05835,1,66.03,66.03,537,0.15,0.0,0.0,0.0,1.0,0.0,0.0,0.0,0.0,South,Marketplace,1,Everyday Fashion Shoppers
C05836,1,210.48,210.48,126,0.0,0.0,0.0,0.0,0.0,1.0,0.0,0.0,0.0,North,Paid Social,3,Big-Ticket Tech Buyers
C05837,2,349.45,174.725,4,0.15,0.0,0.5,0.0,0.5,0.0,0.0,0.0,0.5,East,Referral,2,Deal & Festive Shoppers
C05838,3,361.25,120.417,627,0.15,0.0,0.0,0.0,0.333,0.0,0.0,0.333,0.333,East,Paid Social,0,Everyday Home & Kitchen Shoppers
C05839,2,74.61,37.305,440,0.075,0.0,0.0,1.0,0.0,0.0,0.0,0.0,0.0,North,Paid Social,4,Everyday Beauty Shoppers
C05840,2,124.6,62.3,187,0.0,0.0,0.0,0.5,0.0,0.0,0.0,0.5,0.0,East,Organic Search,4,Everyday Beauty Shoppers
C05841,1,105.28,105.28,173,0.0,0.0,0.0,1.0,0.0,0.0,0.0,0.0,0.0,North,Organic Search,4,Everyday Beauty Shoppers
C05842,2,2526.62,1263.31,32,0.2,0.0,1.0,0.0,0.0,1.0,0.0,0.0,0.0,North,Paid Social,3,Big-Ticket Tech Buyers
C05843,1,332.21,332.21,342,0.1,0.0,0.0,0.0,0.0,0.0,0.0,1.0,0.0,North,Paid Social,0,Everyday Home & Kitchen Shoppers
C05844,4,805.41,201.353,328,0.05,0.0,0.0,0.0,0.25,0.25,0.25,0.0,0.25,East,Referral,3,Big-Ticket Tech Buyers
C05845,1,54.12,54.12,104,0.0,0.0,0.0,0.0,0.0,0.0,0.0,1.0,0.0,East,Organic Search,0,Everyday Home & Kitchen Shoppers
C05846,4,326.5,81.625,213,0.0,0.0,0.0,0.25,0.0,0.0,0.25,0.5,0.0,East,Organic Search,0,Everyday Home & Kitchen Shoppers
C05847,1,40.02,40.02,641,0.0,1.0,0.0,0.0,0.0,0.0,0.0,1.0,0.0,West,Organic Search,0,Everyday Home & Kitchen Shoppers
C05848,1,402.12,402.12,247,0.1,0.0,0.0,0.0,0.0,1.0,0.0,0.0,0.0,East,Paid Social,3,Big-Ticket Tech Buyers
C05849,2,486.3,243.15,285,0.075,0.0,0.0,0.0,0.0,0.0,0.0,0.0,1.0,East,Organic Search,1,Everyday Fashion Shoppers
C05850,3,163.76,54.587,515,0.05,0.0,0.0,0.0,0.333,0.0,0.333,0.333,0.0,West,Organic Search,0,Everyday Home & Kitchen Shoppers
C05851,5,590.08,118.016,53,0.12,0.0,0.4,0.2,0.2,0.0,0.4,0.2,0.0,South,Referral,2,Deal & Festive Shoppers
C05852,4,716.66,179.165,128,0.05,0.25,0.0,0.25,0.0,0.25,0.25,0.25,0.0,North,Email,3,Big-Ticket Tech Buyers
C05853,2,288.38,144.19,528,0.0,0.0,0.0,0.0,0.0,0.0,0.0,0.5,0.5,North,Email,0,Everyday Home & Kitchen Shoppers
C05854,3,1098.6,366.2,124,0.033,0.0,0.0,0.333,0.333,0.333,0.0,0.0,0.0,East,Organic Search,3,Big-Ticket Tech Buyers
C05855,3,144.89,48.297,179,0.1,0.0,0.0,0.667,0.333,0.0,0.0,0.0,0.0,East,Marketplace,4,Everyday Beauty Shoppers
C05856,3,320.07,106.69,141,0.133,0.0,0.0,0.0,0.333,0.0,0.333,0.333,0.0,North,Referral,0,Everyday Home & Kitchen Shoppers
C05857,8,913.92,114.24,41,0.162,0.0,0.75,0.375,0.0,0.0,0.0,0.375,0.25,West,Referral,2,Deal & Festive Shoppers
C05858,4,1370.49,342.622,277,0.012,0.0,0.0,0.5,0.0,0.25,0.25,0.0,0.0,West,Organic Search,3,Big-Ticket Tech Buyers
C05859,3,270.6,90.2,137,0.117,0.0,0.333,0.0,0.333,0.0,0.333,0.333,0.0,North,Organic Search,2,Deal & Festive Shoppers
C05860,2,184.06,92.03,126,0.025,0.5,0.0,0.0,0.0,0.0,1.0,0.0,0.0,North,Paid Social,1,Everyday Fashion Shoppers
C05861,2,879.4,439.7,367,0.15,0.0,1.0,0.0,0.0,0.0,0.0,0.0,1.0,North,Organic Search,2,Deal & Festive Shoppers
C05862,3,2021.45,673.817,196,0.067,0.0,0.0,0.0,0.0,0.667,0.333,0.0,0.0,South,Email,3,Big-Ticket Tech Buyers
C05863,1,120.0,120.0,322,0.0,0.0,0.0,0.0,0.0,0.0,0.0,0.0,1.0,West,Paid Social,1,Everyday Fashion Shoppers
C05864,2,778.7,389.35,568,0.0,0.5,0.0,0.5,0.0,0.5,0.0,0.0,0.0,East,Organic Search,3,Big-Ticket Tech Buyers
C05865,2,69.28,34.64,38,0.2,0.5,0.5,0.5,0.0,0.0,0.5,0.0,0.0,North,Organic Search,2,Deal & Festive Shoppers
C05866,3,795.51,265.17,273,0.183,0.0,0.0,0.333,0.0,0.333,0.333,0.0,0.0,South,Organic Search,3,Big-Ticket Tech Buyers
C05867,3,358.29,119.43,107,0.05,0.0,0.0,0.0,0.0,0.0,0.667,0.333,0.0,North,Paid Social,1,Everyday Fashion Shoppers
C05868,3,605.48,201.827,8,0.067,0.0,0.667,0.0,0.0,0.0,0.0,0.333,0.667,South,Organic Search,2,Deal & Festive Shoppers
C05869,1,290.2,290.2,66,0.0,0.0,0.0,0.0,0.0,0.0,0.0,1.0,0.0,South,Paid Social,0,Everyday Home & Kitchen Shoppers
C05870,2,275.59,137.795,163,0.0,0.0,0.0,0.0,0.0,0.5,0.0,0.5,0.0,East,Organic Search,3,Big-Ticket Tech Buyers
C05871,1,30.27,30.27,165,0.0,0.0,0.0,0.0,1.0,0.0,0.0,0.0,0.0,East,Referral,1,Everyday Fashion Shoppers
C05872,2,278.76,139.38,374,0.25,0.0,1.0,0.5,0.0,0.0,0.5,0.0,0.0,West,Marketplace,2,Deal & Festive Shoppers
C05873,1,160.5,160.5,210,0.0,0.0,0.0,0.0,0.0,0.0,0.0,1.0,0.0,North,Marketplace,0,Everyday Home & Kitchen Shoppers
C05874,3,165.73,55.243,392,0.167,0.0,0.667,0.0,0.667,0.0,0.333,0.0,0.0,East,Referral,2,Deal & Festive Shoppers
C05875,1,31.13,31.13,221,0.0,0.0,0.0,1.0,0.0,0.0,0.0,0.0,0.0,North,Paid Social,4,Everyday Beauty Shoppers
C05876,3,651.88,217.293,529,0.15,0.0,0.0,0.0,0.0,0.333,0.0,0.333,0.333,South,Email,3,Big-Ticket Tech Buyers
C05877,2,377.88,188.94,67,0.075,0.0,0.0,0.0,0.5,0.0,0.0,0.5,0.0,West,Marketplace,0,Everyday Home & Kitchen Shoppers
C05878,1,549.04,549.04,556,0.0,0.0,0.0,0.0,0.0,1.0,0.0,0.0,0.0,East,Paid Social,3,Big-Ticket Tech Buyers
C05879,3,395.48,131.827,97,0.0,0.0,0.0,0.333,0.0,0.0,0.667,0.0,0.0,North,Organic Search,1,Everyday Fashion Shoppers
C05880,3,566.72,188.907,650,0.0,0.0,0.0,0.0,0.0,0.0,0.667,0.333,0.0,South,Email,1,Everyday Fashion Shoppers
C05881,3,400.0,133.333,354,0.15,0.0,0.333,0.0,0.333,0.0,0.0,0.667,0.0,East,Organic Search,0,Everyday Home & Kitchen Shoppers
C05882,2,26.96,13.48,24,0.15,0.0,1.0,0.0,1.0,0.0,0.0,0.0,0.0,West,Email,2,Deal & Festive Shoppers
C05883,1,156.47,156.47,147,0.05,0.0,0.0,0.0,0.0,0.0,0.0,0.0,1.0,East,Organic Search,1,Everyday Fashion Shoppers
C05884,5,444.7,88.94,134,0.03,0.0,0.0,0.2,0.4,0.0,0.2,0.2,0.0,North,Organic Search,0,Everyday Home & Kitchen Shoppers
C05885,2,357.92,178.96,453,0.025,0.5,0.0,0.0,0.0,1.0,0.0,0.0,0.0,South,Email,3,Big-Ticket Tech Buyers
C05886,2,45.33,22.665,100,0.075,0.0,0.0,0.0,1.0,0.0,0.0,0.0,0.0,North,Email,1,Everyday Fashion Shoppers
C05887,2,84.56,42.28,25,0.1,0.0,1.0,0.0,1.0,0.0,0.0,0.0,0.0,North,Referral,2,Deal & Festive Shoppers
C05888,2,348.95,174.475,235,0.0,0.0,0.0,0.0,0.0,0.0,0.0,1.0,0.0,East,Marketplace,0,Everyday Home & Kitchen Shoppers
C05889,1,138.0,138.0,264,0.2,0.0,0.0,0.0,0.0,0.0,1.0,0.0,0.0,East,Marketplace,1,Everyday Fashion Shoppers
C05890,3,427.47,142.49,452,0.067,0.0,0.0,0.333,0.0,0.0,0.0,0.667,0.0,North,Paid Social,0,Everyday Home & Kitchen Shoppers
C05891,1,75.0,75.0,204,0.0,0.0,0.0,0.0,0.0,0.0,1.0,0.0,0.0,East,Marketplace,1,Everyday Fashion Shoppers
C05892,1,25.26,25.26,439,0.15,0.0,0.0,0.0,1.0,0.0,0.0,0.0,0.0,East,Paid Social,1,Everyday Fashion Shoppers
C05893,3,485.53,161.843,124,0.05,0.0,0.0,0.333,0.0,0.333,0.333,0.0,0.0,East,Organic Search,3,Big-Ticket Tech Buyers
C05894,3,1747.24,582.413,99,0.05,0.0,0.0,0.0,0.0,0.667,0.333,0.0,0.0,North,Marketplace,3,Big-Ticket Tech Buyers
C05895,1,937.58,937.58,349,0.0,0.0,0.0,0.0,0.0,1.0,0.0,0.0,0.0,South,Paid Social,3,Big-Ticket Tech Buyers
C05896,1,68.22,68.22,160,0.2,0.0,0.0,0.0,0.0,0.0,1.0,0.0,0.0,North,Marketplace,1,Everyday Fashion Shoppers
C05897,1,69.22,69.22,699,0.15,0.0,0.0,0.0,0.0,0.0,0.0,1.0,0.0,North,Organic Search,0,Everyday Home & Kitchen Shoppers
C05898,2,199.68,99.84,58,0.3,0.0,1.0,0.0,0.0,0.0,0.0,1.0,0.0,South,Organic Search,2,Deal & Festive Shoppers
C05899,1,166.01,166.01,266,0.0,0.0,0.0,0.0,0.0,0.0,0.0,1.0,0.0,South,Organic Search,0,Everyday Home & Kitchen Shoppers
C05900,1,132.51,132.51,117,0.0,0.0,0.0,0.0,0.0,0.0,1.0,0.0,0.0,North,Referral,1,Everyday Fashion Shoppers
C05901,1,299.97,299.97,69,0.05,0.0,0.0,0.0,0.0,1.0,0.0,0.0,0.0,North,Marketplace,3,Big-Ticket Tech Buyers
C05902,3,563.59,187.863,358,0.117,0.0,0.0,0.0,0.0,0.0,0.333,0.667,0.0,West,Paid Social,0,Everyday Home & Kitchen Shoppers
C05903,2,853.98,426.99,599,0.1,0.0,0.0,0.0,0.0,0.5,0.0,0.0,0.5,East,Organic Search,3,Big-Ticket Tech Buyers
C05904,1,82.98,82.98,188,0.0,0.0,0.0,0.0,0.0,0.0,1.0,0.0,0.0,South,Paid Social,1,Everyday Fashion Shoppers
C05905,1,75.88,75.88,582,0.0,0.0,0.0,0.0,0.0,0.0,1.0,0.0,0.0,West,Paid Social,1,Everyday Fashion Shoppers
C05906,8,1568.46,196.058,70,0.044,0.0,0.0,0.25,0.0,0.125,0.25,0.25,0.125,North,Referral,2,Deal & Festive Shoppers
C05907,3,100.96,33.653,388,0.167,0.0,1.0,0.0,0.0,0.0,1.0,0.0,0.0,South,Referral,2,Deal & Festive Shoppers
C05908,2,303.4,151.7,66,0.15,0.0,0.0,0.5,0.0,0.0,0.5,0.0,0.0,West,Organic Search,4,Everyday Beauty Shoppers
C05909,1,159.37,159.37,156,0.05,0.0,0.0,1.0,0.0,0.0,0.0,0.0,0.0,South,Paid Social,4,Everyday Beauty Shoppers
C05910,1,106.14,106.14,365,0.0,1.0,0.0,1.0,0.0,0.0,0.0,0.0,0.0,North,Referral,4,Everyday Beauty Shoppers
C05911,1,134.7,134.7,587,0.0,0.0,0.0,0.0,0.0,0.0,0.0,1.0,0.0,South,Organic Search,0,Everyday Home & Kitchen Shoppers
C05912,1,120.99,120.99,482,0.3,0.0,0.0,0.0,0.0,0.0,0.0,0.0,1.0,East,Paid Social,1,Everyday Fashion Shoppers
C05913,4,437.29,109.322,58,0.1,0.0,0.5,0.0,0.0,0.0,0.25,0.75,0.0,East,Referral,2,Deal & Festive Shoppers
C05914,3,349.54,116.513,436,0.0,0.333,0.0,0.0,0.333,0.0,0.0,0.333,0.333,South,Paid Social,0,Everyday Home & Kitchen Shoppers
C05915,4,318.56,79.64,81,0.062,0.0,0.0,0.0,0.25,0.0,0.25,0.5,0.0,South,Organic Search,0,Everyday Home & Kitchen Shoppers
C05916,2,303.88,151.94,226,0.0,0.0,0.0,0.0,0.0,0.0,0.5,0.5,0.0,North,Organic Search,0,Everyday Home & Kitchen Shoppers
C05917,1,90.7,90.7,486,0.2,0.0,0.0,0.0,0.0,0.0,1.0,0.0,0.0,East,Email,1,Everyday Fashion Shoppers
C05918,1,539.13,539.13,552,0.1,0.0,0.0,0.0,0.0,1.0,0.0,0.0,0.0,North,Organic Search,3,Big-Ticket Tech Buyers
C05919,5,511.78,102.356,46,0.12,0.0,0.4,0.4,0.0,0.2,0.2,0.0,0.2,West,Email,2,Deal & Festive Shoppers
C05920,2,558.16,279.08,55,0.2,0.0,0.5,0.0,0.0,0.0,0.5,0.0,0.5,East,Paid Social,2,Deal & Festive Shoppers
C05921,2,472.92,236.46,583,0.0,0.0,0.0,0.5,0.0,0.0,0.0,0.5,0.0,South,Paid Social,0,Everyday Home & Kitchen Shoppers
C05922,1,52.78,52.78,167,0.0,0.0,0.0,0.0,1.0,0.0,0.0,0.0,0.0,East,Email,1,Everyday Fashion Shoppers
C05923,2,228.89,114.445,242,0.0,0.0,0.0,0.0,0.0,0.0,0.5,0.5,0.0,North,Paid Social,0,Everyday Home & Kitchen Shoppers
C05924,1,14.81,14.81,46,0.15,0.0,1.0,0.0,1.0,0.0,0.0,0.0,0.0,South,Organic Search,2,Deal & Festive Shoppers
C05925,1,96.23,96.23,90,0.05,0.0,0.0,0.0,0.0,0.0,1.0,0.0,0.0,South,Organic Search,1,Everyday Fashion Shoppers
C05926,2,133.36,66.68,578,0.1,0.0,0.0,0.0,0.5,0.0,0.0,0.5,0.0,South,Email,0,Everyday Home & Kitchen Shoppers
C05927,1,276.25,276.25,198,0.0,0.0,0.0,0.0,0.0,1.0,0.0,0.0,0.0,East,Paid Social,3,Big-Ticket Tech Buyers
C05928,5,1165.34,233.068,48,0.08,0.4,0.4,0.2,0.0,0.4,0.2,0.2,0.0,West,Email,2,Deal & Festive Shoppers
C05929,2,65.4,32.7,526,0.1,0.0,0.0,0.0,1.0,0.0,0.0,0.0,0.0,South,Paid Social,1,Everyday Fashion Shoppers
C05930,2,278.41,139.205,422,0.1,0.0,0.5,0.0,0.0,0.0,0.0,0.0,1.0,South,Paid Social,1,Everyday Fashion Shoppers
C05931,1,252.72,252.72,72,0.0,0.0,0.0,0.0,0.0,1.0,0.0,0.0,0.0,East,Organic Search,3,Big-Ticket Tech Buyers
C05932,5,717.37,143.474,210,0.11,0.0,0.0,0.2,0.0,0.0,0.2,0.6,0.0,South,Organic Search,0,Everyday Home & Kitchen Shoppers
C05933,5,362.09,72.418,157,0.14,0.0,0.4,0.6,0.0,0.2,0.0,0.0,0.2,North,Marketplace,4,Everyday Beauty Shoppers
C05934,6,789.9,131.65,57,0.1,0.0,0.333,0.5,0.0,0.0,0.167,0.167,0.167,West,Organic Search,2,Deal & Festive Shoppers
C05935,4,1162.19,290.548,57,0.15,0.0,0.25,0.5,0.25,0.25,0.0,0.0,0.0,West,Marketplace,2,Deal & Festive Shoppers
C05936,1,15.83,15.83,519,0.3,0.0,0.0,0.0,0.0,0.0,1.0,0.0,0.0,West,Organic Search,1,Everyday Fashion Shoppers
C05937,3,264.24,88.08,242,0.0,0.0,0.0,0.0,0.333,0.0,0.0,0.333,0.333,North,Paid Social,0,Everyday Home & Kitchen Shoppers
C05938,2,209.26,104.63,325,0.175,0.0,0.0,1.0,0.0,0.0,0.0,0.0,0.0,North,Organic Search,4,Everyday Beauty Shoppers
C05939,1,9.9,9.9,37,0.15,0.0,1.0,0.0,1.0,0.0,0.0,0.0,0.0,South,Email,2,Deal & Festive Shoppers
C05940,1,943.24,943.24,589,0.0,0.0,0.0,0.0,0.0,1.0,0.0,0.0,0.0,West,Organic Search,3,Big-Ticket Tech Buyers
C05941,3,316.5,105.5,522,0.017,0.0,0.0,0.333,0.0,0.0,0.0,0.333,0.333,North,Referral,0,Everyday Home & Kitchen Shoppers
C05942,1,19.43,19.43,393,0.1,0.0,1.0,1.0,0.0,0.0,0.0,0.0,0.0,North,Marketplace,4,Everyday Beauty Shoppers
C05943,2,278.35,139.175,577,0.125,0.0,0.0,0.5,0.0,0.0,0.0,0.5,0.0,North,Referral,0,Everyday Home & Kitchen Shoppers
C05944,3,1503.87,501.29,161,0.0,0.0,0.0,0.0,0.0,0.333,0.0,0.333,0.333,East,Organic Search,3,Big-Ticket Tech Buyers
C05945,4,991.49,247.872,361,0.05,0.0,0.0,0.0,0.25,0.25,0.5,0.0,0.0,East,Email,3,Big-Ticket Tech Buyers
C05946,3,301.74,100.58,449,0.0,0.0,0.0,0.667,0.0,0.0,0.0,0.333,0.0,East,Paid Social,4,Everyday Beauty Shoppers
C05947,2,76.14,38.07,417,0.15,0.5,0.5,0.0,0.0,0.0,1.0,0.0,0.0,North,Organic Search,1,Everyday Fashion Shoppers
C05948,1,20.33,20.33,77,0.05,0.0,0.0,0.0,1.0,0.0,0.0,0.0,0.0,East,Paid Social,1,Everyday Fashion Shoppers
C05949,2,628.47,314.235,9,0.05,0.0,0.5,0.0,0.0,0.5,0.0,0.5,0.0,South,Email,2,Deal & Festive Shoppers
C05950,4,1040.78,260.195,94,0.15,0.0,0.5,0.0,0.0,0.25,0.5,0.0,0.25,North,Paid Social,2,Deal & Festive Shoppers
C05951,3,350.11,116.703,238,0.083,0.0,0.0,0.0,0.0,0.333,0.333,0.0,0.333,South,Email,3,Big-Ticket Tech Buyers
C05952,1,121.18,121.18,158,0.0,1.0,0.0,0.0,0.0,0.0,1.0,0.0,0.0,East,Email,1,Everyday Fashion Shoppers
C05953,2,207.63,103.815,583,0.075,0.0,0.0,0.5,0.0,0.0,0.0,0.5,0.0,South,Paid Social,4,Everyday Beauty Shoppers
C05954,1,261.14,261.14,264,0.2,0.0,0.0,0.0,0.0,0.0,0.0,1.0,0.0,West,Paid Social,0,Everyday Home & Kitchen Shoppers
C05955,3,426.13,142.043,228,0.133,0.333,0.0,0.0,0.0,0.0,0.667,0.0,0.333,South,Email,1,Everyday Fashion Shoppers
C05956,1,19.06,19.06,225,0.1,0.0,0.0,1.0,0.0,0.0,0.0,0.0,0.0,South,Paid Social,4,Everyday Beauty Shoppers
C05957,2,260.17,130.085,524,0.075,0.0,0.0,0.5,0.0,0.5,0.0,0.0,0.0,East,Organic Search,3,Big-Ticket Tech Buyers
C05958,1,84.42,84.42,228,0.0,0.0,0.0,1.0,0.0,0.0,0.0,0.0,0.0,East,Paid Social,4,Everyday Beauty Shoppers
C05959,2,244.43,122.215,220,0.075,0.5,0.0,0.0,0.0,0.0,0.5,0.5,0.0,North,Marketplace,0,Everyday Home & Kitchen Shoppers
C05960,2,495.78,247.89,42,0.1,0.5,0.5,0.0,0.0,0.5,0.0,0.5,0.0,East,Organic Search,3,Big-Ticket Tech Buyers
C05961,8,1492.4,186.55,31,0.106,0.0,0.25,0.125,0.0,0.25,0.25,0.125,0.25,North,Organic Search,2,Deal & Festive Shoppers
C05962,3,692.5,230.833,223,0.05,0.0,0.0,0.333,0.0,0.333,0.0,0.0,0.333,South,Organic Search,3,Big-Ticket Tech Buyers
C05963,1,199.6,199.6,145,0.0,0.0,0.0,0.0,0.0,0.0,1.0,0.0,0.0,East,Organic Search,1,Everyday Fashion Shoppers
C05964,3,575.96,191.987,50,0.133,0.0,0.667,0.0,0.0,0.0,1.0,0.0,0.0,East,Marketplace,2,Deal & Festive Shoppers
C05965,3,597.01,199.003,113,0.033,0.0,0.0,0.0,0.0,0.333,0.0,0.667,0.0,South,Paid Social,0,Everyday Home & Kitchen Shoppers
C05966,3,175.9,58.633,534,0.0,0.0,0.0,0.0,0.667,0.0,0.0,0.0,0.333,North,Email,1,Everyday Fashion Shoppers
C05967,3,310.32,103.44,137,0.0,0.333,0.0,0.0,0.0,0.0,0.667,0.333,0.0,East,Email,1,Everyday Fashion Shoppers
C05968,1,180.5,180.5,290,0.1,0.0,0.0,0.0,0.0,0.0,0.0,0.0,1.0,South,Paid Social,1,Everyday Fashion Shoppers
C05969,1,329.13,329.13,596,0.0,0.0,0.0,0.0,0.0,0.0,0.0,0.0,1.0,West,Email,1,Everyday Fashion Shoppers
C05970,3,319.64,106.547,501,0.067,0.0,0.0,0.333,0.333,0.333,0.0,0.0,0.0,East,Marketplace,3,Big-Ticket Tech Buyers
C05971,2,352.32,176.16,165,0.15,0.5,0.0,0.0,0.0,0.0,0.0,0.0,1.0,West,Email,1,Everyday Fashion Shoppers
C05972,2,216.06,108.03,533,0.0,0.0,0.0,0.0,0.5,0.0,0.5,0.0,0.0,South,Email,1,Everyday Fashion Shoppers
C05973,2,306.84,153.42,320,0.15,0.0,0.5,0.0,0.0,0.5,0.5,0.0,0.0,West,Paid Social,3,Big-Ticket Tech Buyers
C05974,2,1282.71,641.355,467,0.0,0.5,0.0,0.0,0.0,0.5,0.0,0.5,0.0,North,Marketplace,3,Big-Ticket Tech Buyers
C05975,5,681.66,136.332,24,0.2,0.0,1.0,0.0,0.0,0.0,0.0,0.0,1.0,South,Organic Search,2,Deal & Festive Shoppers
C05976,1,241.78,241.78,336,0.3,0.0,0.0,0.0,0.0,0.0,0.0,1.0,0.0,North,Email,0,Everyday Home & Kitchen Shoppers
C05977,1,67.29,67.29,73,0.0,0.0,0.0,0.0,1.0,0.0,0.0,0.0,0.0,North,Paid Social,1,Everyday Fashion Shoppers
C05978,5,533.62,106.724,468,0.06,0.0,0.0,0.0,0.2,0.0,0.6,0.0,0.2,West,Referral,1,Everyday Fashion Shoppers
C05979,1,267.85,267.85,570,0.3,0.0,0.0,0.0,0.0,1.0,0.0,0.0,0.0,East,Marketplace,3,Big-Ticket Tech Buyers
C05980,5,746.42,149.284,110,0.09,0.2,0.0,0.2,0.2,0.4,0.2,0.0,0.0,East,Referral,3,Big-Ticket Tech Buyers
C05981,2,104.94,52.47,241,0.025,0.0,0.0,0.5,0.0,0.0,0.5,0.0,0.0,East,Organic Search,4,Everyday Beauty Shoppers
C05982,4,737.03,184.258,75,0.075,0.0,0.0,0.0,0.25,0.25,0.0,0.25,0.25,East,Email,3,Big-Ticket Tech Buyers
C05983,1,113.34,113.34,67,0.0,0.0,0.0,0.0,1.0,0.0,0.0,0.0,0.0,East,Marketplace,1,Everyday Fashion Shoppers
C05984,1,20.08,20.08,145,0.0,0.0,0.0,0.0,1.0,0.0,0.0,0.0,0.0,West,Referral,1,Everyday Fashion Shoppers
C05985,2,409.58,204.79,524,0.0,0.0,0.0,0.0,0.5,0.0,0.0,0.5,0.0,East,Marketplace,0,Everyday Home & Kitchen Shoppers
C05986,3,542.73,180.91,138,0.117,0.0,0.0,0.0,0.0,0.0,0.333,0.333,0.333,East,Marketplace,0,Everyday Home & Kitchen Shoppers
C05987,1,380.15,380.15,87,0.15,0.0,0.0,0.0,0.0,0.0,0.0,0.0,1.0,South,Marketplace,1,Everyday Fashion Shoppers
C05988,3,479.09,159.697,20,0.183,0.0,0.667,0.0,0.0,0.0,0.0,1.0,0.0,West,Paid Social,2,Deal & Festive Shoppers
C05989,1,106.41,106.41,107,0.0,0.0,0.0,0.0,0.0,0.0,1.0,0.0,0.0,North,Paid Social,1,Everyday Fashion Shoppers
C05990,1,18.13,18.13,332,0.3,0.0,0.0,0.0,0.0,0.0,0.0,1.0,0.0,South,Marketplace,0,Everyday Home & Kitchen Shoppers
C05991,1,532.78,532.78,688,0.0,0.0,0.0,0.0,0.0,1.0,0.0,0.0,0.0,West,Marketplace,3,Big-Ticket Tech Buyers
C05992,2,115.34,57.67,385,0.3,0.0,1.0,0.0,0.0,0.0,1.0,0.0,0.0,North,Organic Search,2,Deal & Festive Shoppers
C05993,1,85.26,85.26,147,0.1,1.0,0.0,0.0,0.0,0.0,0.0,1.0,0.0,North,Organic Search,0,Everyday Home & Kitchen Shoppers
C05994,1,152.98,152.98,270,0.1,0.0,0.0,0.0,0.0,0.0,0.0,1.0,0.0,South,Paid Social,0,Everyday Home & Kitchen Shoppers
C05995,4,757.92,189.48,232,0.1,0.0,0.5,0.0,0.0,0.0,0.75,0.25,0.0,South,Email,2,Deal & Festive Shoppers
C05996,2,1119.8,559.9,508,0.075,0.0,0.0,0.5,0.0,0.5,0.0,0.0,0.0,West,Marketplace,3,Big-Ticket Tech Buyers
C05997,2,267.93,133.965,85,0.1,0.5,0.0,0.5,0.0,0.0,0.0,0.5,0.0,West,Referral,0,Everyday Home & Kitchen Shoppers
C05998,2,401.56,200.78,29,0.2,0.0,1.0,0.0,0.0,0.0,1.0,0.0,0.0,South,Organic Search,2,Deal & Festive Shoppers
C05999,1,349.38,349.38,203,0.0,0.0,0.0,0.0,0.0,0.0,0.0,1.0,0.0,West,Paid Social,0,Everyday Home & Kitchen Shoppers
C06000,2,211.87,105.935,522,0.025,0.0,0.0,0.5,0.0,0.0,0.0,0.5,0.0,East,Marketplace,0,Everyday Home & Kitchen Shoppers
